Date/Time,Electricity:Facility [J](Hourly),ElectricityNet:Facility [J](Hourly),NaturalGas:Facility [J](Hourly) 
 01/01  01:00:00,46358994.54911919,46358994.54911918,6791184.0 
 01/01  02:00:00,46359235.70955594,46359235.70955593,6791184.0 
 01/01  03:00:00,46359235.70955594,46359235.70955593,6791184.0 
 01/01  04:00:00,46359235.70955594,46359235.70955593,6791184.0 
 01/01  05:00:00,46359235.70955594,46359235.70955593,6791184.0 
 01/01  06:00:00,46359235.70955594,46359235.70955593,6791184.0 
 01/01  07:00:00,67038773.79609013,67038773.79609013,6791184.0 
 01/01  08:00:00,46961201.9073776,46961201.9073776,6791184.0 
 01/01  09:00:00,62126708.76238901,62126708.762389004,6791184.0 
 01/01  10:00:00,80238236.3841745,80238236.3841745,6791184.0 
 01/01  11:00:00,88711815.47058173,88711815.47058171,6791184.0 
 01/01  12:00:00,95217383.41352922,95217383.41352923,6791184.0 
 01/01  13:00:00,99084719.3280066,99084719.32800658,6791184.0 
 01/01  14:00:00,100669801.95997508,100669801.9599751,6791184.0 
 01/01  15:00:00,99725604.84202145,99725604.84202145,6791184.0 
 01/01  16:00:00,96186555.02224508,96186555.02224506,6791184.0 
 01/01  17:00:00,88672116.7801247,88672116.7801247,6791184.0 
 01/01  18:00:00,84187649.46746989,84187649.46746989,6791184.0 
 01/01  19:00:00,86291568.28135024,86291568.28135024,6791184.0 
 01/01  20:00:00,70503940.405048,70503940.405048,6791184.0 
 01/01  21:00:00,64640790.06156186,64640790.06156185,6791184.0 
 01/01  22:00:00,58341768.17070158,58341768.17070157,6791184.0 
 01/01  23:00:00,51841032.78841773,51841032.78841771,6791184.0 
 01/01  24:00:00,52263218.530786484,52263218.530786484,6791184.0 
 01/02  01:00:00,70878224.807148,70878224.80714801,6791184.0 
 01/02  02:00:00,68226373.33464949,68226373.3346495,6791184.0 
 01/02  03:00:00,64610193.80291657,64610193.80291658,6791184.0 
 01/02  04:00:00,61434080.573674746,61434080.573674746,6791184.0 
 01/02  05:00:00,67916033.14330925,67916033.14330925,6791184.0 
 01/02  06:00:00,60495947.48630613,60495947.48630614,6791184.0 
 01/02  07:00:00,102265805.58311123,102265805.58311121,6791184.0 
 01/02  08:00:00,183540443.37682074,183540443.3768208,6791184.0 
 01/02  09:00:00,389900803.3441277,389900803.3441277,6791184.0 
 01/02  10:00:00,368080613.8365075,368080613.83650756,6791184.0 
 01/02  11:00:00,378303888.08534706,378303888.08534706,20522933.80492229 
 01/02  12:00:00,406912375.3727045,406912375.3727044,25783076.20022855 
 01/02  13:00:00,414730992.34630525,414730992.34630525,31704203.831552174 
 01/02  14:00:00,448814275.9159145,448814275.91591454,26445740.714475226 
 01/02  15:00:00,438188464.46082306,438188464.46082306,20247243.885495044 
 01/02  16:00:00,430414307.26721334,430414307.26721334,20171170.33011512 
 01/02  17:00:00,414755781.6791492,414755781.67914915,20831646.914607767 
 01/02  18:00:00,285464416.65495557,285464416.6549556,15462615.212654034 
 01/02  19:00:00,186434261.48485258,186434261.48485258,11018633.708619896 
 01/02  20:00:00,157864149.03416282,157864149.03416285,10940221.72243727 
 01/02  21:00:00,138093871.12518662,138093871.12518662,10957598.112983424 
 01/02  22:00:00,126765560.6356287,126765560.6356287,6791184.0 
 01/02  23:00:00,77772782.75072592,77772782.75072592,6791184.0 
 01/02  24:00:00,72442469.3608459,72442469.36084588,6791184.0 
 01/03  01:00:00,58189365.04299053,58189365.04299053,6791184.0 
 01/03  02:00:00,57609860.11373618,57609860.11373618,6791184.0 
 01/03  03:00:00,57609860.11373618,57609860.11373618,6791184.0 
 01/03  04:00:00,57609860.11373618,57609860.11373618,6791184.0 
 01/03  05:00:00,57609860.11373618,57609860.11373618,6791184.0 
 01/03  06:00:00,57609860.11373618,57609860.11373618,6791184.0 
 01/03  07:00:00,94447286.271268,94447286.27126798,6791184.0 
 01/03  08:00:00,156219220.1685416,156219220.16854167,6791184.0 
 01/03  09:00:00,353120267.5922802,353120267.5922802,6791184.0 
 01/03  10:00:00,342838568.7365235,342838568.7365235,6791184.0 
 01/03  11:00:00,345818717.5368221,345818717.536822,20527164.999318782 
 01/03  12:00:00,370497812.0781581,370497812.0781581,25789531.91485194 
 01/03  13:00:00,378373283.2966266,378373283.2966266,31710817.727270443 
 01/03  14:00:00,406578849.4525302,406578849.45253015,27362411.917304203 
 01/03  15:00:00,395542687.555761,395542687.555761,19421423.78697791 
 01/03  16:00:00,391649123.58739567,391649123.58739567,20167059.895309888 
 01/03  17:00:00,388365967.6486578,388365967.64865786,20983114.17058824 
 01/03  18:00:00,271927329.5066011,271927329.50660115,15312233.895209018 
 01/03  19:00:00,184082831.1047244,184082831.10472444,15289397.422814138 
 01/03  20:00:00,158450321.9865366,158450321.98653662,6791184.0 
 01/03  21:00:00,140542606.21898523,140542606.21898523,10967483.896339644 
 01/03  22:00:00,129336316.02367556,129336316.02367558,6791184.0 
 01/03  23:00:00,77772782.75072592,77772782.75072592,6791184.0 
 01/03  24:00:00,72442469.3608459,72442469.36084588,6791184.0 
 01/04  01:00:00,58189365.04299053,58189365.04299053,6791184.0 
 01/04  02:00:00,57609860.11373618,57609860.11373618,6791184.0 
 01/04  03:00:00,57609860.11373618,57609860.11373618,6791184.0 
 01/04  04:00:00,57609860.11373618,57609860.11373618,6791184.0 
 01/04  05:00:00,57609860.11373618,57609860.11373618,6791184.0 
 01/04  06:00:00,57609860.11373618,57609860.11373618,6791184.0 
 01/04  07:00:00,107465184.39694273,107465184.39694272,6791184.0 
 01/04  08:00:00,168832033.46233863,168832033.46233863,6791184.0 
 01/04  09:00:00,359150416.9626189,359150416.9626189,6791184.0 
 01/04  10:00:00,339618914.8446076,339618914.8446076,6791184.0 
 01/04  11:00:00,349814990.0799354,349814990.0799354,20532747.047570888 
 01/04  12:00:00,373219958.82405084,373219958.82405084,25795635.854548365 
 01/04  13:00:00,378857709.17500293,378857709.17500293,31718479.604007587 
 01/04  14:00:00,402655043.82308114,402655043.82308114,29945269.831924822 
 01/04  15:00:00,390033223.4518935,390033223.4518935,17070632.87645436 
 01/04  16:00:00,385520564.86294794,385520564.86294794,20175408.683365688 
 01/04  17:00:00,391607178.77711225,391607178.7771123,23137984.012039267 
 01/04  18:00:00,275234061.34582603,275234061.3458261,13318879.324067304 
 01/04  19:00:00,187219348.48041767,187219348.48041767,15283744.642881658 
 01/04  20:00:00,159769146.70609516,159769146.70609516,6791184.0 
 01/04  21:00:00,139734635.312035,139734635.31203502,10959741.046204787 
 01/04  22:00:00,127248083.89189592,127248083.89189592,6791184.0 
 01/04  23:00:00,77772782.75072592,77772782.75072592,6791184.0 
 01/04  24:00:00,72442469.3608459,72442469.36084588,6791184.0 
 01/05  01:00:00,58189365.04299053,58189365.04299053,6791184.0 
 01/05  02:00:00,57609860.11373618,57609860.11373618,6791184.0 
 01/05  03:00:00,57609860.11373618,57609860.11373618,6791184.0 
 01/05  04:00:00,57609860.11373618,57609860.11373618,6791184.0 
 01/05  05:00:00,57609860.11373618,57609860.11373618,6791184.0 
 01/05  06:00:00,57609860.11373618,57609860.11373618,6791184.0 
 01/05  07:00:00,104675076.2594055,104675076.2594055,6791184.0 
 01/05  08:00:00,166972168.65463573,166972168.6546358,6791184.0 
 01/05  09:00:00,353482553.9626754,353482553.96267533,6791184.0 
 01/05  10:00:00,341896256.90177596,341896256.90177596,6791184.0 
 01/05  11:00:00,353123141.3122487,353123141.3122487,20535157.858274158 
 01/05  12:00:00,380726219.7307691,380726219.7307691,25801140.5191065 
 01/05  13:00:00,389632722.95684075,389632722.95684075,31726872.78633566 
 01/05  14:00:00,417437085.2895914,417437085.2895914,31384178.055709098 
 01/05  15:00:00,407662448.7579547,407662448.75795466,15760997.985758482 
 01/05  16:00:00,398827770.459599,398827770.459599,20178316.2278494 
 01/05  17:00:00,391883450.67033863,391883450.67033863,24576498.361880887 
 01/05  18:00:00,278245970.5494807,278245970.5494807,11991808.604987048 
 01/05  19:00:00,189616535.96967167,189616535.96967167,15279473.730854262 
 01/05  20:00:00,164129682.31038383,164129682.31038386,6791184.0 
 01/05  21:00:00,148079453.22899753,148079453.22899753,10952359.164000697 
 01/05  22:00:00,138772222.978763,138772222.978763,6791184.0 
 01/05  23:00:00,77772782.75072592,77772782.75072592,6791184.0 
 01/05  24:00:00,72442469.3608459,72442469.36084588,6791184.0 
 01/06  01:00:00,58189365.04299053,58189365.04299053,6791184.0 
 01/06  02:00:00,57609860.11373618,57609860.11373618,6791184.0 
 01/06  03:00:00,57609860.11373618,57609860.11373618,6791184.0 
 01/06  04:00:00,57609860.11373618,57609860.11373618,6791184.0 
 01/06  05:00:00,57609860.11373618,57609860.11373618,6791184.0 
 01/06  06:00:00,57609860.11373618,57609860.11373618,6791184.0 
 01/06  07:00:00,100154041.47877294,100154041.47877294,6791184.0 
 01/06  08:00:00,162045724.3393908,162045724.3393908,6791184.0 
 01/06  09:00:00,356102104.6520666,356102104.6520666,6791184.0 
 01/06  10:00:00,341479820.2482087,341479820.2482087,6791184.0 
 01/06  11:00:00,350916718.1066881,350916718.10668814,20537586.365166713 
 01/06  12:00:00,385677061.66055673,385677061.66055673,25806489.716249302 
 01/06  13:00:00,390027919.4378756,390027919.4378756,31734795.110196505 
 01/06  14:00:00,415268573.6675114,415268573.66751134,31396086.455445718 
 01/06  15:00:00,395668392.08062893,395668392.08062893,15755036.419360239 
 01/06  16:00:00,382658825.8758067,382658825.8758067,20177113.591065317 
 01/06  17:00:00,380200224.09011936,380200224.09011936,25534641.222285673 
 01/06  18:00:00,269452296.2770707,269452296.2770707,11120819.850737339 
 01/06  19:00:00,182108163.82895702,182108163.82895702,15269008.401427876 
 01/06  20:00:00,154995441.51200828,154995441.5120083,6791184.0 
 01/06  21:00:00,136219716.1127373,136219716.1127373,10978171.194089666 
 01/06  22:00:00,126037680.03416373,126037680.03416371,6791184.0 
 01/06  23:00:00,77772782.75072592,77772782.75072592,6791184.0 
 01/06  24:00:00,72442469.3608459,72442469.36084588,6791184.0 
 01/07  01:00:00,46938652.8740647,46938652.87406469,6791184.0 
 01/07  02:00:00,46359235.70955594,46359235.70955593,6791184.0 
 01/07  03:00:00,46359235.70955594,46359235.70955593,6791184.0 
 01/07  04:00:00,46359235.70955594,46359235.70955593,6791184.0 
 01/07  05:00:00,46359235.70955594,46359235.70955593,6791184.0 
 01/07  06:00:00,46359235.70955594,46359235.70955593,6791184.0 
 01/07  07:00:00,105781353.39922485,105781353.39922482,6791184.0 
 01/07  08:00:00,123436967.36984424,123436967.36984423,6791184.0 
 01/07  09:00:00,165259993.77536622,165259993.77536625,6791184.0 
 01/07  10:00:00,184650586.56044847,184650586.56044853,6791184.0 
 01/07  11:00:00,192626998.65554577,192626998.6555458,6791184.0 
 01/07  12:00:00,208003588.75950474,208003588.75950477,6791184.0 
 01/07  13:00:00,168899760.58843544,168899760.58843547,6791184.0 
 01/07  14:00:00,162505742.9347673,162505742.9347673,6791184.0 
 01/07  15:00:00,155947860.25099558,155947860.25099558,10916178.091445448 
 01/07  16:00:00,147115889.74876586,147115889.74876586,6791184.0 
 01/07  17:00:00,142479280.3230431,142479280.32304317,6791184.0 
 01/07  18:00:00,107495489.55798939,107495489.55798939,6791184.0 
 01/07  19:00:00,66276638.46918341,66276638.46918341,6791184.0 
 01/07  20:00:00,49484032.8740647,49484032.87406469,6791184.0 
 01/07  21:00:00,48904615.70955594,48904615.70955593,6791184.0 
 01/07  22:00:00,48904615.70955594,48904615.70955593,6791184.0 
 01/07  23:00:00,48904615.70955594,48904615.70955593,6791184.0 
 01/07  24:00:00,48904615.70955594,48904615.70955593,6791184.0 
 01/08  01:00:00,46359235.70955594,46359235.70955593,6791184.0 
 01/08  02:00:00,46359235.70955594,46359235.70955593,6791184.0 
 01/08  03:00:00,46359235.70955594,46359235.70955593,6791184.0 
 01/08  04:00:00,46359235.70955594,46359235.70955593,6791184.0 
 01/08  05:00:00,46359235.70955594,46359235.70955593,6791184.0 
 01/08  06:00:00,46359235.70955594,46359235.70955593,6791184.0 
 01/08  07:00:00,61197076.82702957,61197076.82702957,6791184.0 
 01/08  08:00:00,46963398.047211334,46963398.047211334,6791184.0 
 01/08  09:00:00,46292774.96094054,46292774.96094054,6791184.0 
 01/08  10:00:00,59239625.8544593,59239625.8544593,6791184.0 
 01/08  11:00:00,88134724.40851292,88134724.40851294,6791184.0 
 01/08  12:00:00,91673451.02566382,91673451.02566382,6791184.0 
 01/08  13:00:00,94325396.1880427,94325396.1880427,6791184.0 
 01/08  14:00:00,95928188.76331714,95928188.76331712,6791184.0 
 01/08  15:00:00,95978502.58379766,95978502.58379766,6791184.0 
 01/08  16:00:00,94208107.29899609,94208107.29899609,6791184.0 
 01/08  17:00:00,91594919.2355741,91594919.2355741,6791184.0 
 01/08  18:00:00,78153718.52840273,78153718.52840273,6791184.0 
 01/08  19:00:00,72209578.57271634,72209578.57271634,6791184.0 
 01/08  20:00:00,48904615.70955594,48904615.70955593,6791184.0 
 01/08  21:00:00,48904615.70955594,48904615.70955593,6791184.0 
 01/08  22:00:00,48904615.70955594,48904615.70955593,6791184.0 
 01/08  23:00:00,48904615.70955594,48904615.70955593,6791184.0 
 01/08  24:00:00,48904615.70955594,48904615.70955593,6791184.0 
 01/09  01:00:00,57609860.11373618,57609860.11373618,6791184.0 
 01/09  02:00:00,57609860.11373618,57609860.11373618,6791184.0 
 01/09  03:00:00,57609860.11373618,57609860.11373618,6791184.0 
 01/09  04:00:00,57609860.11373618,57609860.11373618,6791184.0 
 01/09  05:00:00,57609860.11373618,57609860.11373618,6791184.0 
 01/09  06:00:00,57609860.11373618,57609860.11373618,6791184.0 
 01/09  07:00:00,115506969.40895435,115506969.40895435,6791184.0 
 01/09  08:00:00,188302458.54122442,188302458.54122448,6791184.0 
 01/09  09:00:00,404937457.12043935,404937457.1204393,6791184.0 
 01/09  10:00:00,413991209.70000565,413991209.7000056,6791184.0 
 01/09  11:00:00,423626099.6092608,423626099.6092608,20542812.665005993 
 01/09  12:00:00,433113119.5584696,433113119.5584696,25818579.135115705 
 01/09  13:00:00,427242679.4090081,427242679.4090081,31758079.108411714 
 01/09  14:00:00,451014501.1892526,451014501.1892526,29965281.67444385 
 01/09  15:00:00,434216195.1788204,434216195.1788204,17091814.937793717 
 01/09  16:00:00,428842978.53935134,428842978.5393514,20187302.773277063 
 01/09  17:00:00,419342962.0936098,419342962.09360987,25297937.689509604 
 01/09  18:00:00,296467561.1681094,296467561.1681094,11342216.052142788 
 01/09  19:00:00,199739952.01344007,199739952.01344007,15276598.566101369 
 01/09  20:00:00,176294797.5610319,176294797.56103188,6791184.0 
 01/09  21:00:00,162540861.45077956,162540861.45077956,10973353.127637366 
 01/09  22:00:00,156070884.30736744,156070884.30736747,6791184.0 
 01/09  23:00:00,77772782.75072592,77772782.75072592,6791184.0 
 01/09  24:00:00,72442469.3608459,72442469.36084588,6791184.0 
 01/10  01:00:00,58189365.04299053,58189365.04299053,6791184.0 
 01/10  02:00:00,57609860.11373618,57609860.11373618,6791184.0 
 01/10  03:00:00,57609860.11373618,57609860.11373618,6791184.0 
 01/10  04:00:00,57609860.11373618,57609860.11373618,6791184.0 
 01/10  05:00:00,57609860.11373618,57609860.11373618,6791184.0 
 01/10  06:00:00,57609860.11373618,57609860.11373618,6791184.0 
 01/10  07:00:00,125695841.31799535,125695841.31799535,6791184.0 
 01/10  08:00:00,193105214.3238893,193105214.32388932,6791184.0 
 01/10  09:00:00,409797748.5548583,409797748.5548583,6791184.0 
 01/10  10:00:00,412636301.3509918,412636301.3509917,6791184.0 
 01/10  11:00:00,434292483.8946394,434292483.8946393,20550786.596224844 
 01/10  12:00:00,456058166.2795554,456058166.2795553,25826455.171102837 
 01/10  13:00:00,428076386.6198963,428076386.6198963,31755937.045226924 
 01/10  14:00:00,448333540.3542305,448333540.35423034,31420914.17489221 
 01/10  15:00:00,428728526.7729937,428728526.7729937,17263480.8674721 
 01/10  16:00:00,432205005.74378884,432205005.74378884,18676872.41738183 
 01/10  17:00:00,442903098.28007984,442903098.28007984,25550225.30409023 
 01/10  18:00:00,326633178.0514507,326633178.0514507,15459753.375798032 
 01/10  19:00:00,215078672.3976262,215078672.39762622,11043146.655646635 
 01/10  20:00:00,184814086.14748162,184814086.14748168,6791184.0 
 01/10  21:00:00,168898937.11242685,168898937.11242682,10974229.688944614 
 01/10  22:00:00,159726756.8378985,159726756.8378985,6791184.0 
 01/10  23:00:00,77772782.75072592,77772782.75072592,6791184.0 
 01/10  24:00:00,72442469.3608459,72442469.36084588,6791184.0 
 01/11  01:00:00,58189365.04299053,58189365.04299053,6791184.0 
 01/11  02:00:00,57609860.11373618,57609860.11373618,6791184.0 
 01/11  03:00:00,57609860.11373618,57609860.11373618,6791184.0 
 01/11  04:00:00,57609860.11373618,57609860.11373618,6791184.0 
 01/11  05:00:00,57609860.11373618,57609860.11373618,6791184.0 
 01/11  06:00:00,57609860.11373618,57609860.11373618,6791184.0 
 01/11  07:00:00,137523995.85846817,137523995.85846817,6791184.0 
 01/11  08:00:00,207252598.02133232,207252598.02133238,6791184.0 
 01/11  09:00:00,422715012.91489327,422715012.91489327,6791184.0 
 01/11  10:00:00,423072470.8900812,423072470.89008117,6791184.0 
 01/11  11:00:00,444916508.7227323,444916508.7227323,20553810.499873657 
 01/11  12:00:00,446884108.51448643,446884108.5144863,25833214.027412742 
 01/11  13:00:00,433331579.2526183,433331579.2526183,31754078.998835083 
 01/11  14:00:00,454571969.5251091,454571969.5251091,31425285.76081742 
 01/11  15:00:00,437133549.7204979,437133549.7204979,20281201.45888367 
 01/11  16:00:00,436363572.19549584,436363572.19549584,15726057.480557699 
 01/11  17:00:00,431087566.6808228,431087566.6808228,25554226.77253148 
 01/11  18:00:00,309628204.56305003,309628204.56305003,15447817.461471118 
 01/11  19:00:00,213063774.99741906,213063774.9974191,11030411.79039583 
 01/11  20:00:00,189672510.5398926,189672510.5398926,9470126.919026807 
 01/11  21:00:00,176141908.7406518,176141908.7406518,8266784.145977832 
 01/11  22:00:00,167165309.68811122,167165309.68811125,6791184.0 
 01/11  23:00:00,77772782.75072592,77772782.75072592,6791184.0 
 01/11  24:00:00,72442469.3608459,72442469.36084588,6791184.0 
 01/12  01:00:00,58189365.04299053,58189365.04299053,6791184.0 
 01/12  02:00:00,57609860.11373618,57609860.11373618,6791184.0 
 01/12  03:00:00,57609860.11373618,57609860.11373618,6791184.0 
 01/12  04:00:00,57609860.11373618,57609860.11373618,6791184.0 
 01/12  05:00:00,57609860.11373618,57609860.11373618,6791184.0 
 01/12  06:00:00,57609860.11373618,57609860.11373618,6791184.0 
 01/12  07:00:00,136130072.6605849,136130072.6605849,6791184.0 
 01/12  08:00:00,206271352.86932886,206271352.86932886,6791184.0 
 01/12  09:00:00,427371120.14871925,427371120.14871925,6791184.0 
 01/12  10:00:00,419955293.664978,419955293.66497797,6791184.0 
 01/12  11:00:00,437957583.8191218,437957583.8191218,22997346.559654847 
 01/12  12:00:00,437117404.7324292,437117404.7324292,25618701.54632 
 01/12  13:00:00,436253684.5647103,436253684.5647103,29330361.827410415 
 01/12  14:00:00,465669900.9051483,465669900.9051483,31431052.67547812 
 01/12  15:00:00,450057308.3888136,450057308.3888137,20276195.417474594 
 01/12  16:00:00,443792262.1769097,443792262.1769096,15721240.999878421 
 01/12  17:00:00,423593539.44139373,423593539.44139373,25559018.33917 
 01/12  18:00:00,305400689.3353464,305400689.33534634,15477166.885713208 
 01/12  19:00:00,207372344.50355712,207372344.50355712,11045670.351883385 
 01/12  20:00:00,186192058.59644088,186192058.5964409,10942180.589755088 
 01/12  21:00:00,174495908.93497282,174495908.93497282,6791184.0 
 01/12  22:00:00,168492525.082154,168492525.08215404,6791184.0 
 01/12  23:00:00,77772782.75072592,77772782.75072592,6791184.0 
 01/12  24:00:00,72442469.3608459,72442469.36084588,6791184.0 
 01/13  01:00:00,58189365.04299053,58189365.04299053,6791184.0 
 01/13  02:00:00,57609860.11373618,57609860.11373618,6791184.0 
 01/13  03:00:00,57609860.11373618,57609860.11373618,6791184.0 
 01/13  04:00:00,57609860.11373618,57609860.11373618,6791184.0 
 01/13  05:00:00,57609860.11373618,57609860.11373618,6791184.0 
 01/13  06:00:00,57609860.11373618,57609860.11373618,6791184.0 
 01/13  07:00:00,136058399.6945137,136058399.6945137,6791184.0 
 01/13  08:00:00,204564704.0620451,204564704.06204513,6791184.0 
 01/13  09:00:00,430997454.8017347,430997454.8017347,6791184.0 
 01/13  10:00:00,429495612.689898,429495612.68989795,6791184.0 
 01/13  11:00:00,438688588.30742127,438688588.3074212,25147963.19055731 
 01/13  12:00:00,443936840.68257403,443936840.682574,25827883.027630366 
 01/13  13:00:00,440336162.205259,440336162.205259,28740743.934078902 
 01/13  14:00:00,461060439.6543015,461060439.6543015,29504696.985842798 
 01/13  15:00:00,441545789.4601708,441545789.46017075,20279379.92946583 
 01/13  16:00:00,468111807.9294147,468111807.92941475,17412046.331261307 
 01/13  17:00:00,468808405.1827416,468808405.18274146,23801949.057236984 
 01/13  18:00:00,334682900.5033624,334682900.5033624,15486990.173683655 
 01/13  19:00:00,214719695.26835138,214719695.26835138,11029916.474497788 
 01/13  20:00:00,187297204.49167377,187297204.4916738,10925341.142394308 
 01/13  21:00:00,172259670.7096963,172259670.70969632,10965724.064890323 
 01/13  22:00:00,163455467.08400497,163455467.084005,6791184.0 
 01/13  23:00:00,77772782.75072592,77772782.75072592,6791184.0 
 01/13  24:00:00,72442469.3608459,72442469.36084588,6791184.0 
 01/14  01:00:00,46938652.8740647,46938652.87406469,6791184.0 
 01/14  02:00:00,46359235.70955594,46359235.70955593,6791184.0 
 01/14  03:00:00,46359235.70955594,46359235.70955593,6791184.0 
 01/14  04:00:00,46359235.70955594,46359235.70955593,6791184.0 
 01/14  05:00:00,46359235.70955594,46359235.70955593,6791184.0 
 01/14  06:00:00,46359235.70955594,46359235.70955593,6791184.0 
 01/14  07:00:00,119399028.49239194,119399028.49239191,6791184.0 
 01/14  08:00:00,137126494.42625034,137126494.42625037,6791184.0 
 01/14  09:00:00,178324237.60216826,178324237.6021683,6791184.0 
 01/14  10:00:00,206644845.86690336,206644845.86690342,6791184.0 
 01/14  11:00:00,216884796.28909633,216884796.28909636,6791184.0 
 01/14  12:00:00,238582965.98236874,238582965.98236877,6791184.0 
 01/14  13:00:00,187948845.62420294,187948845.62420297,6791184.0 
 01/14  14:00:00,183813395.92083764,183813395.92083764,6791184.0 
 01/14  15:00:00,177239113.8791006,177239113.8791006,10911188.23836733 
 01/14  16:00:00,161614731.84472042,161614731.84472045,6791184.0 
 01/14  17:00:00,155313630.1679743,155313630.1679743,6791184.0 
 01/14  18:00:00,116438224.7813905,116438224.78139049,6791184.0 
 01/14  19:00:00,66276627.874456964,66276627.874456964,6791184.0 
 01/14  20:00:00,49484032.8740647,49484032.87406469,6791184.0 
 01/14  21:00:00,48904615.70955594,48904615.70955593,6791184.0 
 01/14  22:00:00,48904615.70955594,48904615.70955593,6791184.0 
 01/14  23:00:00,48904615.70955594,48904615.70955593,6791184.0 
 01/14  24:00:00,48904615.70955594,48904615.70955593,6791184.0 
 01/15  01:00:00,46359235.70955594,46359235.70955593,6791184.0 
 01/15  02:00:00,46359235.70955594,46359235.70955593,6791184.0 
 01/15  03:00:00,46359235.70955594,46359235.70955593,6791184.0 
 01/15  04:00:00,46359235.70955594,46359235.70955593,6791184.0 
 01/15  05:00:00,46359235.70955594,46359235.70955593,6791184.0 
 01/15  06:00:00,46359235.70955594,46359235.70955593,6791184.0 
 01/15  07:00:00,61194500.268026866,61194500.268026866,6791184.0 
 01/15  08:00:00,46946709.41867259,46946709.418672584,6791184.0 
 01/15  09:00:00,59499576.05471101,59499576.054711,6791184.0 
 01/15  10:00:00,81181023.12984908,81181023.12984908,6791184.0 
 01/15  11:00:00,91797047.30805126,91797047.30805126,6791184.0 
 01/15  12:00:00,100813270.49880065,100813270.49880065,6791184.0 
 01/15  13:00:00,88805217.88406613,88805217.88406613,6791184.0 
 01/15  14:00:00,94633938.1604952,94633938.1604952,6791184.0 
 01/15  15:00:00,104885619.35903984,104885619.35903983,6791184.0 
 01/15  16:00:00,89673505.69277835,89673505.69277835,6791184.0 
 01/15  17:00:00,92650230.21877888,92650230.21877888,6791184.0 
 01/15  18:00:00,94503215.89739886,94503215.89739886,6791184.0 
 01/15  19:00:00,81185466.38309239,81185466.38309239,6791184.0 
 01/15  20:00:00,59109269.46270336,59109269.46270336,6791184.0 
 01/15  21:00:00,48904615.70955594,48904615.70955593,6791184.0 
 01/15  22:00:00,48904615.70955594,48904615.70955593,6791184.0 
 01/15  23:00:00,48904615.70955594,48904615.70955593,6791184.0 
 01/15  24:00:00,48904615.70955594,48904615.70955593,6791184.0 
 01/16  01:00:00,46359235.70955594,46359235.70955593,6791184.0 
 01/16  02:00:00,46359235.70955594,46359235.70955593,6791184.0 
 01/16  03:00:00,46359235.70955594,46359235.70955593,6791184.0 
 01/16  04:00:00,46359235.70955594,46359235.70955593,6791184.0 
 01/16  05:00:00,46359235.70955594,46359235.70955593,6791184.0 
 01/16  06:00:00,46359235.70955594,46359235.70955593,6791184.0 
 01/16  07:00:00,61197076.82702957,61197076.82702957,6791184.0 
 01/16  08:00:00,46953907.69435777,46953907.69435775,6791184.0 
 01/16  09:00:00,65398719.056421556,65398719.05642155,6791184.0 
 01/16  10:00:00,78053338.59654622,78053338.5965462,6791184.0 
 01/16  11:00:00,86758783.38721786,86758783.38721786,6791184.0 
 01/16  12:00:00,94758421.57378541,94758421.57378541,6791184.0 
 01/16  13:00:00,87507022.62794387,87507022.62794387,6791184.0 
 01/16  14:00:00,98160858.53403158,98160858.53403157,6791184.0 
 01/16  15:00:00,104053394.2176232,104053394.2176232,6791184.0 
 01/16  16:00:00,88348155.704435,88348155.704435,6791184.0 
 01/16  17:00:00,90627494.96560618,90627494.9656062,6791184.0 
 01/16  18:00:00,91936327.13890642,91936327.13890642,6791184.0 
 01/16  19:00:00,84781545.54591137,84781545.54591137,6791184.0 
 01/16  20:00:00,70930005.03277017,70930005.03277017,6791184.0 
 01/16  21:00:00,57906419.476625994,57906419.47662598,6791184.0 
 01/16  22:00:00,48904615.70955594,48904615.70955593,6791184.0 
 01/16  23:00:00,48904615.70955594,48904615.70955593,6791184.0 
 01/16  24:00:00,48904615.70955594,48904615.70955593,6791184.0 
 01/17  01:00:00,57609860.11373618,57609860.11373618,6791184.0 
 01/17  02:00:00,57609860.11373618,57609860.11373618,6791184.0 
 01/17  03:00:00,57609860.11373618,57609860.11373618,6791184.0 
 01/17  04:00:00,57609860.11373618,57609860.11373618,6791184.0 
 01/17  05:00:00,57609860.11373618,57609860.11373618,6791184.0 
 01/17  06:00:00,57609860.11373618,57609860.11373618,6791184.0 
 01/17  07:00:00,105567782.87958144,105567782.87958144,6791184.0 
 01/17  08:00:00,185382726.7044964,185382726.70449647,6791184.0 
 01/17  09:00:00,400987515.50286376,400987515.5028638,6791184.0 
 01/17  10:00:00,402340377.3533884,402340377.3533884,6791184.0 
 01/17  11:00:00,430276950.15530545,430276950.1553054,20564842.08135614 
 01/17  12:00:00,457047640.6778562,457047640.6778562,25852653.437996704 
 01/17  13:00:00,440965260.225238,440965260.2252381,31811902.28349815 
 01/17  14:00:00,459249549.3695432,459249549.3695432,31465728.998149663 
 01/17  15:00:00,433878317.18622607,433878317.18622607,16628609.911693424 
 01/17  16:00:00,424572477.1747376,424572477.1747377,19330602.79979051 
 01/17  17:00:00,426096029.9343783,426096029.9343783,25575284.65631024 
 01/17  18:00:00,306898198.18168586,306898198.18168586,15460822.094371276 
 01/17  19:00:00,202465542.8668631,202465542.8668631,11038793.973896714 
 01/17  20:00:00,176276351.67017445,176276351.67017448,6791184.0 
 01/17  21:00:00,158351268.8722905,158351268.8722905,10956352.680110415 
 01/17  22:00:00,146569796.29870474,146569796.29870474,6791184.0 
 01/17  23:00:00,77772782.75072592,77772782.75072592,6791184.0 
 01/17  24:00:00,72442469.3608459,72442469.36084588,6791184.0 
 01/18  01:00:00,58189365.04299053,58189365.04299053,6791184.0 
 01/18  02:00:00,57609860.11373618,57609860.11373618,6791184.0 
 01/18  03:00:00,57609860.11373618,57609860.11373618,6791184.0 
 01/18  04:00:00,57609860.11373618,57609860.11373618,6791184.0 
 01/18  05:00:00,57609860.11373618,57609860.11373618,6791184.0 
 01/18  06:00:00,57609860.11373618,57609860.11373618,6791184.0 
 01/18  07:00:00,107553345.86643405,107553345.86643405,6791184.0 
 01/18  08:00:00,181104131.60269496,181104131.60269502,6791184.0 
 01/18  09:00:00,386387171.78326505,386387171.783265,6791184.0 
 01/18  10:00:00,377286296.2940583,377286296.2940583,6791184.0 
 01/18  11:00:00,375595061.44383097,375595061.44383097,24953310.884127125 
 01/18  12:00:00,400007500.10330236,400007500.10330236,26064450.760828283 
 01/18  13:00:00,401534933.22059125,401534933.2205912,29116609.35154797 
 01/18  14:00:00,427198702.9397552,427198702.93975526,29187763.205030866 
 01/18  15:00:00,418295099.83872664,418295099.8387266,20290721.562600553 
 01/18  16:00:00,415624012.63810897,415624012.63810897,20210788.435514517 
 01/18  17:00:00,414846564.5907524,414846564.59075236,20887104.35696534 
 01/18  18:00:00,292519929.7411396,292519929.74113965,15478875.358961951 
 01/18  19:00:00,195829079.7672803,195829079.7672803,11052565.465409026 
 01/18  20:00:00,169579968.39688775,169579968.39688778,10924155.114824904 
 01/18  21:00:00,152520368.79768446,152520368.79768446,10969945.428437471 
 01/18  22:00:00,142112099.93809244,142112099.93809244,6791184.0 
 01/18  23:00:00,77772782.75072592,77772782.75072592,6791184.0 
 01/18  24:00:00,72442469.3608459,72442469.36084588,6791184.0 
 01/19  01:00:00,58189365.04299053,58189365.04299053,6791184.0 
 01/19  02:00:00,57609860.11373618,57609860.11373618,6791184.0 
 01/19  03:00:00,57609860.11373618,57609860.11373618,6791184.0 
 01/19  04:00:00,57609860.11373618,57609860.11373618,6791184.0 
 01/19  05:00:00,57609860.11373618,57609860.11373618,6791184.0 
 01/19  06:00:00,57609860.11373618,57609860.11373618,6791184.0 
 01/19  07:00:00,93643359.52821276,93643359.52821276,6791184.0 
 01/19  08:00:00,153294015.9091164,153294015.9091164,6791184.0 
 01/19  09:00:00,352186622.5512854,352186622.5512854,6791184.0 
 01/19  10:00:00,342351852.8841059,342351852.8841059,6791184.0 
 01/19  11:00:00,356710442.79105496,356710442.79105496,20572058.489583053 
 01/19  12:00:00,387792186.9755206,387792186.9755206,25863479.724685956 
 01/19  13:00:00,395196967.06328714,395196967.063287,31804984.226395715 
 01/19  14:00:00,422426268.8821178,422426268.8821178,31471227.27097916 
 01/19  15:00:00,410015320.12741286,410015320.1274129,20291701.421758533 
 01/19  16:00:00,402722471.9011662,402722471.9011662,15730831.532778407 
 01/19  17:00:00,394395599.9590999,394395599.9590998,25582778.50857152 
 01/19  18:00:00,282724435.00196624,282724435.00196624,15483564.017429775 
 01/19  19:00:00,192503736.54547435,192503736.54547435,11045401.887803592 
 01/19  20:00:00,168813154.15438068,168813154.1543807,10929541.929035898 
 01/19  21:00:00,154582017.44660532,154582017.44660532,6791184.0 
 01/19  22:00:00,145782555.112605,145782555.11260504,6791184.0 
 01/19  23:00:00,77772782.75072592,77772782.75072592,6791184.0 
 01/19  24:00:00,72442469.3608459,72442469.36084588,6791184.0 
 01/20  01:00:00,58189365.04299053,58189365.04299053,6791184.0 
 01/20  02:00:00,57609860.11373618,57609860.11373618,6791184.0 
 01/20  03:00:00,57609860.11373618,57609860.11373618,6791184.0 
 01/20  04:00:00,57609860.11373618,57609860.11373618,6791184.0 
 01/20  05:00:00,57609860.11373618,57609860.11373618,6791184.0 
 01/20  06:00:00,57609860.11373618,57609860.11373618,6791184.0 
 01/20  07:00:00,107609538.21114695,107609538.21114695,6791184.0 
 01/20  08:00:00,172239186.47740757,172239186.47740757,6791184.0 
 01/20  09:00:00,370376816.7125712,370376816.7125712,6791184.0 
 01/20  10:00:00,362713194.4524993,362713194.4524992,6791184.0 
 01/20  11:00:00,368178807.801389,368178807.8013891,25164803.9623509 
 01/20  12:00:00,389560936.3855113,389560936.3855113,25854537.62914502 
 01/20  13:00:00,394153134.79201037,394153134.79201025,31831811.140091356 
 01/20  14:00:00,417546701.84741974,417546701.84741974,26535843.135936413 
 01/20  15:00:00,403326457.71107674,403326457.71107674,20286320.899791416 
 01/20  16:00:00,396749703.3344459,396749703.33444583,20203171.069687765 
 01/20  17:00:00,401715892.03986424,401715892.0398642,22224002.03099887 
 01/20  18:00:00,283553551.34994715,283553551.34994715,14222543.250756953 
 01/20  19:00:00,193946021.58819446,193946021.58819446,15284462.789692743 
 01/20  20:00:00,168786527.44258836,168786527.4425884,6791184.0 
 01/20  21:00:00,150322676.3548159,150322676.3548159,10977110.391781988 
 01/20  22:00:00,138408812.3296072,138408812.32960722,6791184.0 
 01/20  23:00:00,77772782.75072592,77772782.75072592,6791184.0 
 01/20  24:00:00,72442469.3608459,72442469.36084588,6791184.0 
 01/21  01:00:00,46938652.8740647,46938652.87406469,6791184.0 
 01/21  02:00:00,46359235.70955594,46359235.70955593,6791184.0 
 01/21  03:00:00,46359235.70955594,46359235.70955593,6791184.0 
 01/21  04:00:00,46359235.70955594,46359235.70955593,6791184.0 
 01/21  05:00:00,46359235.70955594,46359235.70955593,6791184.0 
 01/21  06:00:00,46359235.70955594,46359235.70955593,6791184.0 
 01/21  07:00:00,106910948.51011747,106910948.51011747,6791184.0 
 01/21  08:00:00,130161285.97976494,130161285.97976495,6791184.0 
 01/21  09:00:00,175039567.24414137,175039567.2441414,6791184.0 
 01/21  10:00:00,200649203.71943545,200649203.71943545,6791184.0 
 01/21  11:00:00,204247512.49067822,204247512.49067822,6791184.0 
 01/21  12:00:00,220019067.56344983,220019067.56344983,6791184.0 
 01/21  13:00:00,175789934.3733226,175789934.3733226,6791184.0 
 01/21  14:00:00,171348630.7788992,171348630.7788992,6791184.0 
 01/21  15:00:00,166269504.56813306,166269504.56813306,10935902.96528094 
 01/21  16:00:00,160735239.1093764,160735239.10937643,6791184.0 
 01/21  17:00:00,148623577.31214213,148623577.31214216,6791184.0 
 01/21  18:00:00,111357722.70334941,111357722.70334941,6791184.0 
 01/21  19:00:00,66276626.12217236,66276626.12217236,6791184.0 
 01/21  20:00:00,49484032.8740647,49484032.87406469,6791184.0 
 01/21  21:00:00,48904615.70955594,48904615.70955593,6791184.0 
 01/21  22:00:00,48904615.70955594,48904615.70955593,6791184.0 
 01/21  23:00:00,48904615.70955594,48904615.70955593,6791184.0 
 01/21  24:00:00,48904615.70955594,48904615.70955593,6791184.0 
 01/22  01:00:00,46359235.70955594,46359235.70955593,6791184.0 
 01/22  02:00:00,46359235.70955594,46359235.70955593,6791184.0 
 01/22  03:00:00,46359235.70955594,46359235.70955593,6791184.0 
 01/22  04:00:00,46359235.70955594,46359235.70955593,6791184.0 
 01/22  05:00:00,46359235.70955594,46359235.70955593,6791184.0 
 01/22  06:00:00,46359235.70955594,46359235.70955593,6791184.0 
 01/22  07:00:00,61197076.82702957,61197076.82702957,6791184.0 
 01/22  08:00:00,46958172.31913342,46958172.319133416,6791184.0 
 01/22  09:00:00,58151415.5580755,58151415.558075495,6791184.0 
 01/22  10:00:00,79302527.37527679,79302527.37527676,6791184.0 
 01/22  11:00:00,84786055.22368982,84786055.22368982,6791184.0 
 01/22  12:00:00,100097220.06214273,100097220.06214276,6791184.0 
 01/22  13:00:00,94113450.64949654,94113450.64949654,6791184.0 
 01/22  14:00:00,89309354.54481383,89309354.54481384,6791184.0 
 01/22  15:00:00,101695189.08908375,101695189.08908373,6791184.0 
 01/22  16:00:00,94397712.92684321,94397712.92684321,6791184.0 
 01/22  17:00:00,86818410.09703681,86818410.0970368,6791184.0 
 01/22  18:00:00,95129291.87179264,95129291.87179264,6791184.0 
 01/22  19:00:00,81583597.6382655,81583597.6382655,6791184.0 
 01/22  20:00:00,63934308.822124854,63934308.822124854,6791184.0 
 01/22  21:00:00,48904615.70955594,48904615.70955593,6791184.0 
 01/22  22:00:00,48904615.70955594,48904615.70955593,6791184.0 
 01/22  23:00:00,48904615.70955594,48904615.70955593,6791184.0 
 01/22  24:00:00,48904615.70955594,48904615.70955593,6791184.0 
 01/23  01:00:00,57609860.11373618,57609860.11373618,6791184.0 
 01/23  02:00:00,57609860.11373618,57609860.11373618,6791184.0 
 01/23  03:00:00,57609860.11373618,57609860.11373618,6791184.0 
 01/23  04:00:00,57609860.11373618,57609860.11373618,6791184.0 
 01/23  05:00:00,57609860.11373618,57609860.11373618,6791184.0 
 01/23  06:00:00,57609860.11373618,57609860.11373618,6791184.0 
 01/23  07:00:00,117681929.35819474,117681929.35819472,6791184.0 
 01/23  08:00:00,194232874.7978007,194232874.79780072,6791184.0 
 01/23  09:00:00,410612999.7409699,410612999.7409699,6791184.0 
 01/23  10:00:00,408093008.2005498,408093008.2005498,6791184.0 
 01/23  11:00:00,417232202.7566152,417232202.7566152,20575345.88370188 
 01/23  12:00:00,441138908.1390454,441138908.13904536,25873115.944244523 
 01/23  13:00:00,432232515.2341785,432232515.23417854,31835311.490242604 
 01/23  14:00:00,457015348.67228454,457015348.6722845,31491644.79073789 
 01/23  15:00:00,447129185.5442178,447129185.5442178,20301817.954074405 
 01/23  16:00:00,442858618.91249204,442858618.91249204,15738090.145945266 
 01/23  17:00:00,439128318.306018,439128318.30601805,25593291.22379397 
 01/23  18:00:00,307845136.21748245,307845136.21748245,15450717.907349683 
 01/23  19:00:00,201923218.6288858,201923218.6288858,11041348.37214004 
 01/23  20:00:00,176130606.22027233,176130606.22027233,10943332.62068476 
 01/23  21:00:00,159802678.48601356,159802678.4860136,6791184.0 
 01/23  22:00:00,150509039.14913282,150509039.14913282,6791184.0 
 01/23  23:00:00,77772782.75072592,77772782.75072592,6791184.0 
 01/23  24:00:00,72442469.3608459,72442469.36084588,6791184.0 
 01/24  01:00:00,58189365.04299053,58189365.04299053,6791184.0 
 01/24  02:00:00,57609860.11373618,57609860.11373618,6791184.0 
 01/24  03:00:00,57609860.11373618,57609860.11373618,6791184.0 
 01/24  04:00:00,57609860.11373618,57609860.11373618,6791184.0 
 01/24  05:00:00,57609860.11373618,57609860.11373618,6791184.0 
 01/24  06:00:00,57609860.11373618,57609860.11373618,6791184.0 
 01/24  07:00:00,112743057.26415658,112743057.26415658,6791184.0 
 01/24  08:00:00,178993080.22363448,178993080.22363448,6791184.0 
 01/24  09:00:00,380725327.46971714,380725327.46971714,6791184.0 
 01/24  10:00:00,383774204.61697257,383774204.61697257,6791184.0 
 01/24  11:00:00,400429676.979281,400429676.979281,25173412.784236193 
 01/24  12:00:00,424077861.85421383,424077861.85421383,25866578.887099832 
 01/24  13:00:00,425055873.32033575,425055873.32033575,31850024.132065233 
 01/24  14:00:00,453506170.46131366,453506170.4613136,26552684.98359453 
 01/24  15:00:00,438375426.09855235,438375426.09855235,20290127.53319532 
 01/24  16:00:00,434402181.04247785,434402181.0424779,20206359.1901411 
 01/24  17:00:00,426764929.0703619,426764929.0703619,25396736.953660414 
 01/24  18:00:00,298778744.19885427,298778744.1988543,11307424.836336702 
 01/24  19:00:00,197898743.90361005,197898743.90361005,15274489.311346345 
 01/24  20:00:00,173243778.2273465,173243778.2273465,6791184.0 
 01/24  21:00:00,157313707.10779983,157313707.10779986,10964923.084258951 
 01/24  22:00:00,147536385.86962235,147536385.8696224,6791184.0 
 01/24  23:00:00,77772782.75072592,77772782.75072592,6791184.0 
 01/24  24:00:00,72442469.3608459,72442469.36084588,6791184.0 
 01/25  01:00:00,58189365.04299053,58189365.04299053,6791184.0 
 01/25  02:00:00,57609860.11373618,57609860.11373618,6791184.0 
 01/25  03:00:00,57609860.11373618,57609860.11373618,6791184.0 
 01/25  04:00:00,57609860.11373618,57609860.11373618,6791184.0 
 01/25  05:00:00,57609860.11373618,57609860.11373618,6791184.0 
 01/25  06:00:00,57609860.11373618,57609860.11373618,6791184.0 
 01/25  07:00:00,112951513.34175307,112951513.34175307,6791184.0 
 01/25  08:00:00,178131265.17079234,178131265.17079234,6791184.0 
 01/25  09:00:00,376417818.80797535,376417818.80797535,6791184.0 
 01/25  10:00:00,369073092.7177367,369073092.7177367,6791184.0 
 01/25  11:00:00,384785872.9347727,384785872.9347727,24625517.073684268 
 01/25  12:00:00,416779549.12936455,416779549.12936455,26442306.994846907 
 01/25  13:00:00,418865071.0935499,418865071.09354997,30016240.12073234 
 01/25  14:00:00,448535282.1170734,448535282.1170735,28362292.096922573 
 01/25  15:00:00,440377218.8132032,440377218.8132031,20297673.4166766 
 01/25  16:00:00,437152613.44177455,437152613.4417746,20214712.19556857 
 01/25  17:00:00,436326554.499929,436326554.499929,20892083.952019867 
 01/25  18:00:00,304481641.8490335,304481641.8490335,15470170.190048676 
 01/25  19:00:00,198789991.25332806,198789991.25332808,15290829.328925326 
 01/25  20:00:00,172977869.24720943,172977869.24720943,6791184.0 
 01/25  21:00:00,158074746.6179068,158074746.61790684,10979124.967040394 
 01/25  22:00:00,150369999.8102067,150369999.8102067,6791184.0 
 01/25  23:00:00,77772782.75072592,77772782.75072592,6791184.0 
 01/25  24:00:00,72442469.3608459,72442469.36084588,6791184.0 
 01/26  01:00:00,58189365.04299053,58189365.04299053,6791184.0 
 01/26  02:00:00,57609860.11373618,57609860.11373618,6791184.0 
 01/26  03:00:00,57609860.11373618,57609860.11373618,6791184.0 
 01/26  04:00:00,57609860.11373618,57609860.11373618,6791184.0 
 01/26  05:00:00,57609860.11373618,57609860.11373618,6791184.0 
 01/26  06:00:00,57609860.11373618,57609860.11373618,6791184.0 
 01/26  07:00:00,120022281.21031821,120022281.21031821,6791184.0 
 01/26  08:00:00,184800490.40594256,184800490.40594253,6791184.0 
 01/26  09:00:00,386635967.07725286,386635967.0772528,6791184.0 
 01/26  10:00:00,375236091.6859036,375236091.68590355,6791184.0 
 01/26  11:00:00,386638901.86478436,386638901.86478436,23782625.124701113 
 01/26  12:00:00,412383370.39411116,412383370.3941111,27198578.92716173 
 01/26  13:00:00,410755623.979094,410755623.9790941,29545631.12126268 
 01/26  14:00:00,439102790.37788624,439102790.37788624,28962393.755748972 
 01/26  15:00:00,431363045.95633984,431363045.9563398,20299856.649915405 
 01/26  16:00:00,427595610.7875231,427595610.78752303,20217012.25310917 
 01/26  17:00:00,429329805.9070821,429329805.90708196,20893853.154193327 
 01/26  18:00:00,297298310.5547657,297298310.5547657,15472332.433429651 
 01/26  19:00:00,191190196.37167618,191190196.37167615,15293823.74537871 
 01/26  20:00:00,164214148.55218565,164214148.55218568,6791184.0 
 01/26  21:00:00,147968415.3470598,147968415.3470598,10981184.033930711 
 01/26  22:00:00,139694318.78359333,139694318.78359336,6791184.0 
 01/26  23:00:00,77772782.75072592,77772782.75072592,6791184.0 
 01/26  24:00:00,72442469.3608459,72442469.36084588,6791184.0 
 01/27  01:00:00,58189365.04299053,58189365.04299053,6791184.0 
 01/27  02:00:00,57609860.11373618,57609860.11373618,6791184.0 
 01/27  03:00:00,57609860.11373618,57609860.11373618,6791184.0 
 01/27  04:00:00,57609860.11373618,57609860.11373618,6791184.0 
 01/27  05:00:00,57609860.11373618,57609860.11373618,6791184.0 
 01/27  06:00:00,57609860.11373618,57609860.11373618,6791184.0 
 01/27  07:00:00,98389939.66771694,98389939.66771694,6791184.0 
 01/27  08:00:00,162195318.47882256,162195318.4788226,6791184.0 
 01/27  09:00:00,363428343.1089579,363428343.1089579,6791184.0 
 01/27  10:00:00,352550229.131181,352550229.131181,6791184.0 
 01/27  11:00:00,364770221.3109923,364770221.3109923,23907685.985140942 
 01/27  12:00:00,400383447.802159,400383447.80215895,27198270.779152162 
 01/27  13:00:00,404791161.8654802,404791161.8654802,29681852.3558316 
 01/27  14:00:00,437269310.30836546,437269310.30836546,28705243.94431541 
 01/27  15:00:00,430076924.0433261,430076924.043326,20300331.101147715 
 01/27  16:00:00,429821462.17738616,429821462.17738616,20217034.823329777 
 01/27  17:00:00,425916788.42467046,425916788.42467046,20895340.197966345 
 01/27  18:00:00,303661294.3649337,303661294.3649337,15470607.035906548 
 01/27  19:00:00,190300308.54939026,190300308.54939026,15289506.966219861 
 01/27  20:00:00,163589871.80019653,163589871.80019656,6791184.0 
 01/27  21:00:00,147039659.25172868,147039659.2517287,10976724.852040399 
 01/27  22:00:00,137003368.10381436,137003368.10381436,6791184.0 
 01/27  23:00:00,77772782.75072592,77772782.75072592,6791184.0 
 01/27  24:00:00,72442469.3608459,72442469.36084588,6791184.0 
 01/28  01:00:00,46938652.8740647,46938652.87406469,6791184.0 
 01/28  02:00:00,46359235.70955594,46359235.70955593,6791184.0 
 01/28  03:00:00,46359235.70955594,46359235.70955593,6791184.0 
 01/28  04:00:00,46359235.70955594,46359235.70955593,6791184.0 
 01/28  05:00:00,46359235.70955594,46359235.70955593,6791184.0 
 01/28  06:00:00,46359235.70955594,46359235.70955593,6791184.0 
 01/28  07:00:00,99304959.53987764,99304959.53987764,6791184.0 
 01/28  08:00:00,116313859.17380896,116313859.17380896,6791184.0 
 01/28  09:00:00,158381803.77694702,158381803.77694702,6791184.0 
 01/28  10:00:00,185410620.18522504,185410620.18522504,6791184.0 
 01/28  11:00:00,193365544.92144936,193365544.92144936,6791184.0 
 01/28  12:00:00,213165818.0610445,213165818.06104454,6791184.0 
 01/28  13:00:00,176933378.96865076,176933378.96865076,6791184.0 
 01/28  14:00:00,177700153.84148967,177700153.84148967,6791184.0 
 01/28  15:00:00,179636644.49849692,179636644.49849692,10931085.047398157 
 01/28  16:00:00,176414554.96693778,176414554.96693778,6791184.0 
 01/28  17:00:00,163484622.17166802,163484622.17166808,10912054.386611646 
 01/28  18:00:00,109830429.845679,109830429.845679,6791184.0 
 01/28  19:00:00,66276665.31587967,66276665.315879665,6791184.0 
 01/28  20:00:00,49484032.8740647,49484032.87406469,6791184.0 
 01/28  21:00:00,48904615.70955594,48904615.70955593,6791184.0 
 01/28  22:00:00,48904615.70955594,48904615.70955593,6791184.0 
 01/28  23:00:00,48904615.70955594,48904615.70955593,6791184.0 
 01/28  24:00:00,48904615.70955594,48904615.70955593,6791184.0 
 01/29  01:00:00,46359235.70955594,46359235.70955593,6791184.0 
 01/29  02:00:00,46359235.70955594,46359235.70955593,6791184.0 
 01/29  03:00:00,46359235.70955594,46359235.70955593,6791184.0 
 01/29  04:00:00,46359235.70955594,46359235.70955593,6791184.0 
 01/29  05:00:00,46359235.70955594,46359235.70955593,6791184.0 
 01/29  06:00:00,46359235.70955594,46359235.70955593,6791184.0 
 01/29  07:00:00,61197076.82702957,61197076.82702957,6791184.0 
 01/29  08:00:00,46952621.30867542,46952621.30867541,6791184.0 
 01/29  09:00:00,49243091.286447495,49243091.28644749,6791184.0 
 01/29  10:00:00,77791271.58450773,77791271.58450773,6791184.0 
 01/29  11:00:00,85033302.90581973,85033302.90581973,6791184.0 
 01/29  12:00:00,90248738.99306287,90248738.99306287,6791184.0 
 01/29  13:00:00,95671374.93468302,95671374.93468302,6791184.0 
 01/29  14:00:00,97812622.19514969,97812622.19514969,6791184.0 
 01/29  15:00:00,97013838.47114941,97013838.47114943,6791184.0 
 01/29  16:00:00,96420089.84425898,96420089.84425898,6791184.0 
 01/29  17:00:00,91351508.46406083,91351508.46406083,6791184.0 
 01/29  18:00:00,85445515.94062094,85445515.94062094,6791184.0 
 01/29  19:00:00,77547706.09790316,77547706.09790316,6791184.0 
 01/29  20:00:00,67442077.92497411,67442077.9249741,6791184.0 
 01/29  21:00:00,48904615.70955594,48904615.70955593,6791184.0 
 01/29  22:00:00,48904615.70955594,48904615.70955593,6791184.0 
 01/29  23:00:00,48904615.70955594,48904615.70955593,6791184.0 
 01/29  24:00:00,48904615.70955594,48904615.70955593,6791184.0 
 01/30  01:00:00,57609860.11373618,57609860.11373618,6791184.0 
 01/30  02:00:00,57609860.11373618,57609860.11373618,6791184.0 
 01/30  03:00:00,57609860.11373618,57609860.11373618,6791184.0 
 01/30  04:00:00,57609860.11373618,57609860.11373618,6791184.0 
 01/30  05:00:00,57609860.11373618,57609860.11373618,6791184.0 
 01/30  06:00:00,57609860.11373618,57609860.11373618,6791184.0 
 01/30  07:00:00,97901023.33257085,97901023.33257082,6791184.0 
 01/30  08:00:00,184623881.3079516,184623881.3079516,6791184.0 
 01/30  09:00:00,413630314.335031,413630314.335031,6791184.0 
 01/30  10:00:00,390690372.76807773,390690372.7680778,6791184.0 
 01/30  11:00:00,401368650.8067302,401368650.8067302,20585397.163461413 
 01/30  12:00:00,428918437.4943472,428918437.49434716,25890980.942428216 
 01/30  13:00:00,430810121.1145529,430810121.1145529,31857442.212619893 
 01/30  14:00:00,463540175.30821353,463540175.3082135,31516059.823968615 
 01/30  15:00:00,453821116.6519283,453821116.6519283,20304503.87559516 
 01/30  16:00:00,451180481.1945866,451180481.1945866,15737794.788367089 
 01/30  17:00:00,453993320.04109335,453993320.04109335,25609769.579104032 
 01/30  18:00:00,316608617.6629198,316608617.6629198,15503668.65668261 
 01/30  19:00:00,190464720.02601683,190464720.02601683,11036936.158932935 
 01/30  20:00:00,159912955.47749916,159912955.4774992,10927806.513369432 
 01/30  21:00:00,139901523.36905056,139901523.36905056,10960559.454634022 
 01/30  22:00:00,129823693.7844382,129823693.78443821,6791184.0 
 01/30  23:00:00,77772782.75072592,77772782.75072592,6791184.0 
 01/30  24:00:00,72442469.3608459,72442469.36084588,6791184.0 
 01/31  01:00:00,58189365.04299053,58189365.04299053,6791184.0 
 01/31  02:00:00,57609860.11373618,57609860.11373618,6791184.0 
 01/31  03:00:00,57609860.11373618,57609860.11373618,6791184.0 
 01/31  04:00:00,57609860.11373618,57609860.11373618,6791184.0 
 01/31  05:00:00,57609860.11373618,57609860.11373618,6791184.0 
 01/31  06:00:00,57609860.11373618,57609860.11373618,6791184.0 
 01/31  07:00:00,93924958.42458175,93924958.42458175,6791184.0 
 01/31  08:00:00,159781422.7837491,159781422.78374916,6791184.0 
 01/31  09:00:00,365301565.707065,365301565.7070649,6791184.0 
 01/31  10:00:00,365365364.7636664,365365364.7636664,6791184.0 
 01/31  11:00:00,385687056.8860013,385687056.8860013,20589031.36061074 
 01/31  12:00:00,413831883.2405889,413831883.2405889,27309981.8760774 
 01/31  13:00:00,418059056.73229456,418059056.7322945,30372439.702340733 
 01/31  14:00:00,450533189.4436029,450533189.4436029,31520151.583518118 
 01/31  15:00:00,441304643.9263793,441304643.9263793,20303796.72262209 
 01/31  16:00:00,439799848.5774607,439799848.5774607,19997363.05106396 
 01/31  17:00:00,436288821.7889785,436288821.7889786,21152841.840823535 
 01/31  18:00:00,299427792.25003266,299427792.25003266,15483985.998395145 
 01/31  19:00:00,182650811.16821134,182650811.16821137,15310395.229061473 
 01/31  20:00:00,157218449.89709353,157218449.89709353,6791184.0 
 01/31  21:00:00,140714673.5319499,140714673.53194994,10958327.077639721 
 01/31  22:00:00,132124079.24816598,132124079.248166,6791184.0 
 01/31  23:00:00,77772782.75072592,77772782.75072592,6791184.0 
 01/31  24:00:00,72442469.3608459,72442469.36084588,6791184.0 
 04/01  01:00:00,70043684.91429546,70043684.91429548,6791184.0 
 04/01  02:00:00,57555960.120664164,57555960.120664164,6791184.0 
 04/01  03:00:00,46359235.70955594,46359235.70955593,6791184.0 
 04/01  04:00:00,57788522.65290569,57788522.65290569,6791184.0 
 04/01  05:00:00,46359235.70955594,46359235.70955593,6791184.0 
 04/01  06:00:00,87680196.51859307,87680196.51859307,6791184.0 
 04/01  07:00:00,51894180.5635654,51894180.563565396,6791184.0 
 04/01  08:00:00,70059828.52640869,70059828.52640867,6791184.0 
 04/01  09:00:00,84835518.79990676,84835518.79990676,6791184.0 
 04/01  10:00:00,111329859.31516966,111329859.31516966,6791184.0 
 04/01  11:00:00,92130561.72435044,92130561.72435044,6791184.0 
 04/01  12:00:00,101905011.2837102,101905011.2837102,6791184.0 
 04/01  13:00:00,110407338.3988226,110407338.3988226,6791184.0 
 04/01  14:00:00,98763389.88186534,98763389.88186534,6791184.0 
 04/01  15:00:00,114128008.87235491,114128008.87235491,6791184.0 
 04/01  16:00:00,112976559.68521045,112976559.68521045,6791184.0 
 04/01  17:00:00,96138394.13240156,96138394.13240156,6791184.0 
 04/01  18:00:00,93285296.69267862,93285296.69267862,6791184.0 
 04/01  19:00:00,94307252.43006204,94307252.43006204,6791184.0 
 04/01  20:00:00,83627117.98747793,83627117.98747793,6791184.0 
 04/01  21:00:00,84479964.958061,84479964.958061,6791184.0 
 04/01  22:00:00,83964646.20472504,83964646.20472503,6791184.0 
 04/01  23:00:00,83884612.0849165,83884612.0849165,6791184.0 
 04/01  24:00:00,85797874.25567803,85797874.25567803,6791184.0 
 04/02  01:00:00,80326315.22227032,80326315.22227034,6791184.0 
 04/02  02:00:00,74806816.60603645,74806816.60603645,6791184.0 
 04/02  03:00:00,90336104.78594771,90336104.78594771,6791184.0 
 04/02  04:00:00,84986325.99592668,84986325.99592668,6791184.0 
 04/02  05:00:00,69369706.4445532,69369706.4445532,6791184.0 
 04/02  06:00:00,172054673.98354876,172054673.9835488,6791184.0 
 04/02  07:00:00,287974260.12279516,287974260.12279516,6791184.0 
 04/02  08:00:00,482810661.92526895,482810661.925269,6791184.0 
 04/02  09:00:00,455376949.0223715,455376949.02237135,6791184.0 
 04/02  10:00:00,453607587.22360677,453607587.22360677,20505407.691721395 
 04/02  11:00:00,480222763.3142652,480222763.31426513,25750091.865611497 
 04/02  12:00:00,469025147.39928305,469025147.39928305,31653755.134021696 
 04/02  13:00:00,492658511.05456495,492658511.05456495,26399177.127113804 
 04/02  14:00:00,483340998.14324725,483340998.14324725,20237601.15827017 
 04/02  15:00:00,496502382.07329494,496502382.073295,15695249.919469956 
 04/02  16:00:00,508197293.12578696,508197293.125787,25486998.007465217 
 04/02  17:00:00,383113162.35721546,383113162.35721546,15423993.159967355 
 04/02  18:00:00,228918777.1568053,228918777.1568053,11022549.951688115 
 04/02  19:00:00,200973942.4926496,200973942.49264964,6791184.0 
 04/02  20:00:00,177607498.36367744,177607498.36367744,10948257.895556591 
 04/02  21:00:00,166609613.16413578,166609613.16413578,6791184.0 
 04/02  22:00:00,77772782.75072592,77772782.75072592,6791184.0 
 04/02  23:00:00,72442469.3608459,72442469.36084588,6791184.0 
 04/02  24:00:00,58189365.04299053,58189365.04299053,6791184.0 
 04/03  01:00:00,57609860.11373618,57609860.11373618,6791184.0 
 04/03  02:00:00,57609860.11373618,57609860.11373618,6791184.0 
 04/03  03:00:00,57609860.11373618,57609860.11373618,6791184.0 
 04/03  04:00:00,57609860.11373618,57609860.11373618,6791184.0 
 04/03  05:00:00,57609860.11373618,57609860.11373618,6791184.0 
 04/03  06:00:00,133547921.65248469,133547921.6524847,6791184.0 
 04/03  07:00:00,204364396.07629913,204364396.07629913,6791184.0 
 04/03  08:00:00,398992029.87349796,398992029.873498,6791184.0 
 04/03  09:00:00,398562083.82211876,398562083.8221187,6791184.0 
 04/03  10:00:00,420094893.8008101,420094893.8008101,20504931.502108857 
 04/03  11:00:00,459808197.51967454,459808197.51967454,25747116.781497452 
 04/03  12:00:00,459372966.14114857,459372966.14114857,31639365.464484822 
 04/03  13:00:00,481173763.13742566,481173763.13742566,26402470.232123487 
 04/03  14:00:00,478598970.57901883,478598970.5790188,20225881.092669748 
 04/03  15:00:00,491153866.81252533,491153866.8125254,20153087.66713399 
 04/03  16:00:00,504013000.4893081,504013000.4893081,20807662.561038613 
 04/03  17:00:00,376922811.2152563,376922811.2152563,15460027.845616713 
 04/03  18:00:00,231467052.66629198,231467052.66629198,11021188.455224553 
 04/03  19:00:00,199952365.82382196,199952365.823822,10934553.370059881 
 04/03  20:00:00,173700336.88636357,173700336.8863636,6791184.0 
 04/03  21:00:00,156896149.5876219,156896149.58762193,6791184.0 
 04/03  22:00:00,77772782.75072592,77772782.75072592,6791184.0 
 04/03  23:00:00,72442469.3608459,72442469.36084588,6791184.0 
 04/03  24:00:00,58189365.04299053,58189365.04299053,6791184.0 
 04/04  01:00:00,57609860.11373618,57609860.11373618,6791184.0 
 04/04  02:00:00,57609860.11373618,57609860.11373618,6791184.0 
 04/04  03:00:00,57609860.11373618,57609860.11373618,6791184.0 
 04/04  04:00:00,57609860.11373618,57609860.11373618,6791184.0 
 04/04  05:00:00,57609860.11373618,57609860.11373618,6791184.0 
 04/04  06:00:00,132027924.24909697,132027924.24909697,6791184.0 
 04/04  07:00:00,200873594.5400335,200873594.54003352,6791184.0 
 04/04  08:00:00,393041383.4425428,393041383.4425428,6791184.0 
 04/04  09:00:00,385189886.0448981,385189886.04489803,6791184.0 
 04/04  10:00:00,403471686.121465,403471686.121465,20502530.708467074 
 04/04  11:00:00,433810990.8856253,433810990.8856253,25742288.67689061 
 04/04  12:00:00,437516708.83531487,437516708.8353148,31628727.11738911 
 04/04  13:00:00,464573050.32163095,464573050.3216311,27753136.923451353 
 04/04  14:00:00,465761767.8012872,465761767.80128706,18981143.894088436 
 04/04  15:00:00,487571236.9391841,487571236.9391841,20146394.383275025 
 04/04  16:00:00,502386490.84091216,502386490.8409121,20801580.739420965 
 04/04  17:00:00,370991102.6247506,370991102.6247505,15453729.587999115 
 04/04  18:00:00,222128700.77945846,222128700.7794585,11015193.468714155 
 04/04  19:00:00,192274353.3305277,192274353.3305277,10918350.109253377 
 04/04  20:00:00,167106139.12312663,167106139.12312666,10973062.901388615 
 04/04  21:00:00,152193145.80498084,152193145.80498084,6791184.0 
 04/04  22:00:00,77772782.75072592,77772782.75072592,6791184.0 
 04/04  23:00:00,72442469.3608459,72442469.36084588,6791184.0 
 04/04  24:00:00,58189365.04299053,58189365.04299053,6791184.0 
 04/05  01:00:00,57609860.11373618,57609860.11373618,6791184.0 
 04/05  02:00:00,57609860.11373618,57609860.11373618,6791184.0 
 04/05  03:00:00,57609860.11373618,57609860.11373618,6791184.0 
 04/05  04:00:00,57609860.11373618,57609860.11373618,6791184.0 
 04/05  05:00:00,57609860.11373618,57609860.11373618,6791184.0 
 04/05  06:00:00,147133505.61372247,147133505.6137225,6791184.0 
 04/05  07:00:00,226639275.64828926,226639275.64828926,6791184.0 
 04/05  08:00:00,430295635.29716396,430295635.29716396,6791184.0 
 04/05  09:00:00,403386717.16413176,403386717.16413176,6791184.0 
 04/05  10:00:00,416720327.8759619,416720327.8759619,20495466.071817793 
 04/05  11:00:00,443476109.3046607,443476109.30466056,25732528.126164593 
 04/05  12:00:00,438206716.47758585,438206716.4775858,30760008.390843756 
 04/05  13:00:00,461087717.831318,461087717.83131796,27228922.029647954 
 04/05  14:00:00,466163258.4058817,466163258.4058817,20226398.0933594 
 04/05  15:00:00,479266920.8889885,479266920.88898844,15692805.990064606 
 04/05  16:00:00,490159141.2725725,490159141.27257246,25470809.58527231 
 04/05  17:00:00,370324824.3458465,370324824.3458465,15433730.315625338 
 04/05  18:00:00,230915449.66165534,230915449.66165534,11035461.882498898 
 04/05  19:00:00,202158021.68413216,202158021.6841322,6791184.0 
 04/05  20:00:00,179841897.2232678,179841897.2232678,10941679.162315566 
 04/05  21:00:00,167638185.31625247,167638185.3162525,6791184.0 
 04/05  22:00:00,77772782.75072592,77772782.75072592,6791184.0 
 04/05  23:00:00,72442469.3608459,72442469.36084588,6791184.0 
 04/05  24:00:00,58189365.04299053,58189365.04299053,6791184.0 
 04/06  01:00:00,57609860.11373618,57609860.11373618,6791184.0 
 04/06  02:00:00,57609860.11373618,57609860.11373618,6791184.0 
 04/06  03:00:00,57609860.11373618,57609860.11373618,6791184.0 
 04/06  04:00:00,57609860.11373618,57609860.11373618,6791184.0 
 04/06  05:00:00,57609860.11373618,57609860.11373618,6791184.0 
 04/06  06:00:00,153397449.3734058,153397449.3734058,6791184.0 
 04/06  07:00:00,237863417.4589465,237863417.45894653,6791184.0 
 04/06  08:00:00,461374677.80556434,461374677.8055644,6791184.0 
 04/06  09:00:00,410191963.6180381,410191963.61803806,6791184.0 
 04/06  10:00:00,416801510.2888515,416801510.28885144,20492456.515764575 
 04/06  11:00:00,441170495.6655825,441170495.6655825,25728082.056944385 
 04/06  12:00:00,437244847.02261627,437244847.02261627,31612121.7192603 
 04/06  13:00:00,459913571.21115106,459913571.21115106,26374107.0289663 
 04/06  14:00:00,454621347.34656584,454621347.34656584,20227817.8418312 
 04/06  15:00:00,468695282.9277735,468695282.9277735,15697845.418653201 
 04/06  16:00:00,483024468.6921402,483024468.6921402,25465377.659372166 
 04/06  17:00:00,362996265.441185,362996265.441185,15423874.980829503 
 04/06  18:00:00,221118162.16643995,221118162.16643995,11020261.288597878 
 04/06  19:00:00,198208108.80592325,198208108.80592322,6791184.0 
 04/06  20:00:00,182403951.9372701,182403951.9372701,10951211.469436638 
 04/06  21:00:00,171400856.34103894,171400856.34103894,6791184.0 
 04/06  22:00:00,77772782.75072592,77772782.75072592,6791184.0 
 04/06  23:00:00,72442469.3608459,72442469.36084588,6791184.0 
 04/06  24:00:00,46938652.8740647,46938652.87406469,6791184.0 
 04/07  01:00:00,46359235.70955594,46359235.70955593,6791184.0 
 04/07  02:00:00,46359235.70955594,46359235.70955593,6791184.0 
 04/07  03:00:00,46359235.70955594,46359235.70955593,6791184.0 
 04/07  04:00:00,46359235.70955594,46359235.70955593,6791184.0 
 04/07  05:00:00,46359235.70955594,46359235.70955593,6791184.0 
 04/07  06:00:00,151345694.26609594,151345694.26609594,6791184.0 
 04/07  07:00:00,178777607.78786927,178777607.78786927,6791184.0 
 04/07  08:00:00,220083544.27846986,220083544.27846986,6791184.0 
 04/07  09:00:00,231181776.0026018,231181776.0026018,6791184.0 
 04/07  10:00:00,242119714.94217587,242119714.94217592,6791184.0 
 04/07  11:00:00,258119774.4097364,258119774.4097364,6791184.0 
 04/07  12:00:00,203183842.05655932,203183842.05655935,6791184.0 
 04/07  13:00:00,202878762.36042565,202878762.36042565,6791184.0 
 04/07  14:00:00,201558744.06604236,201558744.06604233,6791184.0 
 04/07  15:00:00,203586719.98101062,203586719.98101062,10913902.174089152 
 04/07  16:00:00,207413558.79243505,207413558.79243505,6791184.0 
 04/07  17:00:00,136378575.8873906,136378575.88739064,6791184.0 
 04/07  18:00:00,80926035.56585981,80926035.56585981,6791184.0 
 04/07  19:00:00,79979781.25723244,79979781.25723244,6791184.0 
 04/07  20:00:00,69387505.56227483,69387505.56227483,6791184.0 
 04/07  21:00:00,58978120.38476272,58978120.38476272,6791184.0 
 04/07  22:00:00,48904615.70955594,48904615.70955593,6791184.0 
 04/07  23:00:00,48904615.70955594,48904615.70955593,6791184.0 
 04/07  24:00:00,46359235.70955594,46359235.70955593,6791184.0 
 04/08  01:00:00,46359235.70955594,46359235.70955593,6791184.0 
 04/08  02:00:00,46359235.70955594,46359235.70955593,6791184.0 
 04/08  03:00:00,46359235.70955594,46359235.70955593,6791184.0 
 04/08  04:00:00,46359235.70955594,46359235.70955593,6791184.0 
 04/08  05:00:00,46359235.70955594,46359235.70955593,6791184.0 
 04/08  06:00:00,65909926.82702957,65909926.82702957,6791184.0 
 04/08  07:00:00,51886975.87564553,51886975.87564552,6791184.0 
 04/08  08:00:00,46369563.58599724,46369563.58599724,6791184.0 
 04/08  09:00:00,93327459.32795514,93327459.32795513,6791184.0 
 04/08  10:00:00,92776118.15456371,92776118.15456371,6791184.0 
 04/08  11:00:00,89015425.96235618,89015425.96235618,6791184.0 
 04/08  12:00:00,103553235.46799955,103553235.46799953,6791184.0 
 04/08  13:00:00,98822841.90322231,98822841.9032223,6791184.0 
 04/08  14:00:00,95634365.19584748,95634365.19584748,6791184.0 
 04/08  15:00:00,117263406.79731907,117263406.79731907,6791184.0 
 04/08  16:00:00,107422213.98123081,107422213.98123081,6791184.0 
 04/08  17:00:00,97063001.15570836,97063001.15570837,6791184.0 
 04/08  18:00:00,99178565.64616919,99178565.6461692,6791184.0 
 04/08  19:00:00,92646716.86845979,92646716.86845979,6791184.0 
 04/08  20:00:00,81267672.6678066,81267672.66780658,6791184.0 
 04/08  21:00:00,79951443.71550491,79951443.7155049,6791184.0 
 04/08  22:00:00,67534640.84200281,67534640.84200281,6791184.0 
 04/08  23:00:00,66939839.69046292,66939839.69046292,6791184.0 
 04/08  24:00:00,71942380.22465213,71942380.22465214,6791184.0 
 04/09  01:00:00,73220289.11411011,73220289.11411013,6791184.0 
 04/09  02:00:00,57609860.11373618,57609860.11373618,6791184.0 
 04/09  03:00:00,57609860.11373618,57609860.11373618,6791184.0 
 04/09  04:00:00,57609860.11373618,57609860.11373618,6791184.0 
 04/09  05:00:00,57609860.11373618,57609860.11373618,6791184.0 
 04/09  06:00:00,189651011.73793286,189651011.73793292,6791184.0 
 04/09  07:00:00,303734460.19647765,303734460.1964777,6791184.0 
 04/09  08:00:00,477370884.16425747,477370884.16425747,6791184.0 
 04/09  09:00:00,478729316.820131,478729316.820131,6791184.0 
 04/09  10:00:00,482998786.4087147,482998786.4087147,20483473.27593146 
 04/09  11:00:00,505154818.6289619,505154818.6289618,25707006.36750633 
 04/09  12:00:00,487692320.35002625,487692320.3500263,26615402.994974032 
 04/09  13:00:00,508315081.90387493,508315081.90387493,31243503.628769338 
 04/09  14:00:00,510254459.5418068,510254459.5418068,19159827.675155398 
 04/09  15:00:00,529195235.1019068,529195235.1019067,16740569.756705329 
 04/09  16:00:00,552457226.0652049,552457226.0652049,25449619.23833427 
 04/09  17:00:00,414076981.47786736,414076981.47786736,11104639.75671934 
 04/09  18:00:00,242482669.88005757,242482669.88005763,15268806.579284009 
 04/09  19:00:00,211026804.61037907,211026804.6103791,6791184.0 
 04/09  20:00:00,205351350.45869777,205351350.45869777,10971461.298193563 
 04/09  21:00:00,184300007.41942722,184300007.41942722,6791184.0 
 04/09  22:00:00,77772782.75072592,77772782.75072592,6791184.0 
 04/09  23:00:00,72442469.3608459,72442469.36084588,6791184.0 
 04/09  24:00:00,58189365.04299053,58189365.04299053,6791184.0 
 04/10  01:00:00,57609860.11373618,57609860.11373618,6791184.0 
 04/10  02:00:00,57609860.11373618,57609860.11373618,6791184.0 
 04/10  03:00:00,57609860.11373618,57609860.11373618,6791184.0 
 04/10  04:00:00,57609860.11373618,57609860.11373618,6791184.0 
 04/10  05:00:00,57609860.11373618,57609860.11373618,6791184.0 
 04/10  06:00:00,162754156.7146949,162754156.71469492,6791184.0 
 04/10  07:00:00,258851599.513709,258851599.51370904,6791184.0 
 04/10  08:00:00,472378909.27588797,472378909.27588797,6791184.0 
 04/10  09:00:00,426664862.50623024,426664862.5062302,6791184.0 
 04/10  10:00:00,437589906.00889575,437589906.0088957,20477774.25637273 
 04/10  11:00:00,464098264.62254524,464098264.6225451,25701472.565795925 
 04/10  12:00:00,457006036.0243463,457006036.02434623,28080790.096898336 
 04/10  13:00:00,471333959.9369964,471333959.9369964,29781453.859008625 
 04/10  14:00:00,459514952.276977,459514952.27697694,20220353.683333844 
 04/10  15:00:00,464795987.7700034,464795987.7700034,15677357.988538072 
 04/10  16:00:00,475321932.43388903,475321932.4338891,25443248.29106007 
 04/10  17:00:00,360090702.69545114,360090702.69545114,11118189.933902865 
 04/10  18:00:00,224679277.56306702,224679277.56306702,15258156.371588703 
 04/10  19:00:00,203877573.97214478,203877573.97214478,6791184.0 
 04/10  20:00:00,188161046.86606574,188161046.86606574,10963782.45979448 
 04/10  21:00:00,176052190.06682256,176052190.06682256,6791184.0 
 04/10  22:00:00,77772782.75072592,77772782.75072592,6791184.0 
 04/10  23:00:00,72442469.3608459,72442469.36084588,6791184.0 
 04/10  24:00:00,58189365.04299053,58189365.04299053,6791184.0 
 04/11  01:00:00,57609860.11373618,57609860.11373618,6791184.0 
 04/11  02:00:00,57609860.11373618,57609860.11373618,6791184.0 
 04/11  03:00:00,57609860.11373618,57609860.11373618,6791184.0 
 04/11  04:00:00,57609860.11373618,57609860.11373618,6791184.0 
 04/11  05:00:00,57609860.11373618,57609860.11373618,6791184.0 
 04/11  06:00:00,150442553.25301617,150442553.25301617,6791184.0 
 04/11  07:00:00,222376408.3194941,222376408.31949413,6791184.0 
 04/11  08:00:00,448034188.07067466,448034188.0706746,6791184.0 
 04/11  09:00:00,420477985.7916547,420477985.7916547,6791184.0 
 04/11  10:00:00,428791976.05490077,428791976.0549007,20474129.2478994 
 04/11  11:00:00,457431447.7593373,457431447.75933725,25695075.174034994 
 04/11  12:00:00,451217687.3135499,451217687.3135499,27574260.834661078 
 04/11  13:00:00,461916985.5981007,461916985.59810066,30262732.352440055 
 04/11  14:00:00,452463930.55046415,452463930.55046415,20219003.193245985 
 04/11  15:00:00,460557003.6756202,460557003.6756202,15676276.14801361 
 04/11  16:00:00,464243654.59715617,464243654.5971561,25437963.386666626 
 04/11  17:00:00,339211983.6738325,339211983.6738325,11103770.091084383 
 04/11  18:00:00,203564593.41753903,203564593.41753903,15268034.411101433 
 04/11  19:00:00,198098240.55632624,198098240.55632627,6791184.0 
 04/11  20:00:00,184696600.64526328,184696600.6452633,10954570.350415945 
 04/11  21:00:00,167872829.36573145,167872829.36573145,6791184.0 
 04/11  22:00:00,77772782.75072592,77772782.75072592,6791184.0 
 04/11  23:00:00,72442469.3608459,72442469.36084588,6791184.0 
 04/11  24:00:00,58189365.04299053,58189365.04299053,6791184.0 
 04/12  01:00:00,57609860.11373618,57609860.11373618,6791184.0 
 04/12  02:00:00,57609860.11373618,57609860.11373618,6791184.0 
 04/12  03:00:00,57609860.11373618,57609860.11373618,6791184.0 
 04/12  04:00:00,57609860.11373618,57609860.11373618,6791184.0 
 04/12  05:00:00,57609860.11373618,57609860.11373618,6791184.0 
 04/12  06:00:00,153186430.01563036,153186430.01563036,6791184.0 
 04/12  07:00:00,225127367.17664933,225127367.17664936,6791184.0 
 04/12  08:00:00,438135403.953036,438135403.95303595,6791184.0 
 04/12  09:00:00,410611885.7027329,410611885.70273286,6791184.0 
 04/12  10:00:00,417064145.64635646,417064145.64635646,20470158.629581135 
 04/12  11:00:00,442173776.08885115,442173776.0888511,25688362.9387571 
 04/12  12:00:00,445088451.01728773,445088451.01728773,26590516.659184713 
 04/12  13:00:00,466823291.3227806,466823291.32278055,31213719.28131959 
 04/12  14:00:00,463558796.26547474,463558796.2654747,17382905.653887644 
 04/12  15:00:00,480191843.53964067,480191843.53964067,18491230.958979722 
 04/12  16:00:00,496708403.4556694,496708403.4556694,24883588.990758747 
 04/12  17:00:00,383154902.6543632,383154902.6543632,11608461.77419487 
 04/12  18:00:00,235574383.58240986,235574383.58240983,11032874.973914642 
 04/12  19:00:00,201814476.5271153,201814476.52711532,10921021.314947568 
 04/12  20:00:00,173953100.5791975,173953100.57919753,10954736.73200954 
 04/12  21:00:00,156674805.05893898,156674805.058939,6791184.0 
 04/12  22:00:00,77772782.75072592,77772782.75072592,6791184.0 
 04/12  23:00:00,72442469.3608459,72442469.36084588,6791184.0 
 04/12  24:00:00,58189365.04299053,58189365.04299053,6791184.0 
 04/13  01:00:00,57609860.11373618,57609860.11373618,6791184.0 
 04/13  02:00:00,57609860.11373618,57609860.11373618,6791184.0 
 04/13  03:00:00,57609860.11373618,57609860.11373618,6791184.0 
 04/13  04:00:00,57609860.11373618,57609860.11373618,6791184.0 
 04/13  05:00:00,57609860.11373618,57609860.11373618,6791184.0 
 04/13  06:00:00,158083051.25396216,158083051.25396216,6791184.0 
 04/13  07:00:00,242423445.46763277,242423445.4676328,6791184.0 
 04/13  08:00:00,451122798.88030666,451122798.88030666,6791184.0 
 04/13  09:00:00,416732037.4942811,416732037.49428105,6791184.0 
 04/13  10:00:00,425865441.1887977,425865441.1887977,20468274.484469764 
 04/13  11:00:00,448609438.2095653,448609438.2095653,25681528.263506964 
 04/13  12:00:00,450491520.23251814,450491520.2325181,26578945.551039778 
 04/13  13:00:00,479173861.462124,479173861.4621241,31204335.14289096 
 04/13  14:00:00,477439315.7342923,477439315.7342924,15715574.624181103 
 04/13  15:00:00,482571478.2546114,482571478.2546114,20118565.29788814 
 04/13  16:00:00,491517100.1159896,491517100.1159896,21802981.544080265 
 04/13  17:00:00,374304507.6635888,374304507.6635889,14461600.958651654 
 04/13  18:00:00,224776562.8141589,224776562.81415886,11036581.796435582 
 04/13  19:00:00,200180373.45348004,200180373.45348006,10935944.763415944 
 04/13  20:00:00,194611371.04943612,194611371.04943615,10968744.424908571 
 04/13  21:00:00,189314128.40240955,189314128.40240955,6791184.0 
 04/13  22:00:00,77772782.75072592,77772782.75072592,6791184.0 
 04/13  23:00:00,72442469.3608459,72442469.36084588,6791184.0 
 04/13  24:00:00,46938652.8740647,46938652.87406469,6791184.0 
 04/14  01:00:00,46359235.70955594,46359235.70955593,6791184.0 
 04/14  02:00:00,46359235.70955594,46359235.70955593,6791184.0 
 04/14  03:00:00,46359235.70955594,46359235.70955593,6791184.0 
 04/14  04:00:00,46359235.70955594,46359235.70955593,6791184.0 
 04/14  05:00:00,46359235.70955594,46359235.70955593,6791184.0 
 04/14  06:00:00,158567949.84285685,158567949.84285685,6791184.0 
 04/14  07:00:00,187150585.80193263,187150585.80193263,6791184.0 
 04/14  08:00:00,219958364.49652702,219958364.49652705,6791184.0 
 04/14  09:00:00,251277215.0198946,251277215.0198946,6791184.0 
 04/14  10:00:00,264626827.8966326,264626827.8966326,6791184.0 
 04/14  11:00:00,284713598.43338126,284713598.4333812,6791184.0 
 04/14  12:00:00,224615245.68189043,224615245.6818904,6791184.0 
 04/14  13:00:00,208228968.9750573,208228968.9750573,6791184.0 
 04/14  14:00:00,191106115.13930506,191106115.13930506,6791184.0 
 04/14  15:00:00,184496568.7850625,184496568.78506255,6791184.0 
 04/14  16:00:00,181677591.47559792,181677591.47559792,6791184.0 
 04/14  17:00:00,132628926.23706348,132628926.23706348,6791184.0 
 04/14  18:00:00,73951802.39338946,73951802.39338946,6791184.0 
 04/14  19:00:00,76014988.58957206,76014988.58957206,6791184.0 
 04/14  20:00:00,48904615.70955594,48904615.70955593,6791184.0 
 04/14  21:00:00,48904615.70955594,48904615.70955593,6791184.0 
 04/14  22:00:00,48904615.70955594,48904615.70955593,6791184.0 
 04/14  23:00:00,48904615.70955594,48904615.70955593,6791184.0 
 04/14  24:00:00,46359235.70955594,46359235.70955593,6791184.0 
 04/15  01:00:00,46359235.70955594,46359235.70955593,6791184.0 
 04/15  02:00:00,46359235.70955594,46359235.70955593,6791184.0 
 04/15  03:00:00,46359235.70955594,46359235.70955593,6791184.0 
 04/15  04:00:00,46359235.70955594,46359235.70955593,6791184.0 
 04/15  05:00:00,46359235.70955594,46359235.70955593,6791184.0 
 04/15  06:00:00,65909926.82702957,65909926.82702957,6791184.0 
 04/15  07:00:00,47059622.46078374,47059622.460783735,6791184.0 
 04/15  08:00:00,72536155.26100309,72536155.26100309,6791184.0 
 04/15  09:00:00,83392505.12802534,83392505.12802532,6791184.0 
 04/15  10:00:00,93593535.09433912,93593535.09433912,6791184.0 
 04/15  11:00:00,102044482.38801233,102044482.38801233,6791184.0 
 04/15  12:00:00,90284151.18685633,90284151.18685636,6791184.0 
 04/15  13:00:00,99280306.56347871,99280306.56347871,6791184.0 
 04/15  14:00:00,106811348.31609292,106811348.31609292,6791184.0 
 04/15  15:00:00,95879466.79540142,95879466.7954014,6791184.0 
 04/15  16:00:00,106384488.54001956,106384488.54001956,6791184.0 
 04/15  17:00:00,104976692.69594741,104976692.6959474,6791184.0 
 04/15  18:00:00,80886150.00526102,80886150.00526102,6791184.0 
 04/15  19:00:00,87267555.583532,87267555.583532,6791184.0 
 04/15  20:00:00,75974574.52925912,75974574.52925912,6791184.0 
 04/15  21:00:00,68954099.61848848,68954099.61848848,6791184.0 
 04/15  22:00:00,68705825.0493782,68705825.0493782,6791184.0 
 04/15  23:00:00,54217929.8902388,54217929.89023879,6791184.0 
 04/15  24:00:00,63179304.47603511,63179304.47603511,6791184.0 
 04/16  01:00:00,57609860.11373618,57609860.11373618,6791184.0 
 04/16  02:00:00,57609860.11373618,57609860.11373618,6791184.0 
 04/16  03:00:00,57609860.11373618,57609860.11373618,6791184.0 
 04/16  04:00:00,57609860.11373618,57609860.11373618,6791184.0 
 04/16  05:00:00,57609860.11373618,57609860.11373618,6791184.0 
 04/16  06:00:00,167669612.9339522,167669612.9339522,6791184.0 
 04/16  07:00:00,298882003.4439027,298882003.44390273,6791184.0 
 04/16  08:00:00,530393192.95862395,530393192.9586239,6791184.0 
 04/16  09:00:00,473460666.07624096,473460666.0762409,6791184.0 
 04/16  10:00:00,473656774.0260017,473656774.02600163,20460418.702452514 
 04/16  11:00:00,501671671.7092319,501671671.70923185,21922940.205207497 
 04/16  12:00:00,490226395.97879994,490226395.9787998,30453902.111771114 
 04/16  13:00:00,511411475.10628194,511411475.106282,30853434.290476255 
 04/16  14:00:00,509897834.0287004,509897834.02870035,16009816.717049964 
 04/16  15:00:00,513958923.5631202,513958923.5631202,20113902.810277037 
 04/16  16:00:00,525096149.8771999,525096149.8771999,20755210.842045985 
 04/16  17:00:00,388514567.52979076,388514567.52979076,15438661.820855994 
 04/16  18:00:00,237255414.2636591,237255414.2636591,11014672.63400468 
 04/16  19:00:00,211885270.4409651,211885270.44096512,8952743.089191105 
 04/16  20:00:00,188453328.5350779,188453328.5350779,8772891.521799892 
 04/16  21:00:00,174551793.42147806,174551793.42147806,6791184.0 
 04/16  22:00:00,77772782.75072592,77772782.75072592,6791184.0 
 04/16  23:00:00,72442469.3608459,72442469.36084588,6791184.0 
 04/16  24:00:00,58189365.04299053,58189365.04299053,6791184.0 
 04/17  01:00:00,57609860.11373618,57609860.11373618,6791184.0 
 04/17  02:00:00,57609860.11373618,57609860.11373618,6791184.0 
 04/17  03:00:00,57609860.11373618,57609860.11373618,6791184.0 
 04/17  04:00:00,57609860.11373618,57609860.11373618,6791184.0 
 04/17  05:00:00,57609860.11373618,57609860.11373618,6791184.0 
 04/17  06:00:00,166117395.30585694,166117395.30585694,6791184.0 
 04/17  07:00:00,273301944.5949073,273301944.59490734,6791184.0 
 04/17  08:00:00,543912994.91408,543912994.91408,6791184.0 
 04/17  09:00:00,446146816.3845796,446146816.38457954,6791184.0 
 04/17  10:00:00,454525317.5343516,454525317.53435165,20450879.680320036 
 04/17  11:00:00,487735555.789868,487735555.789868,25655745.054370258 
 04/17  12:00:00,489921447.43229675,489921447.43229663,26546993.071148813 
 04/17  13:00:00,512182077.55250084,512182077.5525008,31162095.92859965 
 04/17  14:00:00,497464313.51182866,497464313.5118286,15718418.052616054 
 04/17  15:00:00,467447282.9914998,467447282.9914997,20105886.540566478 
 04/17  16:00:00,449853629.5169506,449853629.5169506,20746429.650273915 
 04/17  17:00:00,337431219.2022005,337431219.20220053,15422813.57110573 
 04/17  18:00:00,203237133.008736,203237133.00873595,11011053.562163157 
 04/17  19:00:00,198558140.10445687,198558140.10445687,10913953.369893141 
 04/17  20:00:00,192616934.1896682,192616934.18966818,6791184.0 
 04/17  21:00:00,187572584.1855606,187572584.1855606,6791184.0 
 04/17  22:00:00,77772782.75072592,77772782.75072592,6791184.0 
 04/17  23:00:00,72442469.3608459,72442469.36084588,6791184.0 
 04/17  24:00:00,58189365.04299053,58189365.04299053,6791184.0 
 04/18  01:00:00,57609860.11373618,57609860.11373618,6791184.0 
 04/18  02:00:00,57609860.11373618,57609860.11373618,6791184.0 
 04/18  03:00:00,57609860.11373618,57609860.11373618,6791184.0 
 04/18  04:00:00,57609860.11373618,57609860.11373618,6791184.0 
 04/18  05:00:00,71216971.05190636,71216971.05190636,6791184.0 
 04/18  06:00:00,157549706.8482662,157549706.84826624,6791184.0 
 04/18  07:00:00,222703431.98988926,222703431.9898893,6791184.0 
 04/18  08:00:00,438324541.2422005,438324541.24220043,6791184.0 
 04/18  09:00:00,406471328.07689625,406471328.07689625,6791184.0 
 04/18  10:00:00,419739174.24042064,419739174.2404206,20445147.0022387 
 04/18  11:00:00,454957961.18219864,454957961.18219864,25649320.502100077 
 04/18  12:00:00,458276599.7532902,458276599.7532902,27972074.10038052 
 04/18  13:00:00,480006241.7926926,480006241.7926926,29737523.606131982 
 04/18  14:00:00,479330995.3727176,479330995.3727176,16669881.357480267 
 04/18  15:00:00,485365304.2780093,485365304.2780092,19170121.779420394 
 04/18  16:00:00,496622388.6358626,496622388.6358626,21711637.081734862 
 04/18  17:00:00,379280138.67579854,379280138.67579865,14517433.360047206 
 04/18  18:00:00,234483111.689234,234483111.68923402,11026237.657984309 
 04/18  19:00:00,210885547.1500311,210885547.1500311,10908442.266060935 
 04/18  20:00:00,193111927.57327062,193111927.57327062,6791184.0 
 04/18  21:00:00,179829452.46075553,179829452.46075553,6791184.0 
 04/18  22:00:00,77772782.75072592,77772782.75072592,6791184.0 
 04/18  23:00:00,72442469.3608459,72442469.36084588,6791184.0 
 04/18  24:00:00,58189365.04299053,58189365.04299053,6791184.0 
 04/19  01:00:00,57609860.11373618,57609860.11373618,6791184.0 
 04/19  02:00:00,57609860.11373618,57609860.11373618,6791184.0 
 04/19  03:00:00,57609860.11373618,57609860.11373618,6791184.0 
 04/19  04:00:00,57609860.11373618,57609860.11373618,6791184.0 
 04/19  05:00:00,57609860.11373618,57609860.11373618,6791184.0 
 04/19  06:00:00,163183085.8029387,163183085.80293873,6791184.0 
 04/19  07:00:00,252424632.80995834,252424632.8099584,6791184.0 
 04/19  08:00:00,466204792.6073364,466204792.60733634,6791184.0 
 04/19  09:00:00,415390608.54018056,415390608.54018056,6791184.0 
 04/19  10:00:00,434176110.5207902,434176110.52079016,20441365.03853897 
 04/19  11:00:00,465542456.95029265,465542456.95029265,25642343.817831665 
 04/19  12:00:00,464749105.18356115,464749105.1835611,26933464.867085718 
 04/19  13:00:00,490524382.5928912,490524382.5928913,30742417.104580697 
 04/19  14:00:00,489228615.44813263,489228615.4481326,15719508.376497824 
 04/19  15:00:00,502797838.89874196,502797838.89874196,20099519.90200817 
 04/19  16:00:00,504284509.5159797,504284509.5159797,20736733.22430237 
 04/19  17:00:00,369857742.6647602,369857742.6647602,15422798.78061862 
 04/19  18:00:00,227706685.42189437,227706685.4218944,11005639.933671877 
 04/19  19:00:00,204938504.99954545,204938504.99954548,10934115.37946513 
 04/19  20:00:00,184849573.5407886,184849573.54078862,6791184.0 
 04/19  21:00:00,173323777.84189534,173323777.84189534,6791184.0 
 04/19  22:00:00,77772782.75072592,77772782.75072592,6791184.0 
 04/19  23:00:00,72442469.3608459,72442469.36084588,6791184.0 
 04/19  24:00:00,58189365.04299053,58189365.04299053,6791184.0 
 04/20  01:00:00,57609860.11373618,57609860.11373618,6791184.0 
 04/20  02:00:00,57609860.11373618,57609860.11373618,6791184.0 
 04/20  03:00:00,57609860.11373618,57609860.11373618,6791184.0 
 04/20  04:00:00,57609860.11373618,57609860.11373618,6791184.0 
 04/20  05:00:00,98402287.74505106,98402287.74505109,6791184.0 
 04/20  06:00:00,172037165.85935205,172037165.85935205,6791184.0 
 04/20  07:00:00,275378931.3819107,275378931.38191074,6791184.0 
 04/20  08:00:00,487106407.61194444,487106407.61194444,6791184.0 
 04/20  09:00:00,444143988.4519866,444143988.4519866,6791184.0 
 04/20  10:00:00,444945776.7466358,444945776.7466358,20438148.281134073 
 04/20  11:00:00,469023331.53722847,469023331.5372285,25635281.45096658 
 04/20  12:00:00,459575263.0368145,459575263.0368145,26519052.775972933 
 04/20  13:00:00,487000750.02317333,487000750.0231734,31130348.89273466 
 04/20  14:00:00,492230563.4180249,492230563.4180249,15696484.232681407 
 04/20  15:00:00,509866003.3358923,509866003.3358923,20101427.464932885 
 04/20  16:00:00,527846824.7794251,527846824.7794251,20731831.931310683 
 04/20  17:00:00,400346063.0336648,400346063.0336648,15431332.952322073 
 04/20  18:00:00,247462438.25300422,247462438.25300422,11017366.026663084 
 04/20  19:00:00,212310305.3846346,212310305.3846346,10935555.792259965 
 04/20  20:00:00,187534020.7691668,187534020.76916677,6791184.0 
 04/20  21:00:00,177181407.45096385,177181407.45096388,6791184.0 
 04/20  22:00:00,77772782.75072592,77772782.75072592,6791184.0 
 04/20  23:00:00,72442469.3608459,72442469.36084588,6791184.0 
 04/20  24:00:00,46938652.8740647,46938652.87406469,6791184.0 
 04/21  01:00:00,46359235.70955594,46359235.70955593,6791184.0 
 04/21  02:00:00,46359235.70955594,46359235.70955593,6791184.0 
 04/21  03:00:00,46359235.70955594,46359235.70955593,6791184.0 
 04/21  04:00:00,46359235.70955594,46359235.70955593,6791184.0 
 04/21  05:00:00,72176983.67336503,72176983.67336503,6791184.0 
 04/21  06:00:00,170297067.06020623,170297067.06020623,6791184.0 
 04/21  07:00:00,211576162.48325348,211576162.48325348,6791184.0 
 04/21  08:00:00,229553802.1348564,229553802.1348564,6791184.0 
 04/21  09:00:00,254751289.10136256,254751289.10136256,6791184.0 
 04/21  10:00:00,259951619.6337323,259951619.63373226,6791184.0 
 04/21  11:00:00,278272441.52564466,278272441.52564466,6791184.0 
 04/21  12:00:00,226980202.58260483,226980202.58260483,6791184.0 
 04/21  13:00:00,211322060.91046578,211322060.91046578,6791184.0 
 04/21  14:00:00,216409811.12466568,216409811.12466568,6791184.0 
 04/21  15:00:00,219362643.18525237,219362643.18525237,6791184.0 
 04/21  16:00:00,221750904.9591293,221750904.95912933,10924116.394547075 
 04/21  17:00:00,146468149.362858,146468149.36285803,6791184.0 
 04/21  18:00:00,84838269.53630123,84838269.53630123,6791184.0 
 04/21  19:00:00,83333682.69603914,83333682.69603916,6791184.0 
 04/21  20:00:00,71481041.8366826,71481041.8366826,6791184.0 
 04/21  21:00:00,59948875.676824644,59948875.676824644,6791184.0 
 04/21  22:00:00,48904615.70955594,48904615.70955593,6791184.0 
 04/21  23:00:00,48904615.70955594,48904615.70955593,6791184.0 
 04/21  24:00:00,46359235.70955594,46359235.70955593,6791184.0 
 04/22  01:00:00,46359235.70955594,46359235.70955593,6791184.0 
 04/22  02:00:00,46359235.70955594,46359235.70955593,6791184.0 
 04/22  03:00:00,46359235.70955594,46359235.70955593,6791184.0 
 04/22  04:00:00,46359235.70955594,46359235.70955593,6791184.0 
 04/22  05:00:00,46359235.70955594,46359235.70955593,6791184.0 
 04/22  06:00:00,65909926.82702957,65909926.82702957,6791184.0 
 04/22  07:00:00,47068410.320042275,47068410.32004227,6791184.0 
 04/22  08:00:00,64152977.31730387,64152977.31730387,6791184.0 
 04/22  09:00:00,84995407.73443422,84995407.73443422,6791184.0 
 04/22  10:00:00,93603295.53898345,93603295.53898343,6791184.0 
 04/22  11:00:00,102474977.54182643,102474977.54182644,6791184.0 
 04/22  12:00:00,91972239.93076934,91972239.93076934,6791184.0 
 04/22  13:00:00,100067713.51510847,100067713.51510847,6791184.0 
 04/22  14:00:00,112457819.58922021,112457819.58922021,6791184.0 
 04/22  15:00:00,100739064.01786157,100739064.01786157,6791184.0 
 04/22  16:00:00,107291368.88827468,107291368.88827467,6791184.0 
 04/22  17:00:00,116127396.41542177,116127396.41542177,6791184.0 
 04/22  18:00:00,86666051.14761904,86666051.14761904,6791184.0 
 04/22  19:00:00,88313743.41774386,88313743.41774386,6791184.0 
 04/22  20:00:00,93610789.96759138,93610789.96759138,6791184.0 
 04/22  21:00:00,85915398.56818523,85915398.56818521,6791184.0 
 04/22  22:00:00,70048774.0749149,70048774.0749149,6791184.0 
 04/22  23:00:00,64517193.1387534,64517193.1387534,6791184.0 
 04/22  24:00:00,73705227.08996442,73705227.08996442,6791184.0 
 04/23  01:00:00,73419556.37159893,73419556.37159893,6791184.0 
 04/23  02:00:00,73582537.28233603,73582537.28233604,6791184.0 
 04/23  03:00:00,68212765.97037625,68212765.97037625,6791184.0 
 04/23  04:00:00,57609860.11373618,57609860.11373618,6791184.0 
 04/23  05:00:00,57609860.11373618,57609860.11373618,6791184.0 
 04/23  06:00:00,151056995.50518537,151056995.50518537,6791184.0 
 04/23  07:00:00,252420197.4230814,252420197.42308143,6791184.0 
 04/23  08:00:00,481593569.2450844,481593569.2450844,6791184.0 
 04/23  09:00:00,453323419.0468658,453323419.0468658,6791184.0 
 04/23  10:00:00,479120583.265638,479120583.265638,17081425.47152232 
 04/23  11:00:00,514960457.68135124,514960457.68135124,24380901.693731226 
 04/23  12:00:00,507555155.92934203,507555155.9293419,31420084.458015233 
 04/23  13:00:00,532912847.3160753,532912847.3160752,26237570.589921013 
 04/23  14:00:00,524623658.60559267,524623658.6055927,20174726.338411476 
 04/23  15:00:00,538864993.4817121,538864993.4817121,15655555.264433376 
 04/23  16:00:00,553384132.896066,553384132.896066,25363136.378080927 
 04/23  17:00:00,415943393.7608973,415943393.7608972,11107508.854090001 
 04/23  18:00:00,254574401.62227207,254574401.62227204,15251946.567451943 
 04/23  19:00:00,217752759.3227848,217752759.32278484,6791184.0 
 04/23  20:00:00,189425972.2679696,189425972.2679696,10952709.008675544 
 04/23  21:00:00,174370679.63542902,174370679.63542902,6791184.0 
 04/23  22:00:00,77772782.75072592,77772782.75072592,6791184.0 
 04/23  23:00:00,72442469.3608459,72442469.36084588,6791184.0 
 04/23  24:00:00,58189365.04299053,58189365.04299053,6791184.0 
 04/24  01:00:00,57609860.11373618,57609860.11373618,6791184.0 
 04/24  02:00:00,57609860.11373618,57609860.11373618,6791184.0 
 04/24  03:00:00,57609860.11373618,57609860.11373618,6791184.0 
 04/24  04:00:00,57609860.11373618,57609860.11373618,6791184.0 
 04/24  05:00:00,79584646.58941738,79584646.58941738,6791184.0 
 04/24  06:00:00,171856584.9908508,171856584.9908508,6791184.0 
 04/24  07:00:00,263586140.01976043,263586140.01976043,6791184.0 
 04/24  08:00:00,460431923.95288545,460431923.9528855,6791184.0 
 04/24  09:00:00,452900792.2439729,452900792.2439729,6791184.0 
 04/24  10:00:00,463111683.9604196,463111683.96041954,18357181.489020836 
 04/24  11:00:00,495858912.3626472,495858912.3626472,23053280.649419256 
 04/24  12:00:00,491291532.17924345,491291532.1792434,31407825.36159645 
 04/24  13:00:00,521991979.03918874,521991979.03918874,26229364.960719235 
 04/24  14:00:00,526131916.90661955,526131916.9066195,20170763.073915794 
 04/24  15:00:00,538790027.0882113,538790027.0882113,15653088.722791338 
 04/24  16:00:00,549610230.7650478,549610230.7650478,25356691.282609664 
 04/24  17:00:00,411084409.84881127,411084409.84881127,11107204.372916907 
 04/24  18:00:00,244493631.5179574,244493631.51795736,13675904.958726954 
 04/24  19:00:00,211742696.86664888,211742696.8666489,8319746.435183195 
 04/24  20:00:00,186695045.9766918,186695045.97669184,10955163.953520875 
 04/24  21:00:00,173751124.2451061,173751124.2451061,6791184.0 
 04/24  22:00:00,77772782.75072592,77772782.75072592,6791184.0 
 04/24  23:00:00,72442469.3608459,72442469.36084588,6791184.0 
 04/24  24:00:00,58189365.04299053,58189365.04299053,6791184.0 
 04/25  01:00:00,57609860.11373618,57609860.11373618,6791184.0 
 04/25  02:00:00,57609860.11373618,57609860.11373618,6791184.0 
 04/25  03:00:00,57609860.11373618,57609860.11373618,6791184.0 
 04/25  04:00:00,57609860.11373618,57609860.11373618,6791184.0 
 04/25  05:00:00,103085726.68668634,103085726.6866863,6791184.0 
 04/25  06:00:00,175144350.74295193,175144350.74295196,6791184.0 
 04/25  07:00:00,265448138.7815181,265448138.7815181,6791184.0 
 04/25  08:00:00,461085570.89913195,461085570.8991319,6791184.0 
 04/25  09:00:00,453503308.26251817,453503308.26251817,6791184.0 
 04/25  10:00:00,460118294.66684467,460118294.6668446,17346352.124938242 
 04/25  11:00:00,487520243.7437843,487520243.74378425,24087082.447798654 
 04/25  12:00:00,484529261.55018914,484529261.5501891,31396435.326324984 
 04/25  13:00:00,513003246.7495388,513003246.7495388,26218746.551730473 
 04/25  14:00:00,513280129.8904153,513280129.8904153,20161821.238514744 
 04/25  15:00:00,518918248.9842838,518918248.9842838,15654539.096949443 
 04/25  16:00:00,519089891.35731685,519089891.35731673,25350732.693985566 
 04/25  17:00:00,383112923.39840853,383112923.3984086,11086297.983501937 
 04/25  18:00:00,234543367.88974386,234543367.8897438,11024551.300385494 
 04/25  19:00:00,208493866.04216284,208493866.04216284,10929623.257632734 
 04/25  20:00:00,187680155.3377056,187680155.3377056,6791184.0 
 04/25  21:00:00,176323000.1627444,176323000.1627444,6791184.0 
 04/25  22:00:00,77772782.75072592,77772782.75072592,6791184.0 
 04/25  23:00:00,72442469.3608459,72442469.36084588,6791184.0 
 04/25  24:00:00,58189365.04299053,58189365.04299053,6791184.0 
 04/26  01:00:00,57609860.11373618,57609860.11373618,6791184.0 
 04/26  02:00:00,57609860.11373618,57609860.11373618,6791184.0 
 04/26  03:00:00,57609860.11373618,57609860.11373618,6791184.0 
 04/26  04:00:00,57609860.11373618,57609860.11373618,6791184.0 
 04/26  05:00:00,87751593.57036522,87751593.57036522,6791184.0 
 04/26  06:00:00,179678075.54161626,179678075.54161626,6791184.0 
 04/26  07:00:00,265962334.82103857,265962334.82103854,6791184.0 
 04/26  08:00:00,481164578.8876289,481164578.8876289,6791184.0 
 04/26  09:00:00,436830572.317116,436830572.3171161,6791184.0 
 04/26  10:00:00,451938652.4639577,451938652.46395767,20415786.622433927 
 04/26  11:00:00,480368312.0019603,480368312.0019602,25136003.950910572 
 04/26  12:00:00,473849295.0801661,473849295.080166,26930947.322247867 
 04/26  13:00:00,490533008.1706482,490533008.1706482,29565893.038825937 
 04/26  14:00:00,482294640.08223265,482294640.08223265,17068240.490042467 
 04/26  15:00:00,490583214.796335,490583214.796335,16030200.5829228 
 04/26  16:00:00,501362891.18538463,501362891.18538463,24947634.277409256 
 04/26  17:00:00,367248481.4493879,367248481.4493879,15404529.376564112 
 04/26  18:00:00,229961807.31909233,229961807.31909233,11005794.65710115 
 04/26  19:00:00,201896281.00367507,201896281.0036751,6791184.0 
 04/26  20:00:00,184825736.43080127,184825736.4308013,10952474.585895572 
 04/26  21:00:00,171042625.57152045,171042625.57152045,6791184.0 
 04/26  22:00:00,77772782.75072592,77772782.75072592,6791184.0 
 04/26  23:00:00,72442469.3608459,72442469.36084588,6791184.0 
 04/26  24:00:00,58189365.04299053,58189365.04299053,6791184.0 
 04/27  01:00:00,57609860.11373618,57609860.11373618,6791184.0 
 04/27  02:00:00,57609860.11373618,57609860.11373618,6791184.0 
 04/27  03:00:00,57609860.11373618,57609860.11373618,6791184.0 
 04/27  04:00:00,57609860.11373618,57609860.11373618,6791184.0 
 04/27  05:00:00,89534561.02818918,89534561.02818918,6791184.0 
 04/27  06:00:00,167699808.04749066,167699808.04749066,6791184.0 
 04/27  07:00:00,271530590.0368364,271530590.0368364,6791184.0 
 04/27  08:00:00,485124543.19251704,485124543.19251704,6791184.0 
 04/27  09:00:00,442940524.18368995,442940524.18368983,6791184.0 
 04/27  10:00:00,450030253.79536176,450030253.79536176,18250145.033555582 
 04/27  11:00:00,482101693.4736605,482101693.47366047,23133785.12197924 
 04/27  12:00:00,479911945.90024126,479911945.90024114,31372249.89282246 
 04/27  13:00:00,506885714.8796079,506885714.8796079,26200394.49300249 
 04/27  14:00:00,504417973.6070509,504417973.6070509,20152117.660799354 
 04/27  15:00:00,509739673.0617822,509739673.06178224,15646388.381894108 
 04/27  16:00:00,518508909.12775904,518508909.12775904,25338215.967668526 
 04/27  17:00:00,389567014.5836454,389567014.58364546,11089542.59313398 
 04/27  18:00:00,240013164.23781115,240013164.23781115,11017206.063879319 
 04/27  19:00:00,206833793.51088887,206833793.5108889,10924421.145240087 
 04/27  20:00:00,186736661.97491884,186736661.97491884,6791184.0 
 04/27  21:00:00,175684221.2174954,175684221.21749544,6791184.0 
 04/27  22:00:00,77772782.75072592,77772782.75072592,6791184.0 
 04/27  23:00:00,72442469.3608459,72442469.36084588,6791184.0 
 04/27  24:00:00,46938652.8740647,46938652.87406469,6791184.0 
 04/28  01:00:00,46359235.70955594,46359235.70955593,6791184.0 
 04/28  02:00:00,46359235.70955594,46359235.70955593,6791184.0 
 04/28  03:00:00,46359235.70955594,46359235.70955593,6791184.0 
 04/28  04:00:00,46359235.70955594,46359235.70955593,6791184.0 
 04/28  05:00:00,54120842.26132704,54120842.26132704,6791184.0 
 04/28  06:00:00,181246843.97800326,181246843.9780033,6791184.0 
 04/28  07:00:00,197783012.02270597,197783012.02270597,6791184.0 
 04/28  08:00:00,244077243.4347387,244077243.43473873,6791184.0 
 04/28  09:00:00,274670195.6889549,274670195.6889549,6791184.0 
 04/28  10:00:00,286325746.31156373,286325746.3115637,6791184.0 
 04/28  11:00:00,310712429.212131,310712429.2121311,6791184.0 
 04/28  12:00:00,268684807.9212433,268684807.9212433,6791184.0 
 04/28  13:00:00,261780309.88589805,261780309.88589805,6791184.0 
 04/28  14:00:00,262179199.0462985,262179199.0462985,6791184.0 
 04/28  15:00:00,263823787.14955103,263823787.149551,6791184.0 
 04/28  16:00:00,251938999.0810054,251938999.08100536,6791184.0 
 04/28  17:00:00,150039694.5969926,150039694.5969926,6791184.0 
 04/28  18:00:00,85296088.22068168,85296088.22068168,6791184.0 
 04/28  19:00:00,80952224.35881145,80952224.35881145,6791184.0 
 04/28  20:00:00,71826837.21656126,71826837.21656124,6791184.0 
 04/28  21:00:00,60378647.04908903,60378647.04908903,6791184.0 
 04/28  22:00:00,48904615.70955594,48904615.70955593,6791184.0 
 04/28  23:00:00,48904615.70955594,48904615.70955593,6791184.0 
 04/28  24:00:00,46359235.70955594,46359235.70955593,6791184.0 
 04/29  01:00:00,46359235.70955594,46359235.70955593,6791184.0 
 04/29  02:00:00,46359235.70955594,46359235.70955593,6791184.0 
 04/29  03:00:00,46359235.70955594,46359235.70955593,6791184.0 
 04/29  04:00:00,46359235.70955594,46359235.70955593,6791184.0 
 04/29  05:00:00,46359235.70955594,46359235.70955593,6791184.0 
 04/29  06:00:00,65909926.82702957,65909926.82702957,6791184.0 
 04/29  07:00:00,47008742.171989135,47008742.17198913,6791184.0 
 04/29  08:00:00,79713949.1427472,79713949.14274718,6791184.0 
 04/29  09:00:00,95359848.18285322,95359848.1828532,6791184.0 
 04/29  10:00:00,106252860.65072426,106252860.65072425,6791184.0 
 04/29  11:00:00,95692602.51576047,95692602.51576047,6791184.0 
 04/29  12:00:00,107932099.56739077,107932099.56739078,6791184.0 
 04/29  13:00:00,113040408.29758877,113040408.29758875,6791184.0 
 04/29  14:00:00,100124730.6484983,100124730.6484983,6791184.0 
 04/29  15:00:00,112192139.76816185,112192139.76816186,6791184.0 
 04/29  16:00:00,108246028.240503,108246028.240503,6791184.0 
 04/29  17:00:00,91959698.7465276,91959698.74652761,6791184.0 
 04/29  18:00:00,88902026.46161157,88902026.46161157,6791184.0 
 04/29  19:00:00,89458700.76294932,89458700.76294932,6791184.0 
 04/29  20:00:00,81835189.56133425,81835189.56133424,6791184.0 
 04/29  21:00:00,70822464.5703198,70822464.5703198,6791184.0 
 04/29  22:00:00,67066016.22271108,67066016.22271107,6791184.0 
 04/29  23:00:00,67848891.45124649,67848891.45124647,6791184.0 
 04/29  24:00:00,86138069.71062697,86138069.71062699,6791184.0 
 04/30  01:00:00,66105295.3854986,66105295.3854986,6791184.0 
 04/30  02:00:00,66695195.89336471,66695195.89336471,6791184.0 
 04/30  03:00:00,57609860.11373618,57609860.11373618,6791184.0 
 04/30  04:00:00,57609860.11373618,57609860.11373618,6791184.0 
 04/30  05:00:00,108435079.84654573,108435079.84654573,6791184.0 
 04/30  06:00:00,162957464.25301278,162957464.25301278,6791184.0 
 04/30  07:00:00,295899280.28644353,295899280.28644353,6791184.0 
 04/30  08:00:00,492818755.5255693,492818755.52556926,6791184.0 
 04/30  09:00:00,503657488.4543403,503657488.4543402,6791184.0 
 04/30  10:00:00,522975646.25637877,522975646.2563787,15867627.224011388 
 04/30  11:00:00,560903188.1990364,560903188.1990362,25564050.89414073 
 04/30  12:00:00,552538204.4555705,552538204.4555705,30998757.746673774 
 04/30  13:00:00,578683051.380274,578683051.3802738,26505270.038217083 
 04/30  14:00:00,572684914.9558775,572684914.9558775,15707996.523129862 
 04/30  15:00:00,573499387.7197757,573499387.7197756,20066488.894239783 
 04/30  16:00:00,554120323.8140494,554120323.8140495,20681480.92168131 
 04/30  17:00:00,401674717.1586447,401674717.1586447,15417238.618701706 
 04/30  18:00:00,243607841.22215396,243607841.22215396,10997741.879304186 
 04/30  19:00:00,209024310.07976788,209024310.0797679,6791184.0 
 04/30  20:00:00,187823511.62289253,187823511.62289253,10958155.419370389 
 04/30  21:00:00,177520259.70054746,177520259.70054746,6791184.0 
 04/30  22:00:00,77772782.75072592,77772782.75072592,6791184.0 
 04/30  23:00:00,72442469.3608459,72442469.36084588,6791184.0 
 04/30  24:00:00,58189365.04299053,58189365.04299053,6791184.0 
 07/01  01:00:00,46358994.54911919,46358994.54911918,6791184.0 
 07/01  02:00:00,58136135.17785996,58136135.177859955,6791184.0 
 07/01  03:00:00,46359235.70955594,46359235.70955593,6791184.0 
 07/01  04:00:00,46359235.70955594,46359235.70955593,6791184.0 
 07/01  05:00:00,57441167.88179159,57441167.88179159,6791184.0 
 07/01  06:00:00,87891390.46422775,87891390.46422775,6791184.0 
 07/01  07:00:00,58922195.63071543,58922195.63071542,6791184.0 
 07/01  08:00:00,75697643.47927421,75697643.47927421,6791184.0 
 07/01  09:00:00,97936099.01025522,97936099.01025522,6791184.0 
 07/01  10:00:00,96425929.0636333,96425929.06363328,6791184.0 
 07/01  11:00:00,104964693.10600798,104964693.10600798,6791184.0 
 07/01  12:00:00,113641912.50114468,113641912.50114468,6791184.0 
 07/01  13:00:00,109225304.84482561,109225304.84482563,6791184.0 
 07/01  14:00:00,112745763.79643375,112745763.79643375,6791184.0 
 07/01  15:00:00,123923375.00439256,123923375.0043926,6791184.0 
 07/01  16:00:00,115486580.81160837,115486580.81160837,6791184.0 
 07/01  17:00:00,103739514.89250591,103739514.89250591,6791184.0 
 07/01  18:00:00,89489662.90833507,89489662.90833507,6791184.0 
 07/01  19:00:00,75287076.08681273,75287076.08681273,6791184.0 
 07/01  20:00:00,82977883.12027815,82977883.12027815,6791184.0 
 07/01  21:00:00,81481653.5344285,81481653.5344285,6791184.0 
 07/01  22:00:00,68563069.73832938,68563069.73832938,6791184.0 
 07/01  23:00:00,79459364.08875854,79459364.08875854,6791184.0 
 07/01  24:00:00,75663993.98399855,75663993.98399857,6791184.0 
 07/02  01:00:00,82246976.12632832,82246976.12632832,6791184.0 
 07/02  02:00:00,76431620.78129786,76431620.78129786,6791184.0 
 07/02  03:00:00,89049879.65934506,89049879.65934506,6791184.0 
 07/02  04:00:00,81584778.358746,81584778.358746,6791184.0 
 07/02  05:00:00,66828050.90377182,66828050.90377182,6791184.0 
 07/02  06:00:00,158401716.42193025,158401716.42193025,6791184.0 
 07/02  07:00:00,289041010.12595624,289041010.12595624,6791184.0 
 07/02  08:00:00,565529469.2610693,565529469.2610692,6791184.0 
 07/02  09:00:00,575405408.1156112,575405408.1156111,6791184.0 
 07/02  10:00:00,604402303.714147,604402303.714147,11247209.364733923 
 07/02  11:00:00,553156071.8366311,553156071.8366308,20552752.438210726 
 07/02  12:00:00,500032305.52873474,500032305.5287347,25849147.402691007 
 07/02  13:00:00,517528460.83018583,517528460.8301859,25643840.615087856 
 07/02  14:00:00,500092231.9905085,500092231.9905084,15543224.993198277 
 07/02  15:00:00,503139011.79498994,503139011.79498994,15511809.814911943 
 07/02  16:00:00,495016931.53805375,495016931.53805375,20399115.206789777 
 07/02  17:00:00,373121736.316979,373121736.31697893,11047387.330828289 
 07/02  18:00:00,247957294.07734296,247957294.07734296,10981043.86342381 
 07/02  19:00:00,228127039.35400683,228127039.35400686,6791184.0 
 07/02  20:00:00,213230059.37777868,213230059.37777868,6791184.0 
 07/02  21:00:00,199621693.7966016,199621693.79660162,6791184.0 
 07/02  22:00:00,77772782.75072592,77772782.75072592,6791184.0 
 07/02  23:00:00,72442469.3608459,72442469.36084588,6791184.0 
 07/02  24:00:00,58189365.04299053,58189365.04299053,6791184.0 
 07/03  01:00:00,57609860.11373618,57609860.11373618,6791184.0 
 07/03  02:00:00,57609860.11373618,57609860.11373618,6791184.0 
 07/03  03:00:00,57609860.11373618,57609860.11373618,6791184.0 
 07/03  04:00:00,57609860.11373618,57609860.11373618,6791184.0 
 07/03  05:00:00,57609860.11373618,57609860.11373618,6791184.0 
 07/03  06:00:00,148394533.64559627,148394533.64559627,6791184.0 
 07/03  07:00:00,235487429.5717948,235487429.5717948,6791184.0 
 07/03  08:00:00,461739756.06948674,461739756.06948674,6791184.0 
 07/03  09:00:00,437653684.93619823,437653684.93619823,6791184.0 
 07/03  10:00:00,430662550.67456794,430662550.67456794,11246472.862243207 
 07/03  11:00:00,448292322.9808145,448292322.98081446,20543393.848030586 
 07/03  12:00:00,447932030.59975195,447932030.59975183,25852791.38183537 
 07/03  13:00:00,459919085.49780047,459919085.4978004,25642147.677784577 
 07/03  14:00:00,452581979.19198036,452581979.19198036,15557290.605420444 
 07/03  15:00:00,469435181.0919007,469435181.0919007,15502684.068401601 
 07/03  16:00:00,480409364.73712265,480409364.73712265,20381991.110030953 
 07/03  17:00:00,356917503.49451816,356917503.49451816,15326802.754625965 
 07/03  18:00:00,238038917.7237581,238038917.72375807,6791184.0 
 07/03  19:00:00,205286921.89828718,205286921.89828718,6791184.0 
 07/03  20:00:00,188409596.90120253,188409596.90120256,10932912.087316241 
 07/03  21:00:00,171009679.6363104,171009679.6363104,6791184.0 
 07/03  22:00:00,77772782.75072592,77772782.75072592,6791184.0 
 07/03  23:00:00,72442469.3608459,72442469.36084588,6791184.0 
 07/03  24:00:00,46938652.8740647,46938652.87406469,6791184.0 
 07/04  01:00:00,46359235.70955594,46359235.70955593,6791184.0 
 07/04  02:00:00,46359235.70955594,46359235.70955593,6791184.0 
 07/04  03:00:00,46359235.70955594,46359235.70955593,6791184.0 
 07/04  04:00:00,46359235.70955594,46359235.70955593,6791184.0 
 07/04  05:00:00,46359235.70955594,46359235.70955593,6791184.0 
 07/04  06:00:00,65909926.82702957,65909926.82702957,6791184.0 
 07/04  07:00:00,47256615.25748188,47256615.25748188,6791184.0 
 07/04  08:00:00,46447520.44032626,46447520.44032625,6791184.0 
 07/04  09:00:00,46288812.515972845,46288812.51597284,6791184.0 
 07/04  10:00:00,52047255.35157616,52047255.35157615,6791184.0 
 07/04  11:00:00,95772480.09639049,95772480.09639046,6791184.0 
 07/04  12:00:00,92807445.47674277,92807445.47674277,6791184.0 
 07/04  13:00:00,88684778.82407996,88684778.82407996,6791184.0 
 07/04  14:00:00,109173290.63356888,109173290.63356888,6791184.0 
 07/04  15:00:00,105273573.60143481,105273573.60143481,6791184.0 
 07/04  16:00:00,72694676.7864204,72694676.78642039,6791184.0 
 07/04  17:00:00,58215046.60361643,58215046.60361643,6791184.0 
 07/04  18:00:00,48574986.78627564,48574986.78627564,6791184.0 
 07/04  19:00:00,40704050.86829378,40704050.86829378,6791184.0 
 07/04  20:00:00,48904615.70955594,48904615.70955593,6791184.0 
 07/04  21:00:00,48904615.70955594,48904615.70955593,6791184.0 
 07/04  22:00:00,48904615.70955594,48904615.70955593,6791184.0 
 07/04  23:00:00,48904615.70955594,48904615.70955593,6791184.0 
 07/04  24:00:00,57609860.11373618,57609860.11373618,6791184.0 
 07/05  01:00:00,57609860.11373618,57609860.11373618,6791184.0 
 07/05  02:00:00,57609860.11373618,57609860.11373618,6791184.0 
 07/05  03:00:00,57609860.11373618,57609860.11373618,6791184.0 
 07/05  04:00:00,57609860.11373618,57609860.11373618,6791184.0 
 07/05  05:00:00,57609860.11373618,57609860.11373618,6791184.0 
 07/05  06:00:00,148522255.4255864,148522255.42558643,6791184.0 
 07/05  07:00:00,234006526.72884804,234006526.72884804,6791184.0 
 07/05  08:00:00,447470443.38440627,447470443.38440627,6791184.0 
 07/05  09:00:00,428929779.7724788,428929779.77247876,6791184.0 
 07/05  10:00:00,450208575.14390975,450208575.1439097,9375599.296254512 
 07/05  11:00:00,511885506.9309895,511885506.9309895,22461885.989227094 
 07/05  12:00:00,458808075.80778944,458808075.8077893,25829062.0947023 
 07/05  13:00:00,476828424.0259358,476828424.0259358,23165511.56277574 
 07/05  14:00:00,471992871.48522043,471992871.4852203,17832313.58027999 
 07/05  15:00:00,482526109.275088,482526109.27508795,15514409.313749667 
 07/05  16:00:00,488511494.96219444,488511494.96219444,18882049.4126074 
 07/05  17:00:00,353407728.86295706,353407728.8629571,12458379.440469682 
 07/05  18:00:00,218769698.37147614,218769698.37147617,10966200.222780667 
 07/05  19:00:00,198805449.6292822,198805449.6292822,6791184.0 
 07/05  20:00:00,195186701.0236659,195186701.0236659,6791184.0 
 07/05  21:00:00,181041695.66864145,181041695.66864145,6791184.0 
 07/05  22:00:00,77772782.75072592,77772782.75072592,6791184.0 
 07/05  23:00:00,72442469.3608459,72442469.36084588,6791184.0 
 07/05  24:00:00,58189365.04299053,58189365.04299053,6791184.0 
 07/06  01:00:00,57609860.11373618,57609860.11373618,6791184.0 
 07/06  02:00:00,57609860.11373618,57609860.11373618,6791184.0 
 07/06  03:00:00,57609860.11373618,57609860.11373618,6791184.0 
 07/06  04:00:00,57609860.11373618,57609860.11373618,6791184.0 
 07/06  05:00:00,57609860.11373618,57609860.11373618,6791184.0 
 07/06  06:00:00,147118461.3040719,147118461.3040719,6791184.0 
 07/06  07:00:00,217441888.0719835,217441888.07198352,6791184.0 
 07/06  08:00:00,440416240.91317993,440416240.91318,6791184.0 
 07/06  09:00:00,427795615.8944975,427795615.89449745,6791184.0 
 07/06  10:00:00,437205721.1274882,437205721.12748814,11235194.127411041 
 07/06  11:00:00,450040377.74755156,450040377.7475515,20530424.270522382 
 07/06  12:00:00,454010470.1063063,454010470.10630625,25831698.2835429 
 07/06  13:00:00,482063530.9049344,482063530.9049344,25623810.102952633 
 07/06  14:00:00,480155363.31401855,480155363.3140186,15562460.948591348 
 07/06  15:00:00,489376381.21854734,489376381.21854734,15510440.902542505 
 07/06  16:00:00,502117962.42547345,502117962.42547345,20375609.12016214 
 07/06  17:00:00,376429792.39065385,376429792.3906539,11036950.598658388 
 07/06  18:00:00,221602971.44707888,221602971.44707894,10980400.101836639 
 07/06  19:00:00,194017945.20150054,194017945.20150054,6791184.0 
 07/06  20:00:00,180959388.95205125,180959388.95205128,10901922.960230032 
 07/06  21:00:00,170376120.59011805,170376120.59011805,6791184.0 
 07/06  22:00:00,77772782.75072592,77772782.75072592,6791184.0 
 07/06  23:00:00,72442469.3608459,72442469.36084588,6791184.0 
 07/06  24:00:00,46938652.8740647,46938652.87406469,6791184.0 
 07/07  01:00:00,46359235.70955594,46359235.70955593,6791184.0 
 07/07  02:00:00,46359235.70955594,46359235.70955593,6791184.0 
 07/07  03:00:00,46359235.70955594,46359235.70955593,6791184.0 
 07/07  04:00:00,46359235.70955594,46359235.70955593,6791184.0 
 07/07  05:00:00,46359235.70955594,46359235.70955593,6791184.0 
 07/07  06:00:00,157823222.7519266,157823222.7519266,6791184.0 
 07/07  07:00:00,176296532.24691105,176296532.24691105,6791184.0 
 07/07  08:00:00,208235337.11674654,208235337.11674654,6791184.0 
 07/07  09:00:00,226768604.70867836,226768604.7086784,6791184.0 
 07/07  10:00:00,242820516.83459523,242820516.83459526,6791184.0 
 07/07  11:00:00,256263819.44258088,256263819.44258088,6791184.0 
 07/07  12:00:00,205150008.32460982,205150008.32460985,6791184.0 
 07/07  13:00:00,198089688.8230149,198089688.8230149,6791184.0 
 07/07  14:00:00,198946242.18854997,198946242.18855,6791184.0 
 07/07  15:00:00,198639910.29986125,198639910.29986125,6791184.0 
 07/07  16:00:00,189799118.65654242,189799118.65654245,6791184.0 
 07/07  17:00:00,133188323.66425303,133188323.66425303,6791184.0 
 07/07  18:00:00,46901557.96094203,46901557.96094203,6791184.0 
 07/07  19:00:00,41163826.7864643,41163826.7864643,6791184.0 
 07/07  20:00:00,48904615.70955594,48904615.70955593,6791184.0 
 07/07  21:00:00,48904615.70955594,48904615.70955593,6791184.0 
 07/07  22:00:00,48904615.70955594,48904615.70955593,6791184.0 
 07/07  23:00:00,48904615.70955594,48904615.70955593,6791184.0 
 07/07  24:00:00,46359235.70955594,46359235.70955593,6791184.0 
 07/08  01:00:00,46359235.70955594,46359235.70955593,6791184.0 
 07/08  02:00:00,46359235.70955594,46359235.70955593,6791184.0 
 07/08  03:00:00,46359235.70955594,46359235.70955593,6791184.0 
 07/08  04:00:00,46359235.70955594,46359235.70955593,6791184.0 
 07/08  05:00:00,46359235.70955594,46359235.70955593,6791184.0 
 07/08  06:00:00,65909926.82702957,65909926.82702957,6791184.0 
 07/08  07:00:00,47071115.31900331,47071115.31900331,6791184.0 
 07/08  08:00:00,46313184.22487392,46313184.22487392,6791184.0 
 07/08  09:00:00,46288812.515972845,46288812.51597284,6791184.0 
 07/08  10:00:00,94277585.84688596,94277585.84688595,6791184.0 
 07/08  11:00:00,95793022.08948176,95793022.08948176,6791184.0 
 07/08  12:00:00,83835733.61462536,83835733.61462536,6791184.0 
 07/08  13:00:00,96707896.42084342,96707896.42084342,6791184.0 
 07/08  14:00:00,97451534.47307533,97451534.47307532,6791184.0 
 07/08  15:00:00,86200059.13519737,86200059.13519737,6791184.0 
 07/08  16:00:00,101183383.16371056,101183383.16371056,6791184.0 
 07/08  17:00:00,105418637.07993202,105418637.07993202,6791184.0 
 07/08  18:00:00,81501392.59989256,81501392.59989254,6791184.0 
 07/08  19:00:00,86340574.52222556,86340574.52222556,6791184.0 
 07/08  20:00:00,64767328.01374735,64767328.01374734,6791184.0 
 07/08  21:00:00,64206761.47108887,64206761.47108887,6791184.0 
 07/08  22:00:00,48904615.70955594,48904615.70955593,6791184.0 
 07/08  23:00:00,48904615.70955594,48904615.70955593,6791184.0 
 07/08  24:00:00,57609860.11373618,57609860.11373618,6791184.0 
 07/09  01:00:00,57609860.11373618,57609860.11373618,6791184.0 
 07/09  02:00:00,57609860.11373618,57609860.11373618,6791184.0 
 07/09  03:00:00,57609860.11373618,57609860.11373618,6791184.0 
 07/09  04:00:00,57609860.11373618,57609860.11373618,6791184.0 
 07/09  05:00:00,57609860.11373618,57609860.11373618,6791184.0 
 07/09  06:00:00,148938516.96639544,148938516.96639544,6791184.0 
 07/09  07:00:00,257912704.80988082,257912704.8098808,6791184.0 
 07/09  08:00:00,492278558.99605346,492278558.9960534,6791184.0 
 07/09  09:00:00,492085796.13543856,492085796.1354385,6791184.0 
 07/09  10:00:00,524786480.8739195,524786480.87391955,6791184.0 
 07/09  11:00:00,504933205.0559741,504933205.0559741,25100067.96409604 
 07/09  12:00:00,466487419.87564075,466487419.87564075,25804332.30100706 
 07/09  13:00:00,485446105.79086113,485446105.7908612,20901970.749990102 
 07/09  14:00:00,475787958.3478117,475787958.3478116,15534060.171246983 
 07/09  15:00:00,477125748.1446349,477125748.14463484,15480050.216914779 
 07/09  16:00:00,475724095.73907113,475724095.7390712,20365738.346534356 
 07/09  17:00:00,359641819.2650469,359641819.2650469,15302413.16423162 
 07/09  18:00:00,219266260.54124653,219266260.54124653,6791184.0 
 07/09  19:00:00,211028868.63638598,211028868.63638607,10907664.68465686 
 07/09  20:00:00,188948758.3020793,188948758.3020793,6791184.0 
 07/09  21:00:00,175922350.18867046,175922350.18867052,6791184.0 
 07/09  22:00:00,77772782.75072592,77772782.75072592,6791184.0 
 07/09  23:00:00,72442469.3608459,72442469.36084588,6791184.0 
 07/09  24:00:00,58189365.04299053,58189365.04299053,6791184.0 
 07/10  01:00:00,57609860.11373618,57609860.11373618,6791184.0 
 07/10  02:00:00,57609860.11373618,57609860.11373618,6791184.0 
 07/10  03:00:00,57609860.11373618,57609860.11373618,6791184.0 
 07/10  04:00:00,57609860.11373618,57609860.11373618,6791184.0 
 07/10  05:00:00,57609860.11373618,57609860.11373618,6791184.0 
 07/10  06:00:00,147086937.22780764,147086937.22780767,6791184.0 
 07/10  07:00:00,224674920.43743506,224674920.4374351,6791184.0 
 07/10  08:00:00,453685334.14916074,453685334.14916074,6791184.0 
 07/10  09:00:00,449375856.9718957,449375856.9718956,6791184.0 
 07/10  10:00:00,468594987.9472953,468594987.9472953,11234017.611560658 
 07/10  11:00:00,526749596.7360846,526749596.73608446,20517374.363629043 
 07/10  12:00:00,466807045.38045907,466807045.38045907,25805713.15448931 
 07/10  13:00:00,469535693.93624794,469535693.93624794,25601169.484491743 
 07/10  14:00:00,457502148.92239296,457502148.9223929,15516223.895878369 
 07/10  15:00:00,461238233.0436993,461238233.04369926,15485592.544041831 
 07/10  16:00:00,484415810.54118735,484415810.54118735,20364364.332205668 
 07/10  17:00:00,375002334.1307907,375002334.1307907,11032039.835756253 
 07/10  18:00:00,219458952.23129392,219458952.23129392,10959876.91448156 
 07/10  19:00:00,187313519.32938,187313519.32938004,6791184.0 
 07/10  20:00:00,174279916.75449666,174279916.75449666,6791184.0 
 07/10  21:00:00,164157710.40342796,164157710.403428,6791184.0 
 07/10  22:00:00,77772782.75072592,77772782.75072592,6791184.0 
 07/10  23:00:00,72442469.3608459,72442469.36084588,6791184.0 
 07/10  24:00:00,58189365.04299053,58189365.04299053,6791184.0 
 07/11  01:00:00,57609860.11373618,57609860.11373618,6791184.0 
 07/11  02:00:00,57609860.11373618,57609860.11373618,6791184.0 
 07/11  03:00:00,57609860.11373618,57609860.11373618,6791184.0 
 07/11  04:00:00,57609860.11373618,57609860.11373618,6791184.0 
 07/11  05:00:00,57609860.11373618,57609860.11373618,6791184.0 
 07/11  06:00:00,145781961.9965536,145781961.9965536,6791184.0 
 07/11  07:00:00,227214198.2273967,227214198.22739673,6791184.0 
 07/11  08:00:00,472808877.65044445,472808877.65044445,6791184.0 
 07/11  09:00:00,460464836.00462615,460464836.00462615,6791184.0 
 07/11  10:00:00,429937609.6530653,429937609.6530654,11230644.758326951 
 07/11  11:00:00,436243787.6542823,436243787.6542822,20513582.539150342 
 07/11  12:00:00,435392712.1396748,435392712.1396748,25802133.86112094 
 07/11  13:00:00,454337967.44964,454337967.4496399,25596758.452309135 
 07/11  14:00:00,453558790.55811244,453558790.55811244,15526669.18150924 
 07/11  15:00:00,465563386.12999594,465563386.12999594,15486875.88260477 
 07/11  16:00:00,474512244.1283533,474512244.1283533,20356634.905214168 
 07/11  17:00:00,355991716.87028205,355991716.870282,11049009.881005146 
 07/11  18:00:00,226350069.4314121,226350069.43141216,10973889.017361341 
 07/11  19:00:00,192172888.1992415,192172888.19924152,6791184.0 
 07/11  20:00:00,178179053.35083568,178179053.35083565,6791184.0 
 07/11  21:00:00,169482605.80275297,169482605.80275297,6791184.0 
 07/11  22:00:00,77772782.75072592,77772782.75072592,6791184.0 
 07/11  23:00:00,72442469.3608459,72442469.36084588,6791184.0 
 07/11  24:00:00,58189365.04299053,58189365.04299053,6791184.0 
 07/12  01:00:00,57609860.11373618,57609860.11373618,6791184.0 
 07/12  02:00:00,57609860.11373618,57609860.11373618,6791184.0 
 07/12  03:00:00,57609860.11373618,57609860.11373618,6791184.0 
 07/12  04:00:00,57609860.11373618,57609860.11373618,6791184.0 
 07/12  05:00:00,57609860.11373618,57609860.11373618,6791184.0 
 07/12  06:00:00,149593405.3196696,149593405.3196696,6791184.0 
 07/12  07:00:00,218616644.87157163,218616644.87157166,6791184.0 
 07/12  08:00:00,446489212.3719993,446489212.37199926,6791184.0 
 07/12  09:00:00,437099208.1907939,437099208.19079375,6791184.0 
 07/12  10:00:00,442832212.28339595,442832212.28339595,11231464.560989877 
 07/12  11:00:00,433699095.8290756,433699095.8290756,20510597.50186905 
 07/12  12:00:00,440492684.8021693,440492684.8021693,25796977.659178644 
 07/12  13:00:00,470686142.8602667,470686142.8602667,25591852.15686845 
 07/12  14:00:00,462579115.4841107,462579115.4841107,15526862.497785114 
 07/12  15:00:00,465426404.55911684,465426404.55911684,15484483.284925833 
 07/12  16:00:00,470215040.12720174,470215040.1272017,20354105.587702442 
 07/12  17:00:00,336087075.0825464,336087075.0825465,11049383.99374707 
 07/12  18:00:00,208827401.25755566,208827401.2575557,10975868.480645712 
 07/12  19:00:00,192927327.96749556,192927327.9674956,6791184.0 
 07/12  20:00:00,179774631.21651232,179774631.21651232,6791184.0 
 07/12  21:00:00,169993078.37429947,169993078.3742995,6791184.0 
 07/12  22:00:00,77772782.75072592,77772782.75072592,6791184.0 
 07/12  23:00:00,72442469.3608459,72442469.36084588,6791184.0 
 07/12  24:00:00,58189365.04299053,58189365.04299053,6791184.0 
 07/13  01:00:00,57609860.11373618,57609860.11373618,6791184.0 
 07/13  02:00:00,57609860.11373618,57609860.11373618,6791184.0 
 07/13  03:00:00,57609860.11373618,57609860.11373618,6791184.0 
 07/13  04:00:00,57609860.11373618,57609860.11373618,6791184.0 
 07/13  05:00:00,57609860.11373618,57609860.11373618,6791184.0 
 07/13  06:00:00,151730201.81813917,151730201.8181392,6791184.0 
 07/13  07:00:00,221065315.84293896,221065315.84293896,6791184.0 
 07/13  08:00:00,444203781.93265224,444203781.93265224,6791184.0 
 07/13  09:00:00,431922851.5037053,431922851.5037053,6791184.0 
 07/13  10:00:00,440505527.0230538,440505527.0230538,11229266.91806701 
 07/13  11:00:00,453374490.28608304,453374490.28608304,20507583.01122611 
 07/13  12:00:00,428079258.0318027,428079258.0318027,25791426.98435422 
 07/13  13:00:00,446623958.27542704,446623958.275427,25586926.976000942 
 07/13  14:00:00,443110449.17727137,443110449.17727137,15506108.348017015 
 07/13  15:00:00,459930315.4010364,459930315.4010364,15474243.490840554 
 07/13  16:00:00,476005825.1221896,476005825.1221895,20352944.371079296 
 07/13  17:00:00,357526683.6965348,357526683.6965348,11026377.733539576 
 07/13  18:00:00,210944779.4930793,210944779.49307936,10981908.698811436 
 07/13  19:00:00,190756092.7274187,190756092.7274187,6791184.0 
 07/13  20:00:00,178000862.39475632,178000862.39475635,6791184.0 
 07/13  21:00:00,169116726.1496198,169116726.1496198,6791184.0 
 07/13  22:00:00,77772782.75072592,77772782.75072592,6791184.0 
 07/13  23:00:00,72442469.3608459,72442469.36084588,6791184.0 
 07/13  24:00:00,46938652.8740647,46938652.87406469,6791184.0 
 07/14  01:00:00,46359235.70955594,46359235.70955593,6791184.0 
 07/14  02:00:00,46359235.70955594,46359235.70955593,6791184.0 
 07/14  03:00:00,46359235.70955594,46359235.70955593,6791184.0 
 07/14  04:00:00,46359235.70955594,46359235.70955593,6791184.0 
 07/14  05:00:00,46359235.70955594,46359235.70955593,6791184.0 
 07/14  06:00:00,158281861.22882944,158281861.22882947,6791184.0 
 07/14  07:00:00,172323665.0458812,172323665.04588124,6791184.0 
 07/14  08:00:00,203081562.75695878,203081562.75695878,6791184.0 
 07/14  09:00:00,223741776.1871498,223741776.18714982,6791184.0 
 07/14  10:00:00,237657697.55563673,237657697.55563676,6791184.0 
 07/14  11:00:00,262398494.2376219,262398494.23762193,6791184.0 
 07/14  12:00:00,200710276.33170807,200710276.3317081,6791184.0 
 07/14  13:00:00,189399084.0614138,189399084.06141382,6791184.0 
 07/14  14:00:00,193044664.466789,193044664.466789,6791184.0 
 07/14  15:00:00,193828145.36164653,193828145.36164653,6791184.0 
 07/14  16:00:00,193513831.83628014,193513831.83628014,6791184.0 
 07/14  17:00:00,132137162.29004307,132137162.29004307,6791184.0 
 07/14  18:00:00,81439722.30201924,81439722.30201925,6791184.0 
 07/14  19:00:00,77739430.16447526,77739430.16447526,6791184.0 
 07/14  20:00:00,60524352.56268659,60524352.56268658,6791184.0 
 07/14  21:00:00,48904615.70955594,48904615.70955593,6791184.0 
 07/14  22:00:00,48904615.70955594,48904615.70955593,6791184.0 
 07/14  23:00:00,48904615.70955594,48904615.70955593,6791184.0 
 07/14  24:00:00,46359235.70955594,46359235.70955593,6791184.0 
 07/15  01:00:00,46359235.70955594,46359235.70955593,6791184.0 
 07/15  02:00:00,46359235.70955594,46359235.70955593,6791184.0 
 07/15  03:00:00,46359235.70955594,46359235.70955593,6791184.0 
 07/15  04:00:00,46359235.70955594,46359235.70955593,6791184.0 
 07/15  05:00:00,46359235.70955594,46359235.70955593,6791184.0 
 07/15  06:00:00,65909926.82702957,65909926.82702957,6791184.0 
 07/15  07:00:00,47075264.346370704,47075264.3463707,6791184.0 
 07/15  08:00:00,46306990.47987145,46306990.47987144,6791184.0 
 07/15  09:00:00,90796924.25860529,90796924.25860529,6791184.0 
 07/15  10:00:00,102787530.5547305,102787530.5547305,6791184.0 
 07/15  11:00:00,99423018.85806392,99423018.85806392,6791184.0 
 07/15  12:00:00,96413610.89251064,96413610.89251064,6791184.0 
 07/15  13:00:00,99145882.87471086,99145882.87471084,6791184.0 
 07/15  14:00:00,93447660.95524862,93447660.95524862,6791184.0 
 07/15  15:00:00,92394719.02585632,92394719.02585632,6791184.0 
 07/15  16:00:00,106059730.30428582,106059730.30428581,6791184.0 
 07/15  17:00:00,96000765.02005735,96000765.02005735,6791184.0 
 07/15  18:00:00,81281480.14190511,81281480.14190511,6791184.0 
 07/15  19:00:00,91528822.82301395,91528822.82301395,6791184.0 
 07/15  20:00:00,73145969.55495659,73145969.55495657,6791184.0 
 07/15  21:00:00,55269138.776126355,55269138.77612634,6791184.0 
 07/15  22:00:00,48904615.70955594,48904615.70955593,6791184.0 
 07/15  23:00:00,48904615.70955594,48904615.70955593,6791184.0 
 07/15  24:00:00,57609860.11373618,57609860.11373618,6791184.0 
 07/16  01:00:00,57609860.11373618,57609860.11373618,6791184.0 
 07/16  02:00:00,57609860.11373618,57609860.11373618,6791184.0 
 07/16  03:00:00,57609860.11373618,57609860.11373618,6791184.0 
 07/16  04:00:00,57609860.11373618,57609860.11373618,6791184.0 
 07/16  05:00:00,57609860.11373618,57609860.11373618,6791184.0 
 07/16  06:00:00,153138661.3961044,153138661.3961044,6791184.0 
 07/16  07:00:00,271058162.5204283,271058162.52042824,6791184.0 
 07/16  08:00:00,499278419.5067822,499278419.5067822,6791184.0 
 07/16  09:00:00,490500006.93697596,490500006.936976,6791184.0 
 07/16  10:00:00,511922268.0133742,511922268.0133742,6791184.0 
 07/16  11:00:00,477713418.4269619,477713418.4269619,23077109.90989036 
 07/16  12:00:00,473143337.2767627,473143337.27676266,23606746.740546923 
 07/16  13:00:00,487865505.62804437,487865505.62804437,25075552.65778751 
 07/16  14:00:00,479674100.77359045,479674100.77359045,15541081.816589575 
 07/16  15:00:00,491594967.7478303,491594967.7478303,15492088.230298985 
 07/16  16:00:00,498745336.4341748,498745336.4341749,20347124.3259357 
 07/16  17:00:00,361857144.9519136,361857144.9519136,11032830.884189367 
 07/16  18:00:00,222777418.69529912,222777418.69529915,10981315.071382403 
 07/16  19:00:00,200112812.14957386,200112812.1495739,6791184.0 
 07/16  20:00:00,186892885.62121296,186892885.62121296,10895863.239814432 
 07/16  21:00:00,175081628.8479091,175081628.8479091,6791184.0 
 07/16  22:00:00,77772782.75072592,77772782.75072592,6791184.0 
 07/16  23:00:00,72442469.3608459,72442469.36084588,6791184.0 
 07/16  24:00:00,58189365.04299053,58189365.04299053,6791184.0 
 07/17  01:00:00,57609860.11373618,57609860.11373618,6791184.0 
 07/17  02:00:00,57609860.11373618,57609860.11373618,6791184.0 
 07/17  03:00:00,57609860.11373618,57609860.11373618,6791184.0 
 07/17  04:00:00,57609860.11373618,57609860.11373618,6791184.0 
 07/17  05:00:00,57609860.11373618,57609860.11373618,6791184.0 
 07/17  06:00:00,148855239.63415998,148855239.63416,6791184.0 
 07/17  07:00:00,229504630.7488243,229504630.7488243,6791184.0 
 07/17  08:00:00,457524491.72344106,457524491.7234411,6791184.0 
 07/17  09:00:00,438306643.07792103,438306643.07792103,6791184.0 
 07/17  10:00:00,453455515.67188656,453455515.67188656,11232298.957991036 
 07/17  11:00:00,446509232.9573679,446509232.9573679,20499513.18716517 
 07/17  12:00:00,451011293.58379555,451011293.58379555,25767567.64416293 
 07/17  13:00:00,473547442.4136181,473547442.4136181,24354137.895614818 
 07/17  14:00:00,470181469.32593375,470181469.3259337,16659022.001579963 
 07/17  15:00:00,481368136.28979886,481368136.28979886,12255418.087440658 
 07/17  16:00:00,481592782.7955811,481592782.79558116,19191595.560572 
 07/17  17:00:00,360162486.14928883,360162486.14928883,15291631.313255306 
 07/17  18:00:00,217112642.09308377,217112642.0930838,6791184.0 
 07/17  19:00:00,195578607.08449695,195578607.08449695,10905629.352217074 
 07/17  20:00:00,185816438.40470576,185816438.40470576,6791184.0 
 07/17  21:00:00,172439243.31994194,172439243.31994194,6791184.0 
 07/17  22:00:00,77772782.75072592,77772782.75072592,6791184.0 
 07/17  23:00:00,72442469.3608459,72442469.36084588,6791184.0 
 07/17  24:00:00,58189365.04299053,58189365.04299053,6791184.0 
 07/18  01:00:00,57609860.11373618,57609860.11373618,6791184.0 
 07/18  02:00:00,57609860.11373618,57609860.11373618,6791184.0 
 07/18  03:00:00,57609860.11373618,57609860.11373618,6791184.0 
 07/18  04:00:00,57609860.11373618,57609860.11373618,6791184.0 
 07/18  05:00:00,57609860.11373618,57609860.11373618,6791184.0 
 07/18  06:00:00,147543951.233147,147543951.23314703,6791184.0 
 07/18  07:00:00,222465566.56786844,222465566.5678685,6791184.0 
 07/18  08:00:00,462429677.65744865,462429677.65744865,6791184.0 
 07/18  09:00:00,465782557.849913,465782557.84991294,6791184.0 
 07/18  10:00:00,427013243.86869013,427013243.8686902,11229363.326534774 
 07/18  11:00:00,454476922.40054893,454476922.40054893,20493738.30075705 
 07/18  12:00:00,455435264.7401518,455435264.74015176,25764601.290791348 
 07/18  13:00:00,474394364.40760165,474394364.4076016,25564082.756189395 
 07/18  14:00:00,469927283.2760209,469927283.2760209,15521911.186874827 
 07/18  15:00:00,483649791.11234444,483649791.1123444,15496165.741813205 
 07/18  16:00:00,498843324.2596292,498843324.25962925,16801369.377243344 
 07/18  17:00:00,375997919.4373919,375997919.4373919,14359164.458220817 
 07/18  18:00:00,231739570.86666512,231739570.86666512,10977467.670045193 
 07/18  19:00:00,205032218.3745011,205032218.3745011,6791184.0 
 07/18  20:00:00,185195823.57441288,185195823.57441285,6791184.0 
 07/18  21:00:00,172941257.28346932,172941257.28346932,6791184.0 
 07/18  22:00:00,77772782.75072592,77772782.75072592,6791184.0 
 07/18  23:00:00,72442469.3608459,72442469.36084588,6791184.0 
 07/18  24:00:00,58189365.04299053,58189365.04299053,6791184.0 
 07/19  01:00:00,57609860.11373618,57609860.11373618,6791184.0 
 07/19  02:00:00,57609860.11373618,57609860.11373618,6791184.0 
 07/19  03:00:00,57609860.11373618,57609860.11373618,6791184.0 
 07/19  04:00:00,57609860.11373618,57609860.11373618,6791184.0 
 07/19  05:00:00,57609860.11373618,57609860.11373618,6791184.0 
 07/19  06:00:00,147996504.80583507,147996504.80583513,6791184.0 
 07/19  07:00:00,223131052.872753,223131052.872753,6791184.0 
 07/19  08:00:00,455925796.2001491,455925796.20014906,6791184.0 
 07/19  09:00:00,451957872.95360744,451957872.95360744,6791184.0 
 07/19  10:00:00,471319710.8323496,471319710.83234954,11228343.722560436 
 07/19  11:00:00,544644509.9324663,544644509.9324661,20490759.7272246 
 07/19  12:00:00,459668829.08235884,459668829.0823588,25760495.754621744 
 07/19  13:00:00,458223411.8454912,458223411.8454912,25560184.56676826 
 07/19  14:00:00,444954603.8414942,444954603.8414943,15520535.076403845 
 07/19  15:00:00,456602398.69509804,456602398.6950979,15495044.059970785 
 07/19  16:00:00,475997931.5893919,475997931.5893919,16648449.415517503 
 07/19  17:00:00,362016525.402241,362016525.402241,14500992.245357044 
 07/19  18:00:00,215798601.36519137,215798601.3651914,10978202.374822937 
 07/19  19:00:00,196795445.73966092,196795445.73966095,6791184.0 
 07/19  20:00:00,182508625.72358936,182508625.72358936,6791184.0 
 07/19  21:00:00,174982873.95645973,174982873.95645973,6791184.0 
 07/19  22:00:00,77772782.75072592,77772782.75072592,6791184.0 
 07/19  23:00:00,72442469.3608459,72442469.36084588,6791184.0 
 07/19  24:00:00,58189365.04299053,58189365.04299053,6791184.0 
 07/20  01:00:00,57609860.11373618,57609860.11373618,6791184.0 
 07/20  02:00:00,57609860.11373618,57609860.11373618,6791184.0 
 07/20  03:00:00,57609860.11373618,57609860.11373618,6791184.0 
 07/20  04:00:00,57609860.11373618,57609860.11373618,6791184.0 
 07/20  05:00:00,57609860.11373618,57609860.11373618,6791184.0 
 07/20  06:00:00,154448838.3928358,154448838.39283586,6791184.0 
 07/20  07:00:00,227488150.76528805,227488150.7652881,6791184.0 
 07/20  08:00:00,449146636.6826558,449146636.6826558,6791184.0 
 07/20  09:00:00,433310818.27592003,433310818.27592003,6791184.0 
 07/20  10:00:00,429101961.3190534,429101961.3190534,11227953.91231458 
 07/20  11:00:00,451981971.1240404,451981971.12404037,20488820.966685593 
 07/20  12:00:00,459072122.2940315,459072122.2940315,25756155.416356415 
 07/20  13:00:00,482804167.63184303,482804167.631843,25556323.82825388 
 07/20  14:00:00,473721671.26387393,473721671.26387393,15521449.700179417 
 07/20  15:00:00,463584228.18635106,463584228.1863511,15496451.528196072 
 07/20  16:00:00,471302635.8547235,471302635.8547235,15829740.421884995 
 07/20  17:00:00,354054484.6660021,354054484.66600215,15274634.950758465 
 07/20  18:00:00,211249974.1886781,211249974.1886781,8236389.47554859 
 07/20  19:00:00,192824767.749591,192824767.749591,9458467.23246347 
 07/20  20:00:00,183878367.7406299,183878367.7406299,6791184.0 
 07/20  21:00:00,182215267.69790372,182215267.69790372,6791184.0 
 07/20  22:00:00,77772782.75072592,77772782.75072592,6791184.0 
 07/20  23:00:00,72442469.3608459,72442469.36084588,6791184.0 
 07/20  24:00:00,46938652.8740647,46938652.87406469,6791184.0 
 07/21  01:00:00,46359235.70955594,46359235.70955593,6791184.0 
 07/21  02:00:00,46359235.70955594,46359235.70955593,6791184.0 
 07/21  03:00:00,46359235.70955594,46359235.70955593,6791184.0 
 07/21  04:00:00,46359235.70955594,46359235.70955593,6791184.0 
 07/21  05:00:00,46359235.70955594,46359235.70955593,6791184.0 
 07/21  06:00:00,149673664.4361714,149673664.43617144,6791184.0 
 07/21  07:00:00,168289353.37464064,168289353.3746407,6791184.0 
 07/21  08:00:00,208639214.70012784,208639214.70012784,6791184.0 
 07/21  09:00:00,237765333.63603252,237765333.63603255,6791184.0 
 07/21  10:00:00,253411002.3234866,253411002.32348657,6791184.0 
 07/21  11:00:00,254020015.78724384,254020015.78724384,6791184.0 
 07/21  12:00:00,210622350.83125794,210622350.83125794,6791184.0 
 07/21  13:00:00,209292132.37062427,209292132.37062424,6791184.0 
 07/21  14:00:00,208883907.19581088,208883907.19581088,6791184.0 
 07/21  15:00:00,207928664.29315758,207928664.29315758,6791184.0 
 07/21  16:00:00,205675493.3229729,205675493.32297292,6791184.0 
 07/21  17:00:00,140036004.03963745,140036004.03963745,6791184.0 
 07/21  18:00:00,68673641.52702741,68673641.5270274,6791184.0 
 07/21  19:00:00,68842725.37082192,68842725.37082192,6791184.0 
 07/21  20:00:00,54954358.130773365,54954358.13077336,6791184.0 
 07/21  21:00:00,48904615.70955594,48904615.70955593,6791184.0 
 07/21  22:00:00,48904615.70955594,48904615.70955593,6791184.0 
 07/21  23:00:00,48904615.70955594,48904615.70955593,6791184.0 
 07/21  24:00:00,46359235.70955594,46359235.70955593,6791184.0 
 07/22  01:00:00,46359235.70955594,46359235.70955593,6791184.0 
 07/22  02:00:00,46359235.70955594,46359235.70955593,6791184.0 
 07/22  03:00:00,46359235.70955594,46359235.70955593,6791184.0 
 07/22  04:00:00,46359235.70955594,46359235.70955593,6791184.0 
 07/22  05:00:00,46359235.70955594,46359235.70955593,6791184.0 
 07/22  06:00:00,65909926.82702957,65909926.82702957,6791184.0 
 07/22  07:00:00,47193387.00445762,47193387.00445761,6791184.0 
 07/22  08:00:00,46403252.97366361,46403252.97366361,6791184.0 
 07/22  09:00:00,63868019.83250375,63868019.83250374,6791184.0 
 07/22  10:00:00,90142949.2238988,90142949.2238988,6791184.0 
 07/22  11:00:00,92617900.92502989,92617900.92502989,6791184.0 
 07/22  12:00:00,98100873.01668139,98100873.01668139,6791184.0 
 07/22  13:00:00,92147686.25674106,92147686.25674106,6791184.0 
 07/22  14:00:00,91299619.79343234,91299619.79343233,6791184.0 
 07/22  15:00:00,108880663.07771413,108880663.07771412,6791184.0 
 07/22  16:00:00,102371407.4507523,102371407.4507523,6791184.0 
 07/22  17:00:00,96831407.79262656,96831407.79262656,6791184.0 
 07/22  18:00:00,98501561.3028071,98501561.30280711,6791184.0 
 07/22  19:00:00,81644567.84055367,81644567.84055367,6791184.0 
 07/22  20:00:00,88879117.46147561,88879117.46147561,6791184.0 
 07/22  21:00:00,48904615.70955594,48904615.70955593,6791184.0 
 07/22  22:00:00,48904615.70955594,48904615.70955593,6791184.0 
 07/22  23:00:00,48904615.70955594,48904615.70955593,6791184.0 
 07/22  24:00:00,57609860.11373618,57609860.11373618,6791184.0 
 07/23  01:00:00,57609860.11373618,57609860.11373618,6791184.0 
 07/23  02:00:00,57609860.11373618,57609860.11373618,6791184.0 
 07/23  03:00:00,57609860.11373618,57609860.11373618,6791184.0 
 07/23  04:00:00,57609860.11373618,57609860.11373618,6791184.0 
 07/23  05:00:00,57609860.11373618,57609860.11373618,6791184.0 
 07/23  06:00:00,154720796.7416725,154720796.74167252,6791184.0 
 07/23  07:00:00,260984615.84409034,260984615.84409034,6791184.0 
 07/23  08:00:00,470572245.111218,470572245.111218,6791184.0 
 07/23  09:00:00,446981774.0734805,446981774.0734805,6791184.0 
 07/23  10:00:00,462755304.95407796,462755304.95407796,6791184.0 
 07/23  11:00:00,533578989.7601376,533578989.7601376,20484491.965551578 
 07/23  12:00:00,532162284.7531516,532162284.75315154,25749931.798707712 
 07/23  13:00:00,503842305.77617186,503842305.7761719,25546548.8810956 
 07/23  14:00:00,472983292.1159377,472983292.1159377,15537077.389023084 
 07/23  15:00:00,472937840.3800938,472937840.3800937,15470501.857238403 
 07/23  16:00:00,482346507.4563641,482346507.4563641,20330767.95385383 
 07/23  17:00:00,360765227.5175098,360765227.51750994,11024796.439781396 
 07/23  18:00:00,226822104.82170212,226822104.82170212,10959401.84836401 
 07/23  19:00:00,225393026.5529324,225393026.5529324,6791184.0 
 07/23  20:00:00,206325149.5391089,206325149.5391089,6791184.0 
 07/23  21:00:00,188031831.3801375,188031831.38013753,6791184.0 
 07/23  22:00:00,77772782.75072592,77772782.75072592,6791184.0 
 07/23  23:00:00,72442469.3608459,72442469.36084588,6791184.0 
 07/23  24:00:00,58189365.04299053,58189365.04299053,6791184.0 
 07/24  01:00:00,57609860.11373618,57609860.11373618,6791184.0 
 07/24  02:00:00,57609860.11373618,57609860.11373618,6791184.0 
 07/24  03:00:00,57609860.11373618,57609860.11373618,6791184.0 
 07/24  04:00:00,57609860.11373618,57609860.11373618,6791184.0 
 07/24  05:00:00,57609860.11373618,57609860.11373618,6791184.0 
 07/24  06:00:00,147592912.90010652,147592912.90010652,6791184.0 
 07/24  07:00:00,219914469.02826798,219914469.02826795,6791184.0 
 07/24  08:00:00,433304954.05800825,433304954.05800825,6791184.0 
 07/24  09:00:00,413711614.4436599,413711614.4436599,6791184.0 
 07/24  10:00:00,437348121.66013974,437348121.66013974,11224875.108826173 
 07/24  11:00:00,475550445.6094122,475550445.60941213,20479598.47921635 
 07/24  12:00:00,455421204.53378665,455421204.53378665,25741384.887340542 
 07/24  13:00:00,451921271.63008446,451921271.63008446,25542558.833830472 
 07/24  14:00:00,443414552.77874446,443414552.77874446,15518641.2952714 
 07/24  15:00:00,456941581.65243465,456941581.65243465,14368796.548407232 
 07/24  16:00:00,481079726.74897593,481079726.748976,16989572.31078127 
 07/24  17:00:00,373639332.23953795,373639332.23953795,15283511.753619086 
 07/24  18:00:00,233052631.90553665,233052631.9055367,6791184.0 
 07/24  19:00:00,210506138.1540085,210506138.1540085,6791184.0 
 07/24  20:00:00,196260280.47809857,196260280.47809857,10929341.537388472 
 07/24  21:00:00,177924634.78718412,177924634.7871841,6791184.0 
 07/24  22:00:00,77772782.75072592,77772782.75072592,6791184.0 
 07/24  23:00:00,72442469.3608459,72442469.36084588,6791184.0 
 07/24  24:00:00,58189365.04299053,58189365.04299053,6791184.0 
 07/25  01:00:00,57609860.11373618,57609860.11373618,6791184.0 
 07/25  02:00:00,57609860.11373618,57609860.11373618,6791184.0 
 07/25  03:00:00,57609860.11373618,57609860.11373618,6791184.0 
 07/25  04:00:00,57609860.11373618,57609860.11373618,6791184.0 
 07/25  05:00:00,57609860.11373618,57609860.11373618,6791184.0 
 07/25  06:00:00,144408115.52666146,144408115.5266615,6791184.0 
 07/25  07:00:00,214578568.86928916,214578568.86928916,6791184.0 
 07/25  08:00:00,432384422.8355918,432384422.8355918,6791184.0 
 07/25  09:00:00,407989180.099489,407989180.099489,6791184.0 
 07/25  10:00:00,406393018.65255123,406393018.65255123,11227238.1771806 
 07/25  11:00:00,433041043.6196201,433041043.61962,20481330.379229885 
 07/25  12:00:00,442369482.35667825,442369482.3566782,25736352.55593238 
 07/25  13:00:00,481931465.5524401,481931465.5524401,21851489.150759183 
 07/25  14:00:00,462113311.0289496,462113311.0289496,16888537.33697287 
 07/25  15:00:00,475481359.2719281,475481359.271928,13174955.118506929 
 07/25  16:00:00,477971568.31995344,477971568.31995344,20328131.18151157 
 07/25  17:00:00,340939040.70148367,340939040.7014837,15307977.391484985 
 07/25  18:00:00,197383388.55223945,197383388.55223948,6791184.0 
 07/25  19:00:00,181472804.7263683,181472804.7263683,6791184.0 
 07/25  20:00:00,169516297.2427503,169516297.2427503,10929425.372754836 
 07/25  21:00:00,157759131.43536544,157759131.43536547,6791184.0 
 07/25  22:00:00,77772782.75072592,77772782.75072592,6791184.0 
 07/25  23:00:00,72442469.3608459,72442469.36084588,6791184.0 
 07/25  24:00:00,58189365.04299053,58189365.04299053,6791184.0 
 07/26  01:00:00,57609860.11373618,57609860.11373618,6791184.0 
 07/26  02:00:00,57609860.11373618,57609860.11373618,6791184.0 
 07/26  03:00:00,57609860.11373618,57609860.11373618,6791184.0 
 07/26  04:00:00,57609860.11373618,57609860.11373618,6791184.0 
 07/26  05:00:00,57609860.11373618,57609860.11373618,6791184.0 
 07/26  06:00:00,142736945.80520952,142736945.80520952,6791184.0 
 07/26  07:00:00,203882021.21394554,203882021.21394554,6791184.0 
 07/26  08:00:00,401811711.4372642,401811711.43726426,6791184.0 
 07/26  09:00:00,372377611.5155588,372377611.5155588,6791184.0 
 07/26  10:00:00,391520512.9462178,391520512.9462177,11227712.778952599 
 07/26  11:00:00,441654845.7150809,441654845.71508086,20481349.446447957 
 07/26  12:00:00,457576560.9715428,457576560.9715427,25732555.516931787 
 07/26  13:00:00,516358334.58117986,516358334.58117986,20849910.227269158 
 07/26  14:00:00,490095400.8367912,490095400.83679116,15512131.166754007 
 07/26  15:00:00,478139659.97145563,478139659.9714556,15464033.816948215 
 07/26  16:00:00,493457096.5855407,493457096.58554065,20323058.739147577 
 07/26  17:00:00,352591888.60147655,352591888.6014766,11058238.147833087 
 07/26  18:00:00,209447010.9838268,209447010.9838268,10952756.889182663 
 07/26  19:00:00,190061432.47102302,190061432.47102308,6791184.0 
 07/26  20:00:00,177886959.6715447,177886959.67154473,10927483.204629116 
 07/26  21:00:00,171014395.18949136,171014395.1894914,6791184.0 
 07/26  22:00:00,77772782.75072592,77772782.75072592,6791184.0 
 07/26  23:00:00,72442469.3608459,72442469.36084588,6791184.0 
 07/26  24:00:00,58189365.04299053,58189365.04299053,6791184.0 
 07/27  01:00:00,57609860.11373618,57609860.11373618,6791184.0 
 07/27  02:00:00,57609860.11373618,57609860.11373618,6791184.0 
 07/27  03:00:00,57609860.11373618,57609860.11373618,6791184.0 
 07/27  04:00:00,57609860.11373618,57609860.11373618,6791184.0 
 07/27  05:00:00,57609860.11373618,57609860.11373618,6791184.0 
 07/27  06:00:00,153404490.034902,153404490.03490204,6791184.0 
 07/27  07:00:00,217098840.1903278,217098840.1903278,6791184.0 
 07/27  08:00:00,430542392.38633394,430542392.3863339,6791184.0 
 07/27  09:00:00,409479689.5681379,409479689.56813776,6791184.0 
 07/27  10:00:00,416279512.75453115,416279512.75453115,11227620.453965543 
 07/27  11:00:00,450680582.4159838,450680582.4159838,20480946.775564637 
 07/27  12:00:00,459887725.3153794,459887725.3153793,25729268.48830484 
 07/27  13:00:00,489742405.4202637,489742405.42026365,20847987.252952036 
 07/27  14:00:00,458241956.6177819,458241956.6177819,15513898.835179403 
 07/27  15:00:00,461152390.7148692,461152390.71486914,15466475.66908462 
 07/27  16:00:00,478788210.40265703,478788210.40265703,20320805.13798184 
 07/27  17:00:00,368175684.04439694,368175684.044397,11041234.757170321 
 07/27  18:00:00,223982217.085393,223982217.085393,10962139.414998993 
 07/27  19:00:00,195858306.17506003,195858306.17506003,6791184.0 
 07/27  20:00:00,180216156.54056597,180216156.54056597,10929098.068500014 
 07/27  21:00:00,169775640.50449035,169775640.5044904,6791184.0 
 07/27  22:00:00,77772782.75072592,77772782.75072592,6791184.0 
 07/27  23:00:00,72442469.3608459,72442469.36084588,6791184.0 
 07/27  24:00:00,46938652.8740647,46938652.87406469,6791184.0 
 07/28  01:00:00,46359235.70955594,46359235.70955593,6791184.0 
 07/28  02:00:00,46359235.70955594,46359235.70955593,6791184.0 
 07/28  03:00:00,46359235.70955594,46359235.70955593,6791184.0 
 07/28  04:00:00,46359235.70955594,46359235.70955593,6791184.0 
 07/28  05:00:00,46359235.70955594,46359235.70955593,6791184.0 
 07/28  06:00:00,146887614.6066067,146887614.60660672,6791184.0 
 07/28  07:00:00,160523150.46552485,160523150.46552485,6791184.0 
 07/28  08:00:00,194209359.16639426,194209359.16639432,6791184.0 
 07/28  09:00:00,222321689.68305886,222321689.68305892,6791184.0 
 07/28  10:00:00,242734793.52148876,242734793.52148876,6791184.0 
 07/28  11:00:00,277942162.85916543,277942162.8591654,6791184.0 
 07/28  12:00:00,231812769.45764852,231812769.45764852,6791184.0 
 07/28  13:00:00,215441982.94547504,215441982.945475,6791184.0 
 07/28  14:00:00,207014886.7389871,207014886.73898706,6791184.0 
 07/28  15:00:00,192178478.48383754,192178478.48383754,6791184.0 
 07/28  16:00:00,178739380.0512063,178739380.0512063,6791184.0 
 07/28  17:00:00,126799995.83679016,126799995.83679017,6791184.0 
 07/28  18:00:00,46293372.08772761,46293372.08772759,6791184.0 
 07/28  19:00:00,43774742.96194527,43774742.96194527,6791184.0 
 07/28  20:00:00,48904615.70955594,48904615.70955593,6791184.0 
 07/28  21:00:00,48904615.70955594,48904615.70955593,6791184.0 
 07/28  22:00:00,48904615.70955594,48904615.70955593,6791184.0 
 07/28  23:00:00,48904615.70955594,48904615.70955593,6791184.0 
 07/28  24:00:00,46359235.70955594,46359235.70955593,6791184.0 
 07/29  01:00:00,46359235.70955594,46359235.70955593,6791184.0 
 07/29  02:00:00,46359235.70955594,46359235.70955593,6791184.0 
 07/29  03:00:00,46359235.70955594,46359235.70955593,6791184.0 
 07/29  04:00:00,46359235.70955594,46359235.70955593,6791184.0 
 07/29  05:00:00,46359235.70955594,46359235.70955593,6791184.0 
 07/29  06:00:00,65909926.82702957,65909926.82702957,6791184.0 
 07/29  07:00:00,47196792.00707449,47196792.00707449,6791184.0 
 07/29  08:00:00,46406100.00440615,46406100.00440614,6791184.0 
 07/29  09:00:00,52123732.858494654,52123732.85849464,6791184.0 
 07/29  10:00:00,71148039.83731356,71148039.83731355,6791184.0 
 07/29  11:00:00,98824697.09996039,98824697.09996039,6791184.0 
 07/29  12:00:00,94832191.03418136,94832191.03418136,6791184.0 
 07/29  13:00:00,89347450.37175559,89347450.37175559,6791184.0 
 07/29  14:00:00,100024593.07283814,100024593.07283816,6791184.0 
 07/29  15:00:00,99554320.03113146,99554320.03113145,6791184.0 
 07/29  16:00:00,91110588.80797808,91110588.80797808,6791184.0 
 07/29  17:00:00,98311811.6898793,98311811.6898793,6791184.0 
 07/29  18:00:00,85647549.35273115,85647549.35273117,6791184.0 
 07/29  19:00:00,68338649.30909611,68338649.30909611,6791184.0 
 07/29  20:00:00,48904615.70955594,48904615.70955593,6791184.0 
 07/29  21:00:00,48904615.70955594,48904615.70955593,6791184.0 
 07/29  22:00:00,48904615.70955594,48904615.70955593,6791184.0 
 07/29  23:00:00,48904615.70955594,48904615.70955593,6791184.0 
 07/29  24:00:00,57609860.11373618,57609860.11373618,6791184.0 
 07/30  01:00:00,57609860.11373618,57609860.11373618,6791184.0 
 07/30  02:00:00,57609860.11373618,57609860.11373618,6791184.0 
 07/30  03:00:00,57609860.11373618,57609860.11373618,6791184.0 
 07/30  04:00:00,57609860.11373618,57609860.11373618,6791184.0 
 07/30  05:00:00,57609860.11373618,57609860.11373618,6791184.0 
 07/30  06:00:00,151504191.97003528,151504191.9700353,6791184.0 
 07/30  07:00:00,243534529.78641403,243534529.78641403,6791184.0 
 07/30  08:00:00,469317742.332948,469317742.33294797,6791184.0 
 07/30  09:00:00,440567518.84365344,440567518.84365344,6791184.0 
 07/30  10:00:00,461794184.0263642,461794184.0263642,6791184.0 
 07/30  11:00:00,472302225.2217442,472302225.2217442,20473511.984982297 
 07/30  12:00:00,442830768.06970096,442830768.06970096,25727085.06293265 
 07/30  13:00:00,466131392.96961063,466131392.96961063,25526385.336488895 
 07/30  14:00:00,460946854.47182524,460946854.47182524,15493027.62483105 
 07/30  15:00:00,466833798.85774857,466833798.85774857,15468138.694507927 
 07/30  16:00:00,467267639.3916366,467267639.3916366,20326890.01667921 
 07/30  17:00:00,347186281.1440356,347186281.1440356,11039913.009109043 
 07/30  18:00:00,216538766.0204752,216538766.02047527,10959903.105378103 
 07/30  19:00:00,201612775.67052048,201612775.67052048,6791184.0 
 07/30  20:00:00,190884300.8630537,190884300.86305374,6791184.0 
 07/30  21:00:00,181660427.22110605,181660427.2211061,6791184.0 
 07/30  22:00:00,77772782.75072592,77772782.75072592,6791184.0 
 07/30  23:00:00,72442469.3608459,72442469.36084588,6791184.0 
 07/30  24:00:00,58189365.04299053,58189365.04299053,6791184.0 
 07/31  01:00:00,57609860.11373618,57609860.11373618,6791184.0 
 07/31  02:00:00,57609860.11373618,57609860.11373618,6791184.0 
 07/31  03:00:00,57609860.11373618,57609860.11373618,6791184.0 
 07/31  04:00:00,57609860.11373618,57609860.11373618,6791184.0 
 07/31  05:00:00,57609860.11373618,57609860.11373618,6791184.0 
 07/31  06:00:00,170396904.41884652,170396904.41884655,6791184.0 
 07/31  07:00:00,253159700.47412223,253159700.4741223,6791184.0 
 07/31  08:00:00,478478713.58456147,478478713.5845614,6791184.0 
 07/31  09:00:00,453130992.86780816,453130992.8678081,6791184.0 
 07/31  10:00:00,461671171.0704967,461671171.0704967,11224012.189023284 
 07/31  11:00:00,454667108.37675834,454667108.37675834,20470702.78520254 
 07/31  12:00:00,432723370.2770239,432723370.2770239,25719645.359544147 
 07/31  13:00:00,449890136.04897714,449890136.0489771,21276168.436967645 
 07/31  14:00:00,440952847.38628256,440952847.38628256,16107340.239006564 
 07/31  15:00:00,448439801.2769269,448439801.2769269,14462082.595333006 
 07/31  16:00:00,473264323.27105075,473264323.2710507,20316221.713989753 
 07/31  17:00:00,358509819.8845645,358509819.8845645,11056580.608618306 
 07/31  18:00:00,232472274.66563216,232472274.66563216,10952407.257216994 
 07/31  19:00:00,205032747.66163903,205032747.66163903,6791184.0 
 07/31  20:00:00,181178259.20181045,181178259.20181045,10895969.37384826 
 07/31  21:00:00,168322099.1205238,168322099.1205238,6791184.0 
 07/31  22:00:00,77772782.75072592,77772782.75072592,6791184.0 
 07/31  23:00:00,72442469.3608459,72442469.36084588,6791184.0 
 07/31  24:00:00,58189365.04299053,58189365.04299053,6791184.0 
