Program Version:,EnergyPlus, Version 26.1.0-6f2e40d102, YMD=2026.07.26 18:20
Tabular Output Report in Format: ,Comma

Building:,OfficeMedium
Environment:,RUNPERIOD 3 ** Bangalore Karnataka IND ISHRAE WMO#=432950

----------------------------------------------------------------------------------------------------
REPORT:,Annual Building Utility Performance Summary
FOR:,Entire Facility
Values gathered over      2208.00 hours
WARNING: THE REPORT DOES NOT REPRESENT A FULL ANNUAL SIMULATION.

Site and Source Energy

,,Total Energy [GJ],Energy Per Total Building Area [MJ/m2],Energy Per Conditioned Building Area [MJ/m2]
,Total Site Energy,466.52,93.64,93.64
,Net Site Energy,466.52,93.64,93.64
,Total Source Energy,1430.04,287.03,287.03
,Net Source Energy,1430.04,287.03,287.03


Site to Source Energy Conversion Factors

,,Site=>Source Conversion Factor
,Electricity,3.167
,Natural Gas,1.084
,District Cooling,1.056
,District Heating Water,3.613
,District Heating Steam,1.200
,Gasoline,1.050
,Diesel,1.050
,Coal,1.050
,Fuel Oil No 1,1.050
,Fuel Oil No 2,1.050
,Propane,1.050
,Other Fuel 1,1.000
,Other Fuel 2,1.000


Building Area

,,Area [m2]
,Total Building Area,4982.19
,Net Conditioned Building Area,4982.19
,Unconditioned Building Area,0.00


End Uses

,,Electricity [GJ],Natural Gas [GJ],Gasoline [GJ],Diesel [GJ],Coal [GJ],Fuel Oil No 1 [GJ],Fuel Oil No 2 [GJ],Propane [GJ],Other Fuel 1 [GJ],Other Fuel 2 [GJ],District Cooling [GJ],District Heating Water [GJ],District Heating Steam [GJ],Water [m3]
,Heating,0.00,0.00,0.00,0.00,0.00,0.00,0.00,0.00,0.00,0.00,0.00,0.00,0.00,0.00
,Cooling,149.92,0.00,0.00,0.00,0.00,0.00,0.00,0.00,0.00,0.00,0.00,0.00,0.00,0.00
,Interior Lighting,61.31,0.00,0.00,0.00,0.00,0.00,0.00,0.00,0.00,0.00,0.00,0.00,0.00,0.00
,Exterior Lighting,11.62,0.00,0.00,0.00,0.00,0.00,0.00,0.00,0.00,0.00,0.00,0.00,0.00,0.00
,Interior Equipment,187.95,0.00,0.00,0.00,0.00,0.00,0.00,0.00,0.00,0.00,0.00,0.00,0.00,0.00
,Exterior Equipment,2.94,0.00,0.00,0.00,0.00,0.00,0.00,0.00,0.00,0.00,0.00,0.00,0.00,0.00
,Fans,29.99,0.00,0.00,0.00,0.00,0.00,0.00,0.00,0.00,0.00,0.00,0.00,0.00,0.00
,Pumps,0.04,0.00,0.00,0.00,0.00,0.00,0.00,0.00,0.00,0.00,0.00,0.00,0.00,0.00
,Heat Rejection,0.00,0.00,0.00,0.00,0.00,0.00,0.00,0.00,0.00,0.00,0.00,0.00,0.00,0.00
,Humidification,0.00,0.00,0.00,0.00,0.00,0.00,0.00,0.00,0.00,0.00,0.00,0.00,0.00,0.00
,Heat Recovery,0.00,0.00,0.00,0.00,0.00,0.00,0.00,0.00,0.00,0.00,0.00,0.00,0.00,0.00
,Water Systems,0.00,22.77,0.00,0.00,0.00,0.00,0.00,0.00,0.00,0.00,0.00,0.00,0.00,67.66
,Refrigeration,0.00,0.00,0.00,0.00,0.00,0.00,0.00,0.00,0.00,0.00,0.00,0.00,0.00,0.00
,Generators,0.00,0.00,0.00,0.00,0.00,0.00,0.00,0.00,0.00,0.00,0.00,0.00,0.00,0.00
,,,,,,,,,,,,,,,
,Total End Uses,443.75,22.77,0.00,0.00,0.00,0.00,0.00,0.00,0.00,0.00,0.00,0.00,0.00,67.66


End Uses By Subcategory

,,Subcategory,Electricity [GJ],Natural Gas [GJ],Gasoline [GJ],Diesel [GJ],Coal [GJ],Fuel Oil No 1 [GJ],Fuel Oil No 2 [GJ],Propane [GJ],Other Fuel 1 [GJ],Other Fuel 2 [GJ],District Cooling [GJ],District Heating Water [GJ],District Heating Steam [GJ],Water [m3]
,Heating,General,0.00,0.00,0.00,0.00,0.00,0.00,0.00,0.00,0.00,0.00,0.00,0.00,0.00,0.00
,Cooling,General,149.92,0.00,0.00,0.00,0.00,0.00,0.00,0.00,0.00,0.00,0.00,0.00,0.00,0.00
,Interior Lighting,LightsWired,61.31,0.00,0.00,0.00,0.00,0.00,0.00,0.00,0.00,0.00,0.00,0.00,0.00,0.00
,Exterior Lighting,General,11.62,0.00,0.00,0.00,0.00,0.00,0.00,0.00,0.00,0.00,0.00,0.00,0.00,0.00
,Interior Equipment,MiscPlug,146.73,0.00,0.00,0.00,0.00,0.00,0.00,0.00,0.00,0.00,0.00,0.00,0.00,0.00
,,ElevatorLift,41.06,0.00,0.00,0.00,0.00,0.00,0.00,0.00,0.00,0.00,0.00,0.00,0.00,0.00
,,ElevatorLightsFan,0.16,0.00,0.00,0.00,0.00,0.00,0.00,0.00,0.00,0.00,0.00,0.00,0.00,0.00
,Exterior Equipment,Transformer,2.94,0.00,0.00,0.00,0.00,0.00,0.00,0.00,0.00,0.00,0.00,0.00,0.00,0.00
,Fans,General,29.99,0.00,0.00,0.00,0.00,0.00,0.00,0.00,0.00,0.00,0.00,0.00,0.00,0.00
,Pumps,General,0.04,0.00,0.00,0.00,0.00,0.00,0.00,0.00,0.00,0.00,0.00,0.00,0.00,0.00
,Heat Rejection,General,0.00,0.00,0.00,0.00,0.00,0.00,0.00,0.00,0.00,0.00,0.00,0.00,0.00,0.00
,Humidification,General,0.00,0.00,0.00,0.00,0.00,0.00,0.00,0.00,0.00,0.00,0.00,0.00,0.00,0.00
,Heat Recovery,General,0.00,0.00,0.00,0.00,0.00,0.00,0.00,0.00,0.00,0.00,0.00,0.00,0.00,0.00
,Water Systems,General,0.00,0.00,0.00,0.00,0.00,0.00,0.00,0.00,0.00,0.00,0.00,0.00,0.00,0.00
,,WaterUse,0.00,0.00,0.00,0.00,0.00,0.00,0.00,0.00,0.00,0.00,0.00,0.00,0.00,67.66
,,Water Heater,0.00,22.77,0.00,0.00,0.00,0.00,0.00,0.00,0.00,0.00,0.00,0.00,0.00,0.00
,Refrigeration,General,0.00,0.00,0.00,0.00,0.00,0.00,0.00,0.00,0.00,0.00,0.00,0.00,0.00,0.00
,Generators,General,0.00,0.00,0.00,0.00,0.00,0.00,0.00,0.00,0.00,0.00,0.00,0.00,0.00,0.00


End Uses By Space Type

,,Space Type,Electricity [GJ],Natural Gas [GJ],Gasoline [GJ],Diesel [GJ],Coal [GJ],Fuel Oil No 1 [GJ],Fuel Oil No 2 [GJ],Propane [GJ],Other Fuel 1 [GJ],Other Fuel 2 [GJ],District Cooling [GJ],District Heating Water [GJ],District Heating Steam [GJ],Water [m3]
,Heating,Unassigned,0.00,0.00,0.00,0.00,0.00,0.00,0.00,0.00,0.00,0.00,0.00,0.00,0.00,0.00
,Cooling,Unassigned,149.92,0.00,0.00,0.00,0.00,0.00,0.00,0.00,0.00,0.00,0.00,0.00,0.00,0.00
,Interior Lighting,GENERAL,61.31,0.00,0.00,0.00,0.00,0.00,0.00,0.00,0.00,0.00,0.00,0.00,0.00,0.00
,Exterior Lighting,Unassigned,11.62,0.00,0.00,0.00,0.00,0.00,0.00,0.00,0.00,0.00,0.00,0.00,0.00,0.00
,Interior Equipment,GENERAL,187.95,0.00,0.00,0.00,0.00,0.00,0.00,0.00,0.00,0.00,0.00,0.00,0.00,0.00
,Exterior Equipment,Unassigned,2.94,0.00,0.00,0.00,0.00,0.00,0.00,0.00,0.00,0.00,0.00,0.00,0.00,0.00
,Fans,Unassigned,29.99,0.00,0.00,0.00,0.00,0.00,0.00,0.00,0.00,0.00,0.00,0.00,0.00,0.00
,Pumps,Unassigned,0.04,0.00,0.00,0.00,0.00,0.00,0.00,0.00,0.00,0.00,0.00,0.00,0.00,0.00
,Heat Rejection,Unassigned,0.00,0.00,0.00,0.00,0.00,0.00,0.00,0.00,0.00,0.00,0.00,0.00,0.00,0.00
,Humidification,Unassigned,0.00,0.00,0.00,0.00,0.00,0.00,0.00,0.00,0.00,0.00,0.00,0.00,0.00,0.00
,Heat Recovery,Unassigned,0.00,0.00,0.00,0.00,0.00,0.00,0.00,0.00,0.00,0.00,0.00,0.00,0.00,0.00
,Water Systems,Unassigned,0.00,22.77,0.00,0.00,0.00,0.00,0.00,0.00,0.00,0.00,0.00,0.00,0.00,67.66
,Refrigeration,Unassigned,0.00,0.00,0.00,0.00,0.00,0.00,0.00,0.00,0.00,0.00,0.00,0.00,0.00,0.00
,Generators,Unassigned,0.00,0.00,0.00,0.00,0.00,0.00,0.00,0.00,0.00,0.00,0.00,0.00,0.00,0.00


Normalized Metrics
Utility Use Per Conditioned Floor Area

,,Electricity Intensity [MJ/m2],Natural Gas Intensity [MJ/m2],Gasoline Intensity [MJ/m2],Diesel Intensity [MJ/m2],Coal Intensity [MJ/m2],Fuel Oil No 1 Intensity [MJ/m2],Fuel Oil No 2 Intensity [MJ/m2],Propane Intensity [MJ/m2],Other Fuel 1 Intensity [MJ/m2],Other Fuel 2 Intensity [MJ/m2],District Cooling Intensity [MJ/m2],District Heating Water Intensity [MJ/m2],District Heating Steam Intensity [MJ/m2],Water Intensity [m3/m2]
,Lighting,14.64,0.00,0.00,0.00,0.00,0.00,0.00,0.00,0.00,0.00,0.00,0.00,0.00,0.00
,HVAC,36.12,4.57,0.00,0.00,0.00,0.00,0.00,0.00,0.00,0.00,0.00,0.00,0.00,0.01
,Other,38.31,0.00,0.00,0.00,0.00,0.00,0.00,0.00,0.00,0.00,0.00,0.00,0.00,0.00
,Total,89.07,4.57,0.00,0.00,0.00,0.00,0.00,0.00,0.00,0.00,0.00,0.00,0.00,0.01


Utility Use Per Total Floor Area

,,Electricity Intensity [MJ/m2],Natural Gas Intensity [MJ/m2],Gasoline Intensity [MJ/m2],Diesel Intensity [MJ/m2],Coal Intensity [MJ/m2],Fuel Oil No 1 Intensity [MJ/m2],Fuel Oil No 2 Intensity [MJ/m2],Propane Intensity [MJ/m2],Other Fuel 1 Intensity [MJ/m2],Other Fuel 2 Intensity [MJ/m2],District Cooling Intensity [MJ/m2],District Heating Water Intensity [MJ/m2],District Heating Steam Intensity [MJ/m2],Water Intensity [m3/m2]
,Lighting,14.64,0.00,0.00,0.00,0.00,0.00,0.00,0.00,0.00,0.00,0.00,0.00,0.00,
,HVAC,36.12,4.57,0.00,0.00,0.00,0.00,0.00,0.00,0.00,0.00,0.00,0.00,0.00,
,Other,38.31,0.00,0.00,0.00,0.00,0.00,0.00,0.00,0.00,0.00,0.00,0.00,0.00,
,Total,89.07,4.57,0.00,0.00,0.00,0.00,0.00,0.00,0.00,0.00,0.00,0.00,0.00,


Electric Loads Satisfied

,,Electricity [GJ],Percent Electricity [%]
,Fuel-Fired Power Generation,0.000,0.00
,High Temperature Geothermal*,0.000,0.00
,Photovoltaic Power,0.000,0.00
,Wind Power,0.000,0.00
,Power Conversion,0.000,0.00
,Net Decrease in On-Site Storage,0.000,0.00
,Total On-Site Electric Sources,0.000,0.00
,,,
,Electricity Coming From Utility,443.750,100.00
,Surplus Electricity Going To Utility,0.000,0.00
,Net Electricity From Utility,443.750,100.00
,,,
,Total On-Site and Utility Electric Sources,443.750,100.00
,Total Electricity End Uses,443.750,100.00


On-Site Thermal Sources

,,Heat [GJ],Percent Heat [%]
,Water-Side Heat Recovery,0.00,
,Air to Air Heat Recovery for Cooling,0.00,
,Air to Air Heat Recovery for Heating,0.00,
,High-Temperature Geothermal*,0.00,
,Solar Water Thermal,0.00,
,Solar Air Thermal,0.00,
,Total On-Site Thermal Sources,0.00,


Water Source Summary

,,Water [m3],Percent Water [%]
,Rainwater Collection,0.00,0.00
,Condensate Collection,0.00,0.00
,Groundwater Well,0.00,0.00
,Total On Site Water Sources,0.00,0.00
,-,-,-
,Initial Storage,0.00,0.00
,Final Storage,0.00,0.00
,Change in Storage,0.00,0.00
,-,-,-
,Water Supplied by Utility,67.66,100.00
,-,-,-
,Total On Site, Change in Storage, and Utility Water Sources,67.66,100.00
,Total Water End Uses,67.66,100.00


Setpoint Not Met Criteria

,,Degrees [deltaC]
,Tolerance for Zone Heating Setpoint Not Met Time,0.56
,Tolerance for Zone Cooling Setpoint Not Met Time,0.56


Comfort and Setpoint Not Met Summary

,,Facility [Hours]
,Time Setpoint Not Met During Occupied Heating,0.00
,Time Setpoint Not Met During Occupied Cooling,278.25
,Time Not Comfortable Based on Simple ASHRAE 55-2004,308.50


Note 1: An asterisk (*) indicates that the feature is not yet implemented.
----------------------------------------------------------------------------------------------------
REPORT:,Input Verification and Results Summary
FOR:,Entire Facility
General

,,Value
,Program Version and Build,EnergyPlus, Version 26.1.0-6f2e40d102, YMD=2026.07.26 18:20
,RunPeriod,RUNPERIOD 3
,Weather File,Bangalore Karnataka IND ISHRAE WMO#=432950
,Latitude [deg],12.97
,Longitude [deg],77.58
,Elevation [m],921.00
,Time Zone,5.50
,North Axis Angle [deg],0.00
,Rotation for Appendix G [deg],0.00
,Hours Simulated [hrs],2208.00


ENVELOPE
Window-Wall Ratio

,,Total,North (315 to 45 deg),East (45 to 135 deg),South (135 to 225 deg),West (225 to 315 deg)
,Gross Wall Area [m2],1977.67,593.30,395.53,593.30,395.53
,Above Ground Wall Area [m2],1977.67,593.30,395.53,593.30,395.53
,Window Opening Area [m2],652.62,195.79,130.53,195.79,130.53
,Gross Window-Wall Ratio [%],33.00,33.00,33.00,33.00,33.00
,Above Ground Window-Wall Ratio [%],33.00,33.00,33.00,33.00,33.00


Conditioned Window-Wall Ratio

,,Total,North (315 to 45 deg),East (45 to 135 deg),South (135 to 225 deg),West (225 to 315 deg)
,Gross Wall Area [m2],1977.67,593.30,395.53,593.30,395.53
,Above Ground Wall Area [m2],1977.67,593.30,395.53,593.30,395.53
,Window Opening Area [m2],652.62,195.79,130.53,195.79,130.53
,Gross Window-Wall Ratio [%],33.00,33.00,33.00,33.00,33.00
,Above Ground Window-Wall Ratio [%],33.00,33.00,33.00,33.00,33.00


Skylight-Roof Ratio

,,Total
,Gross Roof Area [m2],1660.73
,Skylight Area [m2],0.00
,Skylight-Roof Ratio [%],0.00


PERFORMANCE
Zone Summary

,,Area [m2],Conditioned (Y/N),Part of Total Floor Area (Y/N),Volume [m3],Multipliers,Above Ground Gross Wall Area [m2],Underground Gross Wall Area [m2],Window Glass Area [m2],Opening Area [m2],Lighting [W/m2],People [m2 per person],Plug and Process [W/m2]
,CORE_BOTTOM,983.54,Yes,Yes,2698.04,1.00,0.00,0.00,0.00,0.00,6.8889,18.58,40.8445
,TOPFLOOR_PLENUM,1660.73,Yes,No,2024.76,1.00,202.84,0.00,0.00,0.00,0.0000,,0.0000
,MIDFLOOR_PLENUM,1660.73,Yes,No,2024.76,1.00,202.84,0.00,0.00,0.00,0.0000,,0.0000
,FIRSTFLOOR_PLENUM,1660.73,Yes,No,2024.76,1.00,202.84,0.00,0.00,0.00,0.0000,,0.0000
,CORE_MID,983.54,Yes,Yes,2698.04,1.00,0.00,0.00,0.00,0.00,6.8889,18.58,8.0700
,CORE_TOP,983.54,Yes,Yes,2698.04,1.00,0.00,0.00,0.00,0.00,6.8889,18.58,8.0700
,PERIMETER_TOP_ZN_3,207.34,Yes,Yes,568.77,1.00,136.92,0.00,65.26,65.26,6.8889,18.58,8.0700
,PERIMETER_TOP_ZN_2,131.26,Yes,Yes,360.08,1.00,91.28,0.00,43.51,43.51,6.8889,18.58,8.0695
,PERIMETER_TOP_ZN_1,207.34,Yes,Yes,568.77,1.00,136.92,0.00,65.26,65.26,6.8889,18.58,8.0699
,PERIMETER_TOP_ZN_4,131.25,Yes,Yes,360.05,1.00,91.28,0.00,43.51,43.51,6.8889,18.58,8.0700
,PERIMETER_BOT_ZN_3,207.34,Yes,Yes,568.77,1.00,136.92,0.00,65.26,65.26,6.8889,18.58,8.0700
,PERIMETER_BOT_ZN_2,131.26,Yes,Yes,360.08,1.00,91.28,0.00,43.51,43.51,6.8889,18.58,8.0695
,PERIMETER_BOT_ZN_1,207.34,Yes,Yes,568.77,1.00,136.92,0.00,65.26,65.26,6.8889,18.58,8.0699
,PERIMETER_BOT_ZN_4,131.25,Yes,Yes,360.05,1.00,91.28,0.00,43.51,43.51,6.8889,18.58,8.0700
,PERIMETER_MID_ZN_3,207.34,Yes,Yes,568.77,1.00,136.92,0.00,65.26,65.26,6.8889,18.58,8.0700
,PERIMETER_MID_ZN_2,131.26,Yes,Yes,360.08,1.00,91.28,0.00,43.51,43.51,6.8889,18.58,8.0695
,PERIMETER_MID_ZN_1,207.34,Yes,Yes,568.77,1.00,136.92,0.00,65.26,65.26,6.8889,18.58,8.0699
,PERIMETER_MID_ZN_4,131.25,Yes,Yes,360.05,1.00,91.28,0.00,43.51,43.51,6.8889,18.58,8.0700
,Total,4982.19,,,13667.13,,1369.16,0.00,652.62,652.62,6.8889,18.58,14.5400
,Conditioned Total,4982.19,,,13667.13,,1369.16,0.00,652.62,652.62,6.8889,18.58,14.5400
,Unconditioned Total,0.00,,,0.00,,0.00,0.00,0.00,0.00,,,
,Not Part of Total,4982.19,,,6074.28,,608.51,0.00,0.00,0.00,0.0000,,0.0000


Space Summary

,,Area [m2],Conditioned (Y/N),Part of Total Floor Area (Y/N),Multipliers,Zone Name,Space Type,Radiant/Solar Enclosure Name,Lighting [W/m2],People [m2 per person],Plug and Process [W/m2],Tags
,CORE_BOTTOM,983.54,Yes,Yes,1.00,CORE_BOTTOM,GENERAL,CORE_BOTTOM,6.8889,18.58,40.8445,
,TOPFLOOR_PLENUM,1660.73,Yes,No,1.00,TOPFLOOR_PLENUM,GENERAL,TOPFLOOR_PLENUM,0.0000,0.00,0.0000,
,MIDFLOOR_PLENUM,1660.73,Yes,No,1.00,MIDFLOOR_PLENUM,GENERAL,MIDFLOOR_PLENUM,0.0000,0.00,0.0000,
,FIRSTFLOOR_PLENUM,1660.73,Yes,No,1.00,FIRSTFLOOR_PLENUM,GENERAL,FIRSTFLOOR_PLENUM,0.0000,0.00,0.0000,
,CORE_MID,983.54,Yes,Yes,1.00,CORE_MID,GENERAL,CORE_MID,6.8889,18.58,8.0700,
,CORE_TOP,983.54,Yes,Yes,1.00,CORE_TOP,GENERAL,CORE_TOP,6.8889,18.58,8.0700,
,PERIMETER_TOP_ZN_3,207.34,Yes,Yes,1.00,PERIMETER_TOP_ZN_3,GENERAL,PERIMETER_TOP_ZN_3,6.8889,18.58,8.0700,
,PERIMETER_TOP_ZN_2,131.26,Yes,Yes,1.00,PERIMETER_TOP_ZN_2,GENERAL,PERIMETER_TOP_ZN_2,6.8889,18.58,8.0695,
,PERIMETER_TOP_ZN_1,207.34,Yes,Yes,1.00,PERIMETER_TOP_ZN_1,GENERAL,PERIMETER_TOP_ZN_1,6.8889,18.58,8.0699,
,PERIMETER_TOP_ZN_4,131.25,Yes,Yes,1.00,PERIMETER_TOP_ZN_4,GENERAL,PERIMETER_TOP_ZN_4,6.8889,18.58,8.0700,
,PERIMETER_BOT_ZN_3,207.34,Yes,Yes,1.00,PERIMETER_BOT_ZN_3,GENERAL,PERIMETER_BOT_ZN_3,6.8889,18.58,8.0700,
,PERIMETER_BOT_ZN_2,131.26,Yes,Yes,1.00,PERIMETER_BOT_ZN_2,GENERAL,PERIMETER_BOT_ZN_2,6.8889,18.58,8.0695,
,PERIMETER_BOT_ZN_1,207.34,Yes,Yes,1.00,PERIMETER_BOT_ZN_1,GENERAL,PERIMETER_BOT_ZN_1,6.8889,18.58,8.0699,
,PERIMETER_BOT_ZN_4,131.25,Yes,Yes,1.00,PERIMETER_BOT_ZN_4,GENERAL,PERIMETER_BOT_ZN_4,6.8889,18.58,8.0700,
,PERIMETER_MID_ZN_3,207.34,Yes,Yes,1.00,PERIMETER_MID_ZN_3,GENERAL,PERIMETER_MID_ZN_3,6.8889,18.58,8.0700,
,PERIMETER_MID_ZN_2,131.26,Yes,Yes,1.00,PERIMETER_MID_ZN_2,GENERAL,PERIMETER_MID_ZN_2,6.8889,18.58,8.0695,
,PERIMETER_MID_ZN_1,207.34,Yes,Yes,1.00,PERIMETER_MID_ZN_1,GENERAL,PERIMETER_MID_ZN_1,6.8889,18.58,8.0699,
,PERIMETER_MID_ZN_4,131.25,Yes,Yes,1.00,PERIMETER_MID_ZN_4,GENERAL,PERIMETER_MID_ZN_4,6.8889,18.58,8.0700,
,Total,4982.19,,,,,,,6.8889,18.58,14.5400,
,Conditioned Total,4982.19,,,,,,,6.8889,18.58,14.5400,
,Unconditioned Total,0.00,,,,,,,0.0000,0.00,0.0000,
,Not Part of Total,4982.19,,,,,,,0.0000,0.00,0.0000,


Space Type Summary

,,Total Area [m2],Conditioned Area [m2],Unconditioned Area [m2],Not Part of Total Area [m2],Lighting [W/m2],People [m2 per person],Plug and Process [W/m2]
,GENERAL,4982.19,4982.19,0.00,4982.19,6.8889,18.58,14.5400
,Total,4982.19,4982.19,0.00,4982.19,,,


----------------------------------------------------------------------------------------------------
REPORT:,Demand End Use Components Summary
FOR:,Entire Facility
End Uses

,,Electricity [W],Natural Gas [W],Gasoline [W],Diesel [W],Coal [W],Fuel Oil No 1 [W],Fuel Oil No 2 [W],Propane [W],Other Fuel 1 [W],Other Fuel 2 [W],District Cooling [W],District Heating Water [W],District Heating Steam [W],Water [m3/s]
,Time of Peak,02-JUL-09:15,20-JAN-12:15,-,-,-,-,-,-,-,-,-,-,-,02-JAN-12:30
,Heating,0.00,0.00,0.00,0.00,0.00,0.00,0.00,0.00,0.00,0.00,0.00,0.00,0.00,0.00
,Cooling,67150.69,0.00,0.00,0.00,0.00,0.00,0.00,0.00,0.00,0.00,0.00,0.00,0.00,0.00
,Interior Lighting,20956.25,0.00,0.00,0.00,0.00,0.00,0.00,0.00,0.00,0.00,0.00,0.00,0.00,0.00
,Exterior Lighting,0.00,0.00,0.00,0.00,0.00,0.00,0.00,0.00,0.00,0.00,0.00,0.00,0.00,0.00
,Interior Equipment,46414.74,0.00,0.00,0.00,0.00,0.00,0.00,0.00,0.00,0.00,0.00,0.00,0.00,0.00
,Exterior Equipment,832.89,0.00,0.00,0.00,0.00,0.00,0.00,0.00,0.00,0.00,0.00,0.00,0.00,0.00
,Fans,33301.11,0.00,0.00,0.00,0.00,0.00,0.00,0.00,0.00,0.00,0.00,0.00,0.00,0.00
,Pumps,6.85,0.00,0.00,0.00,0.00,0.00,0.00,0.00,0.00,0.00,0.00,0.00,0.00,0.00
,Heat Rejection,0.00,0.00,0.00,0.00,0.00,0.00,0.00,0.00,0.00,0.00,0.00,0.00,0.00,0.00
,Humidification,0.00,0.00,0.00,0.00,0.00,0.00,0.00,0.00,0.00,0.00,0.00,0.00,0.00,0.00
,Heat Recovery,0.00,0.00,0.00,0.00,0.00,0.00,0.00,0.00,0.00,0.00,0.00,0.00,0.00,0.00
,Water Systems,0.00,13025.09,0.00,0.00,0.00,0.00,0.00,0.00,0.00,0.00,0.00,0.00,0.00,0.00
,Refrigeration,0.00,0.00,0.00,0.00,0.00,0.00,0.00,0.00,0.00,0.00,0.00,0.00,0.00,0.00
,Generators,0.00,0.00,0.00,0.00,0.00,0.00,0.00,0.00,0.00,0.00,0.00,0.00,0.00,0.00
,,,,,,,,,,,,,,,
,Total End Uses,168662.53,13025.09,0.00,0.00,0.00,0.00,0.00,0.00,0.00,0.00,0.00,0.00,0.00,0.00


End Uses By Subcategory

,,Subcategory,Electricity [W],Natural Gas [W],Gasoline [W],Diesel [W],Coal [W],Fuel Oil No 1 [W],Fuel Oil No 2 [W],Propane [W],Other Fuel 1 [W],Other Fuel 2 [W],District Cooling [W],District Heating Water [W],District Heating Steam [W],Water [m3/s]
,Heating,General,0.00,0.00,0.00,0.00,0.00,0.00,0.00,0.00,0.00,0.00,0.00,0.00,0.00,0.00
,Cooling,General,67150.69,0.00,0.00,0.00,0.00,0.00,0.00,0.00,0.00,0.00,0.00,0.00,0.00,0.00
,Interior Lighting,LightsWired,20956.25,0.00,0.00,0.00,0.00,0.00,0.00,0.00,0.00,0.00,0.00,0.00,0.00,0.00
,Exterior Lighting,General,0.00,0.00,0.00,0.00,0.00,0.00,0.00,0.00,0.00,0.00,0.00,0.00,0.00,0.00
,Interior Equipment,MiscPlug,34487.83,0.00,0.00,0.00,0.00,0.00,0.00,0.00,0.00,0.00,0.00,0.00,0.00,0.00
,,ElevatorLift,11880.66,0.00,0.00,0.00,0.00,0.00,0.00,0.00,0.00,0.00,0.00,0.00,0.00,0.00
,,ElevatorLightsFan,46.25,0.00,0.00,0.00,0.00,0.00,0.00,0.00,0.00,0.00,0.00,0.00,0.00,0.00
,Exterior Equipment,Transformer,832.89,0.00,0.00,0.00,0.00,0.00,0.00,0.00,0.00,0.00,0.00,0.00,0.00,0.00
,Fans,General,33301.11,0.00,0.00,0.00,0.00,0.00,0.00,0.00,0.00,0.00,0.00,0.00,0.00,0.00
,Pumps,General,6.85,0.00,0.00,0.00,0.00,0.00,0.00,0.00,0.00,0.00,0.00,0.00,0.00,0.00
,Heat Rejection,General,0.00,0.00,0.00,0.00,0.00,0.00,0.00,0.00,0.00,0.00,0.00,0.00,0.00,0.00
,Humidification,General,0.00,0.00,0.00,0.00,0.00,0.00,0.00,0.00,0.00,0.00,0.00,0.00,0.00,0.00
,Heat Recovery,General,0.00,0.00,0.00,0.00,0.00,0.00,0.00,0.00,0.00,0.00,0.00,0.00,0.00,0.00
,Water Systems,General,0.00,0.00,0.00,0.00,0.00,0.00,0.00,0.00,0.00,0.00,0.00,0.00,0.00,0.00
,,WaterUse,0.00,0.00,0.00,0.00,0.00,0.00,0.00,0.00,0.00,0.00,0.00,0.00,0.00,0.00
,,Water Heater,0.00,13025.09,0.00,0.00,0.00,0.00,0.00,0.00,0.00,0.00,0.00,0.00,0.00,0.00
,Refrigeration,General,0.00,0.00,0.00,0.00,0.00,0.00,0.00,0.00,0.00,0.00,0.00,0.00,0.00,0.00
,Generators,General,0.00,0.00,0.00,0.00,0.00,0.00,0.00,0.00,0.00,0.00,0.00,0.00,0.00,0.00


----------------------------------------------------------------------------------------------------
REPORT:,Source Energy End Use Components Summary
FOR:,Entire Facility
Values gathered over      2208.00 hours
WARNING: THE REPORT DOES NOT REPRESENT A FULL ANNUAL SIMULATION.

Source Energy End Use Components Summary

,,Source Electricity [GJ],Source Natural Gas [GJ],Source Gasoline [GJ],Source Diesel [GJ],Source Coal [GJ],Source Fuel Oil No 1 [GJ],Source Fuel Oil No 2 [GJ],Source Propane [GJ],Source Other Fuel 1 [GJ],Source Other Fuel 2 [GJ],Source District Cooling [GJ],Source District Heating Water [GJ],Source District Heating Steam [GJ]
,Heating,0.00,0.00,0.00,0.00,0.00,0.00,0.00,0.00,0.00,0.00,0.00,0.00,0.00
,Cooling,474.78,0.00,0.00,0.00,0.00,0.00,0.00,0.00,0.00,0.00,0.00,0.00,0.00
,Interior Lighting,194.15,0.00,0.00,0.00,0.00,0.00,0.00,0.00,0.00,0.00,0.00,0.00,0.00
,Exterior Lighting,36.81,0.00,0.00,0.00,0.00,0.00,0.00,0.00,0.00,0.00,0.00,0.00,0.00
,Interior Equipment,595.23,0.00,0.00,0.00,0.00,0.00,0.00,0.00,0.00,0.00,0.00,0.00,0.00
,Exterior Equipment,9.30,0.00,0.00,0.00,0.00,0.00,0.00,0.00,0.00,0.00,0.00,0.00,0.00
,Fans,94.97,0.00,0.00,0.00,0.00,0.00,0.00,0.00,0.00,0.00,0.00,0.00,0.00
,Pumps,0.12,0.00,0.00,0.00,0.00,0.00,0.00,0.00,0.00,0.00,0.00,0.00,0.00
,Heat Rejection,0.00,0.00,0.00,0.00,0.00,0.00,0.00,0.00,0.00,0.00,0.00,0.00,0.00
,Humidification,0.00,0.00,0.00,0.00,0.00,0.00,0.00,0.00,0.00,0.00,0.00,0.00,0.00
,Heat Recovery,0.00,0.00,0.00,0.00,0.00,0.00,0.00,0.00,0.00,0.00,0.00,0.00,0.00
,Water Systems,0.00,24.69,0.00,0.00,0.00,0.00,0.00,0.00,0.00,0.00,0.00,0.00,0.00
,Refrigeration,0.00,0.00,0.00,0.00,0.00,0.00,0.00,0.00,0.00,0.00,0.00,0.00,0.00
,Generators,0.00,0.00,0.00,0.00,0.00,0.00,0.00,0.00,0.00,0.00,0.00,0.00,0.00
,,,,,,,,,,,,,,
,Total Source Energy End Use Components,1405.36,24.69,0.00,0.00,0.00,0.00,0.00,0.00,0.00,0.00,0.00,0.00,0.00


Normalized Metrics
Source Energy End Use Components Per Conditioned Floor Area

,,Source Electricity [MJ/m2],Source Natural Gas [MJ/m2],Source Gasoline [MJ/m2],Source Diesel [MJ/m2],Source Coal [MJ/m2],Source Fuel Oil No 1 [MJ/m2],Source Fuel Oil No 2 [MJ/m2],Source Propane [MJ/m2],Source Other Fuel 1 [MJ/m2],Source Other Fuel 2 [MJ/m2],Source District Cooling [MJ/m2],Source District Heating Water [MJ/m2],Source District Heating Steam [MJ/m2]
,Heating,0.00,0.00,0.00,0.00,0.00,0.00,0.00,0.00,0.00,0.00,0.00,0.00,0.00
,Cooling,95.30,0.00,0.00,0.00,0.00,0.00,0.00,0.00,0.00,0.00,0.00,0.00,0.00
,Interior Lighting,38.97,0.00,0.00,0.00,0.00,0.00,0.00,0.00,0.00,0.00,0.00,0.00,0.00
,Exterior Lighting,7.39,0.00,0.00,0.00,0.00,0.00,0.00,0.00,0.00,0.00,0.00,0.00,0.00
,Interior Equipment,119.47,0.00,0.00,0.00,0.00,0.00,0.00,0.00,0.00,0.00,0.00,0.00,0.00
,Exterior Equipment,1.87,0.00,0.00,0.00,0.00,0.00,0.00,0.00,0.00,0.00,0.00,0.00,0.00
,Fans,19.06,0.00,0.00,0.00,0.00,0.00,0.00,0.00,0.00,0.00,0.00,0.00,0.00
,Pumps,0.02,0.00,0.00,0.00,0.00,0.00,0.00,0.00,0.00,0.00,0.00,0.00,0.00
,Heat Rejection,0.00,0.00,0.00,0.00,0.00,0.00,0.00,0.00,0.00,0.00,0.00,0.00,0.00
,Humidification,0.00,0.00,0.00,0.00,0.00,0.00,0.00,0.00,0.00,0.00,0.00,0.00,0.00
,Heat Recovery,0.00,0.00,0.00,0.00,0.00,0.00,0.00,0.00,0.00,0.00,0.00,0.00,0.00
,Water Systems,0.00,4.96,0.00,0.00,0.00,0.00,0.00,0.00,0.00,0.00,0.00,0.00,0.00
,Refrigeration,0.00,0.00,0.00,0.00,0.00,0.00,0.00,0.00,0.00,0.00,0.00,0.00,0.00
,Generators,0.00,0.00,0.00,0.00,0.00,0.00,0.00,0.00,0.00,0.00,0.00,0.00,0.00
,,,,,,,,,,,,,,
,Total Source Energy End Use Components,282.08,4.96,0.00,0.00,0.00,0.00,0.00,0.00,0.00,0.00,0.00,0.00,0.00


Source Energy End Use Components Per Total Floor Area

,,Source Electricity [MJ/m2],Source Natural Gas [MJ/m2],Source Gasoline [MJ/m2],Source Diesel [MJ/m2],Source Coal [MJ/m2],Source Fuel Oil No 1 [MJ/m2],Source Fuel Oil No 2 [MJ/m2],Source Propane [MJ/m2],Source Other Fuel 1 [MJ/m2],Source Other Fuel 2 [MJ/m2],Source District Cooling [MJ/m2],Source District Heating Water [MJ/m2],Source District Heating Steam [MJ/m2]
,Heating,0.00,0.00,0.00,0.00,0.00,0.00,0.00,0.00,0.00,0.00,0.00,0.00,0.00
,Cooling,95.30,0.00,0.00,0.00,0.00,0.00,0.00,0.00,0.00,0.00,0.00,0.00,0.00
,Interior Lighting,38.97,0.00,0.00,0.00,0.00,0.00,0.00,0.00,0.00,0.00,0.00,0.00,0.00
,Exterior Lighting,7.39,0.00,0.00,0.00,0.00,0.00,0.00,0.00,0.00,0.00,0.00,0.00,0.00
,Interior Equipment,119.47,0.00,0.00,0.00,0.00,0.00,0.00,0.00,0.00,0.00,0.00,0.00,0.00
,Exterior Equipment,1.87,0.00,0.00,0.00,0.00,0.00,0.00,0.00,0.00,0.00,0.00,0.00,0.00
,Fans,19.06,0.00,0.00,0.00,0.00,0.00,0.00,0.00,0.00,0.00,0.00,0.00,0.00
,Pumps,0.02,0.00,0.00,0.00,0.00,0.00,0.00,0.00,0.00,0.00,0.00,0.00,0.00
,Heat Rejection,0.00,0.00,0.00,0.00,0.00,0.00,0.00,0.00,0.00,0.00,0.00,0.00,0.00
,Humidification,0.00,0.00,0.00,0.00,0.00,0.00,0.00,0.00,0.00,0.00,0.00,0.00,0.00
,Heat Recovery,0.00,0.00,0.00,0.00,0.00,0.00,0.00,0.00,0.00,0.00,0.00,0.00,0.00
,Water Systems,0.00,4.96,0.00,0.00,0.00,0.00,0.00,0.00,0.00,0.00,0.00,0.00,0.00
,Refrigeration,0.00,0.00,0.00,0.00,0.00,0.00,0.00,0.00,0.00,0.00,0.00,0.00,0.00
,Generators,0.00,0.00,0.00,0.00,0.00,0.00,0.00,0.00,0.00,0.00,0.00,0.00,0.00
,,,,,,,,,,,,,,
,Total Source Energy End Use Components,282.08,4.96,0.00,0.00,0.00,0.00,0.00,0.00,0.00,0.00,0.00,0.00,0.00


----------------------------------------------------------------------------------------------------
REPORT:,Component Sizing Summary
FOR:,Entire Facility
AirTerminal:SingleDuct:VAV:Reheat

,,Design Size Maximum Air Flow Rate [m3/s],Design Size Constant Minimum Air Flow Fraction,User-Specified Constant Minimum Air Flow Fraction,Design Size Minimum Air Flow Rate [m3/s],Design Size Maximum Flow per Zone Floor Area during Reheat [m3/s-m2],Design Size Maximum Flow Fraction during Reheat []
,CORE_BOTTOM VAV BOX COMPONENT,3.89,0.192450,0.147000,0.572459,0.000582,0.147000
,CORE_MID VAV BOX COMPONENT,2.24,0.334324,0.256000,0.573875,0.000583,0.256000
,CORE_TOP VAV BOX COMPONENT,2.33,0.321703,0.250000,0.582412,0.000592,0.250000
,PERIMETER_TOP_ZN_3 VAV BOX COMPONENT,0.798471,0.197868,0.189000,0.150911,0.000728,0.189000
,PERIMETER_TOP_ZN_2 VAV BOX COMPONENT,0.777093,0.128713,0.098000,0.076155,0.000580,0.098000
,PERIMETER_TOP_ZN_1 VAV BOX COMPONENT,0.672462,0.234945,0.172000,0.115664,0.000558,0.172000
,PERIMETER_TOP_ZN_4 VAV BOX COMPONENT,0.883928,0.113149,0.088000,0.077786,0.000593,0.088000
,PERIMETER_BOT_ZN_3 VAV BOX COMPONENT,0.653894,0.241617,0.241000,0.157588,0.000760,0.241000
,PERIMETER_BOT_ZN_2 VAV BOX COMPONENT,0.642691,0.155630,0.122000,0.078408,0.000597,0.122000
,PERIMETER_BOT_ZN_1 VAV BOX COMPONENT,0.526644,0.299997,0.214000,0.112702,0.000544,0.214000
,PERIMETER_BOT_ZN_4 VAV BOX COMPONENT,0.675727,0.148011,0.111000,0.075006,0.000571,0.111000
,PERIMETER_MID_ZN_3 VAV BOX COMPONENT,0.716164,0.220608,0.216000,0.154691,0.000746,0.216000
,PERIMETER_MID_ZN_2 VAV BOX COMPONENT,0.784376,,,,0.000320,0.053500
,PERIMETER_MID_ZN_1 VAV BOX COMPONENT,0.591546,0.267083,0.192000,0.113577,0.000548,0.192000
,PERIMETER_MID_ZN_4 VAV BOX COMPONENT,0.830562,0.120419,0.094000,0.078073,0.000595,0.094000
User-Specified values were used. Design Size values were used if no User-Specified values were provided. Design Size values may be derived from alternate User-Specified values.


Coil:Heating:Electric

,,Design Size Nominal Capacity [W]
,CORE_BOTTOM VAV BOX REHEAT COIL,17124.06
,CORE_MID VAV BOX REHEAT COIL,18604.01
,CORE_TOP VAV BOX REHEAT COIL,34209.87
,PERIMETER_TOP_ZN_3 VAV BOX REHEAT COIL,14741.74
,PERIMETER_TOP_ZN_2 VAV BOX REHEAT COIL,9701.69
,PERIMETER_TOP_ZN_1 VAV BOX REHEAT COIL,14841.80
,PERIMETER_TOP_ZN_4 VAV BOX REHEAT COIL,9701.51
,PERIMETER_BOT_ZN_3 VAV BOX REHEAT COIL,11590.21
,PERIMETER_BOT_ZN_2 VAV BOX REHEAT COIL,7710.50
,PERIMETER_BOT_ZN_1 VAV BOX REHEAT COIL,11701.97
,PERIMETER_BOT_ZN_4 VAV BOX REHEAT COIL,7710.42
,PERIMETER_MID_ZN_3 VAV BOX REHEAT COIL,11623.12
,PERIMETER_MID_ZN_2 VAV BOX REHEAT COIL,7720.99
,PERIMETER_MID_ZN_1 VAV BOX REHEAT COIL,11716.28
,PERIMETER_MID_ZN_4 VAV BOX REHEAT COIL,7720.91
User-Specified values were used. Design Size values were used if no User-Specified values were provided.


AirLoopHVAC

,,Sum of Air Terminal Maximum Heating Flow Rates [m3/s],Sum of Air Terminal Minimum Heating Flow Rates [m3/s],Sum of Air Terminal Maximum Flow Rates [m3/s],Adjusted Heating Design Air Flow Rate [m3/s],Adjusted Cooling Design Air Flow Rate [m3/s],Adjusted Main Design Air Flow Rate [m3/s],User Heating Air Flow Ratio [],Calculated Heating Air Flow Ratio [],Design Supply Air Flow Rate [m3/s]
,PACU_VAV_BOT,0.996164,0.996164,6.39,1.72,5.85,5.85,0.300000,0.293837,5.85
,PACU_VAV_MID,0.996301,0.996301,5.16,1.92,4.47,4.47,0.300000,0.429608,4.47
,PACU_VAV_TOP,1.00,1.00,5.46,2.78,5.09,5.09,0.300000,0.546168,5.09
User-Specified values were used. Design Size values were used if no User-Specified values were provided.


Controller:OutdoorAir

,,Maximum Outdoor Air Flow Rate [m3/s]
,PACU_VAV_BOT_OA_CONTROLLER,5.85
,PACU_VAV_MID_OA_CONTROLLER,4.47
,PACU_VAV_TOP_OA_CONTROLLER,5.09
User-Specified values were used. Design Size values were used if no User-Specified values were provided.


Coil:Cooling:DX:TwoSpeed

,,Design Size High Speed Rated Air Flow Rate [m3/s],Design Size High Speed Gross Rated Total Cooling Capacity [W],Design Size High Speed Rated Sensible Heat Ratio,Design Size Low Speed Rated Air Flow Rate [m3/s],Design Size Low Speed Gross Rated Total Cooling Capacity [W],Design Size Low Speed Gross Rated Sensible Heat Ratio
,PACU_VAV_BOT_COOLC DXCOIL,5.85,97897.47,0.854491,1.95,32629.23,0.854491
,PACU_VAV_MID_COOLC DXCOIL,4.47,75800.81,0.847634,1.49,25264.41,0.847634
,PACU_VAV_TOP_COOLC DXCOIL,5.09,84984.89,0.855857,1.70,28325.46,0.855857
User-Specified values were used. Design Size values were used if no User-Specified values were provided.


Coil:Heating:Fuel

,,Design Size Nominal Capacity [W]
,PACU_VAV_BOT_HEATC,26769.86
,PACU_VAV_MID_HEATC,29482.18
,PACU_VAV_TOP_HEATC,28899.46
User-Specified values were used. Design Size values were used if no User-Specified values were provided.


Fan:VariableVolume

,,Design Size Maximum Flow Rate [m3/s],Design Electric Power Consumption [W]
,PACU_VAV_BOT FAN,5.85,12722.36
,PACU_VAV_MID FAN,4.47,9774.95
,PACU_VAV_TOP FAN,5.09,11075.27
User-Specified values were used. Design Size values were used if no User-Specified values were provided.


PlantLoop

,,Maximum Loop Flow Rate [m3/s],Plant Loop Volume [m3],Design Supply Temperature [C],Design Return Temperature [C],Sizing Option,Minimum Loop Flow Rate [m3/s],Design Capacity [W]
,SHWSYS1,0.000054,0.006435,60.00,55.00,NonCoincident,0.000000,1125.49
User-Specified values were used. Design Size values were used if no User-Specified values were provided.


Pump:ConstantSpeed

,,Design Flow Rate [m3/s],Design Power Consumption [W]
,SHWSYS1 PUMP,0.000054,6.85
User-Specified values were used. Design Size values were used if no User-Specified values were provided.


WaterHeater:Mixed

,,Use Side Design Flow Rate [m3/s]
,SHWSYS1 WATER HEATER,0.000054
User-Specified values were used. Design Size values were used if no User-Specified values were provided.


----------------------------------------------------------------------------------------------------
REPORT:,Surface Shadowing Summary
FOR:,Entire Facility
Surfaces (Walls, Roofs, etc) that may be Shadowed by Other Surfaces

,,None


Subsurfaces (Windows and Doors) that may be Shadowed by Surfaces

,,Possible Shadow Receivers
,PERIMETER_TOP_ZN_3_WALL_NORTH,PERIMETER_TOP_ZN_3_WALL_NORTH_WINDOW |
,PERIMETER_TOP_ZN_2_WALL_EAST,PERIMETER_TOP_ZN_2_WALL_EAST_WINDOW |
,PERIMETER_TOP_ZN_1_WALL_SOUTH,PERIMETER_TOP_ZN_1_WALL_SOUTH_WINDOW |
,PERIMETER_TOP_ZN_4_WALL_WEST,PERIMETER_TOP_ZN_4_WALL_WEST_WINDOW |
,PERIMETER_BOT_ZN_3_WALL_NORTH,PERIMETER_BOT_ZN_3_WALL_NORTH_DOOR1 | PERIMETER_BOT_ZN_3_WALL_NORTH_DOOR2 | PERIMETER_BOT_ZN_3_WALL_NORTH_WINDOW1 | PERIMETER_BOT_ZN_3_WALL_NORTH_WINDOW2 | PERIMETER_BOT_ZN_3_WALL_NORTH_WINDOW3 |
,PERIMETER_BOT_ZN_2_WALL_EAST,PERIMETER_BOT_ZN_2_WALL_EAST_DOOR | PERIMETER_BOT_ZN_2_WALL_EAST_WINDOW1 | PERIMETER_BOT_ZN_2_WALL_EAST_WINDOW2 |
,PERIMETER_BOT_ZN_1_WALL_SOUTH,PERIMETER_BOT_ZN_1_WALL_SOUTH_DOOR1 | PERIMETER_BOT_ZN_1_WALL_SOUTH_DOOR2 | PERIMETER_BOT_ZN_1_WALL_SOUTH_WINDOW1 | PERIMETER_BOT_ZN_1_WALL_SOUTH_WINDOW2 | PERIMETER_BOT_ZN_1_WALL_SOUTH_WINDOW3 |
,PERIMETER_BOT_ZN_4_WALL_WEST,PERIMETER_BOT_ZN_4_WALL_WEST_DOOR | PERIMETER_BOT_ZN_4_WALL_WEST_WINDOW1 | PERIMETER_BOT_ZN_4_WALL_WEST_WINDOW2 |
,PERIMETER_MID_ZN_3_WALL_NORTH,PERIMETER_MID_ZN_3_WALL_NORTH_WINDOW |
,PERIMETER_MID_ZN_2_WALL_EAST,PERIMETER_MID_ZN_2_WALL_EAST_WINDOW |
,PERIMETER_MID_ZN_1_WALL_SOUTH,PERIMETER_MID_ZN_1_WALL_SOUTH_WINDOW |
,PERIMETER_MID_ZN_4_WALL_WEST,PERIMETER_MID_ZN_4_WALL_WEST_WINDOW |


----------------------------------------------------------------------------------------------------
REPORT:,Adaptive Comfort Summary
FOR:,Entire Facility
Time Not Meeting the Adaptive Comfort Models during Occupied Hours

,,ASHRAE55 90% Acceptability Limits [Hours],ASHRAE55 80% Acceptability Limits  [Hours],CEN15251 Category I Acceptability Limits [Hours],CEN15251 Category II Acceptability Limits [Hours],CEN15251 Category III Acceptability Limits [Hours]


----------------------------------------------------------------------------------------------------
REPORT:,Initialization Summary
FOR:,Entire Facility
Version

,,Version ID
,1,26.1


Timesteps per Hour

,,#TimeSteps,Minutes per TimeStep {minutes}
,1,4,15


System Convergence Limits

,,Minimum System TimeStep {minutes},Max HVAC Iterations,Minimum Plant Iterations,Maximum Plant Iterations
,1,15,5,2,8


Simulation Control

,,Do Zone Sizing,Do System Sizing,Do Plant Sizing,Do Design Days,Do Weather Simulation,Do HVAC Sizing Simulation
,1,Yes,Yes,Yes,No,Yes,No


Performance Precision Tradeoffs

,,Use Coil Direct Simulation,Zone Radiant Exchange Algorithm,Override Mode,Number of Timestep In Hour,Force Euler Method,Minimum Number of Warmup Days,Force Suppress All Begin Environment Resets,Minimum System Timestep,MaxZoneTempDiff,MaxAllowedDelTemp
,1,No,ScriptF,Normal,4,No,1,No,15.0,0.300,2.0000E-003


Output Reporting Tolerances

,,Tolerance for Time Heating Setpoint Not Met,Tolerance for Zone Cooling Setpoint Not Met Time
,1,0.556,0.556


Site:GroundTemperature:BuildingSurface

,,Jan{C},Feb{C},Mar{C},Apr{C},May{C},Jun{C},Jul{C},Aug{C},Sep{C},Oct{C},Nov{C},Dec{C}
,1,18.00,18.00,18.00,18.00,18.00,18.00,18.00,18.00,18.00,18.00,18.00,18.00


Site:GroundTemperature:FCfactorMethod

,,Jan{C},Feb{C},Mar{C},Apr{C},May{C},Jun{C},Jul{C},Aug{C},Sep{C},Oct{C},Nov{C},Dec{C}
,1,7.10,3.00,-1.00,0.80,-0.20,4.80,6.10,13.70,22.20,22.70,21.70,18.50


Site:GroundTemperature:Shallow

,,Jan{C},Feb{C},Mar{C},Apr{C},May{C},Jun{C},Jul{C},Aug{C},Sep{C},Oct{C},Nov{C},Dec{C}
,1,13.00,13.00,13.00,13.00,13.00,13.00,13.00,13.00,13.00,13.00,13.00,13.00


Site:GroundTemperature:Deep

,,Jan{C},Feb{C},Mar{C},Apr{C},May{C},Jun{C},Jul{C},Aug{C},Sep{C},Oct{C},Nov{C},Dec{C}
,1,16.00,16.00,16.00,16.00,16.00,16.00,16.00,16.00,16.00,16.00,16.00,16.00


Site:GroundReflectance

,,Jan{dimensionless},Feb{dimensionless},Mar{dimensionless},Apr{dimensionless},May{dimensionless},Jun{dimensionless},Jul{dimensionless},Aug{dimensionless},Sep{dimensionless},Oct{dimensionless},Nov{dimensionless},Dec{dimensionless}
,1,0.20,0.20,0.20,0.20,0.20,0.20,0.20,0.20,0.20,0.20,0.20,0.20


Site:GroundReflectance:SnowModifier

,,Normal,Daylighting {dimensionless}
,1,1.000,1.000


Site:GroundReflectance:Snow

,,Jan{dimensionless},Feb{dimensionless},Mar{dimensionless},Apr{dimensionless},May{dimensionless},Jun{dimensionless},Jul{dimensionless},Aug{dimensionless},Sep{dimensionless},Oct{dimensionless},Nov{dimensionless},Dec{dimensionless}
,1,0.20,0.20,0.20,0.20,0.20,0.20,0.20,0.20,0.20,0.20,0.20,0.20


Site:GroundReflectance:Snow:Daylighting

,,Jan{dimensionless},Feb{dimensionless},Mar{dimensionless},Apr{dimensionless},May{dimensionless},Jun{dimensionless},Jul{dimensionless},Aug{dimensionless},Sep{dimensionless},Oct{dimensionless},Nov{dimensionless},Dec{dimensionless}
,1,0.20,0.20,0.20,0.20,0.20,0.20,0.20,0.20,0.20,0.20,0.20,0.20


Environment:Weather Station

,,Wind Sensor Height Above Ground {m},Wind Speed Profile Exponent {},Wind Speed Profile Boundary Layer Thickness {m},Air Temperature Sensor Height Above Ground {m},Wind Speed Modifier Coefficient-Internal,Temperature Modifier Coefficient-Internal
,1,10.000,0.140,270.000,1.500,1.586,9.750E-003


Site:Location

,,Location Name,Latitude {N+/S- Deg},Longitude {E+/W- Deg},Time Zone Number {GMT+/-},Elevation {m},Standard Pressure at Elevation {Pa},Standard RhoAir at Elevation
,1,Bangalore Karnataka IND ISHRAE WMO#=432950,12.97,77.58,5.50,921.00,90739,1.0785


Site Water Mains Temperature Information

,,Calculation Method{},Water Mains Temperature Schedule Name{},Annual Average Outdoor Air Temperature{C},Maximum Difference In Monthly Average Outdoor Air Temperatures{deltaC},Fixed Default Water Mains Temperature{C}
,1,Correlation,NA,9.95,23.70,NA


Building Information

,,Building Name,North Axis {deg},Terrain,Loads Convergence Tolerance Value,Temperature Convergence Tolerance Value,Solar Distribution,Maximum Number of Warmup Days,Minimum Number of Warmup Days
,1,OfficeMedium,0.000,City,4.00000E-002,0.20000,MinimalShadowing,15,6


Inside Convection Algorithm

,,Algorithm {Simple
,,TARP
,,CeilingDiffuser
,,AdaptiveConvectionAlgorithm}
,1,TARP


Outside Convection Algorithm

,,Algorithm {SimpleCombined
,,TARP
,,MoWitt
,,DOE-2
,,AdaptiveConvectionAlgorithm}
,1,TARP


Sky Radiance Distribution

,,Value {Anisotropic}
,1,Anisotropic


Zone Air Solution Algorithm

,,Algorithm {ThirdOrderBackwardDifference,Space Heat Balance Sizing,Space Heat Balance Simulation
,,AnalyticalSolution,,
,,EulerMethod},,
,1,ThirdOrderBackwardDifference,No,No


Zone Air Carbon Dioxide Balance Simulation

,,Simulation {Yes/No},Carbon Dioxide Concentration
,1,No,N/A


Zone Air Generic Contaminant Balance Simulation

,,Simulation {Yes/No},Generic Contaminant Concentration
,1,No,N/A


Zone Air Mass Flow Balance Simulation

,,Enforce Mass Balance,Adjust Zone Mixing and Return {AdjustMixingOnly,Adjust Zone Infiltration {AddInfiltration,Infiltration Zones {MixingSourceZonesOnly
,,,AdjustReturnOnly,AdjustInfiltration,AllZones}
,,,AdjustMixingThenReturn,None},
,,,AdjustReturnThenMixing,,
,,,None},,
,1,No,N/A,N/A,N/A


HVACSystemRootFindingAlgorithm

,,Value {RegulaFalsi
,,Bisection
,,BisectionThenRegulaFalsi
,,RegulaFalsiThenBisection}
,1,RegulaFalsi


Environment:Site Atmospheric Variation

,,Wind Speed Profile Exponent {},Wind Speed Profile Boundary Layer Thickness {m},Air Temperature Gradient Coefficient {K/m}
,1,0.330,460.000,6.500000E-003


Shadowing/Sun Position Calculations Annual Simulations

,,Shading Calculation Method,Shading Calculation Update Frequency Method,Shading Calculation Update Frequency {days},Maximum Figures in Shadow Overlap Calculations {},Polygon Clipping Algorithm,Pixel Counting Resolution,Sky Diffuse Modeling Algorithm,Output External Shading Calculation Results,Disable Self-Shading Within Shading Zone Groups,Disable Self-Shading From Shading Zone Groups to Other Zones
,1,PolygonClipping,Periodic,30,15000,SutherlandHodgman,512,SimpleSkyDiffuseModeling,No,No,No


Surface Geometry

,,Starting Corner,Vertex Input Direction,Coordinate System,Daylight Reference Point Coordinate System,Rectangular (Simple) Surface Coordinate System
,1,UpperLeftCorner,Counterclockwise,RelativeCoordinateSystem,RelativeCoordinateSystem,RelativeToZoneOrigin


Surface Heat Transfer Algorithm

,,Value {CTF - ConductionTransferFunction,Inside Surface Max Temperature Limit{C},Surface Convection Coefficient Lower Limit {W/m2-K},Surface Convection Coefficient Upper Limit {W/m2-K}
,,EMPD - MoisturePenetrationDepthConductionTransferFunction,,,
,,CondFD - ConductionFiniteDifference,,,
,,HAMT - CombinedHeatAndMoistureFiniteElement} - Description,,,
,1,CTF - ConductionTransferFunction,200,0.10,1000.0


Shading Summary

,,Number of Fixed Detached Shades,Number of Building Detached Shades,Number of Attached Shades
,1,0,0,0


Zone Summary

,,Number of Zones,Number of Zone Surfaces,Number of SubSurfaces
,1,18,167,24


Zone Information

,,Zone Name,North Axis {deg},Origin X-Coordinate {m},Origin Y-Coordinate {m},Origin Z-Coordinate {m},Centroid X-Coordinate {m},Centroid Y-Coordinate {m},Centroid Z-Coordinate {m},Type,Zone Multiplier,Zone List Multiplier,Minimum X {m},Maximum X {m},Minimum Y {m},Maximum Y {m},Minimum Z {m},Maximum Z {m},Ceiling Height {m},Volume {m3},Zone Inside Convection Algorithm {Simple-Detailed-CeilingDiffuser-TrombeWall},Zone Outside Convection Algorithm {Simple-Detailed-Tarp-MoWitt-DOE-2-BLAST},Floor Area {m2},Exterior Gross Wall Area {m2},Exterior Net Wall Area {m2},Exterior Window Area {m2},Number of Surfaces,Number of SubSurfaces,Number of Shading SubSurfaces,Part of Total Building Area
,1,CORE_BOTTOM,0.0,0.00,0.00,0.00,24.96,16.64,1.37,1,1,1,4.57,45.34,4.57,28.70,0.00,2.74,2.74,2698.04,TARP,TARP,983.54,0.00,0.00,0.00,6,0,0,Yes
,2,TOPFLOOR_PLENUM,0.0,0.00,0.00,0.00,24.96,16.64,11.28,1,1,1,0.00,49.91,0.00,33.27,10.67,11.89,1.22,2024.76,TARP,TARP,1660.73,202.84,202.84,0.00,10,0,0,No
,3,MIDFLOOR_PLENUM,0.0,0.00,0.00,0.00,24.96,16.64,7.32,1,1,1,0.00,49.91,0.00,33.27,6.71,7.92,1.22,2024.76,TARP,TARP,1660.73,202.84,202.84,0.00,14,0,0,No
,4,FIRSTFLOOR_PLENUM,0.0,0.00,0.00,0.00,24.96,16.64,3.35,1,1,1,0.00,49.91,0.00,33.27,2.74,3.96,1.22,2024.76,TARP,TARP,1660.73,202.84,202.84,0.00,14,0,0,No
,5,CORE_MID,0.0,0.00,0.00,0.00,24.96,16.64,5.33,1,1,1,4.57,45.34,4.57,28.70,3.96,6.71,2.74,2698.04,TARP,TARP,983.54,0.00,0.00,0.00,6,0,0,Yes
,6,CORE_TOP,0.0,0.00,0.00,0.00,24.96,16.64,9.30,1,1,1,4.57,45.34,4.57,28.70,7.92,10.67,2.74,2698.04,TARP,TARP,983.54,0.00,0.00,0.00,6,0,0,Yes
,7,PERIMETER_TOP_ZN_3,0.0,0.00,0.00,0.00,24.96,31.11,9.30,1,1,1,0.00,49.91,28.70,33.27,7.92,10.67,2.74,568.77,TARP,TARP,207.34,136.92,71.65,65.26,6,1,0,Yes
,8,PERIMETER_TOP_ZN_2,0.0,0.00,0.00,0.00,47.82,16.64,9.30,1,1,1,45.34,49.91,0.00,33.27,7.92,10.67,2.74,360.08,TARP,TARP,131.26,91.28,47.77,43.51,6,1,0,Yes
,9,PERIMETER_TOP_ZN_1,0.0,0.00,0.00,0.00,24.96,2.16,9.30,1,1,1,0.00,49.91,0.00,4.57,7.92,10.67,2.74,568.77,TARP,TARP,207.34,136.92,71.65,65.26,6,1,0,Yes
,10,PERIMETER_TOP_ZN_4,0.0,0.00,0.00,0.00,2.09,16.64,9.30,1,1,1,0.00,4.57,0.00,33.27,7.92,10.67,2.74,360.05,TARP,TARP,131.25,91.28,47.77,43.51,6,1,0,Yes
,11,PERIMETER_BOT_ZN_3,0.0,0.00,0.00,0.00,24.96,31.11,1.37,1,1,1,0.00,49.91,28.70,33.27,0.00,2.74,2.74,568.77,TARP,TARP,207.34,136.92,67.75,65.26,6,5,0,Yes
,12,PERIMETER_BOT_ZN_2,0.0,0.00,0.00,0.00,47.82,16.64,1.37,1,1,1,45.34,49.91,0.00,33.27,0.00,2.74,2.74,360.08,TARP,TARP,131.26,91.28,45.82,43.51,6,3,0,Yes
,13,PERIMETER_BOT_ZN_1,0.0,0.00,0.00,0.00,24.96,2.16,1.37,1,1,1,0.00,49.91,0.00,4.57,0.00,2.74,2.74,568.77,TARP,TARP,207.34,136.92,67.75,65.26,6,5,0,Yes
,14,PERIMETER_BOT_ZN_4,0.0,0.00,0.00,0.00,2.09,16.64,1.37,1,1,1,0.00,4.57,0.00,33.27,0.00,2.74,2.74,360.05,TARP,TARP,131.25,91.28,45.82,43.51,6,3,0,Yes
,15,PERIMETER_MID_ZN_3,0.0,0.00,0.00,0.00,24.96,31.11,5.33,1,1,1,0.00,49.91,28.70,33.27,3.96,6.71,2.74,568.77,TARP,TARP,207.34,136.92,71.65,65.26,6,1,0,Yes
,16,PERIMETER_MID_ZN_2,0.0,0.00,0.00,0.00,47.82,16.64,5.33,1,1,1,45.34,49.91,0.00,33.27,3.96,6.71,2.74,360.08,TARP,TARP,131.26,91.28,47.77,43.51,6,1,0,Yes
,17,PERIMETER_MID_ZN_1,0.0,0.00,0.00,0.00,24.96,2.16,5.33,1,1,1,0.00,49.91,0.00,4.57,3.96,6.71,2.74,568.77,TARP,TARP,207.34,136.92,71.65,65.26,6,1,0,Yes
,18,PERIMETER_MID_ZN_4,0.0,0.00,0.00,0.00,2.09,16.64,5.33,1,1,1,0.00,4.57,0.00,33.27,3.96,6.71,2.74,360.05,TARP,TARP,131.25,91.28,47.77,43.51,6,1,0,Yes


Zone Internal Gains Nominal

,,Zone Name,Floor Area {m2},# Occupants,Area per Occupant {m2/person},Occupant per Area {person/m2},Interior Lighting {W/m2},Electric Load {W/m2},Gas Load {W/m2},Other Load {W/m2},Hot Water Eq {W/m2},Steam Equipment {W/m2},Sum Loads per Area {W/m2},Outdoor Controlled Baseboard Heat
,1,CORE_BOTTOM,983.54,52.9,18.579,5.382E-002,6.889,40.844,0.000,0.000,0.000,0.000,47.733,No
,2,TOPFLOOR_PLENUM,1660.73,0.0,N/A,0.000,0.000,0.000,0.000,0.000,0.000,0.000,0.000,No
,3,MIDFLOOR_PLENUM,1660.73,0.0,N/A,0.000,0.000,0.000,0.000,0.000,0.000,0.000,0.000,No
,4,FIRSTFLOOR_PLENUM,1660.73,0.0,N/A,0.000,0.000,0.000,0.000,0.000,0.000,0.000,0.000,No
,5,CORE_MID,983.54,52.9,18.579,5.382E-002,6.889,8.070,0.000,0.000,0.000,0.000,14.959,No
,6,CORE_TOP,983.54,52.9,18.579,5.382E-002,6.889,8.070,0.000,0.000,0.000,0.000,14.959,No
,7,PERIMETER_TOP_ZN_3,207.34,11.2,18.579,5.382E-002,6.889,8.070,0.000,0.000,0.000,0.000,14.959,No
,8,PERIMETER_TOP_ZN_2,131.26,7.1,18.579,5.382E-002,6.889,8.069,0.000,0.000,0.000,0.000,14.958,No
,9,PERIMETER_TOP_ZN_1,207.34,11.2,18.579,5.382E-002,6.889,8.070,0.000,0.000,0.000,0.000,14.959,No
,10,PERIMETER_TOP_ZN_4,131.25,7.1,18.579,5.382E-002,6.889,8.070,0.000,0.000,0.000,0.000,14.959,No
,11,PERIMETER_BOT_ZN_3,207.34,11.2,18.579,5.382E-002,6.889,8.070,0.000,0.000,0.000,0.000,14.959,No
,12,PERIMETER_BOT_ZN_2,131.26,7.1,18.579,5.382E-002,6.889,8.069,0.000,0.000,0.000,0.000,14.958,No
,13,PERIMETER_BOT_ZN_1,207.34,11.2,18.579,5.382E-002,6.889,8.070,0.000,0.000,0.000,0.000,14.959,No
,14,PERIMETER_BOT_ZN_4,131.25,7.1,18.579,5.382E-002,6.889,8.070,0.000,0.000,0.000,0.000,14.959,No
,15,PERIMETER_MID_ZN_3,207.34,11.2,18.579,5.382E-002,6.889,8.070,0.000,0.000,0.000,0.000,14.959,No
,16,PERIMETER_MID_ZN_2,131.26,7.1,18.579,5.382E-002,6.889,8.069,0.000,0.000,0.000,0.000,14.958,No
,17,PERIMETER_MID_ZN_1,207.34,11.2,18.579,5.382E-002,6.889,8.070,0.000,0.000,0.000,0.000,14.959,No
,18,PERIMETER_MID_ZN_4,131.25,7.1,18.579,5.382E-002,6.889,8.070,0.000,0.000,0.000,0.000,14.959,No


People Internal Gains Nominal

,,Name,Schedule Name,Zone Name,Zone Floor Area {m2},# Zone Occupants,Number of People {},People/Floor Area {person/m2},Floor Area per person {m2/person},Fraction Radiant,Fraction Convected,Sensible Fraction Calculation,Activity level,ASHRAE 55 Warnings,Carbon Dioxide Generation Rate,Minimum Number of People for All Day Types,Maximum Number of People for All Day Types,Minimum Number of People for Weekdays,Maximum Number of People for Weekdays,Minimum Number of People for Weekends/Holidays,Maximum Number of People for Weekends /Holidays,Minimum Number of People for Summer Design Days,Maximum Number of People for Summer Design Days,Minimum Number of People for Winter Design Days,Maximum Number of People for Winter Design Days,MRT Calculation Type,Work Efficiency,Clothing Insulation Calculation Method,Clothing Insulation Calculation Method Schedule,Clothing,Air Velocity,Fanger Calculation,Pierce Calculation,KSU Calculation,Cooling Effect Calculation,Ankle Draft Calculation
,1,CORE_BOTTOM,BLDG_OCC_SCH_WO_SB,CORE_BOTTOM,983.54,52.9,52.9,5.382E-002,18.579,0.300,0.700,AutoCalculate,ACTIVITY_SCH,No,3.8200E-008,0.0,52.9,0.0,51.7,0.0,16.3,5.3E-008,52.9,0.0,0.0,Zone Averaged,WORK_EFF_SCH,Clothing Insulation Schedule,N/A,CLOTHING_SCH,AIR_VELO_SCH,Yes,No,No,No,No
,2,CORE_MID,BLDG_OCC_SCH_WO_SB,CORE_MID,983.54,52.9,52.9,5.382E-002,18.579,0.300,0.700,AutoCalculate,ACTIVITY_SCH,No,3.8200E-008,0.0,52.9,0.0,51.7,0.0,16.3,5.3E-008,52.9,0.0,0.0,Zone Averaged,WORK_EFF_SCH,Clothing Insulation Schedule,N/A,CLOTHING_SCH,AIR_VELO_SCH,Yes,No,No,No,No
,3,CORE_TOP,BLDG_OCC_SCH_WO_SB,CORE_TOP,983.54,52.9,52.9,5.382E-002,18.579,0.300,0.700,AutoCalculate,ACTIVITY_SCH,No,3.8200E-008,0.0,52.9,0.0,51.7,0.0,16.3,5.3E-008,52.9,0.0,0.0,Zone Averaged,WORK_EFF_SCH,Clothing Insulation Schedule,N/A,CLOTHING_SCH,AIR_VELO_SCH,Yes,No,No,No,No
,4,PERIMETER_TOP_ZN_3,BLDG_OCC_SCH_WO_SB,PERIMETER_TOP_ZN_3,207.34,11.2,11.2,5.382E-002,18.579,0.300,0.700,AutoCalculate,ACTIVITY_SCH,No,3.8200E-008,0.0,11.2,0.0,10.9,0.0,3.4,1.1E-008,11.2,0.0,0.0,Zone Averaged,WORK_EFF_SCH,Clothing Insulation Schedule,N/A,CLOTHING_SCH,AIR_VELO_SCH,Yes,No,No,No,No
,5,PERIMETER_TOP_ZN_2,BLDG_OCC_SCH_WO_SB,PERIMETER_TOP_ZN_2,131.26,7.1,7.1,5.382E-002,18.579,0.300,0.700,AutoCalculate,ACTIVITY_SCH,No,3.8200E-008,0.0,7.1,0.0,6.9,0.0,2.2,7.1E-009,7.1,0.0,0.0,Zone Averaged,WORK_EFF_SCH,Clothing Insulation Schedule,N/A,CLOTHING_SCH,AIR_VELO_SCH,Yes,No,No,No,No
,6,PERIMETER_TOP_ZN_1,BLDG_OCC_SCH_WO_SB,PERIMETER_TOP_ZN_1,207.34,11.2,11.2,5.382E-002,18.579,0.300,0.700,AutoCalculate,ACTIVITY_SCH,No,3.8200E-008,0.0,11.2,0.0,10.9,0.0,3.4,1.1E-008,11.2,0.0,0.0,Zone Averaged,WORK_EFF_SCH,Clothing Insulation Schedule,N/A,CLOTHING_SCH,AIR_VELO_SCH,Yes,No,No,No,No
,7,PERIMETER_TOP_ZN_4,BLDG_OCC_SCH_WO_SB,PERIMETER_TOP_ZN_4,131.25,7.1,7.1,5.382E-002,18.579,0.300,0.700,AutoCalculate,ACTIVITY_SCH,No,3.8200E-008,0.0,7.1,0.0,6.9,0.0,2.2,7.1E-009,7.1,0.0,0.0,Zone Averaged,WORK_EFF_SCH,Clothing Insulation Schedule,N/A,CLOTHING_SCH,AIR_VELO_SCH,Yes,No,No,No,No
,8,PERIMETER_BOT_ZN_3,BLDG_OCC_SCH_WO_SB,PERIMETER_BOT_ZN_3,207.34,11.2,11.2,5.382E-002,18.579,0.300,0.700,AutoCalculate,ACTIVITY_SCH,No,3.8200E-008,0.0,11.2,0.0,10.9,0.0,3.4,1.1E-008,11.2,0.0,0.0,Zone Averaged,WORK_EFF_SCH,Clothing Insulation Schedule,N/A,CLOTHING_SCH,AIR_VELO_SCH,Yes,No,No,No,No
,9,PERIMETER_BOT_ZN_2,BLDG_OCC_SCH_WO_SB,PERIMETER_BOT_ZN_2,131.26,7.1,7.1,5.382E-002,18.579,0.300,0.700,AutoCalculate,ACTIVITY_SCH,No,3.8200E-008,0.0,7.1,0.0,6.9,0.0,2.2,7.1E-009,7.1,0.0,0.0,Zone Averaged,WORK_EFF_SCH,Clothing Insulation Schedule,N/A,CLOTHING_SCH,AIR_VELO_SCH,Yes,No,No,No,No
,10,PERIMETER_BOT_ZN_1,BLDG_OCC_SCH_WO_SB,PERIMETER_BOT_ZN_1,207.34,11.2,11.2,5.382E-002,18.579,0.300,0.700,AutoCalculate,ACTIVITY_SCH,No,3.8200E-008,0.0,11.2,0.0,10.9,0.0,3.4,1.1E-008,11.2,0.0,0.0,Zone Averaged,WORK_EFF_SCH,Clothing Insulation Schedule,N/A,CLOTHING_SCH,AIR_VELO_SCH,Yes,No,No,No,No
,11,PERIMETER_BOT_ZN_4,BLDG_OCC_SCH_WO_SB,PERIMETER_BOT_ZN_4,131.25,7.1,7.1,5.382E-002,18.579,0.300,0.700,AutoCalculate,ACTIVITY_SCH,No,3.8200E-008,0.0,7.1,0.0,6.9,0.0,2.2,7.1E-009,7.1,0.0,0.0,Zone Averaged,WORK_EFF_SCH,Clothing Insulation Schedule,N/A,CLOTHING_SCH,AIR_VELO_SCH,Yes,No,No,No,No
,12,PERIMETER_MID_ZN_3,BLDG_OCC_SCH_WO_SB,PERIMETER_MID_ZN_3,207.34,11.2,11.2,5.382E-002,18.579,0.300,0.700,AutoCalculate,ACTIVITY_SCH,No,3.8200E-008,0.0,11.2,0.0,10.9,0.0,3.4,1.1E-008,11.2,0.0,0.0,Zone Averaged,WORK_EFF_SCH,Clothing Insulation Schedule,N/A,CLOTHING_SCH,AIR_VELO_SCH,Yes,No,No,No,No
,13,PERIMETER_MID_ZN_2,BLDG_OCC_SCH_W_SB,PERIMETER_MID_ZN_2,131.26,7.1,7.1,5.382E-002,18.579,0.300,0.700,AutoCalculate,ACTIVITY_SCH,No,3.8200E-008,0.0,7.1,0.0,6.7,0.0,2.1,7.1E-009,7.1,0.0,0.0,Zone Averaged,WORK_EFF_SCH,Clothing Insulation Schedule,N/A,CLOTHING_SCH,AIR_VELO_SCH,Yes,No,No,No,No
,14,PERIMETER_MID_ZN_1,BLDG_OCC_SCH_WO_SB,PERIMETER_MID_ZN_1,207.34,11.2,11.2,5.382E-002,18.579,0.300,0.700,AutoCalculate,ACTIVITY_SCH,No,3.8200E-008,0.0,11.2,0.0,10.9,0.0,3.4,1.1E-008,11.2,0.0,0.0,Zone Averaged,WORK_EFF_SCH,Clothing Insulation Schedule,N/A,CLOTHING_SCH,AIR_VELO_SCH,Yes,No,No,No,No
,15,PERIMETER_MID_ZN_4,BLDG_OCC_SCH_WO_SB,PERIMETER_MID_ZN_4,131.25,7.1,7.1,5.382E-002,18.579,0.300,0.700,AutoCalculate,ACTIVITY_SCH,No,3.8200E-008,0.0,7.1,0.0,6.9,0.0,2.2,7.1E-009,7.1,0.0,0.0,Zone Averaged,WORK_EFF_SCH,Clothing Insulation Schedule,N/A,CLOTHING_SCH,AIR_VELO_SCH,Yes,No,No,No,No


Lights Internal Gains Nominal

,,Name,Schedule Name,Zone Name,Zone Floor Area {m2},# Zone Occupants,Lighting Level {W},Lights/Floor Area {W/m2},Lights per person {W/person},Fraction Return Air,Fraction Radiant,Fraction Short Wave,Fraction Convected,Fraction Replaceable,End-Use,Minimum Lighting Level for All Day Types {W},Maximum Lighting Level for All Day Types {W},Minimum Lighting Level for Weekdays {W},Maximum Lighting Level for Weekdays {W},Minimum Lighting Level for Weekends/Holidays {W},Maximum Lighting Level for Weekends /Holidays {W},Minimum Lighting Level for Summer Design Days {W},Maximum Lighting Level for Summer Design Days {W},Minimum Lighting Level for Winter Design Days {W},Maximum Lighting Level for Winter Design Days {W}
,1,CORE_BOTTOM_LIGHTS,BLDG_LIGHT_SCH,CORE_BOTTOM,983.54,52.9,6775.488,6.889,127.988,0.000,0.700,0.200,0.100,1.000,LightsWired,0.000,6775.488,292.134,5258.4,292.134,1752.803,6775.488,6775.488,0.000,0.000
,2,CORE_MID_LIGHTS,BLDG_LIGHT_SCH,CORE_MID,983.54,52.9,6775.488,6.889,127.988,0.000,0.700,0.200,0.100,1.000,LightsWired,0.000,6775.488,292.134,5258.4,292.134,1752.803,6775.488,6775.488,0.000,0.000
,3,CORE_TOP_LIGHTS,BLDG_LIGHT_SCH,CORE_TOP,983.54,52.9,6775.488,6.889,127.988,0.000,0.700,0.200,0.100,1.000,LightsWired,0.000,6775.488,292.134,5258.4,292.134,1752.803,6775.488,6775.488,0.000,0.000
,4,PERIMETER_TOP_ZN_3_LIGHTS,BLDG_LIGHT_SCH,PERIMETER_TOP_ZN_3,207.34,11.2,1428.332,6.889,127.988,0.000,0.700,0.200,0.100,1.000,LightsWired,0.000,1428.332,61.584,1108.5,61.584,369.506,1428.332,1428.332,0.000,0.000
,5,PERIMETER_TOP_ZN_2_LIGHTS,BLDG_LIGHT_SCH,PERIMETER_TOP_ZN_2,131.26,7.1,904.252,6.889,127.988,0.000,0.700,0.200,0.100,1.000,LightsWired,0.000,904.252,38.988,701.8,38.988,233.928,904.252,904.252,0.000,0.000
,6,PERIMETER_TOP_ZN_1_LIGHTS,BLDG_LIGHT_SCH,PERIMETER_TOP_ZN_1,207.34,11.2,1428.332,6.889,127.988,0.000,0.700,0.200,0.100,1.000,LightsWired,0.000,1428.332,61.584,1108.5,61.584,369.506,1428.332,1428.332,0.000,0.000
,7,PERIMETER_TOP_ZN_4_LIGHTS,BLDG_LIGHT_SCH,PERIMETER_TOP_ZN_4,131.25,7.1,904.193,6.889,127.988,0.000,0.700,0.200,0.100,1.000,LightsWired,0.000,904.193,38.985,701.7,38.985,233.913,904.193,904.193,0.000,0.000
,8,PERIMETER_BOT_ZN_3_LIGHTS,BLDG_LIGHT_SCH,PERIMETER_BOT_ZN_3,207.34,11.2,1428.332,6.889,127.988,0.000,0.700,0.200,0.100,1.000,LightsWired,0.000,1428.332,61.584,1108.5,61.584,369.506,1428.332,1428.332,0.000,0.000
,9,PERIMETER_BOT_ZN_2_LIGHTS,BLDG_LIGHT_SCH,PERIMETER_BOT_ZN_2,131.26,7.1,904.252,6.889,127.988,0.000,0.700,0.200,0.100,1.000,LightsWired,0.000,904.252,38.988,701.8,38.988,233.928,904.252,904.252,0.000,0.000
,10,PERIMETER_BOT_ZN_1_LIGHTS,BLDG_LIGHT_SCH,PERIMETER_BOT_ZN_1,207.34,11.2,1428.332,6.889,127.988,0.000,0.700,0.200,0.100,1.000,LightsWired,0.000,1428.332,61.584,1108.5,61.584,369.506,1428.332,1428.332,0.000,0.000
,11,PERIMETER_BOT_ZN_4_LIGHTS,BLDG_LIGHT_SCH,PERIMETER_BOT_ZN_4,131.25,7.1,904.193,6.889,127.988,0.000,0.700,0.200,0.100,1.000,LightsWired,0.000,904.193,38.985,701.7,38.985,233.913,904.193,904.193,0.000,0.000
,12,PERIMETER_MID_ZN_3_LIGHTS,BLDG_LIGHT_SCH,PERIMETER_MID_ZN_3,207.34,11.2,1428.332,6.889,127.988,0.000,0.700,0.200,0.100,1.000,LightsWired,0.000,1428.332,61.584,1108.5,61.584,369.506,1428.332,1428.332,0.000,0.000
,13,PERIMETER_MID_ZN_2_LIGHTS,BLDG_LIGHT_SCH,PERIMETER_MID_ZN_2,131.26,7.1,904.252,6.889,127.988,0.000,0.700,0.200,0.100,1.000,LightsWired,0.000,904.252,38.988,701.8,38.988,233.928,904.252,904.252,0.000,0.000
,14,PERIMETER_MID_ZN_1_LIGHTS,BLDG_LIGHT_SCH,PERIMETER_MID_ZN_1,207.34,11.2,1428.332,6.889,127.988,0.000,0.700,0.200,0.100,1.000,LightsWired,0.000,1428.332,61.584,1108.5,61.584,369.506,1428.332,1428.332,0.000,0.000
,15,PERIMETER_MID_ZN_4_LIGHTS,BLDG_LIGHT_SCH,PERIMETER_MID_ZN_4,131.25,7.1,904.193,6.889,127.988,0.000,0.700,0.200,0.100,1.000,LightsWired,0.000,904.193,38.985,701.7,38.985,233.913,904.193,904.193,0.000,0.000


ElectricEquipment Internal Gains Nominal

,,Name,Schedule Name,Zone Name,Zone Floor Area {m2},# Zone Occupants,Equipment Level {W},Equipment/Floor Area {W/m2},Equipment per person {W/person},Fraction Latent,Fraction Radiant,Fraction Lost,Fraction Convected,End-Use SubCategory,Minimum Equipment Level for All Day Types {W},Maximum Equipment Level for All Day Types {W},Minimum Equipment Level for Weekdays {W},Maximum Equipment Level for Weekdays {W},Minimum Equipment Level for Weekends/Holidays {W},Maximum Equipment Level for Weekends /Holidays {W},Minimum Equipment Level for Summer Design Days {W},Maximum Equipment Level for Summer Design Days {W},Minimum Equipment Level for Winter Design Days {W},Maximum Equipment Level for Winter Design Days {W}
,1,CORE_BOTTOM_MISCPLUG_EQUIP,BLDG_EQUIP_SCH,CORE_BOTTOM,983.54,52.9,7937.156,8.070,149.931,0.000,0.500,0.000,0.500,MiscPlug,0.000,7937.156,2442.055,6808.320,1831.541,3782.400,7937.156,7937.156,0.000,0.000
,2,CORE_MID_MISCPLUG_EQUIP,BLDG_EQUIP_SCH,CORE_MID,983.54,52.9,7937.156,8.070,149.931,0.000,0.500,0.000,0.500,MiscPlug,0.000,7937.156,2442.055,6808.320,1831.541,3782.400,7937.156,7937.156,0.000,0.000
,3,CORE_TOP_MISCPLUG_EQUIP,BLDG_EQUIP_SCH,CORE_TOP,983.54,52.9,7937.156,8.070,149.931,0.000,0.500,0.000,0.500,MiscPlug,0.000,7937.156,2442.055,6808.320,1831.541,3782.400,7937.156,7937.156,0.000,0.000
,4,PERIMETER_TOP_ZN_3_MISCPLUG_EQUIP,BLDG_EQUIP_SCH,PERIMETER_TOP_ZN_3,207.34,11.2,1673.214,8.070,149.930,0.000,0.500,0.000,0.500,MiscPlug,0.000,1673.214,514.804,1435.246,386.103,797.359,1673.214,1673.214,0.000,0.000
,5,PERIMETER_TOP_ZN_2_MISCPLUG_EQUIP,BLDG_EQUIP_SCH,PERIMETER_TOP_ZN_2,131.26,7.1,1059.217,8.069,149.921,0.000,0.500,0.000,0.500,MiscPlug,0.000,1059.217,325.893,908.573,244.420,504.763,1059.217,1059.217,0.000,0.000
,6,PERIMETER_TOP_ZN_1_MISCPLUG_EQUIP,BLDG_EQUIP_SCH,PERIMETER_TOP_ZN_1,207.34,11.2,1673.203,8.070,149.929,0.000,0.500,0.000,0.500,MiscPlug,0.000,1673.203,514.801,1435.237,386.101,797.354,1673.203,1673.203,0.000,0.000
,7,PERIMETER_TOP_ZN_4_MISCPLUG_EQUIP,BLDG_EQUIP_SCH,PERIMETER_TOP_ZN_4,131.25,7.1,1059.210,8.070,149.930,0.000,0.500,0.000,0.500,MiscPlug,0.000,1059.210,325.891,908.567,244.418,504.760,1059.210,1059.210,0.000,0.000
,8,PERIMETER_BOT_ZN_3_MISCPLUG_EQUIP,BLDG_EQUIP_SCH,PERIMETER_BOT_ZN_3,207.34,11.2,1673.214,8.070,149.930,0.000,0.500,0.000,0.500,MiscPlug,0.000,1673.214,514.804,1435.246,386.103,797.359,1673.214,1673.214,0.000,0.000
,9,PERIMETER_BOT_ZN_2_MISCPLUG_EQUIP,BLDG_EQUIP_SCH,PERIMETER_BOT_ZN_2,131.26,7.1,1059.217,8.069,149.921,0.000,0.500,0.000,0.500,MiscPlug,0.000,1059.217,325.893,908.573,244.420,504.763,1059.217,1059.217,0.000,0.000
,10,PERIMETER_BOT_ZN_1_MISCPLUG_EQUIP,BLDG_EQUIP_SCH,PERIMETER_BOT_ZN_1,207.34,11.2,1673.203,8.070,149.929,0.000,0.500,0.000,0.500,MiscPlug,0.000,1673.203,514.801,1435.237,386.101,797.354,1673.203,1673.203,0.000,0.000
,11,PERIMETER_BOT_ZN_4_MISCPLUG_EQUIP,BLDG_EQUIP_SCH,PERIMETER_BOT_ZN_4,131.25,7.1,1059.210,8.070,149.930,0.000,0.500,0.000,0.500,MiscPlug,0.000,1059.210,325.891,908.567,244.418,504.760,1059.210,1059.210,0.000,0.000
,12,PERIMETER_MID_ZN_3_MISCPLUG_EQUIP,BLDG_EQUIP_SCH,PERIMETER_MID_ZN_3,207.34,11.2,1673.214,8.070,149.930,0.000,0.500,0.000,0.500,MiscPlug,0.000,1673.214,514.804,1435.246,386.103,797.359,1673.214,1673.214,0.000,0.000
,13,PERIMETER_MID_ZN_2_MISCPLUG_EQUIP,BLDG_EQUIP_SCH,PERIMETER_MID_ZN_2,131.26,7.1,1059.217,8.069,149.921,0.000,0.500,0.000,0.500,MiscPlug,0.000,1059.217,325.893,908.573,244.420,504.763,1059.217,1059.217,0.000,0.000
,14,PERIMETER_MID_ZN_1_MISCPLUG_EQUIP,BLDG_EQUIP_SCH,PERIMETER_MID_ZN_1,207.34,11.2,1673.203,8.070,149.929,0.000,0.500,0.000,0.500,MiscPlug,0.000,1673.203,514.801,1435.237,386.101,797.354,1673.203,1673.203,0.000,0.000
,15,PERIMETER_MID_ZN_4_MISCPLUG_EQUIP,BLDG_EQUIP_SCH,PERIMETER_MID_ZN_4,131.25,7.1,1059.210,8.070,149.930,0.000,0.500,0.000,0.500,MiscPlug,0.000,1059.210,325.891,908.567,244.418,504.760,1059.210,1059.210,0.000,0.000
,16,CORE_BOTTOM_ELEVATORS_EQUIP,BLDG_ELEVATORS,CORE_BOTTOM,983.54,52.9,32109.890,32.647,606.549,0.000,0.500,0.000,0.500,ElevatorLift,0.000,22155.824,0.000,22155.824,0.000,8027.473,22155.824,22155.824,0.000,0.000
,17,ELEVATORS_LIGHTS_FAN,ELEV_LIGHT_FAN_SCH_ADD_DF,CORE_BOTTOM,983.54,52.9,125.000,0.127,2.361,0.000,0.500,0.000,0.500,ElevatorLightsFan,0.000,86.250,0.000,86.250,0.000,31.250,86.250,86.250,0.000,0.000


Construction CTF

,,Construction Name,Index,#Layers,#CTFs,Time Step {hours},ThermalConductance {w/m2-K},OuterThermalAbsorptance,InnerThermalAbsorptance,OuterSolarAbsorptance,InnerSolarAbsorptance,Roughness
,1,SWINGING DOOR_CON,1,1,1,0.250,2.101,0.900,0.900,0.700,0.700,MediumRough
,2,INTERIORFURNISHINGS,2,1,7,0.250,0.8,0.900,0.900,0.700,0.700,MediumSmooth
,3,DROPCEILING,4,1,3,0.250,4.488,0.900,0.900,0.700,0.700,MediumSmooth
,4,INT_WALL,7,2,4,0.250,6.299,0.900,0.900,0.700,0.700,Smooth
,5,INT_SLAB_FLOOR,12,2,6,0.250,3.839,0.900,0.900,0.700,0.700,MediumRough
,6,INT_SLAB_CEILING,13,2,6,0.250,3.839,0.900,0.900,0.700,0.700,VeryRough
,7,NONRES_ROOF,17,3,3,0.250,0.1864,0.900,0.900,0.700,0.700,Rough
,8,NONRES_EXT_WALL,20,4,6,0.250,0.3276,0.900,0.900,0.700,0.700,Smooth
,9,PERIMETER_BOT_ZN_1_FLOOR_FFACTOR,30,2,7,0.250,0.2247,0.000,0.900,0.000,0.700,MediumRough
,10,PERIMETER_BOT_ZN_2_FLOOR_FFACTOR,31,2,7,0.250,0.2371,0.000,0.900,0.000,0.700,MediumRough
,11,PERIMETER_BOT_ZN_3_FLOOR_FFACTOR,32,2,7,0.250,0.2247,0.000,0.900,0.000,0.700,MediumRough
,12,PERIMETER_BOT_ZN_4_FLOOR_FFACTOR,33,2,7,0.250,0.2371,0.000,0.900,0.000,0.700,MediumRough
,13,CORE_BOT_ZN_5_FLOOR_FFACTOR,34,2,8,0.250,0.00565,0.000,0.900,0.000,0.700,MediumRough


Material CTF Summary

,,Material Name,Thickness {m},Conductivity {w/m-K},Density {kg/m3},Specific Heat {J/kg-K},ThermalResistance {m2-K/w}
,1,OPAQUE DOOR PANEL_CON,0.0000,0.000,0.000,0.000,0.476
,2,Std Wood 6inch,0.1500,0.120,540.000,1210.000,1.25
,3,AC02 Acoustic Ceiling,0.0127,0.057,288.000,1339.000,0.2228
,4,G01 13mm gypsum board,0.0127,0.160,800.000,1090.000,0.07938
,5,G01 13mm gypsum board,0.0127,0.160,800.000,1090.000,0.07938
,6,100mm Normalweight concrete floor,0.1016,2.310,2322.000,832.000,0.04398
,7,CP02 CARPET PAD,0.0000,0.000,0.000,0.000,0.2165
,8,CP02 CARPET PAD,0.0000,0.000,0.000,0.000,0.2165
,9,100mm Normalweight concrete floor,0.1016,2.310,2322.000,832.000,0.04398
,10,F13 Built-up roofing,0.0095,0.160,1120.000,1460.000,0.05937
,11,NONRES_ROOF_INSULATION,0.0000,0.000,0.000,0.000,5.307
,12,F08 Metal surface,0.0008,45.280,7824.000,500.000,1.767E-05
,13,F07 25mm stucco,0.0254,0.720,1856.000,840.000,0.03528
,14,G01 16mm gypsum board,0.0159,0.160,800.000,1090.000,0.09938
,15,NONRES_EXTERIOR_WALL_INSULATION,0.0000,0.000,0.000,0.000,2.818
,16,G01 16mm gypsum board,0.0159,0.160,800.000,1090.000,0.09938
,17,~FC_Insulation_1,0.0000,0.000,0.000,0.000,4.373
,18,~FC_Concrete,0.1500,1.950,2240.000,900.000,0.07692
,19,~FC_Insulation_2,0.0000,0.000,0.000,0.000,4.141
,20,~FC_Concrete,0.1500,1.950,2240.000,900.000,0.07692
,21,~FC_Insulation_3,0.0000,0.000,0.000,0.000,4.373
,22,~FC_Concrete,0.1500,1.950,2240.000,900.000,0.07692
,23,~FC_Insulation_4,0.0000,0.000,0.000,0.000,4.14
,24,~FC_Concrete,0.1500,1.950,2240.000,900.000,0.07692
,25,~FC_Insulation_5,0.0000,0.000,0.000,0.000,176.9
,26,~FC_Concrete,0.1500,1.950,2240.000,900.000,0.07692


CTF

,,Time,Outside,Cross,Inside,Flux (except final one)
,1,1,0,0,-0,-0
,2,0,2.101,2.101,2.101,
,3,7,-0.019879948,1.837111E-09,-0.019879948,0.0025920384
,4,6,0.37833182,9.3111392E-07,0.37833182,-0.050805208
,5,5,-2.8822885,3.3090332E-05,-2.8822885,0.40100636
,6,4,11.391948,0.00023980383,11.391948,-1.6521297
,7,3,-25.286828,0.00046344169,-25.286828,3.8446603
,8,2,31.657742,0.00023933549,31.657742,-5.0707043
,9,1,-20.807361,2.5331892E-05,-20.807361,3.5241279
,10,0,5.5693388,1.8852057E-07,5.5693388,
,11,3,-5.3260828E-15,3.8590732E-15,-5.3260829E-15,0
,12,2,0.00029572608,0.00017480917,0.00029572608,-5.0670342E-14
,13,1,-1.7155691,1.0037059,-1.7155691,0.00066704272
,14,0,6.2004685,3.4813145,6.2004685,
,15,4,1.2042566E-14,4.5929688E-15,1.2042579E-14,0
,16,3,-9.004306E-06,3.0474453E-06,-9.004306E-06,1.8391453E-14
,17,2,0.23735444,0.083694685,0.23735444,-6.5848504E-06
,18,1,-8.4013897,3.1829864,-8.4013897,0.083534042
,19,0,13.9371,2.5063712,13.9371,
,20,6,1.2620589E-14,2.3342927E-15,3.477371E-16,4.4665978E-17
,21,5,-2.4159609E-08,1.3931939E-09,-3.9969524E-10,7.1956923E-13
,22,4,0.00096276627,2.7481775E-05,5.0620123E-06,-1.557804E-07
,23,3,-0.86089205,0.012594216,-0.0051311376,0.0008017364
,24,2,28.790752,0.27225761,0.5115291,-0.10404061
,25,1,-97.558265,0.49524356,-4.0761999,0.88415844
,26,0,70.468563,0.06099891,4.4109175,
,27,6,3.477371E-16,2.3342927E-15,1.2620589E-14,4.4665978E-17
,28,5,-3.9969524E-10,1.3931939E-09,-2.4159609E-08,7.1956923E-13
,29,4,5.0620123E-06,2.7481775E-05,0.00096276627,-1.557804E-07
,30,3,-0.0051311376,0.012594216,-0.86089205,0.0008017364
,31,2,0.5115291,0.27225761,28.790752,-0.10404061
,32,1,-4.0761999,0.49524356,-97.558265,0.88415844
,33,0,4.4109175,0.06099891,70.468563,
,34,3,-3.6001017E-10,4.8474703E-13,-2.2061971E-09,4.2112828E-19
,35,2,0.23532522,0.00034379438,0.31919894,-6.344596E-10
,36,1,-15.986175,0.070694107,-3.8142812,0.091794137
,37,0,15.920099,0.098211582,3.6643317,
,38,6,1.705801E-12,5.2762647E-15,3.2155473E-13,1.533459E-16
,39,5,-6.3480604E-07,3.9207494E-09,-3.8531877E-07,5.7196598E-13
,40,4,0.037349151,4.8094847E-05,0.012780006,-1.8354865E-07
,41,3,-2.1255408,0.0068279691,-0.61430978,0.0055989707
,42,2,19.131456,0.060087495,7.8966043,-0.13612288
,43,1,-54.591175,0.056505533,-19.914583,0.74470269
,44,0,37.674315,0.0029339959,12.745912,
,45,7,-6.4592099E-12,2.7612928E-17,1.6660059E-15,9.2714865E-18
,46,6,3.4719126E-08,5.625574E-10,2.3653092E-05,-1.3829512E-07
,47,5,-1.1839082E-05,9.1217032E-07,-0.0080900704,5.0121606E-05
,48,4,0.0010714239,0.00010147644,0.66645415,-0.0046300402
,49,3,-0.025772283,0.00161197,-13.181757,0.11219979
,50,2,0.17295247,0.0045232471,67.402989,-0.75529015
,51,1,-0.36803069,0.0020886247,-110.3211,1.610281
,52,0,0.2281928,7.5681951E-05,55.449885,
,53,7,-6.1130492E-12,4.5211805E-17,1.5110163E-15,6.817028E-18
,54,6,3.6439649E-08,5.9383689E-10,2.3642244E-05,-1.382317E-07
,55,5,-1.2484653E-05,9.6300139E-07,-0.0080870873,5.010287E-05
,56,4,0.0011310779,0.00010714098,0.66626641,-0.0046286922
,57,3,-0.027213387,0.0017020929,-13.179128,0.11217582
,58,2,0.18263196,0.004776469,67.394607,-0.7551828
,59,1,-0.38863275,0.0022057344,-110.31469,1.6101654
,60,0,0.24096787,7.9919206E-05,55.449885,
,61,7,-6.4592099E-12,2.7612928E-17,1.6660059E-15,9.2714865E-18
,62,6,3.4719126E-08,5.625574E-10,2.3653092E-05,-1.3829512E-07
,63,5,-1.1839082E-05,9.1217032E-07,-0.0080900704,5.0121606E-05
,64,4,0.0010714239,0.00010147644,0.66645415,-0.0046300402
,65,3,-0.025772283,0.00161197,-13.181757,0.11219979
,66,2,0.17295247,0.0045232471,67.402989,-0.75529015
,67,1,-0.36803069,0.0020886247,-110.3211,1.610281
,68,0,0.2281928,7.5681951E-05,55.449885,
,69,7,-6.1126212E-12,4.5653204E-17,1.4970236E-15,6.960493E-18
,70,6,3.6441907E-08,5.9387773E-10,2.364223E-05,-1.3823161E-07
,71,5,-1.2485497E-05,9.6306776E-07,-0.0080870834,5.0102846E-05
,72,4,0.0011311558,0.00010714838,0.66626617,-0.0046286904
,73,3,-0.02721527,0.0017022106,-13.179125,0.11217579
,74,2,0.1826446,0.0047767997,67.394596,-0.75518266
,75,1,-0.38865965,0.0022058873,-110.31469,1.6101652
,76,0,0.24098455,7.9924733E-05,55.449885,
,77,8,1.1160248E-14,2.8933657E-15,1.5347165E-14,-2.3076233E-16
,78,7,-2.6759894E-10,4.1094956E-14,-4.2784854E-09,2.5015575E-11
,79,6,9.6802044E-08,1.6658165E-10,2.531103E-05,-1.4849895E-07
,80,5,-9.1872193E-06,8.3510855E-08,-0.0082638413,5.1293472E-05
,81,4,0.00024806325,5.2007981E-06,0.67216473,-0.0046742395
,82,3,-0.0022809115,5.5205576E-05,-13.240236,0.11275889
,83,2,0.0087584764,0.00011078079,67.570029,-0.7574664
,84,1,-0.014049692,3.6150813E-05,-110.4434,1.6124864
,85,0,0.0075413137,7.3764126E-07,55.449885,


WindowConstruction

,,Construction Name,Index,#Layers,Roughness,Conductance {W/m2-K},Conductance (Before Adjusted) {W/m2-K},Convection Coefficient Adjustment Ratio,SHGC,Solar Transmittance at Normal Incidence,Visible Transmittance at Normal Incidence
,1,WINDOW_U_0.36_SHGC_0.38,29,1,VerySmooth,2.045,2.045,1.000,0.381,0.295,0.420


WindowMaterial:Glazing

,,Material Name,Optical Data Type,Spectral Data Set Name,Thickness {m},Solar Transmittance,Front Solar Reflectance,Back Solar Reflectance,Visible Transmittance,Front Visible Reflectance,Back Visible Reflectance,Infrared Transmittance,Front Thermal Emissivity,Back Thermal Emissivity,Conductivity {W/m-K},Dirt Factor,Solar Diffusing
,1,GLAZING LAYER,SpectralAverage,,3.65598E-002,0.29373,0.50072,0.50072,0.41800,0.13582,0.17513,0.00000,0.84000,0.84000,0.11562,1.00000,No


Enclosure/Window Adjacency Daylighting Counts

,,Enclosure Name,Number of Exterior Windows,Number of Exterior Windows in Adjacent Enclosures
,1,PERIMETER_TOP_ZN_3,1,0
,2,PERIMETER_TOP_ZN_2,1,0
,3,PERIMETER_TOP_ZN_1,1,0
,4,PERIMETER_TOP_ZN_4,1,0
,5,PERIMETER_BOT_ZN_3,3,0
,6,PERIMETER_BOT_ZN_2,2,0
,7,PERIMETER_BOT_ZN_1,3,0
,8,PERIMETER_BOT_ZN_4,2,0
,9,PERIMETER_MID_ZN_3,1,0
,10,PERIMETER_MID_ZN_2,1,0
,11,PERIMETER_MID_ZN_1,1,0
,12,PERIMETER_MID_ZN_4,1,0


Enclosure/Window Adjacency Daylighting Matrix

,,Enclosure Name,Number of Adjacent Enclosures with Windows,Adjacent Enclosure Names - 1st 100 (max)
,1,PERIMETER_TOP_ZN_3,0,
,2,PERIMETER_TOP_ZN_2,0,
,3,PERIMETER_TOP_ZN_1,0,
,4,PERIMETER_TOP_ZN_4,0,
,5,PERIMETER_BOT_ZN_3,0,
,6,PERIMETER_BOT_ZN_2,0,
,7,PERIMETER_BOT_ZN_1,0,
,8,PERIMETER_BOT_ZN_4,0,
,9,PERIMETER_MID_ZN_3,0,
,10,PERIMETER_MID_ZN_2,0,
,11,PERIMETER_MID_ZN_1,0,
,12,PERIMETER_MID_ZN_4,0,


Water Heater Information

,,Type,Name,Volume {m3},Maximum Capacity {W},Standard Rated Recovery Efficiency,Standard Rated Energy Factor
,1,WaterHeater:Mixed,SHWSYS1 WATER HEATER,0.3785,29307.1,1.114,0.2307


Surface Convection Parameters

,,Surface Name,Outside Model Assignment,Outside Area [m2],Outside Perimeter [m],Outside Height [m],Inside Model Assignment,Inside Height [m],Inside Perimeter Envelope [m],Inside Hydraulic Diameter [m],Window Wall Ratio,Window Location,Near Radiant {Yes/No},Has Active HVAC {Yes/No}
,1,CORE_BOT_ZN_5_WALL_SOUTH,0,0.00,0.00,0.00,0,2.74,0.00,30.31,-999.00,0,No,No
,2,CORE_BOT_ZN_5_WALL_EAST,0,0.00,0.00,0.00,0,2.74,0.00,30.31,-999.00,0,No,No
,3,CORE_BOT_ZN_5_WALL_NORTH,0,0.00,0.00,0.00,0,2.74,0.00,30.31,-999.00,0,No,No
,4,CORE_BOT_ZN_5_WALL_WEST,0,0.00,0.00,0.00,0,2.74,0.00,30.31,-999.00,0,No,No
,5,CORE_BOT_ZN_5_FLOOR,0,0.00,0.00,0.00,0,2.74,0.00,30.31,-999.00,0,No,No
,6,CORE_BOT_ZN_5_CEILING,0,0.00,0.00,0.00,0,2.74,0.00,30.31,-999.00,0,No,No
,7,CORE_BOTTOM_INTERNALMASS_1,0,0.00,0.00,0.00,0,2.74,0.00,30.31,-999.00,0,No,No
,8,PERIMETER_TOP_PLENUM_WALL_NORTH,0,593.30,143.75,11.89,0,1.22,166.37,39.93,0.00,0,No,No
,9,PERIMETER_TOP_PLENUM_WALL_EAST,0,395.53,143.75,11.89,0,1.22,166.37,39.93,0.00,0,No,No
,10,PERIMETER_TOP_PLENUM_WALL_SOUTH,0,593.30,123.60,11.89,0,1.22,166.37,39.93,0.00,0,No,No
,11,PERIMETER_TOP_PLENUM_WALL_WEST,0,395.53,90.32,11.89,0,1.22,166.37,39.93,0.00,0,No,No
,12,iz-PERIMETER_TOP_ZN_1_CEILING,0,0.00,0.00,0.00,0,1.22,166.37,39.93,0.00,0,No,No
,13,iz-PERIMETER_TOP_ZN_2_CEILING,0,0.00,0.00,0.00,0,1.22,166.37,39.93,0.00,0,No,No
,14,iz-PERIMETER_TOP_ZN_3_CEILING,0,0.00,0.00,0.00,0,1.22,166.37,39.93,0.00,0,No,No
,15,iz-PERIMETER_TOP_ZN_4_CEILING,0,0.00,0.00,0.00,0,1.22,166.37,39.93,0.00,0,No,No
,16,iz-CORE_TOP_ZN_5_CEILING,0,0.00,0.00,0.00,0,1.22,166.37,39.93,0.00,0,No,No
,17,BUILDING_ROOF,0,1660.73,166.37,0.00,0,1.22,166.37,39.93,0.00,0,No,No
,18,PERIMETER_MID_PLENUM_WALL_NORTH,0,593.30,143.75,11.89,0,1.22,166.37,39.93,0.00,0,No,No
,19,PERIMETER_MID_PLENUM_WALL_EAST,0,395.53,143.75,11.89,0,1.22,166.37,39.93,0.00,0,No,No
,20,PERIMETER_MID_PLENUM_WALL_SOUTH,0,593.30,123.60,11.89,0,1.22,166.37,39.93,0.00,0,No,No
,21,PERIMETER_MID_PLENUM_WALL_WEST,0,395.53,90.32,11.89,0,1.22,166.37,39.93,0.00,0,No,No
,22,iz-PERIMETER_MID_ZN_1_CEILING,0,0.00,0.00,0.00,0,1.22,166.37,39.93,0.00,0,No,No
,23,iz-PERIMETER_MID_ZN_2_CEILING,0,0.00,0.00,0.00,0,1.22,166.37,39.93,0.00,0,No,No
,24,iz-PERIMETER_MID_ZN_3_CEILING,0,0.00,0.00,0.00,0,1.22,166.37,39.93,0.00,0,No,No
,25,iz-PERIMETER_MID_ZN_4_CEILING,0,0.00,0.00,0.00,0,1.22,166.37,39.93,0.00,0,No,No
,26,iz-CORE_MID_ZN_5_CEILING,0,0.00,0.00,0.00,0,1.22,166.37,39.93,0.00,0,No,No
,27,iz-PERIMETER_TOP_ZN_1_FLOOR,0,0.00,0.00,0.00,0,1.22,166.37,39.93,0.00,0,No,No
,28,iz-PERIMETER_TOP_ZN_2_FLOOR,0,0.00,0.00,0.00,0,1.22,166.37,39.93,0.00,0,No,No
,29,iz-PERIMETER_TOP_ZN_3_FLOOR,0,0.00,0.00,0.00,0,1.22,166.37,39.93,0.00,0,No,No
,30,iz-PERIMETER_TOP_ZN_4_FLOOR,0,0.00,0.00,0.00,0,1.22,166.37,39.93,0.00,0,No,No
,31,iz-CORE_TOP_ZN_5_FLOOR,0,0.00,0.00,0.00,0,1.22,166.37,39.93,0.00,0,No,No
,32,PERIMETER_BOT_PLENUM_WALL_NORTH,0,593.30,143.75,11.89,0,1.22,166.37,39.93,0.00,0,No,No
,33,PERIMETER_BOT_PLENUM_WALL_EAST,0,395.53,143.75,11.89,0,1.22,166.37,39.93,0.00,0,No,No
,34,PERIMETER_BOT_PLENUM_WALL_SOUTH,0,593.30,123.60,11.89,0,1.22,166.37,39.93,0.00,0,No,No
,35,PERIMETER_BOT_PLENUM_WALL_WEST,0,395.53,90.32,11.89,0,1.22,166.37,39.93,0.00,0,No,No
,36,iz-PERIMETER_BOT_ZN_1_CEILING,0,0.00,0.00,0.00,0,1.22,166.37,39.93,0.00,0,No,No
,37,iz-PERIMETER_BOT_ZN_2_CEILING,0,0.00,0.00,0.00,0,1.22,166.37,39.93,0.00,0,No,No
,38,iz-PERIMETER_BOT_ZN_3_CEILING,0,0.00,0.00,0.00,0,1.22,166.37,39.93,0.00,0,No,No
,39,iz-PERIMETER_BOT_ZN_4_CEILING,0,0.00,0.00,0.00,0,1.22,166.37,39.93,0.00,0,No,No
,40,iz-CORE_BOT_ZN_5_CEILING,0,0.00,0.00,0.00,0,1.22,166.37,39.93,0.00,0,No,No
,41,iz-PERIMETER_MID_ZN_1_FLOOR,0,0.00,0.00,0.00,0,1.22,166.37,39.93,0.00,0,No,No
,42,iz-PERIMETER_MID_ZN_2_FLOOR,0,0.00,0.00,0.00,0,1.22,166.37,39.93,0.00,0,No,No
,43,iz-PERIMETER_MID_ZN_3_FLOOR,0,0.00,0.00,0.00,0,1.22,166.37,39.93,0.00,0,No,No
,44,iz-PERIMETER_MID_ZN_4_FLOOR,0,0.00,0.00,0.00,0,1.22,166.37,39.93,0.00,0,No,No
,45,iz-CORE_MID_ZN_5_FLOOR,0,0.00,0.00,0.00,0,1.22,166.37,39.93,0.00,0,No,No
,46,CORE_MID_ZN_5_WALL_NORTH,0,0.00,0.00,0.00,0,2.74,0.00,30.31,-999.00,0,No,No
,47,CORE_MID_ZN_5_WALL_EAST,0,0.00,0.00,0.00,0,2.74,0.00,30.31,-999.00,0,No,No
,48,CORE_MID_ZN_5_WALL_SOUTH,0,0.00,0.00,0.00,0,2.74,0.00,30.31,-999.00,0,No,No
,49,CORE_MID_ZN_5_WALL_WEST,0,0.00,0.00,0.00,0,2.74,0.00,30.31,-999.00,0,No,No
,50,CORE_MID_ZN_5_FLOOR,0,0.00,0.00,0.00,0,2.74,0.00,30.31,-999.00,0,No,No
,51,CORE_MID_ZN_5_CEILING,0,0.00,0.00,0.00,0,2.74,0.00,30.31,-999.00,0,No,No
,52,CORE_MID_INTERNALMASS_1,0,0.00,0.00,0.00,0,2.74,0.00,30.31,-999.00,0,No,No
,53,CORE_TOP_ZN_5_WALL_NORTH,0,0.00,0.00,0.00,0,2.74,0.00,30.31,-999.00,0,No,No
,54,CORE_TOP_ZN_5_WALL_EAST,0,0.00,0.00,0.00,0,2.74,0.00,30.31,-999.00,0,No,No
,55,CORE_TOP_ZN_5_WALL_SOUTH,0,0.00,0.00,0.00,0,2.74,0.00,30.31,-999.00,0,No,No
,56,CORE_TOP_ZN_5_WALL_WEST,0,0.00,0.00,0.00,0,2.74,0.00,30.31,-999.00,0,No,No
,57,CORE_TOP_ZN_5_FLOOR,0,0.00,0.00,0.00,0,2.74,0.00,30.31,-999.00,0,No,No
,58,CORE_TOP_ZN_5_CEILING,0,0.00,0.00,0.00,0,2.74,0.00,30.31,-999.00,0,No,No
,59,CORE_TOP_INTERNALMASS_1,0,0.00,0.00,0.00,0,2.74,0.00,30.31,-999.00,0,No,No
,60,PERIMETER_TOP_ZN_3_WALL_NORTH,0,593.30,143.75,11.89,0,2.74,49.91,7.61,0.48,3,No,No
,61,PERIMETER_TOP_ZN_3_WALL_NORTH_WINDOW,0,593.30,143.75,11.89,0,2.74,49.91,7.61,0.48,2,No,No
,62,PERIMETER_TOP_ZN_3_WALL_WEST,0,0.00,0.00,0.00,0,2.74,49.91,7.61,0.48,0,No,No
,63,iz-PERIMETER_TOP_ZN_2_WALL_NORTH,0,0.00,0.00,0.00,0,2.74,49.91,7.61,0.48,0,No,No
,64,iz-CORE_TOP_ZN_5_WALL_NORTH,0,0.00,0.00,0.00,0,2.74,49.91,7.61,0.48,0,No,No
,65,PERIMETER_TOP_ZN_3_FLOOR,0,0.00,0.00,0.00,0,2.74,49.91,7.61,0.48,0,No,No
,66,PERIMETER_TOP_ZN_3_CEILING,0,0.00,0.00,0.00,0,2.74,49.91,7.61,0.48,0,No,No
,67,PERIMETER_TOP_ZN_3_INTERNALMASS_1,0,0.00,0.00,0.00,0,2.74,49.91,7.61,0.48,0,No,No
,68,PERIMETER_TOP_ZN_2_WALL_EAST,0,395.53,143.75,11.89,0,2.74,33.27,6.94,0.48,3,No,No
,69,PERIMETER_TOP_ZN_2_WALL_EAST_WINDOW,0,395.53,143.75,11.89,0,2.74,33.27,6.94,0.48,2,No,No
,70,PERIMETER_TOP_ZN_2_WALL_NORTH,0,0.00,0.00,0.00,0,2.74,33.27,6.94,0.48,0,No,No
,71,iz-PERIMETER_TOP_ZN_1_WALL_EAST,0,0.00,0.00,0.00,0,2.74,33.27,6.94,0.48,0,No,No
,72,iz-CORE_TOP_ZN_5_WALL_EAST,0,0.00,0.00,0.00,0,2.74,33.27,6.94,0.48,0,No,No
,73,PERIMETER_TOP_ZN_2_FLOOR,0,0.00,0.00,0.00,0,2.74,33.27,6.94,0.48,0,No,No
,74,PERIMETER_TOP_ZN_2_CEILING,0,0.00,0.00,0.00,0,2.74,33.27,6.94,0.48,0,No,No
,75,PERIMETER_TOP_ZN_2_INTERNALMASS_1,0,0.00,0.00,0.00,0,2.74,33.27,6.94,0.48,0,No,No
,76,PERIMETER_TOP_ZN_1_WALL_SOUTH,0,593.30,123.60,11.89,0,2.74,49.91,7.61,0.48,3,No,No
,77,PERIMETER_TOP_ZN_1_WALL_SOUTH_WINDOW,0,593.30,123.60,11.89,0,2.74,49.91,7.61,0.48,2,No,No
,78,PERIMETER_TOP_ZN_1_WALL_EAST,0,0.00,0.00,0.00,0,2.74,49.91,7.61,0.48,0,No,No
,79,iz-PERIMETER_TOP_ZN_4_WALL_SOUTH,0,0.00,0.00,0.00,0,2.74,49.91,7.61,0.48,0,No,No
,80,iz-CORE_TOP_ZN_5_WALL_SOUTH,0,0.00,0.00,0.00,0,2.74,49.91,7.61,0.48,0,No,No
,81,PERIMETER_TOP_ZN_1_FLOOR,0,0.00,0.00,0.00,0,2.74,49.91,7.61,0.48,0,No,No
,82,PERIMETER_TOP_ZN_1_CEILING,0,0.00,0.00,0.00,0,2.74,49.91,7.61,0.48,0,No,No
,83,PERIMETER_TOP_ZN_1_INTERNALMASS_1,0,0.00,0.00,0.00,0,2.74,49.91,7.61,0.48,0,No,No
,84,PERIMETER_TOP_ZN_4_WALL_WEST,0,395.53,90.32,11.89,0,2.74,33.27,6.94,0.48,3,No,No
,85,PERIMETER_TOP_ZN_4_WALL_WEST_WINDOW,0,395.53,90.32,11.89,0,2.74,33.27,6.94,0.48,2,No,No
,86,PERIMETER_TOP_ZN_4_WALL_SOUTH,0,0.00,0.00,0.00,0,2.74,33.27,6.94,0.48,0,No,No
,87,iz-PERIMETER_TOP_ZN_3_WALL_WEST,0,0.00,0.00,0.00,0,2.74,33.27,6.94,0.48,0,No,No
,88,iz-CORE_TOP_ZN_5_WALL_WEST,0,0.00,0.00,0.00,0,2.74,33.27,6.94,0.48,0,No,No
,89,PERIMETER_TOP_ZN_4_FLOOR,0,0.00,0.00,0.00,0,2.74,33.27,6.94,0.48,0,No,No
,90,PERIMETER_TOP_ZN_4_CEILING,0,0.00,0.00,0.00,0,2.74,33.27,6.94,0.48,0,No,No
,91,PERIMETER_TOP_ZN_4_INTERNALMASS_1,0,0.00,0.00,0.00,0,2.74,33.27,6.94,0.48,0,No,No
,92,PERIMETER_BOT_ZN_3_WALL_NORTH,0,593.30,143.75,11.89,0,2.74,49.91,7.61,0.48,3,No,No
,93,PERIMETER_BOT_ZN_3_WALL_NORTH_WINDOW1,0,593.30,143.75,11.89,0,2.74,49.91,7.61,0.48,2,No,No
,94,PERIMETER_BOT_ZN_3_WALL_NORTH_WINDOW2,0,593.30,143.75,11.89,0,2.74,49.91,7.61,0.48,2,No,No
,95,PERIMETER_BOT_ZN_3_WALL_NORTH_WINDOW3,0,593.30,143.75,11.89,0,2.74,49.91,7.61,0.48,2,No,No
,96,PERIMETER_BOT_ZN_3_WALL_NORTH_DOOR1,0,593.30,143.75,11.89,0,2.74,49.91,7.61,0.48,0,No,No
,97,PERIMETER_BOT_ZN_3_WALL_NORTH_DOOR2,0,593.30,143.75,11.89,0,2.74,49.91,7.61,0.48,0,No,No
,98,PERIMETER_BOT_ZN_3_WALL_WEST,0,0.00,0.00,0.00,0,2.74,49.91,7.61,0.48,0,No,No
,99,iz-PERIMETER_BOT_ZN_2_WALL_NORTH,0,0.00,0.00,0.00,0,2.74,49.91,7.61,0.48,0,No,No
,100,iz-CORE_BOT_ZN_5_WALL_NORTH,0,0.00,0.00,0.00,0,2.74,49.91,7.61,0.48,0,No,No
,101,PERIMETER_BOT_ZN_3_FLOOR,0,0.00,0.00,0.00,0,2.74,49.91,7.61,0.48,0,No,No
,102,PERIMETER_BOT_ZN_3_CEILING,0,0.00,0.00,0.00,0,2.74,49.91,7.61,0.48,0,No,No
,103,PERIMETER_BOT_ZN_3_INTERNALMASS_1,0,0.00,0.00,0.00,0,2.74,49.91,7.61,0.48,0,No,No
,104,PERIMETER_BOT_ZN_2_WALL_EAST,0,395.53,143.75,11.89,0,2.74,33.27,6.94,0.48,3,No,No
,105,PERIMETER_BOT_ZN_2_WALL_EAST_WINDOW1,0,395.53,143.75,11.89,0,2.74,33.27,6.94,0.48,2,No,No
,106,PERIMETER_BOT_ZN_2_WALL_EAST_WINDOW2,0,395.53,143.75,11.89,0,2.74,33.27,6.94,0.48,2,No,No
,107,PERIMETER_BOT_ZN_2_WALL_EAST_DOOR,0,395.53,143.75,11.89,0,2.74,33.27,6.94,0.48,0,No,No
,108,PERIMETER_BOT_ZN_2_WALL_NORTH,0,0.00,0.00,0.00,0,2.74,33.27,6.94,0.48,0,No,No
,109,iz-PERIMETER_BOT_ZN_1_WALL_EAST,0,0.00,0.00,0.00,0,2.74,33.27,6.94,0.48,0,No,No
,110,iz-CORE_BOT_ZN_5_WALL_EAST,0,0.00,0.00,0.00,0,2.74,33.27,6.94,0.48,0,No,No
,111,PERIMETER_BOT_ZN_2_FLOOR,0,0.00,0.00,0.00,0,2.74,33.27,6.94,0.48,0,No,No
,112,PERIMETER_BOT_ZN_2_CEILING,0,0.00,0.00,0.00,0,2.74,33.27,6.94,0.48,0,No,No
,113,PERIMETER_BOT_ZN_2_INTERNALMASS_1,0,0.00,0.00,0.00,0,2.74,33.27,6.94,0.48,0,No,No
,114,PERIMETER_BOT_ZN_1_WALL_SOUTH,0,593.30,123.60,11.89,0,2.74,49.91,7.61,0.48,3,No,No
,115,PERIMETER_BOT_ZN_1_WALL_SOUTH_WINDOW1,0,593.30,123.60,11.89,0,2.74,49.91,7.61,0.48,2,No,No
,116,PERIMETER_BOT_ZN_1_WALL_SOUTH_WINDOW2,0,593.30,123.60,11.89,0,2.74,49.91,7.61,0.48,2,No,No
,117,PERIMETER_BOT_ZN_1_WALL_SOUTH_WINDOW3,0,593.30,123.60,11.89,0,2.74,49.91,7.61,0.48,2,No,No
,118,PERIMETER_BOT_ZN_1_WALL_SOUTH_DOOR1,0,593.30,123.60,11.89,0,2.74,49.91,7.61,0.48,0,No,No
,119,PERIMETER_BOT_ZN_1_WALL_SOUTH_DOOR2,0,593.30,123.60,11.89,0,2.74,49.91,7.61,0.48,0,No,No
,120,PERIMETER_BOT_ZN_1_WALL_EAST,0,0.00,0.00,0.00,0,2.74,49.91,7.61,0.48,0,No,No
,121,iz-PERIMETER_BOT_ZN_4_WALL_SOUTH,0,0.00,0.00,0.00,0,2.74,49.91,7.61,0.48,0,No,No
,122,iz-CORE_BOT_ZN_5_WALL_SOUTH,0,0.00,0.00,0.00,0,2.74,49.91,7.61,0.48,0,No,No
,123,PERIMETER_BOT_ZN_1_FLOOR,0,0.00,0.00,0.00,0,2.74,49.91,7.61,0.48,0,No,No
,124,PERIMETER_BOT_ZN_1_CEILING,0,0.00,0.00,0.00,0,2.74,49.91,7.61,0.48,0,No,No
,125,PERIMETER_BOT_ZN_1_INTERNALMASS_1,0,0.00,0.00,0.00,0,2.74,49.91,7.61,0.48,0,No,No
,126,PERIMETER_BOT_ZN_4_WALL_WEST,0,395.53,90.32,11.89,0,2.74,33.27,6.94,0.48,3,No,No
,127,PERIMETER_BOT_ZN_4_WALL_WEST_WINDOW1,0,395.53,90.32,11.89,0,2.74,33.27,6.94,0.48,2,No,No
,128,PERIMETER_BOT_ZN_4_WALL_WEST_WINDOW2,0,395.53,90.32,11.89,0,2.74,33.27,6.94,0.48,2,No,No
,129,PERIMETER_BOT_ZN_4_WALL_WEST_DOOR,0,395.53,90.32,11.89,0,2.74,33.27,6.94,0.48,0,No,No
,130,PERIMETER_BOT_ZN_4_WALL_SOUTH,0,0.00,0.00,0.00,0,2.74,33.27,6.94,0.48,0,No,No
,131,iz-PERIMETER_BOT_ZN_3_WALL_WEST,0,0.00,0.00,0.00,0,2.74,33.27,6.94,0.48,0,No,No
,132,iz-CORE_BOT_ZN_5_WALL_WEST,0,0.00,0.00,0.00,0,2.74,33.27,6.94,0.48,0,No,No
,133,PERIMETER_BOT_ZN_4_FLOOR,0,0.00,0.00,0.00,0,2.74,33.27,6.94,0.48,0,No,No
,134,PERIMETER_BOT_ZN_4_CEILING,0,0.00,0.00,0.00,0,2.74,33.27,6.94,0.48,0,No,No
,135,PERIMETER_BOT_ZN_4_INTERNALMASS_1,0,0.00,0.00,0.00,0,2.74,33.27,6.94,0.48,0,No,No
,136,PERIMETER_MID_ZN_3_WALL_NORTH,0,593.30,143.75,11.89,0,2.74,49.91,7.61,0.48,3,No,No
,137,PERIMETER_MID_ZN_3_WALL_NORTH_WINDOW,0,593.30,143.75,11.89,0,2.74,49.91,7.61,0.48,2,No,No
,138,PERIMETER_MID_ZN_3_WALL_WEST,0,0.00,0.00,0.00,0,2.74,49.91,7.61,0.48,0,No,No
,139,iz-PERIMETER_MID_ZN_2_WALL_NORTH,0,0.00,0.00,0.00,0,2.74,49.91,7.61,0.48,0,No,No
,140,iz-CORE_MID_ZN_5_WALL_NORTH,0,0.00,0.00,0.00,0,2.74,49.91,7.61,0.48,0,No,No
,141,PERIMETER_MID_ZN_3_FLOOR,0,0.00,0.00,0.00,0,2.74,49.91,7.61,0.48,0,No,No
,142,PERIMETER_MID_ZN_3_CEILING,0,0.00,0.00,0.00,0,2.74,49.91,7.61,0.48,0,No,No
,143,PERIMETER_MID_ZN_3_INTERNALMASS_1,0,0.00,0.00,0.00,0,2.74,49.91,7.61,0.48,0,No,No
,144,PERIMETER_MID_ZN_2_WALL_EAST,0,395.53,143.75,11.89,0,2.74,33.27,6.94,0.48,3,No,No
,145,PERIMETER_MID_ZN_2_WALL_EAST_WINDOW,0,395.53,143.75,11.89,0,2.74,33.27,6.94,0.48,2,No,No
,146,PERIMETER_MID_ZN_2_WALL_NORTH,0,0.00,0.00,0.00,0,2.74,33.27,6.94,0.48,0,No,No
,147,iz-PERIMETER_MID_ZN_1_WALL_EAST,0,0.00,0.00,0.00,0,2.74,33.27,6.94,0.48,0,No,No
,148,iz-CORE_MID_ZN_5_WALL_EAST,0,0.00,0.00,0.00,0,2.74,33.27,6.94,0.48,0,No,No
,149,PERIMETER_MID_ZN_2_FLOOR,0,0.00,0.00,0.00,0,2.74,33.27,6.94,0.48,0,No,No
,150,PERIMETER_MID_ZN_2_CEILING,0,0.00,0.00,0.00,0,2.74,33.27,6.94,0.48,0,No,No
,151,PERIMETER_MID_ZN_2_INTERNALMASS_1,0,0.00,0.00,0.00,0,2.74,33.27,6.94,0.48,0,No,No
,152,PERIMETER_MID_ZN_1_WALL_SOUTH,0,593.30,123.60,11.89,0,2.74,49.91,7.61,0.48,3,No,No
,153,PERIMETER_MID_ZN_1_WALL_SOUTH_WINDOW,0,593.30,123.60,11.89,0,2.74,49.91,7.61,0.48,2,No,No
,154,PERIMETER_MID_ZN_1_WALL_EAST,0,0.00,0.00,0.00,0,2.74,49.91,7.61,0.48,0,No,No
,155,iz-PERIMETER_MID_ZN_4_WALL_SOUTH,0,0.00,0.00,0.00,0,2.74,49.91,7.61,0.48,0,No,No
,156,iz-CORE_MID_ZN_5_WALL_SOUTH,0,0.00,0.00,0.00,0,2.74,49.91,7.61,0.48,0,No,No
,157,PERIMETER_MID_ZN_1_FLOOR,0,0.00,0.00,0.00,0,2.74,49.91,7.61,0.48,0,No,No
,158,PERIMETER_MID_ZN_1_CEILING,0,0.00,0.00,0.00,0,2.74,49.91,7.61,0.48,0,No,No
,159,PERIMETER_MID_ZN_1_INTERNALMASS_1,0,0.00,0.00,0.00,0,2.74,49.91,7.61,0.48,0,No,No
,160,PERIMETER_MID_ZN_4_WALL_WEST,0,395.53,90.32,11.89,0,2.74,33.27,6.94,0.48,3,No,No
,161,PERIMETER_MID_ZN_4_WALL_WEST_WINDOW,0,395.53,90.32,11.89,0,2.74,33.27,6.94,0.48,2,No,No
,162,PERIMETER_MID_ZN_4_WALL_SOUTH,0,0.00,0.00,0.00,0,2.74,33.27,6.94,0.48,0,No,No
,163,iz-PERIMETER_MID_ZN_3_WALL_WEST,0,0.00,0.00,0.00,0,2.74,33.27,6.94,0.48,0,No,No
,164,iz-CORE_MID_ZN_5_WALL_WEST,0,0.00,0.00,0.00,0,2.74,33.27,6.94,0.48,0,No,No
,165,PERIMETER_MID_ZN_4_FLOOR,0,0.00,0.00,0.00,0,2.74,33.27,6.94,0.48,0,No,No
,166,PERIMETER_MID_ZN_4_CEILING,0,0.00,0.00,0.00,0,2.74,33.27,6.94,0.48,0,No,No
,167,PERIMETER_MID_ZN_4_INTERNALMASS_1,0,0.00,0.00,0.00,0,2.74,33.27,6.94,0.48,0,No,No


ZoneInfiltration Airflow Stats Nominal

,,Name,Input Object,Schedule Name,Zone Name,Zone Floor Area {m2},# Zone Occupants,Design Volume Flow Rate {m3/s},Volume Flow Rate/Floor Area {m3/s-m2},Volume Flow Rate/Exterior Surface Area {m3/s-m2},ACH - Air Changes per Hour,Equation A - Constant Term Coefficient {},Equation B - Temperature Term Coefficient {1/C},Equation C - Velocity Term Coefficient {s/m},Equation D - Velocity Squared Term Coefficient {s2/m2}
,1,PERIMETER_TOP_ZN_3_INFILTRATION,ZoneInfiltration:DesignFlowRate,INFIL_SCH_PNNL,PERIMETER_TOP_ZN_3,207.34,11.2,7.790E-002,3.757E-004,5.690E-004,0.493,0.000,0.000,0.224,0.000
,2,PERIMETER_TOP_ZN_2_INFILTRATION,ZoneInfiltration:DesignFlowRate,INFIL_SCH_PNNL,PERIMETER_TOP_ZN_2,131.26,7.1,5.193E-002,3.956E-004,5.690E-004,0.519,0.000,0.000,0.224,0.000
,3,PERIMETER_TOP_ZN_1_INFILTRATION,ZoneInfiltration:DesignFlowRate,INFIL_SCH_PNNL,PERIMETER_TOP_ZN_1,207.34,11.2,7.790E-002,3.757E-004,5.690E-004,0.493,0.000,0.000,0.224,0.000
,4,PERIMETER_TOP_ZN_4_INFILTRATION,ZoneInfiltration:DesignFlowRate,INFIL_SCH_PNNL,PERIMETER_TOP_ZN_4,131.25,7.1,5.193E-002,3.957E-004,5.690E-004,0.519,0.000,0.000,0.224,0.000
,5,PERIMETER_BOT_ZN_3_INFILTRATION,ZoneInfiltration:DesignFlowRate,INFIL_SCH_PNNL,PERIMETER_BOT_ZN_3,207.34,11.2,8.012E-002,3.864E-004,5.690E-004,0.507,0.000,0.000,0.224,0.000
,6,PERIMETER_BOT_ZN_2_INFILTRATION,ZoneInfiltration:DesignFlowRate,INFIL_SCH_PNNL,PERIMETER_BOT_ZN_2,131.26,7.1,5.304E-002,4.041E-004,5.690E-004,0.530,0.000,0.000,0.224,0.000
,7,PERIMETER_BOT_ZN_1_INFILTRATION,ZoneInfiltration:DesignFlowRate,INFIL_SCH_PNNL,PERIMETER_BOT_ZN_1,207.34,11.2,8.012E-002,3.864E-004,5.690E-004,0.507,0.000,0.000,0.224,0.000
,8,PERIMETER_BOT_ZN_1_DOOR_INFILTRATION,ZoneInfiltration:DesignFlowRate,INFIL_DOOR_OPENING_SCH,PERIMETER_BOT_ZN_1,207.34,11.2,0.679,3.273E-003,4.819E-003,4.296,1.000,0.000,0.000,0.000
,9,PERIMETER_BOT_ZN_4_INFILTRATION,ZoneInfiltration:DesignFlowRate,INFIL_SCH_PNNL,PERIMETER_BOT_ZN_4,131.25,7.1,5.304E-002,4.041E-004,5.690E-004,0.530,0.000,0.000,0.224,0.000
,10,PERIMETER_MID_ZN_3_INFILTRATION,ZoneInfiltration:DesignFlowRate,INFIL_SCH_PNNL,PERIMETER_MID_ZN_3,207.34,11.2,7.790E-002,3.757E-004,5.690E-004,0.493,0.000,0.000,0.224,0.000
,11,PERIMETER_MID_ZN_2_INFILTRATION,ZoneInfiltration:DesignFlowRate,INFIL_SCH_PNNL,PERIMETER_MID_ZN_2,131.26,7.1,5.193E-002,3.956E-004,5.690E-004,0.519,0.000,0.000,0.224,0.000
,12,PERIMETER_MID_ZN_1_INFILTRATION,ZoneInfiltration:DesignFlowRate,INFIL_SCH_PNNL,PERIMETER_MID_ZN_1,207.34,11.2,7.790E-002,3.757E-004,5.690E-004,0.493,0.000,0.000,0.224,0.000
,13,PERIMETER_MID_ZN_4_INFILTRATION,ZoneInfiltration:DesignFlowRate,INFIL_SCH_PNNL,PERIMETER_MID_ZN_4,131.25,7.1,5.193E-002,3.957E-004,5.690E-004,0.519,0.000,0.000,0.224,0.000
,14,FIRSTFLOOR_PLENUM_INFILTRATION,ZoneInfiltration:DesignFlowRate,INFIL_SCH_PNNL,FIRSTFLOOR_PLENUM,1660.73,0.0,0.115,6.949E-005,5.690E-004,0.205,0.000,0.000,0.224,0.000
,15,MIDFLOOR_PLENUM_INFILTRATION,ZoneInfiltration:DesignFlowRate,INFIL_SCH_PNNL,MIDFLOOR_PLENUM,1660.73,0.0,0.115,6.949E-005,5.690E-004,0.205,0.000,0.000,0.224,0.000
,16,TOPFLOOR_PLENUM_INFILTRATION,ZoneInfiltration:DesignFlowRate,INFIL_SCH_PNNL,TOPFLOOR_PLENUM,1660.73,0.0,0.115,6.949E-005,6.193E-005,0.205,0.000,0.000,0.224,0.000


AirFlow Model

,,Simple
,1,Simple


RoomAir Model

,,Zone Name,Mixing/Mundt/UCSDDV/UCSDCV/UCSDUFI/UCSDUFE/User Defined
,1,CORE_BOTTOM,Mixing/Well-Stirred
,2,TOPFLOOR_PLENUM,Mixing/Well-Stirred
,3,MIDFLOOR_PLENUM,Mixing/Well-Stirred
,4,FIRSTFLOOR_PLENUM,Mixing/Well-Stirred
,5,CORE_MID,Mixing/Well-Stirred
,6,CORE_TOP,Mixing/Well-Stirred
,7,PERIMETER_TOP_ZN_3,Mixing/Well-Stirred
,8,PERIMETER_TOP_ZN_2,Mixing/Well-Stirred
,9,PERIMETER_TOP_ZN_1,Mixing/Well-Stirred
,10,PERIMETER_TOP_ZN_4,Mixing/Well-Stirred
,11,PERIMETER_BOT_ZN_3,Mixing/Well-Stirred
,12,PERIMETER_BOT_ZN_2,Mixing/Well-Stirred
,13,PERIMETER_BOT_ZN_1,Mixing/Well-Stirred
,14,PERIMETER_BOT_ZN_4,Mixing/Well-Stirred
,15,PERIMETER_MID_ZN_3,Mixing/Well-Stirred
,16,PERIMETER_MID_ZN_2,Mixing/Well-Stirred
,17,PERIMETER_MID_ZN_1,Mixing/Well-Stirred
,18,PERIMETER_MID_ZN_4,Mixing/Well-Stirred


AirflowNetwork Model:Control

,,No Multizone or Distribution/Multizone with Distribution/Multizone without Distribution/Multizone with Distribution only during Fan Operation
,1,NoMultizoneOrDistribution


Zone Volume Capacitance Multiplier

,,Sensible Heat Capacity Multiplier,Moisture Capacity Multiplier,Carbon Dioxide Capacity Multiplier,Generic Contaminant Capacity Multiplier
,1,1.000,1.000,1.000,1.000


Load Timesteps in Zone Design Calculation Averaging Window

,,Value
,1,6


Heating Sizing Factor Information

,,Sizing Factor ID,Value
,1,Global,1


Cooling Sizing Factor Information

,,Sizing Factor ID,Value
,1,Global,1


Sky Daylight Factors

,,Sky Type,MonthAndDay,Daylighting Control Name,Enclosure Name,Window Name,Reference Point,Daylight Factor
,1,Clear Sky,12/21,PERIMETER_BOT_ZN_1_DAYLCTRL,PERIMETER_BOT_ZN_1,PERIMETER_BOT_ZN_1_WALL_SOUTH_WINDOW1,PERIMETER_BOT_ZN_1_DAYLREFPT1,7.9860E-003
,2,Clear Sky,12/21,PERIMETER_BOT_ZN_1_DAYLCTRL,PERIMETER_BOT_ZN_1,PERIMETER_BOT_ZN_1_WALL_SOUTH_WINDOW1,PERIMETER_BOT_ZN_1_DAYLREFPT2,8.0420E-003
,3,Clear Turbid Sky,12/21,PERIMETER_BOT_ZN_1_DAYLCTRL,PERIMETER_BOT_ZN_1,PERIMETER_BOT_ZN_1_WALL_SOUTH_WINDOW1,PERIMETER_BOT_ZN_1_DAYLREFPT1,8.1295E-003
,4,Clear Turbid Sky,12/21,PERIMETER_BOT_ZN_1_DAYLCTRL,PERIMETER_BOT_ZN_1,PERIMETER_BOT_ZN_1_WALL_SOUTH_WINDOW1,PERIMETER_BOT_ZN_1_DAYLREFPT2,8.1756E-003
,5,Intermediate Sky,12/21,PERIMETER_BOT_ZN_1_DAYLCTRL,PERIMETER_BOT_ZN_1,PERIMETER_BOT_ZN_1_WALL_SOUTH_WINDOW1,PERIMETER_BOT_ZN_1_DAYLREFPT1,6.8371E-003
,6,Intermediate Sky,12/21,PERIMETER_BOT_ZN_1_DAYLCTRL,PERIMETER_BOT_ZN_1,PERIMETER_BOT_ZN_1_WALL_SOUTH_WINDOW1,PERIMETER_BOT_ZN_1_DAYLREFPT2,6.8693E-003
,7,Overcast Sky,12/21,PERIMETER_BOT_ZN_1_DAYLCTRL,PERIMETER_BOT_ZN_1,PERIMETER_BOT_ZN_1_WALL_SOUTH_WINDOW1,PERIMETER_BOT_ZN_1_DAYLREFPT1,4.3739E-003
,8,Overcast Sky,12/21,PERIMETER_BOT_ZN_1_DAYLCTRL,PERIMETER_BOT_ZN_1,PERIMETER_BOT_ZN_1_WALL_SOUTH_WINDOW1,PERIMETER_BOT_ZN_1_DAYLREFPT2,4.3982E-003
,9,Clear Sky,12/21,PERIMETER_BOT_ZN_1_DAYLCTRL,PERIMETER_BOT_ZN_1,PERIMETER_BOT_ZN_1_WALL_SOUTH_WINDOW2,PERIMETER_BOT_ZN_1_DAYLREFPT1,0.1040
,10,Clear Sky,12/21,PERIMETER_BOT_ZN_1_DAYLCTRL,PERIMETER_BOT_ZN_1,PERIMETER_BOT_ZN_1_WALL_SOUTH_WINDOW2,PERIMETER_BOT_ZN_1_DAYLREFPT2,4.3764E-002
,11,Clear Turbid Sky,12/21,PERIMETER_BOT_ZN_1_DAYLCTRL,PERIMETER_BOT_ZN_1,PERIMETER_BOT_ZN_1_WALL_SOUTH_WINDOW2,PERIMETER_BOT_ZN_1_DAYLREFPT1,0.1083
,12,Clear Turbid Sky,12/21,PERIMETER_BOT_ZN_1_DAYLCTRL,PERIMETER_BOT_ZN_1,PERIMETER_BOT_ZN_1_WALL_SOUTH_WINDOW2,PERIMETER_BOT_ZN_1_DAYLREFPT2,4.3239E-002
,13,Intermediate Sky,12/21,PERIMETER_BOT_ZN_1_DAYLCTRL,PERIMETER_BOT_ZN_1,PERIMETER_BOT_ZN_1_WALL_SOUTH_WINDOW2,PERIMETER_BOT_ZN_1_DAYLREFPT1,9.0780E-002
,14,Intermediate Sky,12/21,PERIMETER_BOT_ZN_1_DAYLCTRL,PERIMETER_BOT_ZN_1,PERIMETER_BOT_ZN_1_WALL_SOUTH_WINDOW2,PERIMETER_BOT_ZN_1_DAYLREFPT2,3.3799E-002
,15,Overcast Sky,12/21,PERIMETER_BOT_ZN_1_DAYLCTRL,PERIMETER_BOT_ZN_1,PERIMETER_BOT_ZN_1_WALL_SOUTH_WINDOW2,PERIMETER_BOT_ZN_1_DAYLREFPT1,4.8328E-002
,16,Overcast Sky,12/21,PERIMETER_BOT_ZN_1_DAYLCTRL,PERIMETER_BOT_ZN_1,PERIMETER_BOT_ZN_1_WALL_SOUTH_WINDOW2,PERIMETER_BOT_ZN_1_DAYLREFPT2,1.8130E-002
,17,Clear Sky,12/21,PERIMETER_BOT_ZN_1_DAYLCTRL,PERIMETER_BOT_ZN_1,PERIMETER_BOT_ZN_1_WALL_SOUTH_WINDOW3,PERIMETER_BOT_ZN_1_DAYLREFPT1,7.9869E-003
,18,Clear Sky,12/21,PERIMETER_BOT_ZN_1_DAYLCTRL,PERIMETER_BOT_ZN_1,PERIMETER_BOT_ZN_1_WALL_SOUTH_WINDOW3,PERIMETER_BOT_ZN_1_DAYLREFPT2,8.0484E-003
,19,Clear Turbid Sky,12/21,PERIMETER_BOT_ZN_1_DAYLCTRL,PERIMETER_BOT_ZN_1,PERIMETER_BOT_ZN_1_WALL_SOUTH_WINDOW3,PERIMETER_BOT_ZN_1_DAYLREFPT1,8.1305E-003
,20,Clear Turbid Sky,12/21,PERIMETER_BOT_ZN_1_DAYLCTRL,PERIMETER_BOT_ZN_1,PERIMETER_BOT_ZN_1_WALL_SOUTH_WINDOW3,PERIMETER_BOT_ZN_1_DAYLREFPT2,8.1825E-003
,21,Intermediate Sky,12/21,PERIMETER_BOT_ZN_1_DAYLCTRL,PERIMETER_BOT_ZN_1,PERIMETER_BOT_ZN_1_WALL_SOUTH_WINDOW3,PERIMETER_BOT_ZN_1_DAYLREFPT1,6.8383E-003
,22,Intermediate Sky,12/21,PERIMETER_BOT_ZN_1_DAYLCTRL,PERIMETER_BOT_ZN_1,PERIMETER_BOT_ZN_1_WALL_SOUTH_WINDOW3,PERIMETER_BOT_ZN_1_DAYLREFPT2,6.8754E-003
,23,Overcast Sky,12/21,PERIMETER_BOT_ZN_1_DAYLCTRL,PERIMETER_BOT_ZN_1,PERIMETER_BOT_ZN_1_WALL_SOUTH_WINDOW3,PERIMETER_BOT_ZN_1_DAYLREFPT1,4.3736E-003
,24,Overcast Sky,12/21,PERIMETER_BOT_ZN_1_DAYLCTRL,PERIMETER_BOT_ZN_1,PERIMETER_BOT_ZN_1_WALL_SOUTH_WINDOW3,PERIMETER_BOT_ZN_1_DAYLREFPT2,4.3979E-003
,25,Clear Sky,12/21,PERIMETER_BOT_ZN_2_DAYLCTRL,PERIMETER_BOT_ZN_2,PERIMETER_BOT_ZN_2_WALL_EAST_WINDOW1,PERIMETER_BOT_ZN_2_DAYLREFPT1,6.5011E-002
,26,Clear Sky,12/21,PERIMETER_BOT_ZN_2_DAYLCTRL,PERIMETER_BOT_ZN_2,PERIMETER_BOT_ZN_2_WALL_EAST_WINDOW1,PERIMETER_BOT_ZN_2_DAYLREFPT2,3.6758E-002
,27,Clear Turbid Sky,12/21,PERIMETER_BOT_ZN_2_DAYLCTRL,PERIMETER_BOT_ZN_2,PERIMETER_BOT_ZN_2_WALL_EAST_WINDOW1,PERIMETER_BOT_ZN_2_DAYLREFPT1,5.9284E-002
,28,Clear Turbid Sky,12/21,PERIMETER_BOT_ZN_2_DAYLCTRL,PERIMETER_BOT_ZN_2,PERIMETER_BOT_ZN_2_WALL_EAST_WINDOW1,PERIMETER_BOT_ZN_2_DAYLREFPT2,3.2782E-002
,29,Intermediate Sky,12/21,PERIMETER_BOT_ZN_2_DAYLCTRL,PERIMETER_BOT_ZN_2,PERIMETER_BOT_ZN_2_WALL_EAST_WINDOW1,PERIMETER_BOT_ZN_2_DAYLREFPT1,5.9129E-002
,30,Intermediate Sky,12/21,PERIMETER_BOT_ZN_2_DAYLCTRL,PERIMETER_BOT_ZN_2,PERIMETER_BOT_ZN_2_WALL_EAST_WINDOW1,PERIMETER_BOT_ZN_2_DAYLREFPT2,2.9178E-002
,31,Overcast Sky,12/21,PERIMETER_BOT_ZN_2_DAYLCTRL,PERIMETER_BOT_ZN_2,PERIMETER_BOT_ZN_2_WALL_EAST_WINDOW1,PERIMETER_BOT_ZN_2_DAYLREFPT1,5.6742E-002
,32,Overcast Sky,12/21,PERIMETER_BOT_ZN_2_DAYLCTRL,PERIMETER_BOT_ZN_2,PERIMETER_BOT_ZN_2_WALL_EAST_WINDOW1,PERIMETER_BOT_ZN_2_DAYLREFPT2,2.6741E-002
,33,Clear Sky,12/21,PERIMETER_BOT_ZN_2_DAYLCTRL,PERIMETER_BOT_ZN_2,PERIMETER_BOT_ZN_2_WALL_EAST_WINDOW2,PERIMETER_BOT_ZN_2_DAYLREFPT1,6.0922E-004
,34,Clear Sky,12/21,PERIMETER_BOT_ZN_2_DAYLCTRL,PERIMETER_BOT_ZN_2,PERIMETER_BOT_ZN_2_WALL_EAST_WINDOW2,PERIMETER_BOT_ZN_2_DAYLREFPT2,6.1120E-004
,35,Clear Turbid Sky,12/21,PERIMETER_BOT_ZN_2_DAYLCTRL,PERIMETER_BOT_ZN_2,PERIMETER_BOT_ZN_2_WALL_EAST_WINDOW2,PERIMETER_BOT_ZN_2_DAYLREFPT1,5.6707E-004
,36,Clear Turbid Sky,12/21,PERIMETER_BOT_ZN_2_DAYLCTRL,PERIMETER_BOT_ZN_2,PERIMETER_BOT_ZN_2_WALL_EAST_WINDOW2,PERIMETER_BOT_ZN_2_DAYLREFPT2,5.6853E-004
,37,Intermediate Sky,12/21,PERIMETER_BOT_ZN_2_DAYLCTRL,PERIMETER_BOT_ZN_2,PERIMETER_BOT_ZN_2_WALL_EAST_WINDOW2,PERIMETER_BOT_ZN_2_DAYLREFPT1,5.3519E-004
,38,Intermediate Sky,12/21,PERIMETER_BOT_ZN_2_DAYLCTRL,PERIMETER_BOT_ZN_2,PERIMETER_BOT_ZN_2_WALL_EAST_WINDOW2,PERIMETER_BOT_ZN_2_DAYLREFPT2,5.3574E-004
,39,Overcast Sky,12/21,PERIMETER_BOT_ZN_2_DAYLCTRL,PERIMETER_BOT_ZN_2,PERIMETER_BOT_ZN_2_WALL_EAST_WINDOW2,PERIMETER_BOT_ZN_2_DAYLREFPT1,5.1047E-004
,40,Overcast Sky,12/21,PERIMETER_BOT_ZN_2_DAYLCTRL,PERIMETER_BOT_ZN_2,PERIMETER_BOT_ZN_2_WALL_EAST_WINDOW2,PERIMETER_BOT_ZN_2_DAYLREFPT2,5.1131E-004
,41,Clear Sky,12/21,PERIMETER_BOT_ZN_3_DAYLCTRL,PERIMETER_BOT_ZN_3,PERIMETER_BOT_ZN_3_WALL_NORTH_WINDOW1,PERIMETER_BOT_ZN_3_DAYLREFPT1,4.1231E-003
,42,Clear Sky,12/21,PERIMETER_BOT_ZN_3_DAYLCTRL,PERIMETER_BOT_ZN_3,PERIMETER_BOT_ZN_3_WALL_NORTH_WINDOW1,PERIMETER_BOT_ZN_3_DAYLREFPT2,4.1744E-003
,43,Clear Turbid Sky,12/21,PERIMETER_BOT_ZN_3_DAYLCTRL,PERIMETER_BOT_ZN_3,PERIMETER_BOT_ZN_3_WALL_NORTH_WINDOW1,PERIMETER_BOT_ZN_3_DAYLREFPT1,3.5465E-003
,44,Clear Turbid Sky,12/21,PERIMETER_BOT_ZN_3_DAYLCTRL,PERIMETER_BOT_ZN_3,PERIMETER_BOT_ZN_3_WALL_NORTH_WINDOW1,PERIMETER_BOT_ZN_3_DAYLREFPT2,3.5872E-003
,45,Intermediate Sky,12/21,PERIMETER_BOT_ZN_3_DAYLCTRL,PERIMETER_BOT_ZN_3,PERIMETER_BOT_ZN_3_WALL_NORTH_WINDOW1,PERIMETER_BOT_ZN_3_DAYLREFPT1,3.0388E-003
,46,Intermediate Sky,12/21,PERIMETER_BOT_ZN_3_DAYLCTRL,PERIMETER_BOT_ZN_3,PERIMETER_BOT_ZN_3_WALL_NORTH_WINDOW1,PERIMETER_BOT_ZN_3_DAYLREFPT2,3.0641E-003
,47,Overcast Sky,12/21,PERIMETER_BOT_ZN_3_DAYLCTRL,PERIMETER_BOT_ZN_3,PERIMETER_BOT_ZN_3_WALL_NORTH_WINDOW1,PERIMETER_BOT_ZN_3_DAYLREFPT1,4.3736E-003
,48,Overcast Sky,12/21,PERIMETER_BOT_ZN_3_DAYLCTRL,PERIMETER_BOT_ZN_3,PERIMETER_BOT_ZN_3_WALL_NORTH_WINDOW1,PERIMETER_BOT_ZN_3_DAYLREFPT2,4.3979E-003
,49,Clear Sky,12/21,PERIMETER_BOT_ZN_3_DAYLCTRL,PERIMETER_BOT_ZN_3,PERIMETER_BOT_ZN_3_WALL_NORTH_WINDOW2,PERIMETER_BOT_ZN_3_DAYLREFPT1,3.7341E-002
,50,Clear Sky,12/21,PERIMETER_BOT_ZN_3_DAYLCTRL,PERIMETER_BOT_ZN_3,PERIMETER_BOT_ZN_3_WALL_NORTH_WINDOW2,PERIMETER_BOT_ZN_3_DAYLREFPT2,2.0523E-002
,51,Clear Turbid Sky,12/21,PERIMETER_BOT_ZN_3_DAYLCTRL,PERIMETER_BOT_ZN_3,PERIMETER_BOT_ZN_3_WALL_NORTH_WINDOW2,PERIMETER_BOT_ZN_3_DAYLREFPT1,2.9603E-002
,52,Clear Turbid Sky,12/21,PERIMETER_BOT_ZN_3_DAYLCTRL,PERIMETER_BOT_ZN_3,PERIMETER_BOT_ZN_3_WALL_NORTH_WINDOW2,PERIMETER_BOT_ZN_3_DAYLREFPT2,1.6064E-002
,53,Intermediate Sky,12/21,PERIMETER_BOT_ZN_3_DAYLCTRL,PERIMETER_BOT_ZN_3,PERIMETER_BOT_ZN_3_WALL_NORTH_WINDOW2,PERIMETER_BOT_ZN_3_DAYLREFPT1,2.5239E-002
,54,Intermediate Sky,12/21,PERIMETER_BOT_ZN_3_DAYLCTRL,PERIMETER_BOT_ZN_3,PERIMETER_BOT_ZN_3_WALL_NORTH_WINDOW2,PERIMETER_BOT_ZN_3_DAYLREFPT2,1.0711E-002
,55,Overcast Sky,12/21,PERIMETER_BOT_ZN_3_DAYLCTRL,PERIMETER_BOT_ZN_3,PERIMETER_BOT_ZN_3_WALL_NORTH_WINDOW2,PERIMETER_BOT_ZN_3_DAYLREFPT1,4.8328E-002
,56,Overcast Sky,12/21,PERIMETER_BOT_ZN_3_DAYLCTRL,PERIMETER_BOT_ZN_3,PERIMETER_BOT_ZN_3_WALL_NORTH_WINDOW2,PERIMETER_BOT_ZN_3_DAYLREFPT2,1.8130E-002
,57,Clear Sky,12/21,PERIMETER_BOT_ZN_3_DAYLCTRL,PERIMETER_BOT_ZN_3,PERIMETER_BOT_ZN_3_WALL_NORTH_WINDOW3,PERIMETER_BOT_ZN_3_DAYLREFPT1,4.1227E-003
,58,Clear Sky,12/21,PERIMETER_BOT_ZN_3_DAYLCTRL,PERIMETER_BOT_ZN_3,PERIMETER_BOT_ZN_3_WALL_NORTH_WINDOW3,PERIMETER_BOT_ZN_3_DAYLREFPT2,4.1734E-003
,59,Clear Turbid Sky,12/21,PERIMETER_BOT_ZN_3_DAYLCTRL,PERIMETER_BOT_ZN_3,PERIMETER_BOT_ZN_3_WALL_NORTH_WINDOW3,PERIMETER_BOT_ZN_3_DAYLREFPT1,3.5459E-003
,60,Clear Turbid Sky,12/21,PERIMETER_BOT_ZN_3_DAYLCTRL,PERIMETER_BOT_ZN_3,PERIMETER_BOT_ZN_3_WALL_NORTH_WINDOW3,PERIMETER_BOT_ZN_3_DAYLREFPT2,3.5853E-003
,61,Intermediate Sky,12/21,PERIMETER_BOT_ZN_3_DAYLCTRL,PERIMETER_BOT_ZN_3,PERIMETER_BOT_ZN_3_WALL_NORTH_WINDOW3,PERIMETER_BOT_ZN_3_DAYLREFPT1,3.0376E-003
,62,Intermediate Sky,12/21,PERIMETER_BOT_ZN_3_DAYLCTRL,PERIMETER_BOT_ZN_3,PERIMETER_BOT_ZN_3_WALL_NORTH_WINDOW3,PERIMETER_BOT_ZN_3_DAYLREFPT2,3.0597E-003
,63,Overcast Sky,12/21,PERIMETER_BOT_ZN_3_DAYLCTRL,PERIMETER_BOT_ZN_3,PERIMETER_BOT_ZN_3_WALL_NORTH_WINDOW3,PERIMETER_BOT_ZN_3_DAYLREFPT1,4.3739E-003
,64,Overcast Sky,12/21,PERIMETER_BOT_ZN_3_DAYLCTRL,PERIMETER_BOT_ZN_3,PERIMETER_BOT_ZN_3_WALL_NORTH_WINDOW3,PERIMETER_BOT_ZN_3_DAYLREFPT2,4.3982E-003
,65,Clear Sky,12/21,PERIMETER_BOT_ZN_4_DAYLCTRL,PERIMETER_BOT_ZN_4,PERIMETER_BOT_ZN_4_WALL_WEST_WINDOW1,PERIMETER_BOT_ZN_4_DAYLREFPT1,5.7990E-002
,66,Clear Sky,12/21,PERIMETER_BOT_ZN_4_DAYLCTRL,PERIMETER_BOT_ZN_4,PERIMETER_BOT_ZN_4_WALL_WEST_WINDOW1,PERIMETER_BOT_ZN_4_DAYLREFPT2,3.3699E-002
,67,Clear Turbid Sky,12/21,PERIMETER_BOT_ZN_4_DAYLCTRL,PERIMETER_BOT_ZN_4,PERIMETER_BOT_ZN_4_WALL_WEST_WINDOW1,PERIMETER_BOT_ZN_4_DAYLREFPT1,5.1146E-002
,68,Clear Turbid Sky,12/21,PERIMETER_BOT_ZN_4_DAYLCTRL,PERIMETER_BOT_ZN_4,PERIMETER_BOT_ZN_4_WALL_WEST_WINDOW1,PERIMETER_BOT_ZN_4_DAYLREFPT2,2.9247E-002
,69,Intermediate Sky,12/21,PERIMETER_BOT_ZN_4_DAYLCTRL,PERIMETER_BOT_ZN_4,PERIMETER_BOT_ZN_4_WALL_WEST_WINDOW1,PERIMETER_BOT_ZN_4_DAYLREFPT1,5.1495E-002
,70,Intermediate Sky,12/21,PERIMETER_BOT_ZN_4_DAYLCTRL,PERIMETER_BOT_ZN_4,PERIMETER_BOT_ZN_4_WALL_WEST_WINDOW1,PERIMETER_BOT_ZN_4_DAYLREFPT2,2.5864E-002
,71,Overcast Sky,12/21,PERIMETER_BOT_ZN_4_DAYLCTRL,PERIMETER_BOT_ZN_4,PERIMETER_BOT_ZN_4_WALL_WEST_WINDOW1,PERIMETER_BOT_ZN_4_DAYLREFPT1,5.6742E-002
,72,Overcast Sky,12/21,PERIMETER_BOT_ZN_4_DAYLCTRL,PERIMETER_BOT_ZN_4,PERIMETER_BOT_ZN_4_WALL_WEST_WINDOW1,PERIMETER_BOT_ZN_4_DAYLREFPT2,2.6742E-002
,73,Clear Sky,12/21,PERIMETER_BOT_ZN_4_DAYLCTRL,PERIMETER_BOT_ZN_4,PERIMETER_BOT_ZN_4_WALL_WEST_WINDOW2,PERIMETER_BOT_ZN_4_DAYLREFPT1,5.6291E-004
,74,Clear Sky,12/21,PERIMETER_BOT_ZN_4_DAYLCTRL,PERIMETER_BOT_ZN_4,PERIMETER_BOT_ZN_4_WALL_WEST_WINDOW2,PERIMETER_BOT_ZN_4_DAYLREFPT2,5.6619E-004
,75,Clear Turbid Sky,12/21,PERIMETER_BOT_ZN_4_DAYLCTRL,PERIMETER_BOT_ZN_4,PERIMETER_BOT_ZN_4_WALL_WEST_WINDOW2,PERIMETER_BOT_ZN_4_DAYLREFPT1,5.1269E-004
,76,Clear Turbid Sky,12/21,PERIMETER_BOT_ZN_4_DAYLCTRL,PERIMETER_BOT_ZN_4,PERIMETER_BOT_ZN_4_WALL_WEST_WINDOW2,PERIMETER_BOT_ZN_4_DAYLREFPT2,5.1573E-004
,77,Intermediate Sky,12/21,PERIMETER_BOT_ZN_4_DAYLCTRL,PERIMETER_BOT_ZN_4,PERIMETER_BOT_ZN_4_WALL_WEST_WINDOW2,PERIMETER_BOT_ZN_4_DAYLREFPT1,4.8670E-004
,78,Intermediate Sky,12/21,PERIMETER_BOT_ZN_4_DAYLCTRL,PERIMETER_BOT_ZN_4,PERIMETER_BOT_ZN_4_WALL_WEST_WINDOW2,PERIMETER_BOT_ZN_4_DAYLREFPT2,4.8861E-004
,79,Overcast Sky,12/21,PERIMETER_BOT_ZN_4_DAYLCTRL,PERIMETER_BOT_ZN_4,PERIMETER_BOT_ZN_4_WALL_WEST_WINDOW2,PERIMETER_BOT_ZN_4_DAYLREFPT1,5.1049E-004
,80,Overcast Sky,12/21,PERIMETER_BOT_ZN_4_DAYLCTRL,PERIMETER_BOT_ZN_4,PERIMETER_BOT_ZN_4_WALL_WEST_WINDOW2,PERIMETER_BOT_ZN_4_DAYLREFPT2,5.1133E-004
,81,Clear Sky,12/21,PERIMETER_MID_ZN_1_DAYLCTRL,PERIMETER_MID_ZN_1,PERIMETER_MID_ZN_1_WALL_SOUTH_WINDOW,PERIMETER_MID_ZN_1_DAYLREFPT1,0.1119
,82,Clear Sky,12/21,PERIMETER_MID_ZN_1_DAYLCTRL,PERIMETER_MID_ZN_1,PERIMETER_MID_ZN_1_WALL_SOUTH_WINDOW,PERIMETER_MID_ZN_1_DAYLREFPT2,5.6609E-002
,83,Clear Turbid Sky,12/21,PERIMETER_MID_ZN_1_DAYLCTRL,PERIMETER_MID_ZN_1,PERIMETER_MID_ZN_1_WALL_SOUTH_WINDOW,PERIMETER_MID_ZN_1_DAYLREFPT1,0.1158
,84,Clear Turbid Sky,12/21,PERIMETER_MID_ZN_1_DAYLCTRL,PERIMETER_MID_ZN_1,PERIMETER_MID_ZN_1_WALL_SOUTH_WINDOW,PERIMETER_MID_ZN_1_DAYLREFPT2,5.6337E-002
,85,Intermediate Sky,12/21,PERIMETER_MID_ZN_1_DAYLCTRL,PERIMETER_MID_ZN_1,PERIMETER_MID_ZN_1_WALL_SOUTH_WINDOW,PERIMETER_MID_ZN_1_DAYLREFPT1,9.9189E-002
,86,Intermediate Sky,12/21,PERIMETER_MID_ZN_1_DAYLCTRL,PERIMETER_MID_ZN_1,PERIMETER_MID_ZN_1_WALL_SOUTH_WINDOW,PERIMETER_MID_ZN_1_DAYLREFPT2,4.5085E-002
,87,Overcast Sky,12/21,PERIMETER_MID_ZN_1_DAYLCTRL,PERIMETER_MID_ZN_1,PERIMETER_MID_ZN_1_WALL_SOUTH_WINDOW,PERIMETER_MID_ZN_1_DAYLREFPT1,5.5097E-002
,88,Overcast Sky,12/21,PERIMETER_MID_ZN_1_DAYLCTRL,PERIMETER_MID_ZN_1,PERIMETER_MID_ZN_1_WALL_SOUTH_WINDOW,PERIMETER_MID_ZN_1_DAYLREFPT2,2.5717E-002
,89,Clear Sky,12/21,PERIMETER_MID_ZN_2_DAYLCTRL,PERIMETER_MID_ZN_2,PERIMETER_MID_ZN_2_WALL_EAST_WINDOW,PERIMETER_MID_ZN_2_DAYLREFPT1,6.3042E-002
,90,Clear Sky,12/21,PERIMETER_MID_ZN_2_DAYLCTRL,PERIMETER_MID_ZN_2,PERIMETER_MID_ZN_2_WALL_EAST_WINDOW,PERIMETER_MID_ZN_2_DAYLREFPT2,3.5624E-002
,91,Clear Turbid Sky,12/21,PERIMETER_MID_ZN_2_DAYLCTRL,PERIMETER_MID_ZN_2,PERIMETER_MID_ZN_2_WALL_EAST_WINDOW,PERIMETER_MID_ZN_2_DAYLREFPT1,5.7620E-002
,92,Clear Turbid Sky,12/21,PERIMETER_MID_ZN_2_DAYLCTRL,PERIMETER_MID_ZN_2,PERIMETER_MID_ZN_2_WALL_EAST_WINDOW,PERIMETER_MID_ZN_2_DAYLREFPT2,3.1821E-002
,93,Intermediate Sky,12/21,PERIMETER_MID_ZN_2_DAYLCTRL,PERIMETER_MID_ZN_2,PERIMETER_MID_ZN_2_WALL_EAST_WINDOW,PERIMETER_MID_ZN_2_DAYLREFPT1,5.7875E-002
,94,Intermediate Sky,12/21,PERIMETER_MID_ZN_2_DAYLCTRL,PERIMETER_MID_ZN_2,PERIMETER_MID_ZN_2_WALL_EAST_WINDOW,PERIMETER_MID_ZN_2_DAYLREFPT2,2.8427E-002
,95,Overcast Sky,12/21,PERIMETER_MID_ZN_2_DAYLCTRL,PERIMETER_MID_ZN_2,PERIMETER_MID_ZN_2_WALL_EAST_WINDOW,PERIMETER_MID_ZN_2_DAYLREFPT1,5.5687E-002
,96,Overcast Sky,12/21,PERIMETER_MID_ZN_2_DAYLCTRL,PERIMETER_MID_ZN_2,PERIMETER_MID_ZN_2_WALL_EAST_WINDOW,PERIMETER_MID_ZN_2_DAYLREFPT2,2.6108E-002
,97,Clear Sky,12/21,PERIMETER_MID_ZN_3_DAYLCTRL,PERIMETER_MID_ZN_3,PERIMETER_MID_ZN_3_WALL_NORTH_WINDOW,PERIMETER_MID_ZN_3_DAYLREFPT1,4.3160E-002
,98,Clear Sky,12/21,PERIMETER_MID_ZN_3_DAYLCTRL,PERIMETER_MID_ZN_3,PERIMETER_MID_ZN_3_WALL_NORTH_WINDOW,PERIMETER_MID_ZN_3_DAYLREFPT2,2.7520E-002
,99,Clear Turbid Sky,12/21,PERIMETER_MID_ZN_3_DAYLCTRL,PERIMETER_MID_ZN_3,PERIMETER_MID_ZN_3_WALL_NORTH_WINDOW,PERIMETER_MID_ZN_3_DAYLREFPT1,3.4882E-002
,100,Clear Turbid Sky,12/21,PERIMETER_MID_ZN_3_DAYLCTRL,PERIMETER_MID_ZN_3,PERIMETER_MID_ZN_3_WALL_NORTH_WINDOW,PERIMETER_MID_ZN_3_DAYLREFPT2,2.2235E-002
,101,Intermediate Sky,12/21,PERIMETER_MID_ZN_3_DAYLCTRL,PERIMETER_MID_ZN_3,PERIMETER_MID_ZN_3_WALL_NORTH_WINDOW,PERIMETER_MID_ZN_3_DAYLREFPT1,3.0321E-002
,102,Intermediate Sky,12/21,PERIMETER_MID_ZN_3_DAYLCTRL,PERIMETER_MID_ZN_3,PERIMETER_MID_ZN_3_WALL_NORTH_WINDOW,PERIMETER_MID_ZN_3_DAYLREFPT2,1.6245E-002
,103,Overcast Sky,12/21,PERIMETER_MID_ZN_3_DAYLCTRL,PERIMETER_MID_ZN_3,PERIMETER_MID_ZN_3_WALL_NORTH_WINDOW,PERIMETER_MID_ZN_3_DAYLREFPT1,5.5097E-002
,104,Overcast Sky,12/21,PERIMETER_MID_ZN_3_DAYLCTRL,PERIMETER_MID_ZN_3,PERIMETER_MID_ZN_3_WALL_NORTH_WINDOW,PERIMETER_MID_ZN_3_DAYLREFPT2,2.5717E-002
,105,Clear Sky,12/21,PERIMETER_MID_ZN_4_DAYLCTRL,PERIMETER_MID_ZN_4,PERIMETER_MID_ZN_4_WALL_WEST_WINDOW,PERIMETER_MID_ZN_4_DAYLREFPT1,5.6220E-002
,106,Clear Sky,12/21,PERIMETER_MID_ZN_4_DAYLCTRL,PERIMETER_MID_ZN_4,PERIMETER_MID_ZN_4_WALL_WEST_WINDOW,PERIMETER_MID_ZN_4_DAYLREFPT2,3.2708E-002
,107,Clear Turbid Sky,12/21,PERIMETER_MID_ZN_4_DAYLCTRL,PERIMETER_MID_ZN_4,PERIMETER_MID_ZN_4_WALL_WEST_WINDOW,PERIMETER_MID_ZN_4_DAYLREFPT1,4.9716E-002
,108,Clear Turbid Sky,12/21,PERIMETER_MID_ZN_4_DAYLCTRL,PERIMETER_MID_ZN_4,PERIMETER_MID_ZN_4_WALL_WEST_WINDOW,PERIMETER_MID_ZN_4_DAYLREFPT2,2.8457E-002
,109,Intermediate Sky,12/21,PERIMETER_MID_ZN_4_DAYLCTRL,PERIMETER_MID_ZN_4,PERIMETER_MID_ZN_4_WALL_WEST_WINDOW,PERIMETER_MID_ZN_4_DAYLREFPT1,5.0454E-002
,110,Intermediate Sky,12/21,PERIMETER_MID_ZN_4_DAYLCTRL,PERIMETER_MID_ZN_4,PERIMETER_MID_ZN_4_WALL_WEST_WINDOW,PERIMETER_MID_ZN_4_DAYLREFPT2,2.5266E-002
,111,Overcast Sky,12/21,PERIMETER_MID_ZN_4_DAYLCTRL,PERIMETER_MID_ZN_4,PERIMETER_MID_ZN_4_WALL_WEST_WINDOW,PERIMETER_MID_ZN_4_DAYLREFPT1,5.5688E-002
,112,Overcast Sky,12/21,PERIMETER_MID_ZN_4_DAYLCTRL,PERIMETER_MID_ZN_4,PERIMETER_MID_ZN_4_WALL_WEST_WINDOW,PERIMETER_MID_ZN_4_DAYLREFPT2,2.6108E-002
,113,Clear Sky,12/21,PERIMETER_TOP_ZN_1_DAYLCTRL,PERIMETER_TOP_ZN_1,PERIMETER_TOP_ZN_1_WALL_SOUTH_WINDOW,PERIMETER_TOP_ZN_1_DAYLREFPT1,0.1119
,114,Clear Sky,12/21,PERIMETER_TOP_ZN_1_DAYLCTRL,PERIMETER_TOP_ZN_1,PERIMETER_TOP_ZN_1_WALL_SOUTH_WINDOW,PERIMETER_TOP_ZN_1_DAYLREFPT2,5.6604E-002
,115,Clear Turbid Sky,12/21,PERIMETER_TOP_ZN_1_DAYLCTRL,PERIMETER_TOP_ZN_1,PERIMETER_TOP_ZN_1_WALL_SOUTH_WINDOW,PERIMETER_TOP_ZN_1_DAYLREFPT1,0.1158
,116,Clear Turbid Sky,12/21,PERIMETER_TOP_ZN_1_DAYLCTRL,PERIMETER_TOP_ZN_1,PERIMETER_TOP_ZN_1_WALL_SOUTH_WINDOW,PERIMETER_TOP_ZN_1_DAYLREFPT2,5.6331E-002
,117,Intermediate Sky,12/21,PERIMETER_TOP_ZN_1_DAYLCTRL,PERIMETER_TOP_ZN_1,PERIMETER_TOP_ZN_1_WALL_SOUTH_WINDOW,PERIMETER_TOP_ZN_1_DAYLREFPT1,9.9180E-002
,118,Intermediate Sky,12/21,PERIMETER_TOP_ZN_1_DAYLCTRL,PERIMETER_TOP_ZN_1,PERIMETER_TOP_ZN_1_WALL_SOUTH_WINDOW,PERIMETER_TOP_ZN_1_DAYLREFPT2,4.5080E-002
,119,Overcast Sky,12/21,PERIMETER_TOP_ZN_1_DAYLCTRL,PERIMETER_TOP_ZN_1,PERIMETER_TOP_ZN_1_WALL_SOUTH_WINDOW,PERIMETER_TOP_ZN_1_DAYLREFPT1,5.5092E-002
,120,Overcast Sky,12/21,PERIMETER_TOP_ZN_1_DAYLCTRL,PERIMETER_TOP_ZN_1,PERIMETER_TOP_ZN_1_WALL_SOUTH_WINDOW,PERIMETER_TOP_ZN_1_DAYLREFPT2,2.5714E-002
,121,Clear Sky,12/21,PERIMETER_TOP_ZN_2_DAYLCTRL,PERIMETER_TOP_ZN_2,PERIMETER_TOP_ZN_2_WALL_EAST_WINDOW,PERIMETER_TOP_ZN_2_DAYLREFPT1,6.3040E-002
,122,Clear Sky,12/21,PERIMETER_TOP_ZN_2_DAYLCTRL,PERIMETER_TOP_ZN_2,PERIMETER_TOP_ZN_2_WALL_EAST_WINDOW,PERIMETER_TOP_ZN_2_DAYLREFPT2,3.5621E-002
,123,Clear Turbid Sky,12/21,PERIMETER_TOP_ZN_2_DAYLCTRL,PERIMETER_TOP_ZN_2,PERIMETER_TOP_ZN_2_WALL_EAST_WINDOW,PERIMETER_TOP_ZN_2_DAYLREFPT1,5.7617E-002
,124,Clear Turbid Sky,12/21,PERIMETER_TOP_ZN_2_DAYLCTRL,PERIMETER_TOP_ZN_2,PERIMETER_TOP_ZN_2_WALL_EAST_WINDOW,PERIMETER_TOP_ZN_2_DAYLREFPT2,3.1819E-002
,125,Intermediate Sky,12/21,PERIMETER_TOP_ZN_2_DAYLCTRL,PERIMETER_TOP_ZN_2,PERIMETER_TOP_ZN_2_WALL_EAST_WINDOW,PERIMETER_TOP_ZN_2_DAYLREFPT1,5.7870E-002
,126,Intermediate Sky,12/21,PERIMETER_TOP_ZN_2_DAYLCTRL,PERIMETER_TOP_ZN_2,PERIMETER_TOP_ZN_2_WALL_EAST_WINDOW,PERIMETER_TOP_ZN_2_DAYLREFPT2,2.8424E-002
,127,Overcast Sky,12/21,PERIMETER_TOP_ZN_2_DAYLCTRL,PERIMETER_TOP_ZN_2,PERIMETER_TOP_ZN_2_WALL_EAST_WINDOW,PERIMETER_TOP_ZN_2_DAYLREFPT1,5.5682E-002
,128,Overcast Sky,12/21,PERIMETER_TOP_ZN_2_DAYLCTRL,PERIMETER_TOP_ZN_2,PERIMETER_TOP_ZN_2_WALL_EAST_WINDOW,PERIMETER_TOP_ZN_2_DAYLREFPT2,2.6105E-002
,129,Clear Sky,12/21,PERIMETER_TOP_ZN_3_DAYLCTRL,PERIMETER_TOP_ZN_3,PERIMETER_TOP_ZN_3_WALL_NORTH_WINDOW,PERIMETER_TOP_ZN_3_DAYLREFPT1,4.3160E-002
,130,Clear Sky,12/21,PERIMETER_TOP_ZN_3_DAYLCTRL,PERIMETER_TOP_ZN_3,PERIMETER_TOP_ZN_3_WALL_NORTH_WINDOW,PERIMETER_TOP_ZN_3_DAYLREFPT2,2.7519E-002
,131,Clear Turbid Sky,12/21,PERIMETER_TOP_ZN_3_DAYLCTRL,PERIMETER_TOP_ZN_3,PERIMETER_TOP_ZN_3_WALL_NORTH_WINDOW,PERIMETER_TOP_ZN_3_DAYLREFPT1,3.4882E-002
,132,Clear Turbid Sky,12/21,PERIMETER_TOP_ZN_3_DAYLCTRL,PERIMETER_TOP_ZN_3,PERIMETER_TOP_ZN_3_WALL_NORTH_WINDOW,PERIMETER_TOP_ZN_3_DAYLREFPT2,2.2234E-002
,133,Intermediate Sky,12/21,PERIMETER_TOP_ZN_3_DAYLCTRL,PERIMETER_TOP_ZN_3,PERIMETER_TOP_ZN_3_WALL_NORTH_WINDOW,PERIMETER_TOP_ZN_3_DAYLREFPT1,3.0319E-002
,134,Intermediate Sky,12/21,PERIMETER_TOP_ZN_3_DAYLCTRL,PERIMETER_TOP_ZN_3,PERIMETER_TOP_ZN_3_WALL_NORTH_WINDOW,PERIMETER_TOP_ZN_3_DAYLREFPT2,1.6243E-002
,135,Overcast Sky,12/21,PERIMETER_TOP_ZN_3_DAYLCTRL,PERIMETER_TOP_ZN_3,PERIMETER_TOP_ZN_3_WALL_NORTH_WINDOW,PERIMETER_TOP_ZN_3_DAYLREFPT1,5.5092E-002
,136,Overcast Sky,12/21,PERIMETER_TOP_ZN_3_DAYLCTRL,PERIMETER_TOP_ZN_3,PERIMETER_TOP_ZN_3_WALL_NORTH_WINDOW,PERIMETER_TOP_ZN_3_DAYLREFPT2,2.5714E-002
,137,Clear Sky,12/21,PERIMETER_TOP_ZN_4_DAYLCTRL,PERIMETER_TOP_ZN_4,PERIMETER_TOP_ZN_4_WALL_WEST_WINDOW,PERIMETER_TOP_ZN_4_DAYLREFPT1,5.6219E-002
,138,Clear Sky,12/21,PERIMETER_TOP_ZN_4_DAYLCTRL,PERIMETER_TOP_ZN_4,PERIMETER_TOP_ZN_4_WALL_WEST_WINDOW,PERIMETER_TOP_ZN_4_DAYLREFPT2,3.2706E-002
,139,Clear Turbid Sky,12/21,PERIMETER_TOP_ZN_4_DAYLCTRL,PERIMETER_TOP_ZN_4,PERIMETER_TOP_ZN_4_WALL_WEST_WINDOW,PERIMETER_TOP_ZN_4_DAYLREFPT1,4.9714E-002
,140,Clear Turbid Sky,12/21,PERIMETER_TOP_ZN_4_DAYLCTRL,PERIMETER_TOP_ZN_4,PERIMETER_TOP_ZN_4_WALL_WEST_WINDOW,PERIMETER_TOP_ZN_4_DAYLREFPT2,2.8455E-002
,141,Intermediate Sky,12/21,PERIMETER_TOP_ZN_4_DAYLCTRL,PERIMETER_TOP_ZN_4,PERIMETER_TOP_ZN_4_WALL_WEST_WINDOW,PERIMETER_TOP_ZN_4_DAYLREFPT1,5.0450E-002
,142,Intermediate Sky,12/21,PERIMETER_TOP_ZN_4_DAYLCTRL,PERIMETER_TOP_ZN_4,PERIMETER_TOP_ZN_4_WALL_WEST_WINDOW,PERIMETER_TOP_ZN_4_DAYLREFPT2,2.5263E-002
,143,Overcast Sky,12/21,PERIMETER_TOP_ZN_4_DAYLCTRL,PERIMETER_TOP_ZN_4,PERIMETER_TOP_ZN_4_WALL_WEST_WINDOW,PERIMETER_TOP_ZN_4_DAYLREFPT1,5.5683E-002
,144,Overcast Sky,12/21,PERIMETER_TOP_ZN_4_DAYLCTRL,PERIMETER_TOP_ZN_4,PERIMETER_TOP_ZN_4_WALL_WEST_WINDOW,PERIMETER_TOP_ZN_4_DAYLREFPT2,2.6105E-002


Zone Sizing Information

,,Zone Name,Load Type,Calc Des Load {W},User Des Load {W},Calc Des Air Flow Rate {m3/s},User Des Air Flow Rate {m3/s},Design Day Name,Date/Time of Peak,Temperature at Peak {C},Humidity Ratio at Peak {kgWater/kgDryAir},Floor Area {m2},# Occupants,Calc Outdoor Air Flow Rate {m3/s},Calc DOAS Heat Addition Rate {W}
,1,CORE_BOTTOM,Cooling,48984.79051,48984.79051,3.89428,3.89428,DENVER-AURORA-BUCKLEY.AFB_CO_USA ANN CLG .4% CONDNS DB=>MWB,7/21 08:30:00,24.35400,5.46078E-003,983.53657,52.93867,0.42466,0.00000
,2,CORE_BOTTOM,Heating,8819.61749,8819.61749,0.41398,0.42466,DENVER-AURORA-BUCKLEY.AFB_CO_USA ANN HTG 99.6% CONDNS DB,12/21 08:30:00,-17.90000,9.55238E-004,983.53657,52.93867,0.42466,0.00000
,3,CORE_MID,Cooling,28182.44615,28182.44615,2.24170,2.24170,DENVER-AURORA-BUCKLEY.AFB_CO_USA ANN CLG .4% CONDNS DB=>MWB,7/21 08:30:00,24.35400,5.46078E-003,983.53657,52.93867,0.42466,0.00000
,4,CORE_MID,Heating,13236.80352,13236.80352,0.62193,0.62193,DENVER-AURORA-BUCKLEY.AFB_CO_USA ANN HTG 99.6% CONDNS DB,12/21 08:30:00,-17.90000,9.55238E-004,983.53657,52.93867,0.42466,0.00000
,5,CORE_TOP,Cooling,28716.46163,28716.46163,2.32965,2.32965,DENVER-AURORA-BUCKLEY.AFB_CO_USA ANN CLG .4% CONDNS DB=>MWB,7/21 15:30:00,33.45600,5.47459E-003,983.53657,52.93867,0.42466,0.00000
,6,CORE_TOP,Heating,24310.04909,24310.04909,1.14364,1.14364,DENVER-AURORA-BUCKLEY.AFB_CO_USA ANN HTG 99.6% CONDNS DB,12/21 08:30:00,-17.90000,9.55238E-004,983.53657,52.93867,0.42466,0.00000
,7,PERIMETER_TOP_ZN_3,Cooling,9842.73402,9842.73402,0.79847,0.79847,DENVER-AURORA-BUCKLEY.AFB_CO_USA ANN CLG .4% CONDNS DB=>MWB,7/21 16:15:00,32.71600,5.47344E-003,207.33814,11.15994,8.95230E-002,0.00000
,8,PERIMETER_TOP_ZN_3,Heating,10467.04446,10467.04446,0.49282,0.49282,DENVER-AURORA-BUCKLEY.AFB_CO_USA ANN HTG 99.6% CONDNS DB,12/21 08:30:00,-17.90000,9.55238E-004,207.33814,11.15994,8.95230E-002,0.00000
,9,PERIMETER_TOP_ZN_2,Cooling,9579.34855,9579.34855,0.77709,0.77709,DENVER-AURORA-BUCKLEY.AFB_CO_USA ANN CLG .4% CONDNS DB=>MWB,7/21 10:00:00,28.27600,5.46666E-003,131.26219,7.06516,5.66755E-002,0.00000
,10,PERIMETER_TOP_ZN_2,Heating,6888.40612,6888.40612,0.32433,0.32433,DENVER-AURORA-BUCKLEY.AFB_CO_USA ANN HTG 99.6% CONDNS DB,12/21 08:30:00,-17.90000,9.55238E-004,131.26219,7.06516,5.66755E-002,0.00000
,11,PERIMETER_TOP_ZN_1,Cooling,8289.40051,8289.40051,0.67246,0.67246,DENVER-AURORA-BUCKLEY.AFB_CO_USA ANN CLG .4% CONDNS DB=>MWB,7/21 15:15:00,33.67800,5.47492E-003,207.33814,11.15994,8.95230E-002,0.00000
,12,PERIMETER_TOP_ZN_1,Heating,10538.03994,10538.03994,0.49616,0.49616,DENVER-AURORA-BUCKLEY.AFB_CO_USA ANN HTG 99.6% CONDNS DB,12/21 08:30:00,-17.90000,9.55238E-004,207.33814,11.15994,8.95230E-002,0.00000
,13,PERIMETER_TOP_ZN_4,Cooling,10896.25995,10896.25995,0.88393,0.88393,DENVER-AURORA-BUCKLEY.AFB_CO_USA ANN CLG .4% CONDNS DB=>MWB,7/21 17:00:00,31.82800,5.47208E-003,131.25358,7.06470,5.66718E-002,0.00000
,14,PERIMETER_TOP_ZN_4,Heating,6888.27920,6888.27920,0.32432,0.32432,DENVER-AURORA-BUCKLEY.AFB_CO_USA ANN HTG 99.6% CONDNS DB,12/21 08:30:00,-17.90000,9.55238E-004,131.25358,7.06470,5.66718E-002,0.00000
,15,PERIMETER_BOT_ZN_3,Cooling,8060.45698,8060.45698,0.65389,0.65389,DENVER-AURORA-BUCKLEY.AFB_CO_USA ANN CLG .4% CONDNS DB=>MWB,7/21 16:15:00,32.71600,5.47344E-003,207.33814,11.15994,8.95230E-002,0.00000
,16,PERIMETER_BOT_ZN_3,Heating,8224.99835,8224.99835,0.38746,0.38746,DENVER-AURORA-BUCKLEY.AFB_CO_USA ANN HTG 99.6% CONDNS DB,12/21 08:30:00,-17.90000,9.55238E-004,207.33814,11.15994,8.95230E-002,0.00000
,17,PERIMETER_BOT_ZN_2,Cooling,7922.44176,7922.44176,0.64269,0.64269,DENVER-AURORA-BUCKLEY.AFB_CO_USA ANN CLG .4% CONDNS DB=>MWB,7/21 10:15:00,28.83100,5.46750E-003,131.26219,7.06516,5.66755E-002,0.00000
,18,PERIMETER_BOT_ZN_2,Heating,5471.66542,5471.66542,0.25776,0.25776,DENVER-AURORA-BUCKLEY.AFB_CO_USA ANN HTG 99.6% CONDNS DB,12/21 08:30:00,-17.90000,9.55238E-004,131.26219,7.06516,5.66755E-002,0.00000
,19,PERIMETER_BOT_ZN_1,Cooling,6491.83289,6491.83289,0.52664,0.52664,DENVER-AURORA-BUCKLEY.AFB_CO_USA ANN CLG .4% CONDNS DB=>MWB,7/21 15:00:00,33.90000,5.47527E-003,207.33814,11.15994,8.95230E-002,0.00000
,20,PERIMETER_BOT_ZN_1,Heating,8304.26751,8304.26751,0.39120,0.39120,DENVER-AURORA-BUCKLEY.AFB_CO_USA ANN HTG 99.6% CONDNS DB,12/21 08:30:00,-17.90000,9.55238E-004,207.33814,11.15994,8.95230E-002,0.00000
,21,PERIMETER_BOT_ZN_4,Cooling,8329.66891,8329.66891,0.67573,0.67573,DENVER-AURORA-BUCKLEY.AFB_CO_USA ANN CLG .4% CONDNS DB=>MWB,7/21 17:15:00,31.45800,5.47151E-003,131.25358,7.06470,5.66718E-002,0.00000
,22,PERIMETER_BOT_ZN_4,Heating,5471.61360,5471.61360,0.25776,0.25776,DENVER-AURORA-BUCKLEY.AFB_CO_USA ANN HTG 99.6% CONDNS DB,12/21 08:30:00,-17.90000,9.55238E-004,131.25358,7.06470,5.66718E-002,0.00000
,23,PERIMETER_MID_ZN_3,Cooling,8828.10083,8828.10083,0.71616,0.71616,DENVER-AURORA-BUCKLEY.AFB_CO_USA ANN CLG .4% CONDNS DB=>MWB,7/21 16:30:00,32.42000,5.47299E-003,207.33814,11.15994,8.95230E-002,0.00000
,24,PERIMETER_MID_ZN_3,Heating,8251.69974,8251.69974,0.38856,0.38856,DENVER-AURORA-BUCKLEY.AFB_CO_USA ANN HTG 99.6% CONDNS DB,12/21 08:30:00,-17.90000,9.55238E-004,207.33814,11.15994,8.95230E-002,0.00000
,25,PERIMETER_MID_ZN_2,Cooling,9669.28117,9669.28117,0.78438,0.78438,DENVER-AURORA-BUCKLEY.AFB_CO_USA ANN CLG .4% CONDNS DB=>MWB,7/21 09:45:00,27.64700,5.46571E-003,131.26219,7.06516,5.66755E-002,0.00000
,26,PERIMETER_MID_ZN_2,Heating,5481.27985,5481.27985,0.25811,0.25811,DENVER-AURORA-BUCKLEY.AFB_CO_USA ANN HTG 99.6% CONDNS DB,12/21 08:30:00,-17.90000,9.55238E-004,131.26219,7.06516,5.66755E-002,0.00000
,27,PERIMETER_MID_ZN_1,Cooling,7291.91463,7291.91463,0.59155,0.59155,DENVER-AURORA-BUCKLEY.AFB_CO_USA ANN CLG .4% CONDNS DB=>MWB,7/21 15:00:00,33.90000,5.47527E-003,207.33814,11.15994,8.95230E-002,0.00000
,28,PERIMETER_MID_ZN_1,Heating,8317.75180,8317.75180,0.39168,0.39168,DENVER-AURORA-BUCKLEY.AFB_CO_USA ANN HTG 99.6% CONDNS DB,12/21 08:30:00,-17.90000,9.55238E-004,207.33814,11.15994,8.95230E-002,0.00000
,29,PERIMETER_MID_ZN_4,Cooling,10238.39271,10238.39271,0.83056,0.83056,DENVER-AURORA-BUCKLEY.AFB_CO_USA ANN CLG .4% CONDNS DB=>MWB,7/21 17:15:00,31.45800,5.47151E-003,131.25358,7.06470,5.66718E-002,0.00000
,30,PERIMETER_MID_ZN_4,Heating,5481.22470,5481.22470,0.25811,0.25811,DENVER-AURORA-BUCKLEY.AFB_CO_USA ANN HTG 99.6% CONDNS DB,12/21 08:30:00,-17.90000,9.55238E-004,131.25358,7.06470,5.66718E-002,0.00000


System Sizing Information

,,System Name,Load Type,Peak Load Kind,User Design Capacity [W],Calc Des Air Flow Rate [m3/s],User Des Air Flow Rate [m3/s],Design Day Name,Date/Time of Peak
,1,PACU_VAV_BOT,Cooling,Sensible,80510.67,5.84966,5.84966,DENVER-AURORA-BUCKLEY.AFB_CO_USA ANN CLG .4% CONDNS DB=>MWB,7/21 15:00:00
,2,PACU_VAV_BOT,Heating,Sensible,31263.32,1.71885,1.71885,DENVER-AURORA-BUCKLEY.AFB_CO_USA ANN HTG 99.6% CONDNS DB,12/21 06:15:00
,3,PACU_VAV_MID,Cooling,Sensible,63252.00,4.46546,4.46546,DENVER-AURORA-BUCKLEY.AFB_CO_USA ANN CLG .4% CONDNS DB=>MWB,7/21 16:00:00
,4,PACU_VAV_MID,Heating,Sensible,31359.08,1.91840,1.91840,DENVER-AURORA-BUCKLEY.AFB_CO_USA ANN HTG 99.6% CONDNS DB,12/21 06:15:00
,5,PACU_VAV_TOP,Cooling,Sensible,70989.10,5.09234,5.09234,DENVER-AURORA-BUCKLEY.AFB_CO_USA ANN CLG .4% CONDNS DB=>MWB,7/21 16:00:00
,6,PACU_VAV_TOP,Heating,Sensible,31630.02,2.78127,2.78127,DENVER-AURORA-BUCKLEY.AFB_CO_USA ANN HTG 99.6% CONDNS DB,12/21 05:30:00


Component Sizing Information

,,Component Type,Component Name,Input Field Description,Value
,1,AirTerminal:SingleDuct:VAV:Reheat,CORE_BOTTOM VAV BOX COMPONENT,Design Size Maximum Air Flow Rate [m3/s],3.89428
,2,AirTerminal:SingleDuct:VAV:Reheat,CORE_BOTTOM VAV BOX COMPONENT,Design Size Constant Minimum Air Flow Fraction,0.19245
,3,AirTerminal:SingleDuct:VAV:Reheat,CORE_BOTTOM VAV BOX COMPONENT,User-Specified Constant Minimum Air Flow Fraction,0.14700
,4,AirTerminal:SingleDuct:VAV:Reheat,CORE_BOTTOM VAV BOX COMPONENT,Design Size Minimum Air Flow Rate [m3/s],0.57246
,5,AirTerminal:SingleDuct:VAV:Reheat,CORE_BOTTOM VAV BOX COMPONENT,Design Size Maximum Flow per Zone Floor Area during Reheat [m3/s-m2],5.82042E-004
,6,AirTerminal:SingleDuct:VAV:Reheat,CORE_BOTTOM VAV BOX COMPONENT,Design Size Maximum Flow Fraction during Reheat [],0.14700
,7,Coil:Heating:Electric,CORE_BOTTOM VAV BOX REHEAT COIL,Design Size Nominal Capacity [W],17124.05688
,8,AirTerminal:SingleDuct:VAV:Reheat,CORE_MID VAV BOX COMPONENT,Design Size Maximum Air Flow Rate [m3/s],2.24170
,9,AirTerminal:SingleDuct:VAV:Reheat,CORE_MID VAV BOX COMPONENT,Design Size Constant Minimum Air Flow Fraction,0.33432
,10,AirTerminal:SingleDuct:VAV:Reheat,CORE_MID VAV BOX COMPONENT,User-Specified Constant Minimum Air Flow Fraction,0.25600
,11,AirTerminal:SingleDuct:VAV:Reheat,CORE_MID VAV BOX COMPONENT,Design Size Minimum Air Flow Rate [m3/s],0.57388
,12,AirTerminal:SingleDuct:VAV:Reheat,CORE_MID VAV BOX COMPONENT,Design Size Maximum Flow per Zone Floor Area during Reheat [m3/s-m2],5.83481E-004
,13,AirTerminal:SingleDuct:VAV:Reheat,CORE_MID VAV BOX COMPONENT,Design Size Maximum Flow Fraction during Reheat [],0.25600
,14,Coil:Heating:Electric,CORE_MID VAV BOX REHEAT COIL,Design Size Nominal Capacity [W],18604.01047
,15,AirTerminal:SingleDuct:VAV:Reheat,CORE_TOP VAV BOX COMPONENT,Design Size Maximum Air Flow Rate [m3/s],2.32965
,16,AirTerminal:SingleDuct:VAV:Reheat,CORE_TOP VAV BOX COMPONENT,Design Size Constant Minimum Air Flow Fraction,0.32170
,17,AirTerminal:SingleDuct:VAV:Reheat,CORE_TOP VAV BOX COMPONENT,User-Specified Constant Minimum Air Flow Fraction,0.25000
,18,AirTerminal:SingleDuct:VAV:Reheat,CORE_TOP VAV BOX COMPONENT,Design Size Minimum Air Flow Rate [m3/s],0.58241
,19,AirTerminal:SingleDuct:VAV:Reheat,CORE_TOP VAV BOX COMPONENT,Design Size Maximum Flow per Zone Floor Area during Reheat [m3/s-m2],5.92161E-004
,20,AirTerminal:SingleDuct:VAV:Reheat,CORE_TOP VAV BOX COMPONENT,Design Size Maximum Flow Fraction during Reheat [],0.25000
,21,Coil:Heating:Electric,CORE_TOP VAV BOX REHEAT COIL,Design Size Nominal Capacity [W],34209.86672
,22,AirTerminal:SingleDuct:VAV:Reheat,PERIMETER_TOP_ZN_3 VAV BOX COMPONENT,Design Size Maximum Air Flow Rate [m3/s],0.79847
,23,AirTerminal:SingleDuct:VAV:Reheat,PERIMETER_TOP_ZN_3 VAV BOX COMPONENT,Design Size Constant Minimum Air Flow Fraction,0.19787
,24,AirTerminal:SingleDuct:VAV:Reheat,PERIMETER_TOP_ZN_3 VAV BOX COMPONENT,User-Specified Constant Minimum Air Flow Fraction,0.18900
,25,AirTerminal:SingleDuct:VAV:Reheat,PERIMETER_TOP_ZN_3 VAV BOX COMPONENT,Design Size Minimum Air Flow Rate [m3/s],0.15091
,26,AirTerminal:SingleDuct:VAV:Reheat,PERIMETER_TOP_ZN_3 VAV BOX COMPONENT,Design Size Maximum Flow per Zone Floor Area during Reheat [m3/s-m2],7.27850E-004
,27,AirTerminal:SingleDuct:VAV:Reheat,PERIMETER_TOP_ZN_3 VAV BOX COMPONENT,Design Size Maximum Flow Fraction during Reheat [],0.18900
,28,Coil:Heating:Electric,PERIMETER_TOP_ZN_3 VAV BOX REHEAT COIL,Design Size Nominal Capacity [W],14741.73916
,29,AirTerminal:SingleDuct:VAV:Reheat,PERIMETER_TOP_ZN_2 VAV BOX COMPONENT,Design Size Maximum Air Flow Rate [m3/s],0.77709
,30,AirTerminal:SingleDuct:VAV:Reheat,PERIMETER_TOP_ZN_2 VAV BOX COMPONENT,Design Size Constant Minimum Air Flow Fraction,0.12871
,31,AirTerminal:SingleDuct:VAV:Reheat,PERIMETER_TOP_ZN_2 VAV BOX COMPONENT,User-Specified Constant Minimum Air Flow Fraction,9.80000E-002
,32,AirTerminal:SingleDuct:VAV:Reheat,PERIMETER_TOP_ZN_2 VAV BOX COMPONENT,Design Size Minimum Air Flow Rate [m3/s],7.61551E-002
,33,AirTerminal:SingleDuct:VAV:Reheat,PERIMETER_TOP_ZN_2 VAV BOX COMPONENT,Design Size Maximum Flow per Zone Floor Area during Reheat [m3/s-m2],5.80175E-004
,34,AirTerminal:SingleDuct:VAV:Reheat,PERIMETER_TOP_ZN_2 VAV BOX COMPONENT,Design Size Maximum Flow Fraction during Reheat [],9.80000E-002
,35,Coil:Heating:Electric,PERIMETER_TOP_ZN_2 VAV BOX REHEAT COIL,Design Size Nominal Capacity [W],9701.68518
,36,AirTerminal:SingleDuct:VAV:Reheat,PERIMETER_TOP_ZN_1 VAV BOX COMPONENT,Design Size Maximum Air Flow Rate [m3/s],0.67246
,37,AirTerminal:SingleDuct:VAV:Reheat,PERIMETER_TOP_ZN_1 VAV BOX COMPONENT,Design Size Constant Minimum Air Flow Fraction,0.23495
,38,AirTerminal:SingleDuct:VAV:Reheat,PERIMETER_TOP_ZN_1 VAV BOX COMPONENT,User-Specified Constant Minimum Air Flow Fraction,0.17200
,39,AirTerminal:SingleDuct:VAV:Reheat,PERIMETER_TOP_ZN_1 VAV BOX COMPONENT,Design Size Minimum Air Flow Rate [m3/s],0.11566
,40,AirTerminal:SingleDuct:VAV:Reheat,PERIMETER_TOP_ZN_1 VAV BOX COMPONENT,Design Size Maximum Flow per Zone Floor Area during Reheat [m3/s-m2],5.57850E-004
,41,AirTerminal:SingleDuct:VAV:Reheat,PERIMETER_TOP_ZN_1 VAV BOX COMPONENT,Design Size Maximum Flow Fraction during Reheat [],0.17200
,42,Coil:Heating:Electric,PERIMETER_TOP_ZN_1 VAV BOX REHEAT COIL,Design Size Nominal Capacity [W],14841.80322
,43,AirTerminal:SingleDuct:VAV:Reheat,PERIMETER_TOP_ZN_4 VAV BOX COMPONENT,Design Size Maximum Air Flow Rate [m3/s],0.88393
,44,AirTerminal:SingleDuct:VAV:Reheat,PERIMETER_TOP_ZN_4 VAV BOX COMPONENT,Design Size Constant Minimum Air Flow Fraction,0.11315
,45,AirTerminal:SingleDuct:VAV:Reheat,PERIMETER_TOP_ZN_4 VAV BOX COMPONENT,User-Specified Constant Minimum Air Flow Fraction,8.80000E-002
,46,AirTerminal:SingleDuct:VAV:Reheat,PERIMETER_TOP_ZN_4 VAV BOX COMPONENT,Design Size Minimum Air Flow Rate [m3/s],7.77856E-002
,47,AirTerminal:SingleDuct:VAV:Reheat,PERIMETER_TOP_ZN_4 VAV BOX COMPONENT,Design Size Maximum Flow per Zone Floor Area during Reheat [m3/s-m2],5.92636E-004
,48,AirTerminal:SingleDuct:VAV:Reheat,PERIMETER_TOP_ZN_4 VAV BOX COMPONENT,Design Size Maximum Flow Fraction during Reheat [],8.80000E-002
,49,Coil:Heating:Electric,PERIMETER_TOP_ZN_4 VAV BOX REHEAT COIL,Design Size Nominal Capacity [W],9701.50671
,50,AirTerminal:SingleDuct:VAV:Reheat,PERIMETER_BOT_ZN_3 VAV BOX COMPONENT,Design Size Maximum Air Flow Rate [m3/s],0.65389
,51,AirTerminal:SingleDuct:VAV:Reheat,PERIMETER_BOT_ZN_3 VAV BOX COMPONENT,Design Size Constant Minimum Air Flow Fraction,0.24162
,52,AirTerminal:SingleDuct:VAV:Reheat,PERIMETER_BOT_ZN_3 VAV BOX COMPONENT,User-Specified Constant Minimum Air Flow Fraction,0.24100
,53,AirTerminal:SingleDuct:VAV:Reheat,PERIMETER_BOT_ZN_3 VAV BOX COMPONENT,Design Size Minimum Air Flow Rate [m3/s],0.15759
,54,AirTerminal:SingleDuct:VAV:Reheat,PERIMETER_BOT_ZN_3 VAV BOX COMPONENT,Design Size Maximum Flow per Zone Floor Area during Reheat [m3/s-m2],7.60055E-004
,55,AirTerminal:SingleDuct:VAV:Reheat,PERIMETER_BOT_ZN_3 VAV BOX COMPONENT,Design Size Maximum Flow Fraction during Reheat [],0.24100
,56,Coil:Heating:Electric,PERIMETER_BOT_ZN_3 VAV BOX REHEAT COIL,Design Size Nominal Capacity [W],11590.20774
,57,AirTerminal:SingleDuct:VAV:Reheat,PERIMETER_BOT_ZN_2 VAV BOX COMPONENT,Design Size Maximum Air Flow Rate [m3/s],0.64269
,58,AirTerminal:SingleDuct:VAV:Reheat,PERIMETER_BOT_ZN_2 VAV BOX COMPONENT,Design Size Constant Minimum Air Flow Fraction,0.15563
,59,AirTerminal:SingleDuct:VAV:Reheat,PERIMETER_BOT_ZN_2 VAV BOX COMPONENT,User-Specified Constant Minimum Air Flow Fraction,0.12200
,60,AirTerminal:SingleDuct:VAV:Reheat,PERIMETER_BOT_ZN_2 VAV BOX COMPONENT,Design Size Minimum Air Flow Rate [m3/s],7.84083E-002
,61,AirTerminal:SingleDuct:VAV:Reheat,PERIMETER_BOT_ZN_2 VAV BOX COMPONENT,Design Size Maximum Flow per Zone Floor Area during Reheat [m3/s-m2],5.97341E-004
,62,AirTerminal:SingleDuct:VAV:Reheat,PERIMETER_BOT_ZN_2 VAV BOX COMPONENT,Design Size Maximum Flow Fraction during Reheat [],0.12200
,63,Coil:Heating:Electric,PERIMETER_BOT_ZN_2 VAV BOX REHEAT COIL,Design Size Nominal Capacity [W],7710.49527
,64,AirTerminal:SingleDuct:VAV:Reheat,PERIMETER_BOT_ZN_1 VAV BOX COMPONENT,Design Size Maximum Air Flow Rate [m3/s],0.52664
,65,AirTerminal:SingleDuct:VAV:Reheat,PERIMETER_BOT_ZN_1 VAV BOX COMPONENT,Design Size Constant Minimum Air Flow Fraction,0.30000
,66,AirTerminal:SingleDuct:VAV:Reheat,PERIMETER_BOT_ZN_1 VAV BOX COMPONENT,User-Specified Constant Minimum Air Flow Fraction,0.21400
,67,AirTerminal:SingleDuct:VAV:Reheat,PERIMETER_BOT_ZN_1 VAV BOX COMPONENT,Design Size Minimum Air Flow Rate [m3/s],0.11270
,68,AirTerminal:SingleDuct:VAV:Reheat,PERIMETER_BOT_ZN_1 VAV BOX COMPONENT,Design Size Maximum Flow per Zone Floor Area during Reheat [m3/s-m2],5.43565E-004
,69,AirTerminal:SingleDuct:VAV:Reheat,PERIMETER_BOT_ZN_1 VAV BOX COMPONENT,Design Size Maximum Flow Fraction during Reheat [],0.21400
,70,Coil:Heating:Electric,PERIMETER_BOT_ZN_1 VAV BOX REHEAT COIL,Design Size Nominal Capacity [W],11701.96879
,71,AirTerminal:SingleDuct:VAV:Reheat,PERIMETER_BOT_ZN_4 VAV BOX COMPONENT,Design Size Maximum Air Flow Rate [m3/s],0.67573
,72,AirTerminal:SingleDuct:VAV:Reheat,PERIMETER_BOT_ZN_4 VAV BOX COMPONENT,Design Size Constant Minimum Air Flow Fraction,0.14801
,73,AirTerminal:SingleDuct:VAV:Reheat,PERIMETER_BOT_ZN_4 VAV BOX COMPONENT,User-Specified Constant Minimum Air Flow Fraction,0.11100
,74,AirTerminal:SingleDuct:VAV:Reheat,PERIMETER_BOT_ZN_4 VAV BOX COMPONENT,Design Size Minimum Air Flow Rate [m3/s],7.50057E-002
,75,AirTerminal:SingleDuct:VAV:Reheat,PERIMETER_BOT_ZN_4 VAV BOX COMPONENT,Design Size Maximum Flow per Zone Floor Area during Reheat [m3/s-m2],5.71457E-004
,76,AirTerminal:SingleDuct:VAV:Reheat,PERIMETER_BOT_ZN_4 VAV BOX COMPONENT,Design Size Maximum Flow Fraction during Reheat [],0.11100
,77,Coil:Heating:Electric,PERIMETER_BOT_ZN_4 VAV BOX REHEAT COIL,Design Size Nominal Capacity [W],7710.42256
,78,AirTerminal:SingleDuct:VAV:Reheat,PERIMETER_MID_ZN_3 VAV BOX COMPONENT,Design Size Maximum Air Flow Rate [m3/s],0.71616
,79,AirTerminal:SingleDuct:VAV:Reheat,PERIMETER_MID_ZN_3 VAV BOX COMPONENT,Design Size Constant Minimum Air Flow Fraction,0.22061
,80,AirTerminal:SingleDuct:VAV:Reheat,PERIMETER_MID_ZN_3 VAV BOX COMPONENT,User-Specified Constant Minimum Air Flow Fraction,0.21600
,81,AirTerminal:SingleDuct:VAV:Reheat,PERIMETER_MID_ZN_3 VAV BOX COMPONENT,Design Size Minimum Air Flow Rate [m3/s],0.15469
,82,AirTerminal:SingleDuct:VAV:Reheat,PERIMETER_MID_ZN_3 VAV BOX COMPONENT,Design Size Maximum Flow per Zone Floor Area during Reheat [m3/s-m2],7.46083E-004
,83,AirTerminal:SingleDuct:VAV:Reheat,PERIMETER_MID_ZN_3 VAV BOX COMPONENT,Design Size Maximum Flow Fraction during Reheat [],0.21600
,84,Coil:Heating:Electric,PERIMETER_MID_ZN_3 VAV BOX REHEAT COIL,Design Size Nominal Capacity [W],11623.12406
,85,AirTerminal:SingleDuct:VAV:Reheat,PERIMETER_MID_ZN_2 VAV BOX COMPONENT,Design Size Maximum Air Flow Rate [m3/s],0.78438
,86,AirTerminal:SingleDuct:VAV:Reheat,PERIMETER_MID_ZN_2 VAV BOX COMPONENT,Design Size Maximum Flow per Zone Floor Area during Reheat [m3/s-m2],3.19697E-004
,87,AirTerminal:SingleDuct:VAV:Reheat,PERIMETER_MID_ZN_2 VAV BOX COMPONENT,Design Size Maximum Flow Fraction during Reheat [],5.35000E-002
,88,Coil:Heating:Electric,PERIMETER_MID_ZN_2 VAV BOX REHEAT COIL,Design Size Nominal Capacity [W],7720.98737
,89,AirTerminal:SingleDuct:VAV:Reheat,PERIMETER_MID_ZN_1 VAV BOX COMPONENT,Design Size Maximum Air Flow Rate [m3/s],0.59155
,90,AirTerminal:SingleDuct:VAV:Reheat,PERIMETER_MID_ZN_1 VAV BOX COMPONENT,Design Size Constant Minimum Air Flow Fraction,0.26708
,91,AirTerminal:SingleDuct:VAV:Reheat,PERIMETER_MID_ZN_1 VAV BOX COMPONENT,User-Specified Constant Minimum Air Flow Fraction,0.19200
,92,AirTerminal:SingleDuct:VAV:Reheat,PERIMETER_MID_ZN_1 VAV BOX COMPONENT,Design Size Minimum Air Flow Rate [m3/s],0.11358
,93,AirTerminal:SingleDuct:VAV:Reheat,PERIMETER_MID_ZN_1 VAV BOX COMPONENT,Design Size Maximum Flow per Zone Floor Area during Reheat [m3/s-m2],5.47785E-004
,94,AirTerminal:SingleDuct:VAV:Reheat,PERIMETER_MID_ZN_1 VAV BOX COMPONENT,Design Size Maximum Flow Fraction during Reheat [],0.19200
,95,Coil:Heating:Electric,PERIMETER_MID_ZN_1 VAV BOX REHEAT COIL,Design Size Nominal Capacity [W],11716.27913
,96,AirTerminal:SingleDuct:VAV:Reheat,PERIMETER_MID_ZN_4 VAV BOX COMPONENT,Design Size Maximum Air Flow Rate [m3/s],0.83056
,97,AirTerminal:SingleDuct:VAV:Reheat,PERIMETER_MID_ZN_4 VAV BOX COMPONENT,Design Size Constant Minimum Air Flow Fraction,0.12042
,98,AirTerminal:SingleDuct:VAV:Reheat,PERIMETER_MID_ZN_4 VAV BOX COMPONENT,User-Specified Constant Minimum Air Flow Fraction,9.40000E-002
,99,AirTerminal:SingleDuct:VAV:Reheat,PERIMETER_MID_ZN_4 VAV BOX COMPONENT,Design Size Minimum Air Flow Rate [m3/s],7.80728E-002
,100,AirTerminal:SingleDuct:VAV:Reheat,PERIMETER_MID_ZN_4 VAV BOX COMPONENT,Design Size Maximum Flow per Zone Floor Area during Reheat [m3/s-m2],5.94824E-004
,101,AirTerminal:SingleDuct:VAV:Reheat,PERIMETER_MID_ZN_4 VAV BOX COMPONENT,Design Size Maximum Flow Fraction during Reheat [],9.40000E-002
,102,Coil:Heating:Electric,PERIMETER_MID_ZN_4 VAV BOX REHEAT COIL,Design Size Nominal Capacity [W],7720.91009
,103,AirLoopHVAC,PACU_VAV_BOT,Sum of Air Terminal Maximum Heating Flow Rates [m3/s],0.99616
,104,AirLoopHVAC,PACU_VAV_BOT,Sum of Air Terminal Minimum Heating Flow Rates [m3/s],0.99616
,105,AirLoopHVAC,PACU_VAV_BOT,Sum of Air Terminal Maximum Flow Rates [m3/s],6.39324
,106,AirLoopHVAC,PACU_VAV_BOT,Adjusted Heating Design Air Flow Rate [m3/s],1.71885
,107,AirLoopHVAC,PACU_VAV_BOT,Adjusted Cooling Design Air Flow Rate [m3/s],5.84966
,108,AirLoopHVAC,PACU_VAV_BOT,Adjusted Main Design Air Flow Rate [m3/s],5.84966
,109,AirLoopHVAC,PACU_VAV_BOT,User Heating Air Flow Ratio [],0.30000
,110,AirLoopHVAC,PACU_VAV_BOT,Calculated Heating Air Flow Ratio [],0.29384
,111,AirLoopHVAC,PACU_VAV_MID,Sum of Air Terminal Maximum Heating Flow Rates [m3/s],0.99630
,112,AirLoopHVAC,PACU_VAV_MID,Sum of Air Terminal Minimum Heating Flow Rates [m3/s],0.99630
,113,AirLoopHVAC,PACU_VAV_MID,Sum of Air Terminal Maximum Flow Rates [m3/s],5.16435
,114,AirLoopHVAC,PACU_VAV_MID,Adjusted Heating Design Air Flow Rate [m3/s],1.91840
,115,AirLoopHVAC,PACU_VAV_MID,Adjusted Cooling Design Air Flow Rate [m3/s],4.46546
,116,AirLoopHVAC,PACU_VAV_MID,Adjusted Main Design Air Flow Rate [m3/s],4.46546
,117,AirLoopHVAC,PACU_VAV_MID,User Heating Air Flow Ratio [],0.30000
,118,AirLoopHVAC,PACU_VAV_MID,Calculated Heating Air Flow Ratio [],0.42961
,119,AirLoopHVAC,PACU_VAV_TOP,Sum of Air Terminal Maximum Heating Flow Rates [m3/s],1.00293
,120,AirLoopHVAC,PACU_VAV_TOP,Sum of Air Terminal Minimum Heating Flow Rates [m3/s],1.00293
,121,AirLoopHVAC,PACU_VAV_TOP,Sum of Air Terminal Maximum Flow Rates [m3/s],5.46160
,122,AirLoopHVAC,PACU_VAV_TOP,Adjusted Heating Design Air Flow Rate [m3/s],2.78127
,123,AirLoopHVAC,PACU_VAV_TOP,Adjusted Cooling Design Air Flow Rate [m3/s],5.09234
,124,AirLoopHVAC,PACU_VAV_TOP,Adjusted Main Design Air Flow Rate [m3/s],5.09234
,125,AirLoopHVAC,PACU_VAV_TOP,User Heating Air Flow Ratio [],0.30000
,126,AirLoopHVAC,PACU_VAV_TOP,Calculated Heating Air Flow Ratio [],0.54617
,127,AirLoopHVAC,PACU_VAV_BOT,Design Supply Air Flow Rate [m3/s],5.84966
,128,AirLoopHVAC,PACU_VAV_MID,Design Supply Air Flow Rate [m3/s],4.46546
,129,AirLoopHVAC,PACU_VAV_TOP,Design Supply Air Flow Rate [m3/s],5.09234
,130,Controller:OutdoorAir,PACU_VAV_BOT_OA_CONTROLLER,Maximum Outdoor Air Flow Rate [m3/s],5.84966
,131,Coil:Cooling:DX:TwoSpeed,PACU_VAV_BOT_COOLC DXCOIL,Design Size High Speed Rated Air Flow Rate [m3/s],5.84966
,132,Coil:Cooling:DX:TwoSpeed,PACU_VAV_BOT_COOLC DXCOIL,Design Size High Speed Gross Rated Total Cooling Capacity [W],97897.47224
,133,Coil:Cooling:DX:TwoSpeed,PACU_VAV_BOT_COOLC DXCOIL,Design Size High Speed Rated Sensible Heat Ratio,0.85449
,134,Coil:Cooling:DX:TwoSpeed,PACU_VAV_BOT_COOLC DXCOIL,Design Size Low Speed Rated Air Flow Rate [m3/s],1.94969
,135,Coil:Cooling:DX:TwoSpeed,PACU_VAV_BOT_COOLC DXCOIL,Design Size Low Speed Gross Rated Total Cooling Capacity [W],32629.22750
,136,Coil:Cooling:DX:TwoSpeed,PACU_VAV_BOT_COOLC DXCOIL,Design Size Low Speed Gross Rated Sensible Heat Ratio,0.85449
,137,Coil:Heating:Fuel,PACU_VAV_BOT_HEATC,Design Size Nominal Capacity [W],26769.86278
,138,Fan:VariableVolume,PACU_VAV_BOT FAN,Design Size Maximum Flow Rate [m3/s],5.84966
,139,Fan:VariableVolume,PACU_VAV_BOT FAN,Design Electric Power Consumption [W],12722.35513
,140,Controller:OutdoorAir,PACU_VAV_MID_OA_CONTROLLER,Maximum Outdoor Air Flow Rate [m3/s],4.46546
,141,Coil:Cooling:DX:TwoSpeed,PACU_VAV_MID_COOLC DXCOIL,Design Size High Speed Rated Air Flow Rate [m3/s],4.46546
,142,Coil:Cooling:DX:TwoSpeed,PACU_VAV_MID_COOLC DXCOIL,Design Size High Speed Gross Rated Total Cooling Capacity [W],75800.80737
,143,Coil:Cooling:DX:TwoSpeed,PACU_VAV_MID_COOLC DXCOIL,Design Size High Speed Rated Sensible Heat Ratio,0.84763
,144,Coil:Cooling:DX:TwoSpeed,PACU_VAV_MID_COOLC DXCOIL,Design Size Low Speed Rated Air Flow Rate [m3/s],1.48834
,145,Coil:Cooling:DX:TwoSpeed,PACU_VAV_MID_COOLC DXCOIL,Design Size Low Speed Gross Rated Total Cooling Capacity [W],25264.40910
,146,Coil:Cooling:DX:TwoSpeed,PACU_VAV_MID_COOLC DXCOIL,Design Size Low Speed Gross Rated Sensible Heat Ratio,0.84763
,147,Coil:Heating:Fuel,PACU_VAV_MID_HEATC,Design Size Nominal Capacity [W],29482.17708
,148,Fan:VariableVolume,PACU_VAV_MID FAN,Design Size Maximum Flow Rate [m3/s],4.46546
,149,Fan:VariableVolume,PACU_VAV_MID FAN,Design Electric Power Consumption [W],9774.95132
,150,Controller:OutdoorAir,PACU_VAV_TOP_OA_CONTROLLER,Maximum Outdoor Air Flow Rate [m3/s],5.09234
,151,Coil:Cooling:DX:TwoSpeed,PACU_VAV_TOP_COOLC DXCOIL,Design Size High Speed Rated Air Flow Rate [m3/s],5.09234
,152,Coil:Cooling:DX:TwoSpeed,PACU_VAV_TOP_COOLC DXCOIL,Design Size High Speed Gross Rated Total Cooling Capacity [W],84984.88736
,153,Coil:Cooling:DX:TwoSpeed,PACU_VAV_TOP_COOLC DXCOIL,Design Size High Speed Rated Sensible Heat Ratio,0.85586
,154,Coil:Cooling:DX:TwoSpeed,PACU_VAV_TOP_COOLC DXCOIL,Design Size Low Speed Rated Air Flow Rate [m3/s],1.69728
,155,Coil:Cooling:DX:TwoSpeed,PACU_VAV_TOP_COOLC DXCOIL,Design Size Low Speed Gross Rated Total Cooling Capacity [W],28325.46296
,156,Coil:Cooling:DX:TwoSpeed,PACU_VAV_TOP_COOLC DXCOIL,Design Size Low Speed Gross Rated Sensible Heat Ratio,0.85586
,157,Coil:Heating:Fuel,PACU_VAV_TOP_HEATC,Design Size Nominal Capacity [W],28899.46429
,158,Fan:VariableVolume,PACU_VAV_TOP FAN,Design Size Maximum Flow Rate [m3/s],5.09234
,159,Fan:VariableVolume,PACU_VAV_TOP FAN,Design Electric Power Consumption [W],11075.27319
,160,PlantLoop,SHWSYS1,Maximum Loop Flow Rate [m3/s],5.36267E-005
,161,PlantLoop,SHWSYS1,Plant Loop Volume [m3],6.43520E-003
,162,PlantLoop,SHWSYS1,Design Supply Temperature [C],60.00000
,163,PlantLoop,SHWSYS1,Design Return Temperature [C],55.00000
,164,PlantLoop,SHWSYS1,Sizing Option,NonCoincident
,165,PlantLoop,SHWSYS1,Minimum Loop Flow Rate [m3/s],0.00000
,166,PlantLoop,SHWSYS1,Design Capacity [W],1125.48980
,167,Pump:ConstantSpeed,SHWSYS1 PUMP,Design Flow Rate [m3/s],5.36267E-005
,168,Pump:ConstantSpeed,SHWSYS1 PUMP,Design Power Consumption [W],6.85023
,169,WaterHeater:Mixed,SHWSYS1 WATER HEATER,Use Side Design Flow Rate [m3/s],5.36267E-005


DX Cooling Coil AHRI 2023 Standard Rating Information

,,Component Type,Component Name,Standard Rating (Net) Cooling Capacity {W},Standard Rating Net COP2 {W/W},EER2 {Btu/W-h},SEER2 User {Btu/W-h},SEER2 Standard {Btu/W-h},IEER 2022 {Btu/W-h}
,1,Coil:Cooling:DX:TwoSpeed,PACU_VAV_BOT_COOLC DXCOIL,95429.7,2.83,9.67,10.80,10.83,10.6
,2,Coil:Cooling:DX:TwoSpeed,PACU_VAV_MID_COOLC DXCOIL,73949.7,2.84,9.69,10.83,10.86,10.7
,3,Coil:Cooling:DX:TwoSpeed,PACU_VAV_TOP_COOLC DXCOIL,82829.3,2.83,9.66,10.80,10.83,10.6


VAV DX Cooling Coil Standard Rating Information

,,DX Coil Type,DX Coil Name,Fan Type,Fan Name,Standard Net Cooling Capacity {W},Standard Net Cooling Capacity {Btu/h},IEER {Btu/W-h},COP 100% Capacity {W/W},COP 75% Capacity {W/W},COP 50% Capacity {W/W},COP 25% Capacity {W/W},EER 100% Capacity {Btu/W-h},EER 75% Capacity {Btu/W-h},EER 50% Capacity {Btu/W-h},EER 25% Capacity {Btu/W-h},Supply Air Flow 100% {kg/s},Supply Air Flow 75% {kg/s},Supply Air Flow 50% {kg/s},Supply Air Flow 25% {kg/s}
,1,Coil:Cooling:DX:TwoSpeed,PACU_VAV_BOT_COOLC DXCOIL,N/A,N/A,96262.64,328461.78,11.03,2.80,3.15,3.31,3.54,9.56,10.76,11.30,12.09,6.0596,4.9067,3.3116,1.2235
,2,Coil:Cooling:DX:TwoSpeed,PACU_VAV_MID_COOLC DXCOIL,N/A,N/A,74584.36,254492.40,11.06,2.81,3.16,3.32,3.55,9.58,10.80,11.34,12.11,4.6258,3.7431,2.5259,0.9386
,3,Coil:Cooling:DX:TwoSpeed,PACU_VAV_TOP_COOLC DXCOIL,N/A,N/A,83554.68,285100.39,11.03,2.80,3.15,3.31,3.54,9.56,10.76,11.29,12.09,5.2751,4.2716,2.8834,1.0638


DX Cooling Coil Standard Rating Information

,,Component Type,Component Name,Standard Rating (Net) Cooling Capacity {W},Standard Rating Net COP {W/W},EER {Btu/W-h},SEER User {Btu/W-h},SEER Standard {Btu/W-h},IEER {Btu/W-h}
,1,Coil:Cooling:DX:TwoSpeed,PACU_VAV_BOT_COOLC DXCOIL,96262.6,2.8017614726955227,9.560006966719786,N/A,N/A,11.031468441727906
,2,Coil:Cooling:DX:TwoSpeed,PACU_VAV_MID_COOLC DXCOIL,74584.4,2.808831163113097,9.584129751726012,N/A,N/A,11.064444269197372
,3,Coil:Cooling:DX:TwoSpeed,PACU_VAV_TOP_COOLC DXCOIL,83554.7,2.8003577309804943,9.555217201171958,N/A,N/A,11.025028256189007


Zone Surfaces

,,Zone Name,# Surfaces
,1,CORE_BOTTOM,7
,2,TOPFLOOR_PLENUM,10
,3,MIDFLOOR_PLENUM,14
,4,FIRSTFLOOR_PLENUM,14
,5,CORE_MID,7
,6,CORE_TOP,7
,7,PERIMETER_TOP_ZN_3,8
,8,PERIMETER_TOP_ZN_2,8
,9,PERIMETER_TOP_ZN_1,8
,10,PERIMETER_TOP_ZN_4,8
,11,PERIMETER_BOT_ZN_3,12
,12,PERIMETER_BOT_ZN_2,10
,13,PERIMETER_BOT_ZN_1,12
,14,PERIMETER_BOT_ZN_4,10
,15,PERIMETER_MID_ZN_3,8
,16,PERIMETER_MID_ZN_2,8
,17,PERIMETER_MID_ZN_1,8
,18,PERIMETER_MID_ZN_4,8


HeatTransfer Surface

,,Surface Name,Surface Class,Base Surface,Heat Transfer Algorithm,Construction,Nominal U (w/o film coefs) {W/m2-K},Nominal U (with film coefs) {W/m2-K},Solar Diffusing,Area (Net) {m2},Area (Gross) {m2},Area (Sunlit Calc) {m2},Azimuth {deg},Tilt {deg},~Width {m},~Height {m},Reveal {m},ExtBoundCondition,ExtConvCoeffCalc,IntConvCoeffCalc,SunExposure,WindExposure,ViewFactorToGround,ViewFactorToSky,ViewFactorToGround-IR,ViewFactorToSky-IR,#Sides
,1,CORE_BOT_ZN_5_WALL_SOUTH,Wall,,CTF - ConductionTransferFunction,INT_WALL,6.299,3.242,,111.82,111.82,111.82,180.00,90.00,40.76,2.74,0.00,iz-CORE_BOT_ZN_5_WALL_SOUTH,Other/Same Surface Int Conv,ASHRAETARP,NoSun,NoWind,0.50,0.50,0.50,0.50,4
,2,CORE_BOT_ZN_5_WALL_EAST,Wall,,CTF - ConductionTransferFunction,INT_WALL,6.299,3.242,,66.19,66.19,66.19,90.00,90.00,24.13,2.74,0.00,iz-CORE_BOT_ZN_5_WALL_EAST,Other/Same Surface Int Conv,ASHRAETARP,NoSun,NoWind,0.50,0.50,0.50,0.50,4
,3,CORE_BOT_ZN_5_WALL_NORTH,Wall,,CTF - ConductionTransferFunction,INT_WALL,6.299,3.242,,111.82,111.82,111.82,0.00,90.00,40.76,2.74,0.00,iz-CORE_BOT_ZN_5_WALL_NORTH,Other/Same Surface Int Conv,ASHRAETARP,NoSun,NoWind,0.50,0.50,0.50,0.50,4
,4,CORE_BOT_ZN_5_WALL_WEST,Wall,,CTF - ConductionTransferFunction,INT_WALL,6.299,3.242,,66.19,66.19,66.19,270.00,90.00,24.13,2.74,0.00,iz-CORE_BOT_ZN_5_WALL_WEST,Other/Same Surface Int Conv,ASHRAETARP,NoSun,NoWind,0.50,0.50,0.50,0.50,4
,5,CORE_BOT_ZN_5_FLOOR,Floor,,CTF - ConductionTransferFunction,CORE_BOT_ZN_5_FLOOR_FFACTOR,5.650E-003,5.642E-003,,983.54,983.54,983.54,0.00,180.00,40.76,24.13,0.00,CORE_BOT_ZN_5_FLOOR,Other/Same Surface Int Conv,ASHRAETARP,NoSun,NoWind,1.00,0.00,1.00,0.00,4
,6,CORE_BOT_ZN_5_CEILING,Roof,,CTF - ConductionTransferFunction,DROPCEILING,4.488,2.432,,983.54,983.54,983.54,180.00,0.00,40.76,24.13,0.00,iz-CORE_BOT_ZN_5_CEILING,Other/Same Surface Int Conv,ASHRAETARP,NoSun,NoWind,0.00,1.00,0.00,1.00,4
,7,CORE_BOTTOM_INTERNALMASS_1,Internal Mass,,CTF - ConductionTransferFunction,INTERIORFURNISHINGS,0.800,0.800,,1967.08,1967.08,1967.08,0.00,90.00,1967.08,1.00,0.00,CORE_BOTTOM_INTERNALMASS_1,Other/Same Surface Int Conv,ASHRAETARP,NoSun,NoWind,0.00,0.50,1.00,0.00,0
,8,PERIMETER_TOP_PLENUM_WALL_NORTH,Wall,,CTF - ConductionTransferFunction,NONRES_EXT_WALL,0.328,0.312,,60.85,60.85,60.85,0.00,90.00,49.91,1.22,0.00,ExternalEnvironment,ASHRAETARP,ASHRAETARP,SunExposed,WindExposed,0.50,0.50,0.50,0.50,4
,9,PERIMETER_TOP_PLENUM_WALL_EAST,Wall,,CTF - ConductionTransferFunction,NONRES_EXT_WALL,0.328,0.312,,40.57,40.57,40.57,90.00,90.00,33.27,1.22,0.00,ExternalEnvironment,ASHRAETARP,ASHRAETARP,SunExposed,WindExposed,0.50,0.50,0.50,0.50,4
,10,PERIMETER_TOP_PLENUM_WALL_SOUTH,Wall,,CTF - ConductionTransferFunction,NONRES_EXT_WALL,0.328,0.312,,60.85,60.85,60.85,180.00,90.00,49.91,1.22,0.00,ExternalEnvironment,ASHRAETARP,ASHRAETARP,SunExposed,WindExposed,0.50,0.50,0.50,0.50,4
,11,PERIMETER_TOP_PLENUM_WALL_WEST,Wall,,CTF - ConductionTransferFunction,NONRES_EXT_WALL,0.328,0.312,,40.57,40.57,40.57,270.00,90.00,33.27,1.22,0.00,ExternalEnvironment,ASHRAETARP,ASHRAETARP,SunExposed,WindExposed,0.50,0.50,0.50,0.50,4
,12,iz-PERIMETER_TOP_ZN_1_CEILING,Floor,,CTF - ConductionTransferFunction,DROPCEILING,4.488,2.147,,207.34,207.34,207.34,225.00,180.00,6.47,40.76,0.00,PERIMETER_TOP_ZN_1_CEILING,Other/Same Surface Int Conv,ASHRAETARP,NoSun,NoWind,1.00,0.00,1.00,0.00,4
,13,iz-PERIMETER_TOP_ZN_2_CEILING,Floor,,CTF - ConductionTransferFunction,DROPCEILING,4.488,2.147,,131.26,131.26,131.26,135.00,180.00,6.47,24.13,0.00,PERIMETER_TOP_ZN_2_CEILING,Other/Same Surface Int Conv,ASHRAETARP,NoSun,NoWind,1.00,0.00,1.00,0.00,4
,14,iz-PERIMETER_TOP_ZN_3_CEILING,Floor,,CTF - ConductionTransferFunction,DROPCEILING,4.488,2.147,,207.34,207.34,207.34,45.00,180.00,6.47,40.76,0.00,PERIMETER_TOP_ZN_3_CEILING,Other/Same Surface Int Conv,ASHRAETARP,NoSun,NoWind,1.00,0.00,1.00,0.00,4
,15,iz-PERIMETER_TOP_ZN_4_CEILING,Floor,,CTF - ConductionTransferFunction,DROPCEILING,4.488,2.147,,131.25,131.25,131.25,315.00,180.00,6.47,24.13,0.00,PERIMETER_TOP_ZN_4_CEILING,Other/Same Surface Int Conv,ASHRAETARP,NoSun,NoWind,1.00,0.00,1.00,0.00,4
,16,iz-CORE_TOP_ZN_5_CEILING,Floor,,CTF - ConductionTransferFunction,DROPCEILING,4.488,2.147,,983.54,983.54,983.54,180.00,180.00,40.76,24.13,0.00,CORE_TOP_ZN_5_CEILING,Other/Same Surface Int Conv,ASHRAETARP,NoSun,NoWind,1.00,0.00,1.00,0.00,4
,17,BUILDING_ROOF,Roof,,CTF - ConductionTransferFunction,NONRES_ROOF,0.186,0.180,,1660.73,1660.73,1660.73,0.00,0.00,49.91,33.27,0.00,ExternalEnvironment,ASHRAETARP,ASHRAETARP,SunExposed,WindExposed,0.00,1.00,0.00,1.00,4
,18,PERIMETER_MID_PLENUM_WALL_NORTH,Wall,,CTF - ConductionTransferFunction,NONRES_EXT_WALL,0.328,0.312,,60.85,60.85,60.85,0.00,90.00,49.91,1.22,0.00,ExternalEnvironment,ASHRAETARP,ASHRAETARP,SunExposed,WindExposed,0.50,0.50,0.50,0.50,4
,19,PERIMETER_MID_PLENUM_WALL_EAST,Wall,,CTF - ConductionTransferFunction,NONRES_EXT_WALL,0.328,0.312,,40.57,40.57,40.57,90.00,90.00,33.27,1.22,0.00,ExternalEnvironment,ASHRAETARP,ASHRAETARP,SunExposed,WindExposed,0.50,0.50,0.50,0.50,4
,20,PERIMETER_MID_PLENUM_WALL_SOUTH,Wall,,CTF - ConductionTransferFunction,NONRES_EXT_WALL,0.328,0.312,,60.85,60.85,60.85,180.00,90.00,49.91,1.22,0.00,ExternalEnvironment,ASHRAETARP,ASHRAETARP,SunExposed,WindExposed,0.50,0.50,0.50,0.50,4
,21,PERIMETER_MID_PLENUM_WALL_WEST,Wall,,CTF - ConductionTransferFunction,NONRES_EXT_WALL,0.328,0.312,,40.57,40.57,40.57,270.00,90.00,33.27,1.22,0.00,ExternalEnvironment,ASHRAETARP,ASHRAETARP,SunExposed,WindExposed,0.50,0.50,0.50,0.50,4
,22,iz-PERIMETER_MID_ZN_1_CEILING,Floor,,CTF - ConductionTransferFunction,DROPCEILING,4.488,2.147,,207.34,207.34,207.34,180.00,180.00,40.76,6.47,0.00,PERIMETER_MID_ZN_1_CEILING,Other/Same Surface Int Conv,ASHRAETARP,NoSun,NoWind,1.00,0.00,1.00,0.00,4
,23,iz-PERIMETER_MID_ZN_2_CEILING,Floor,,CTF - ConductionTransferFunction,DROPCEILING,4.488,2.147,,131.26,131.26,131.26,90.00,180.00,24.13,6.47,0.00,PERIMETER_MID_ZN_2_CEILING,Other/Same Surface Int Conv,ASHRAETARP,NoSun,NoWind,1.00,0.00,1.00,0.00,4
,24,iz-PERIMETER_MID_ZN_3_CEILING,Floor,,CTF - ConductionTransferFunction,DROPCEILING,4.488,2.147,,207.34,207.34,207.34,0.00,180.00,40.76,6.47,0.00,PERIMETER_MID_ZN_3_CEILING,Other/Same Surface Int Conv,ASHRAETARP,NoSun,NoWind,1.00,0.00,1.00,0.00,4
,25,iz-PERIMETER_MID_ZN_4_CEILING,Floor,,CTF - ConductionTransferFunction,DROPCEILING,4.488,2.147,,131.25,131.25,131.25,270.00,180.00,24.13,6.47,0.00,PERIMETER_MID_ZN_4_CEILING,Other/Same Surface Int Conv,ASHRAETARP,NoSun,NoWind,1.00,0.00,1.00,0.00,4
,26,iz-CORE_MID_ZN_5_CEILING,Floor,,CTF - ConductionTransferFunction,DROPCEILING,4.488,2.147,,983.54,983.54,983.54,0.00,180.00,40.76,24.13,0.00,CORE_MID_ZN_5_CEILING,Other/Same Surface Int Conv,ASHRAETARP,NoSun,NoWind,1.00,0.00,1.00,0.00,4
,27,iz-PERIMETER_TOP_ZN_1_FLOOR,Roof,,CTF - ConductionTransferFunction,INT_SLAB_CEILING,3.839,2.228,,207.34,207.34,207.34,0.00,0.00,40.76,6.47,0.00,PERIMETER_TOP_ZN_1_FLOOR,Other/Same Surface Int Conv,ASHRAETARP,NoSun,NoWind,0.00,1.00,0.00,1.00,4
,28,iz-PERIMETER_TOP_ZN_2_FLOOR,Roof,,CTF - ConductionTransferFunction,INT_SLAB_CEILING,3.839,2.228,,131.26,131.26,131.26,270.00,0.00,24.13,6.47,0.00,PERIMETER_TOP_ZN_2_FLOOR,Other/Same Surface Int Conv,ASHRAETARP,NoSun,NoWind,0.00,1.00,0.00,1.00,4
,29,iz-PERIMETER_TOP_ZN_3_FLOOR,Roof,,CTF - ConductionTransferFunction,INT_SLAB_CEILING,3.839,2.228,,207.34,207.34,207.34,180.00,0.00,40.76,6.47,0.00,PERIMETER_TOP_ZN_3_FLOOR,Other/Same Surface Int Conv,ASHRAETARP,NoSun,NoWind,0.00,1.00,0.00,1.00,4
,30,iz-PERIMETER_TOP_ZN_4_FLOOR,Roof,,CTF - ConductionTransferFunction,INT_SLAB_CEILING,3.839,2.228,,131.25,131.25,131.25,90.00,0.00,24.13,6.47,0.00,PERIMETER_TOP_ZN_4_FLOOR,Other/Same Surface Int Conv,ASHRAETARP,NoSun,NoWind,0.00,1.00,0.00,1.00,4
,31,iz-CORE_TOP_ZN_5_FLOOR,Roof,,CTF - ConductionTransferFunction,INT_SLAB_CEILING,3.839,2.228,,983.54,983.54,983.54,180.00,0.00,40.76,24.13,0.00,CORE_TOP_ZN_5_FLOOR,Other/Same Surface Int Conv,ASHRAETARP,NoSun,NoWind,0.00,1.00,0.00,1.00,4
,32,PERIMETER_BOT_PLENUM_WALL_NORTH,Wall,,CTF - ConductionTransferFunction,NONRES_EXT_WALL,0.328,0.312,,60.85,60.85,60.85,0.00,90.00,49.91,1.22,0.00,ExternalEnvironment,ASHRAETARP,ASHRAETARP,SunExposed,WindExposed,0.50,0.50,0.50,0.50,4
,33,PERIMETER_BOT_PLENUM_WALL_EAST,Wall,,CTF - ConductionTransferFunction,NONRES_EXT_WALL,0.328,0.312,,40.57,40.57,40.57,90.00,90.00,33.27,1.22,0.00,ExternalEnvironment,ASHRAETARP,ASHRAETARP,SunExposed,WindExposed,0.50,0.50,0.50,0.50,4
,34,PERIMETER_BOT_PLENUM_WALL_SOUTH,Wall,,CTF - ConductionTransferFunction,NONRES_EXT_WALL,0.328,0.312,,60.85,60.85,60.85,180.00,90.00,49.91,1.22,0.00,ExternalEnvironment,ASHRAETARP,ASHRAETARP,SunExposed,WindExposed,0.50,0.50,0.50,0.50,4
,35,PERIMETER_BOT_PLENUM_WALL_WEST,Wall,,CTF - ConductionTransferFunction,NONRES_EXT_WALL,0.328,0.312,,40.57,40.57,40.57,270.00,90.00,33.27,1.22,0.00,ExternalEnvironment,ASHRAETARP,ASHRAETARP,SunExposed,WindExposed,0.50,0.50,0.50,0.50,4
,36,iz-PERIMETER_BOT_ZN_1_CEILING,Floor,,CTF - ConductionTransferFunction,DROPCEILING,4.488,2.147,,207.34,207.34,207.34,180.00,180.00,40.76,6.47,0.00,PERIMETER_BOT_ZN_1_CEILING,Other/Same Surface Int Conv,ASHRAETARP,NoSun,NoWind,1.00,0.00,1.00,0.00,4
,37,iz-PERIMETER_BOT_ZN_2_CEILING,Floor,,CTF - ConductionTransferFunction,DROPCEILING,4.488,2.147,,131.26,131.26,131.26,90.00,180.00,24.13,6.47,0.00,PERIMETER_BOT_ZN_2_CEILING,Other/Same Surface Int Conv,ASHRAETARP,NoSun,NoWind,1.00,0.00,1.00,0.00,4
,38,iz-PERIMETER_BOT_ZN_3_CEILING,Floor,,CTF - ConductionTransferFunction,DROPCEILING,4.488,2.147,,207.34,207.34,207.34,0.00,180.00,40.76,6.47,0.00,PERIMETER_BOT_ZN_3_CEILING,Other/Same Surface Int Conv,ASHRAETARP,NoSun,NoWind,1.00,0.00,1.00,0.00,4
,39,iz-PERIMETER_BOT_ZN_4_CEILING,Floor,,CTF - ConductionTransferFunction,DROPCEILING,4.488,2.147,,131.25,131.25,131.25,270.00,180.00,24.13,6.47,0.00,PERIMETER_BOT_ZN_4_CEILING,Other/Same Surface Int Conv,ASHRAETARP,NoSun,NoWind,1.00,0.00,1.00,0.00,4
,40,iz-CORE_BOT_ZN_5_CEILING,Floor,,CTF - ConductionTransferFunction,DROPCEILING,4.488,2.147,,983.54,983.54,983.54,0.00,180.00,40.76,24.13,0.00,CORE_BOT_ZN_5_CEILING,Other/Same Surface Int Conv,ASHRAETARP,NoSun,NoWind,1.00,0.00,1.00,0.00,4
,41,iz-PERIMETER_MID_ZN_1_FLOOR,Roof,,CTF - ConductionTransferFunction,INT_SLAB_CEILING,3.839,2.228,,207.34,207.34,207.34,0.00,0.00,40.76,6.47,0.00,PERIMETER_MID_ZN_1_FLOOR,Other/Same Surface Int Conv,ASHRAETARP,NoSun,NoWind,0.00,1.00,0.00,1.00,4
,42,iz-PERIMETER_MID_ZN_2_FLOOR,Roof,,CTF - ConductionTransferFunction,INT_SLAB_CEILING,3.839,2.228,,131.26,131.26,131.26,270.00,0.00,24.13,6.47,0.00,PERIMETER_MID_ZN_2_FLOOR,Other/Same Surface Int Conv,ASHRAETARP,NoSun,NoWind,0.00,1.00,0.00,1.00,4
,43,iz-PERIMETER_MID_ZN_3_FLOOR,Roof,,CTF - ConductionTransferFunction,INT_SLAB_CEILING,3.839,2.228,,207.34,207.34,207.34,180.00,0.00,40.76,6.47,0.00,PERIMETER_MID_ZN_3_FLOOR,Other/Same Surface Int Conv,ASHRAETARP,NoSun,NoWind,0.00,1.00,0.00,1.00,4
,44,iz-PERIMETER_MID_ZN_4_FLOOR,Roof,,CTF - ConductionTransferFunction,INT_SLAB_CEILING,3.839,2.228,,131.25,131.25,131.25,90.00,0.00,24.13,6.47,0.00,PERIMETER_MID_ZN_4_FLOOR,Other/Same Surface Int Conv,ASHRAETARP,NoSun,NoWind,0.00,1.00,0.00,1.00,4
,45,iz-CORE_MID_ZN_5_FLOOR,Roof,,CTF - ConductionTransferFunction,INT_SLAB_CEILING,3.839,2.228,,983.54,983.54,983.54,180.00,0.00,40.76,24.13,0.00,CORE_MID_ZN_5_FLOOR,Other/Same Surface Int Conv,ASHRAETARP,NoSun,NoWind,0.00,1.00,0.00,1.00,4
,46,CORE_MID_ZN_5_WALL_NORTH,Wall,,CTF - ConductionTransferFunction,INT_WALL,6.299,3.242,,111.82,111.82,111.82,0.00,90.00,40.76,2.74,0.00,iz-CORE_MID_ZN_5_WALL_NORTH,Other/Same Surface Int Conv,ASHRAETARP,NoSun,NoWind,0.50,0.50,0.50,0.50,4
,47,CORE_MID_ZN_5_WALL_EAST,Wall,,CTF - ConductionTransferFunction,INT_WALL,6.299,3.242,,66.19,66.19,66.19,90.00,90.00,24.13,2.74,0.00,iz-CORE_MID_ZN_5_WALL_EAST,Other/Same Surface Int Conv,ASHRAETARP,NoSun,NoWind,0.50,0.50,0.50,0.50,4
,48,CORE_MID_ZN_5_WALL_SOUTH,Wall,,CTF - ConductionTransferFunction,INT_WALL,6.299,3.242,,111.82,111.82,111.82,180.00,90.00,40.76,2.74,0.00,iz-CORE_MID_ZN_5_WALL_SOUTH,Other/Same Surface Int Conv,ASHRAETARP,NoSun,NoWind,0.50,0.50,0.50,0.50,4
,49,CORE_MID_ZN_5_WALL_WEST,Wall,,CTF - ConductionTransferFunction,INT_WALL,6.299,3.242,,66.19,66.19,66.19,270.00,90.00,24.13,2.74,0.00,iz-CORE_MID_ZN_5_WALL_WEST,Other/Same Surface Int Conv,ASHRAETARP,NoSun,NoWind,0.50,0.50,0.50,0.50,4
,50,CORE_MID_ZN_5_FLOOR,Floor,,CTF - ConductionTransferFunction,INT_SLAB_FLOOR,3.839,1.986,,983.54,983.54,983.54,0.00,180.00,40.76,24.13,0.00,iz-CORE_MID_ZN_5_FLOOR,Other/Same Surface Int Conv,ASHRAETARP,NoSun,NoWind,1.00,0.00,1.00,0.00,4
,51,CORE_MID_ZN_5_CEILING,Roof,,CTF - ConductionTransferFunction,DROPCEILING,4.488,2.432,,983.54,983.54,983.54,180.00,0.00,40.76,24.13,0.00,iz-CORE_MID_ZN_5_CEILING,Other/Same Surface Int Conv,ASHRAETARP,NoSun,NoWind,0.00,1.00,0.00,1.00,4
,52,CORE_MID_INTERNALMASS_1,Internal Mass,,CTF - ConductionTransferFunction,INTERIORFURNISHINGS,0.800,0.800,,1967.08,1967.08,1967.08,0.00,90.00,1967.08,1.00,0.00,CORE_MID_INTERNALMASS_1,Other/Same Surface Int Conv,ASHRAETARP,NoSun,NoWind,0.00,0.50,1.00,0.00,0
,53,CORE_TOP_ZN_5_WALL_NORTH,Wall,,CTF - ConductionTransferFunction,INT_WALL,6.299,3.242,,111.82,111.82,111.82,0.00,90.00,40.76,2.74,0.00,iz-CORE_TOP_ZN_5_WALL_NORTH,Other/Same Surface Int Conv,ASHRAETARP,NoSun,NoWind,0.50,0.50,0.50,0.50,4
,54,CORE_TOP_ZN_5_WALL_EAST,Wall,,CTF - ConductionTransferFunction,INT_WALL,6.299,3.242,,66.19,66.19,66.19,90.00,90.00,24.13,2.74,0.00,iz-CORE_TOP_ZN_5_WALL_EAST,Other/Same Surface Int Conv,ASHRAETARP,NoSun,NoWind,0.50,0.50,0.50,0.50,4
,55,CORE_TOP_ZN_5_WALL_SOUTH,Wall,,CTF - ConductionTransferFunction,INT_WALL,6.299,3.242,,111.82,111.82,111.82,180.00,90.00,40.76,2.74,0.00,iz-CORE_TOP_ZN_5_WALL_SOUTH,Other/Same Surface Int Conv,ASHRAETARP,NoSun,NoWind,0.50,0.50,0.50,0.50,4
,56,CORE_TOP_ZN_5_WALL_WEST,Wall,,CTF - ConductionTransferFunction,INT_WALL,6.299,3.242,,66.19,66.19,66.19,270.00,90.00,24.13,2.74,0.00,iz-CORE_TOP_ZN_5_WALL_WEST,Other/Same Surface Int Conv,ASHRAETARP,NoSun,NoWind,0.50,0.50,0.50,0.50,4
,57,CORE_TOP_ZN_5_FLOOR,Floor,,CTF - ConductionTransferFunction,INT_SLAB_FLOOR,3.839,1.986,,983.54,983.54,983.54,0.00,180.00,40.76,24.13,0.00,iz-CORE_TOP_ZN_5_FLOOR,Other/Same Surface Int Conv,ASHRAETARP,NoSun,NoWind,1.00,0.00,1.00,0.00,4
,58,CORE_TOP_ZN_5_CEILING,Roof,,CTF - ConductionTransferFunction,DROPCEILING,4.488,2.432,,983.54,983.54,983.54,0.00,0.00,40.76,24.13,0.00,iz-CORE_TOP_ZN_5_CEILING,Other/Same Surface Int Conv,ASHRAETARP,NoSun,NoWind,0.00,1.00,0.00,1.00,4
,59,CORE_TOP_INTERNALMASS_1,Internal Mass,,CTF - ConductionTransferFunction,INTERIORFURNISHINGS,0.800,0.800,,1967.08,1967.08,1967.08,0.00,90.00,1967.08,1.00,0.00,CORE_TOP_INTERNALMASS_1,Other/Same Surface Int Conv,ASHRAETARP,NoSun,NoWind,0.00,0.50,1.00,0.00,0
,60,PERIMETER_TOP_ZN_3_WALL_NORTH,Wall,,CTF - ConductionTransferFunction,NONRES_EXT_WALL,0.328,0.312,,71.65,136.92,71.65,0.00,90.00,49.91,2.74,0.00,ExternalEnvironment,ASHRAETARP,ASHRAETARP,SunExposed,WindExposed,0.50,0.50,0.50,0.50,4
,61,PERIMETER_TOP_ZN_3_WALL_NORTH_WINDOW,Window,PERIMETER_TOP_ZN_3_WALL_NORTH,Window5 Detailed Fenestration,WINDOW_U_0.36_SHGC_0.38,N/A,2.045,No,65.26,65.26,65.26,0.00,90.00,49.91,1.31,0.00,ExternalEnvironment,ASHRAETARP,ASHRAETARP,SunExposed,WindExposed,0.50,0.50,0.50,0.50,4
,62,PERIMETER_TOP_ZN_3_WALL_WEST,Wall,,CTF - ConductionTransferFunction,INT_WALL,6.299,3.242,,17.74,17.74,17.74,225.00,90.00,6.47,2.74,0.00,iz-PERIMETER_TOP_ZN_3_WALL_WEST,Other/Same Surface Int Conv,ASHRAETARP,NoSun,NoWind,0.50,0.50,0.50,0.50,4
,63,iz-PERIMETER_TOP_ZN_2_WALL_NORTH,Wall,,CTF - ConductionTransferFunction,INT_WALL,6.299,3.242,,17.74,17.74,17.74,135.00,90.00,6.47,2.74,0.00,PERIMETER_TOP_ZN_2_WALL_NORTH,Other/Same Surface Int Conv,ASHRAETARP,NoSun,NoWind,0.50,0.50,0.50,0.50,4
,64,iz-CORE_TOP_ZN_5_WALL_NORTH,Wall,,CTF - ConductionTransferFunction,INT_WALL,6.299,3.242,,111.82,111.82,111.82,180.00,90.00,40.76,2.74,0.00,CORE_TOP_ZN_5_WALL_NORTH,Other/Same Surface Int Conv,ASHRAETARP,NoSun,NoWind,0.50,0.50,0.50,0.50,4
,65,PERIMETER_TOP_ZN_3_FLOOR,Floor,,CTF - ConductionTransferFunction,INT_SLAB_FLOOR,3.839,1.986,,207.34,207.34,207.34,0.00,180.00,40.76,6.47,0.00,iz-PERIMETER_TOP_ZN_3_FLOOR,Other/Same Surface Int Conv,ASHRAETARP,NoSun,NoWind,1.00,0.00,1.00,0.00,4
,66,PERIMETER_TOP_ZN_3_CEILING,Roof,,CTF - ConductionTransferFunction,DROPCEILING,4.488,2.432,,207.34,207.34,207.34,225.00,0.00,6.47,49.91,0.00,iz-PERIMETER_TOP_ZN_3_CEILING,Other/Same Surface Int Conv,ASHRAETARP,NoSun,NoWind,0.00,1.00,0.00,1.00,4
,67,PERIMETER_TOP_ZN_3_INTERNALMASS_1,Internal Mass,,CTF - ConductionTransferFunction,INTERIORFURNISHINGS,0.800,0.800,,414.68,414.68,414.68,0.00,90.00,414.68,1.00,0.00,PERIMETER_TOP_ZN_3_INTERNALMASS_1,Other/Same Surface Int Conv,ASHRAETARP,NoSun,NoWind,0.00,0.50,1.00,0.00,0
,68,PERIMETER_TOP_ZN_2_WALL_EAST,Wall,,CTF - ConductionTransferFunction,NONRES_EXT_WALL,0.328,0.312,,47.77,91.28,47.77,90.00,90.00,33.27,2.74,0.00,ExternalEnvironment,ASHRAETARP,ASHRAETARP,SunExposed,WindExposed,0.50,0.50,0.50,0.50,4
,69,PERIMETER_TOP_ZN_2_WALL_EAST_WINDOW,Window,PERIMETER_TOP_ZN_2_WALL_EAST,Window5 Detailed Fenestration,WINDOW_U_0.36_SHGC_0.38,N/A,2.045,No,43.51,43.51,43.51,90.00,90.00,33.27,1.31,0.00,ExternalEnvironment,ASHRAETARP,ASHRAETARP,SunExposed,WindExposed,0.50,0.50,0.50,0.50,4
,70,PERIMETER_TOP_ZN_2_WALL_NORTH,Wall,,CTF - ConductionTransferFunction,INT_WALL,6.299,3.242,,17.74,17.74,17.74,315.00,90.00,6.47,2.74,0.00,iz-PERIMETER_TOP_ZN_2_WALL_NORTH,Other/Same Surface Int Conv,ASHRAETARP,NoSun,NoWind,0.50,0.50,0.50,0.50,4
,71,iz-PERIMETER_TOP_ZN_1_WALL_EAST,Wall,,CTF - ConductionTransferFunction,INT_WALL,6.299,3.242,,17.74,17.74,17.74,225.00,90.00,6.47,2.74,0.00,PERIMETER_TOP_ZN_1_WALL_EAST,Other/Same Surface Int Conv,ASHRAETARP,NoSun,NoWind,0.50,0.50,0.50,0.50,4
,72,iz-CORE_TOP_ZN_5_WALL_EAST,Wall,,CTF - ConductionTransferFunction,INT_WALL,6.299,3.242,,66.19,66.19,66.19,270.00,90.00,24.13,2.74,0.00,CORE_TOP_ZN_5_WALL_EAST,Other/Same Surface Int Conv,ASHRAETARP,NoSun,NoWind,0.50,0.50,0.50,0.50,4
,73,PERIMETER_TOP_ZN_2_FLOOR,Floor,,CTF - ConductionTransferFunction,INT_SLAB_FLOOR,3.839,1.986,,131.26,131.26,131.26,90.00,180.00,24.13,6.47,0.00,iz-PERIMETER_TOP_ZN_2_FLOOR,Other/Same Surface Int Conv,ASHRAETARP,NoSun,NoWind,1.00,0.00,1.00,0.00,4
,74,PERIMETER_TOP_ZN_2_CEILING,Roof,,CTF - ConductionTransferFunction,DROPCEILING,4.488,2.432,,131.26,131.26,131.26,315.00,0.00,6.47,33.27,0.00,iz-PERIMETER_TOP_ZN_2_CEILING,Other/Same Surface Int Conv,ASHRAETARP,NoSun,NoWind,0.00,1.00,0.00,1.00,4
,75,PERIMETER_TOP_ZN_2_INTERNALMASS_1,Internal Mass,,CTF - ConductionTransferFunction,INTERIORFURNISHINGS,0.800,0.800,,262.51,262.51,262.51,0.00,90.00,262.51,1.00,0.00,PERIMETER_TOP_ZN_2_INTERNALMASS_1,Other/Same Surface Int Conv,ASHRAETARP,NoSun,NoWind,0.00,0.50,1.00,0.00,0
,76,PERIMETER_TOP_ZN_1_WALL_SOUTH,Wall,,CTF - ConductionTransferFunction,NONRES_EXT_WALL,0.328,0.312,,71.65,136.92,71.65,180.00,90.00,49.91,2.74,0.00,ExternalEnvironment,ASHRAETARP,ASHRAETARP,SunExposed,WindExposed,0.50,0.50,0.50,0.50,4
,77,PERIMETER_TOP_ZN_1_WALL_SOUTH_WINDOW,Window,PERIMETER_TOP_ZN_1_WALL_SOUTH,Window5 Detailed Fenestration,WINDOW_U_0.36_SHGC_0.38,N/A,2.045,No,65.26,65.26,65.26,180.00,90.00,49.91,1.31,0.00,ExternalEnvironment,ASHRAETARP,ASHRAETARP,SunExposed,WindExposed,0.50,0.50,0.50,0.50,4
,78,PERIMETER_TOP_ZN_1_WALL_EAST,Wall,,CTF - ConductionTransferFunction,INT_WALL,6.299,3.242,,17.74,17.74,17.74,45.00,90.00,6.47,2.74,0.00,iz-PERIMETER_TOP_ZN_1_WALL_EAST,Other/Same Surface Int Conv,ASHRAETARP,NoSun,NoWind,0.50,0.50,0.50,0.50,4
,79,iz-PERIMETER_TOP_ZN_4_WALL_SOUTH,Wall,,CTF - ConductionTransferFunction,INT_WALL,6.299,3.242,,17.74,17.74,17.74,315.00,90.00,6.47,2.74,0.00,PERIMETER_TOP_ZN_4_WALL_SOUTH,Other/Same Surface Int Conv,ASHRAETARP,NoSun,NoWind,0.50,0.50,0.50,0.50,4
,80,iz-CORE_TOP_ZN_5_WALL_SOUTH,Wall,,CTF - ConductionTransferFunction,INT_WALL,6.299,3.242,,111.82,111.82,111.82,0.00,90.00,40.76,2.74,0.00,CORE_TOP_ZN_5_WALL_SOUTH,Other/Same Surface Int Conv,ASHRAETARP,NoSun,NoWind,0.50,0.50,0.50,0.50,4
,81,PERIMETER_TOP_ZN_1_FLOOR,Floor,,CTF - ConductionTransferFunction,INT_SLAB_FLOOR,3.839,1.986,,207.34,207.34,207.34,180.00,180.00,40.76,6.47,0.00,iz-PERIMETER_TOP_ZN_1_FLOOR,Other/Same Surface Int Conv,ASHRAETARP,NoSun,NoWind,1.00,0.00,1.00,0.00,4
,82,PERIMETER_TOP_ZN_1_CEILING,Roof,,CTF - ConductionTransferFunction,DROPCEILING,4.488,2.432,,207.34,207.34,207.34,45.00,0.00,6.47,49.91,0.00,iz-PERIMETER_TOP_ZN_1_CEILING,Other/Same Surface Int Conv,ASHRAETARP,NoSun,NoWind,0.00,1.00,0.00,1.00,4
,83,PERIMETER_TOP_ZN_1_INTERNALMASS_1,Internal Mass,,CTF - ConductionTransferFunction,INTERIORFURNISHINGS,0.800,0.800,,414.67,414.67,414.67,0.00,90.00,414.67,1.00,0.00,PERIMETER_TOP_ZN_1_INTERNALMASS_1,Other/Same Surface Int Conv,ASHRAETARP,NoSun,NoWind,0.00,0.50,1.00,0.00,0
,84,PERIMETER_TOP_ZN_4_WALL_WEST,Wall,,CTF - ConductionTransferFunction,NONRES_EXT_WALL,0.328,0.312,,47.77,91.28,47.77,270.00,90.00,33.27,2.74,0.00,ExternalEnvironment,ASHRAETARP,ASHRAETARP,SunExposed,WindExposed,0.50,0.50,0.50,0.50,4
,85,PERIMETER_TOP_ZN_4_WALL_WEST_WINDOW,Window,PERIMETER_TOP_ZN_4_WALL_WEST,Window5 Detailed Fenestration,WINDOW_U_0.36_SHGC_0.38,N/A,2.045,No,43.51,43.51,43.51,270.00,90.00,33.27,1.31,0.00,ExternalEnvironment,ASHRAETARP,ASHRAETARP,SunExposed,WindExposed,0.50,0.50,0.50,0.50,4
,86,PERIMETER_TOP_ZN_4_WALL_SOUTH,Wall,,CTF - ConductionTransferFunction,INT_WALL,6.299,3.242,,17.74,17.74,17.74,135.00,90.00,6.47,2.74,0.00,iz-PERIMETER_TOP_ZN_4_WALL_SOUTH,Other/Same Surface Int Conv,ASHRAETARP,NoSun,NoWind,0.50,0.50,0.50,0.50,4
,87,iz-PERIMETER_TOP_ZN_3_WALL_WEST,Wall,,CTF - ConductionTransferFunction,INT_WALL,6.299,3.242,,17.74,17.74,17.74,45.00,90.00,6.47,2.74,0.00,PERIMETER_TOP_ZN_3_WALL_WEST,Other/Same Surface Int Conv,ASHRAETARP,NoSun,NoWind,0.50,0.50,0.50,0.50,4
,88,iz-CORE_TOP_ZN_5_WALL_WEST,Wall,,CTF - ConductionTransferFunction,INT_WALL,6.299,3.242,,66.19,66.19,66.19,90.00,90.00,24.13,2.74,0.00,CORE_TOP_ZN_5_WALL_WEST,Other/Same Surface Int Conv,ASHRAETARP,NoSun,NoWind,0.50,0.50,0.50,0.50,4
,89,PERIMETER_TOP_ZN_4_FLOOR,Floor,,CTF - ConductionTransferFunction,INT_SLAB_FLOOR,3.839,1.986,,131.25,131.25,131.25,270.00,180.00,24.13,6.47,0.00,iz-PERIMETER_TOP_ZN_4_FLOOR,Other/Same Surface Int Conv,ASHRAETARP,NoSun,NoWind,1.00,0.00,1.00,0.00,4
,90,PERIMETER_TOP_ZN_4_CEILING,Roof,,CTF - ConductionTransferFunction,DROPCEILING,4.488,2.432,,131.25,131.25,131.25,135.00,0.00,6.47,33.27,0.00,iz-PERIMETER_TOP_ZN_4_CEILING,Other/Same Surface Int Conv,ASHRAETARP,NoSun,NoWind,0.00,1.00,0.00,1.00,4
,91,PERIMETER_TOP_ZN_4_INTERNALMASS_1,Internal Mass,,CTF - ConductionTransferFunction,INTERIORFURNISHINGS,0.800,0.800,,262.51,262.51,262.51,0.00,90.00,262.51,1.00,0.00,PERIMETER_TOP_ZN_4_INTERNALMASS_1,Other/Same Surface Int Conv,ASHRAETARP,NoSun,NoWind,0.00,0.50,1.00,0.00,0
,92,PERIMETER_BOT_ZN_3_WALL_NORTH,Wall,,CTF - ConductionTransferFunction,NONRES_EXT_WALL,0.328,0.312,,67.75,136.92,67.75,0.00,90.00,49.91,2.74,0.00,ExternalEnvironment,ASHRAETARP,ASHRAETARP,SunExposed,WindExposed,0.50,0.50,0.50,0.50,4
,93,PERIMETER_BOT_ZN_3_WALL_NORTH_WINDOW1,Window,PERIMETER_BOT_ZN_3_WALL_NORTH,Window5 Detailed Fenestration,WINDOW_U_0.36_SHGC_0.38,N/A,2.045,No,21.75,21.75,21.75,0.00,90.00,15.82,1.37,0.00,ExternalEnvironment,ASHRAETARP,ASHRAETARP,SunExposed,WindExposed,0.50,0.50,0.50,0.50,4
,94,PERIMETER_BOT_ZN_3_WALL_NORTH_WINDOW2,Window,PERIMETER_BOT_ZN_3_WALL_NORTH,Window5 Detailed Fenestration,WINDOW_U_0.36_SHGC_0.38,N/A,2.045,No,21.75,21.75,21.75,0.00,90.00,15.82,1.37,0.00,ExternalEnvironment,ASHRAETARP,ASHRAETARP,SunExposed,WindExposed,0.50,0.50,0.50,0.50,4
,95,PERIMETER_BOT_ZN_3_WALL_NORTH_WINDOW3,Window,PERIMETER_BOT_ZN_3_WALL_NORTH,Window5 Detailed Fenestration,WINDOW_U_0.36_SHGC_0.38,N/A,2.045,No,21.75,21.75,21.75,0.00,90.00,15.82,1.37,0.00,ExternalEnvironment,ASHRAETARP,ASHRAETARP,SunExposed,WindExposed,0.50,0.50,0.50,0.50,4
,96,PERIMETER_BOT_ZN_3_WALL_NORTH_DOOR1,Door,PERIMETER_BOT_ZN_3_WALL_NORTH,CTF - ConductionTransferFunction,SWINGING DOOR_CON,2.101,2.101,,1.95,1.95,1.95,0.00,90.00,0.91,2.13,0.00,ExternalEnvironment,ASHRAETARP,ASHRAETARP,SunExposed,WindExposed,0.50,0.50,0.50,0.50,4
,97,PERIMETER_BOT_ZN_3_WALL_NORTH_DOOR2,Door,PERIMETER_BOT_ZN_3_WALL_NORTH,CTF - ConductionTransferFunction,SWINGING DOOR_CON,2.101,2.101,,1.95,1.95,1.95,0.00,90.00,0.91,2.13,0.00,ExternalEnvironment,ASHRAETARP,ASHRAETARP,SunExposed,WindExposed,0.50,0.50,0.50,0.50,4
,98,PERIMETER_BOT_ZN_3_WALL_WEST,Wall,,CTF - ConductionTransferFunction,INT_WALL,6.299,3.242,,17.74,17.74,17.74,225.00,90.00,6.47,2.74,0.00,iz-PERIMETER_BOT_ZN_3_WALL_WEST,Other/Same Surface Int Conv,ASHRAETARP,NoSun,NoWind,0.50,0.50,0.50,0.50,4
,99,iz-PERIMETER_BOT_ZN_2_WALL_NORTH,Wall,,CTF - ConductionTransferFunction,INT_WALL,6.299,3.242,,17.74,17.74,17.74,135.00,90.00,6.47,2.74,0.00,PERIMETER_BOT_ZN_2_WALL_NORTH,Other/Same Surface Int Conv,ASHRAETARP,NoSun,NoWind,0.50,0.50,0.50,0.50,4
,100,iz-CORE_BOT_ZN_5_WALL_NORTH,Wall,,CTF - ConductionTransferFunction,INT_WALL,6.299,3.242,,111.82,111.82,111.82,180.00,90.00,40.76,2.74,0.00,CORE_BOT_ZN_5_WALL_NORTH,Other/Same Surface Int Conv,ASHRAETARP,NoSun,NoWind,0.50,0.50,0.50,0.50,4
,101,PERIMETER_BOT_ZN_3_FLOOR,Floor,,CTF - ConductionTransferFunction,PERIMETER_BOT_ZN_3_FLOOR_FFACTOR,0.225,0.213,,207.34,207.34,207.34,0.00,180.00,40.76,6.47,0.00,FCGround,N/A-FCGround,ASHRAETARP,NoSun,NoWind,1.00,0.00,1.00,0.00,4
,102,PERIMETER_BOT_ZN_3_CEILING,Roof,,CTF - ConductionTransferFunction,DROPCEILING,4.488,2.432,,207.34,207.34,207.34,180.00,0.00,40.76,6.47,0.00,iz-PERIMETER_BOT_ZN_3_CEILING,Other/Same Surface Int Conv,ASHRAETARP,NoSun,NoWind,0.00,1.00,0.00,1.00,4
,103,PERIMETER_BOT_ZN_3_INTERNALMASS_1,Internal Mass,,CTF - ConductionTransferFunction,INTERIORFURNISHINGS,0.800,0.800,,414.68,414.68,414.68,0.00,90.00,414.68,1.00,0.00,PERIMETER_BOT_ZN_3_INTERNALMASS_1,Other/Same Surface Int Conv,ASHRAETARP,NoSun,NoWind,0.00,0.50,1.00,0.00,0
,104,PERIMETER_BOT_ZN_2_WALL_EAST,Wall,,CTF - ConductionTransferFunction,NONRES_EXT_WALL,0.328,0.312,,45.82,91.28,45.82,90.00,90.00,33.27,2.74,0.00,ExternalEnvironment,ASHRAETARP,ASHRAETARP,SunExposed,WindExposed,0.50,0.50,0.50,0.50,4
,105,PERIMETER_BOT_ZN_2_WALL_EAST_WINDOW1,Window,PERIMETER_BOT_ZN_2_WALL_EAST,Window5 Detailed Fenestration,WINDOW_U_0.36_SHGC_0.38,N/A,2.045,No,41.85,41.85,41.85,90.00,90.00,30.84,1.36,0.00,ExternalEnvironment,ASHRAETARP,ASHRAETARP,SunExposed,WindExposed,0.50,0.50,0.50,0.50,4
,106,PERIMETER_BOT_ZN_2_WALL_EAST_WINDOW2,Window,PERIMETER_BOT_ZN_2_WALL_EAST,Window5 Detailed Fenestration,WINDOW_U_0.36_SHGC_0.38,N/A,2.045,No,1.65,1.65,1.65,90.00,90.00,1.22,1.36,0.00,ExternalEnvironment,ASHRAETARP,ASHRAETARP,SunExposed,WindExposed,0.50,0.50,0.50,0.50,4
,107,PERIMETER_BOT_ZN_2_WALL_EAST_DOOR,Door,PERIMETER_BOT_ZN_2_WALL_EAST,CTF - ConductionTransferFunction,SWINGING DOOR_CON,2.101,2.101,,1.95,1.95,1.95,90.00,90.00,0.91,2.13,0.00,ExternalEnvironment,ASHRAETARP,ASHRAETARP,SunExposed,WindExposed,0.50,0.50,0.50,0.50,4
,108,PERIMETER_BOT_ZN_2_WALL_NORTH,Wall,,CTF - ConductionTransferFunction,INT_WALL,6.299,3.242,,17.74,17.74,17.74,315.00,90.00,6.47,2.74,0.00,iz-PERIMETER_BOT_ZN_2_WALL_NORTH,Other/Same Surface Int Conv,ASHRAETARP,NoSun,NoWind,0.50,0.50,0.50,0.50,4
,109,iz-PERIMETER_BOT_ZN_1_WALL_EAST,Wall,,CTF - ConductionTransferFunction,INT_WALL,6.299,3.242,,17.74,17.74,17.74,225.00,90.00,6.47,2.74,0.00,PERIMETER_BOT_ZN_1_WALL_EAST,Other/Same Surface Int Conv,ASHRAETARP,NoSun,NoWind,0.50,0.50,0.50,0.50,4
,110,iz-CORE_BOT_ZN_5_WALL_EAST,Wall,,CTF - ConductionTransferFunction,INT_WALL,6.299,3.242,,66.19,66.19,66.19,270.00,90.00,24.13,2.74,0.00,CORE_BOT_ZN_5_WALL_EAST,Other/Same Surface Int Conv,ASHRAETARP,NoSun,NoWind,0.50,0.50,0.50,0.50,4
,111,PERIMETER_BOT_ZN_2_FLOOR,Floor,,CTF - ConductionTransferFunction,PERIMETER_BOT_ZN_2_FLOOR_FFACTOR,0.237,0.224,,131.26,131.26,131.26,90.00,180.00,24.13,6.47,0.00,FCGround,N/A-FCGround,ASHRAETARP,NoSun,NoWind,1.00,0.00,1.00,0.00,4
,112,PERIMETER_BOT_ZN_2_CEILING,Roof,,CTF - ConductionTransferFunction,DROPCEILING,4.488,2.432,,131.26,131.26,131.26,270.00,0.00,24.13,6.47,0.00,iz-PERIMETER_BOT_ZN_2_CEILING,Other/Same Surface Int Conv,ASHRAETARP,NoSun,NoWind,0.00,1.00,0.00,1.00,4
,113,PERIMETER_BOT_ZN_2_INTERNALMASS_1,Internal Mass,,CTF - ConductionTransferFunction,INTERIORFURNISHINGS,0.800,0.800,,262.51,262.51,262.51,0.00,90.00,262.51,1.00,0.00,PERIMETER_BOT_ZN_2_INTERNALMASS_1,Other/Same Surface Int Conv,ASHRAETARP,NoSun,NoWind,0.00,0.50,1.00,0.00,0
,114,PERIMETER_BOT_ZN_1_WALL_SOUTH,Wall,,CTF - ConductionTransferFunction,NONRES_EXT_WALL,0.328,0.312,,67.75,136.92,67.75,180.00,90.00,49.91,2.74,0.00,ExternalEnvironment,ASHRAETARP,ASHRAETARP,SunExposed,WindExposed,0.50,0.50,0.50,0.50,4
,115,PERIMETER_BOT_ZN_1_WALL_SOUTH_WINDOW1,Window,PERIMETER_BOT_ZN_1_WALL_SOUTH,Window5 Detailed Fenestration,WINDOW_U_0.36_SHGC_0.38,N/A,2.045,No,21.75,21.75,21.75,180.00,90.00,15.82,1.37,0.00,ExternalEnvironment,ASHRAETARP,ASHRAETARP,SunExposed,WindExposed,0.50,0.50,0.50,0.50,4
,116,PERIMETER_BOT_ZN_1_WALL_SOUTH_WINDOW2,Window,PERIMETER_BOT_ZN_1_WALL_SOUTH,Window5 Detailed Fenestration,WINDOW_U_0.36_SHGC_0.38,N/A,2.045,No,21.75,21.75,21.75,180.00,90.00,15.82,1.37,0.00,ExternalEnvironment,ASHRAETARP,ASHRAETARP,SunExposed,WindExposed,0.50,0.50,0.50,0.50,4
,117,PERIMETER_BOT_ZN_1_WALL_SOUTH_WINDOW3,Window,PERIMETER_BOT_ZN_1_WALL_SOUTH,Window5 Detailed Fenestration,WINDOW_U_0.36_SHGC_0.38,N/A,2.045,No,21.75,21.75,21.75,180.00,90.00,15.82,1.37,0.00,ExternalEnvironment,ASHRAETARP,ASHRAETARP,SunExposed,WindExposed,0.50,0.50,0.50,0.50,4
,118,PERIMETER_BOT_ZN_1_WALL_SOUTH_DOOR1,Door,PERIMETER_BOT_ZN_1_WALL_SOUTH,CTF - ConductionTransferFunction,SWINGING DOOR_CON,2.101,2.101,,1.95,1.95,1.95,180.00,90.00,0.91,2.13,0.00,ExternalEnvironment,ASHRAETARP,ASHRAETARP,SunExposed,WindExposed,0.50,0.50,0.50,0.50,4
,119,PERIMETER_BOT_ZN_1_WALL_SOUTH_DOOR2,Door,PERIMETER_BOT_ZN_1_WALL_SOUTH,CTF - ConductionTransferFunction,SWINGING DOOR_CON,2.101,2.101,,1.95,1.95,1.95,180.00,90.00,0.91,2.13,0.00,ExternalEnvironment,ASHRAETARP,ASHRAETARP,SunExposed,WindExposed,0.50,0.50,0.50,0.50,4
,120,PERIMETER_BOT_ZN_1_WALL_EAST,Wall,,CTF - ConductionTransferFunction,INT_WALL,6.299,3.242,,17.74,17.74,17.74,45.00,90.00,6.47,2.74,0.00,iz-PERIMETER_BOT_ZN_1_WALL_EAST,Other/Same Surface Int Conv,ASHRAETARP,NoSun,NoWind,0.50,0.50,0.50,0.50,4
,121,iz-PERIMETER_BOT_ZN_4_WALL_SOUTH,Wall,,CTF - ConductionTransferFunction,INT_WALL,6.299,3.242,,17.74,17.74,17.74,315.00,90.00,6.47,2.74,0.00,PERIMETER_BOT_ZN_4_WALL_SOUTH,Other/Same Surface Int Conv,ASHRAETARP,NoSun,NoWind,0.50,0.50,0.50,0.50,4
,122,iz-CORE_BOT_ZN_5_WALL_SOUTH,Wall,,CTF - ConductionTransferFunction,INT_WALL,6.299,3.242,,111.82,111.82,111.82,0.00,90.00,40.76,2.74,0.00,CORE_BOT_ZN_5_WALL_SOUTH,Other/Same Surface Int Conv,ASHRAETARP,NoSun,NoWind,0.50,0.50,0.50,0.50,4
,123,PERIMETER_BOT_ZN_1_FLOOR,Floor,,CTF - ConductionTransferFunction,PERIMETER_BOT_ZN_1_FLOOR_FFACTOR,0.225,0.213,,207.34,207.34,207.34,180.00,180.00,40.76,6.47,0.00,FCGround,N/A-FCGround,ASHRAETARP,NoSun,NoWind,1.00,0.00,1.00,0.00,4
,124,PERIMETER_BOT_ZN_1_CEILING,Roof,,CTF - ConductionTransferFunction,DROPCEILING,4.488,2.432,,207.34,207.34,207.34,0.00,0.00,40.76,6.47,0.00,iz-PERIMETER_BOT_ZN_1_CEILING,Other/Same Surface Int Conv,ASHRAETARP,NoSun,NoWind,0.00,1.00,0.00,1.00,4
,125,PERIMETER_BOT_ZN_1_INTERNALMASS_1,Internal Mass,,CTF - ConductionTransferFunction,INTERIORFURNISHINGS,0.800,0.800,,414.67,414.67,414.67,0.00,90.00,414.67,1.00,0.00,PERIMETER_BOT_ZN_1_INTERNALMASS_1,Other/Same Surface Int Conv,ASHRAETARP,NoSun,NoWind,0.00,0.50,1.00,0.00,0
,126,PERIMETER_BOT_ZN_4_WALL_WEST,Wall,,CTF - ConductionTransferFunction,NONRES_EXT_WALL,0.328,0.312,,45.82,91.28,45.82,270.00,90.00,33.27,2.74,0.00,ExternalEnvironment,ASHRAETARP,ASHRAETARP,SunExposed,WindExposed,0.50,0.50,0.50,0.50,4
,127,PERIMETER_BOT_ZN_4_WALL_WEST_WINDOW1,Window,PERIMETER_BOT_ZN_4_WALL_WEST,Window5 Detailed Fenestration,WINDOW_U_0.36_SHGC_0.38,N/A,2.045,No,41.85,41.85,41.85,270.00,90.00,30.84,1.36,0.00,ExternalEnvironment,ASHRAETARP,ASHRAETARP,SunExposed,WindExposed,0.50,0.50,0.50,0.50,4
,128,PERIMETER_BOT_ZN_4_WALL_WEST_WINDOW2,Window,PERIMETER_BOT_ZN_4_WALL_WEST,Window5 Detailed Fenestration,WINDOW_U_0.36_SHGC_0.38,N/A,2.045,No,1.65,1.65,1.65,270.00,90.00,1.22,1.36,0.00,ExternalEnvironment,ASHRAETARP,ASHRAETARP,SunExposed,WindExposed,0.50,0.50,0.50,0.50,4
,129,PERIMETER_BOT_ZN_4_WALL_WEST_DOOR,Door,PERIMETER_BOT_ZN_4_WALL_WEST,CTF - ConductionTransferFunction,SWINGING DOOR_CON,2.101,2.101,,1.95,1.95,1.95,270.00,90.00,0.91,2.13,0.00,ExternalEnvironment,ASHRAETARP,ASHRAETARP,SunExposed,WindExposed,0.50,0.50,0.50,0.50,4
,130,PERIMETER_BOT_ZN_4_WALL_SOUTH,Wall,,CTF - ConductionTransferFunction,INT_WALL,6.299,3.242,,17.74,17.74,17.74,135.00,90.00,6.47,2.74,0.00,iz-PERIMETER_BOT_ZN_4_WALL_SOUTH,Other/Same Surface Int Conv,ASHRAETARP,NoSun,NoWind,0.50,0.50,0.50,0.50,4
,131,iz-PERIMETER_BOT_ZN_3_WALL_WEST,Wall,,CTF - ConductionTransferFunction,INT_WALL,6.299,3.242,,17.74,17.74,17.74,45.00,90.00,6.47,2.74,0.00,PERIMETER_BOT_ZN_3_WALL_WEST,Other/Same Surface Int Conv,ASHRAETARP,NoSun,NoWind,0.50,0.50,0.50,0.50,4
,132,iz-CORE_BOT_ZN_5_WALL_WEST,Wall,,CTF - ConductionTransferFunction,INT_WALL,6.299,3.242,,66.19,66.19,66.19,90.00,90.00,24.13,2.74,0.00,CORE_BOT_ZN_5_WALL_WEST,Other/Same Surface Int Conv,ASHRAETARP,NoSun,NoWind,0.50,0.50,0.50,0.50,4
,133,PERIMETER_BOT_ZN_4_FLOOR,Floor,,CTF - ConductionTransferFunction,PERIMETER_BOT_ZN_4_FLOOR_FFACTOR,0.237,0.224,,131.25,131.25,131.25,270.00,180.00,24.13,6.47,0.00,FCGround,N/A-FCGround,ASHRAETARP,NoSun,NoWind,1.00,0.00,1.00,0.00,4
,134,PERIMETER_BOT_ZN_4_CEILING,Roof,,CTF - ConductionTransferFunction,DROPCEILING,4.488,2.432,,131.25,131.25,131.25,90.00,0.00,24.13,6.47,0.00,iz-PERIMETER_BOT_ZN_4_CEILING,Other/Same Surface Int Conv,ASHRAETARP,NoSun,NoWind,0.00,1.00,0.00,1.00,4
,135,PERIMETER_BOT_ZN_4_INTERNALMASS_1,Internal Mass,,CTF - ConductionTransferFunction,INTERIORFURNISHINGS,0.800,0.800,,262.51,262.51,262.51,0.00,90.00,262.51,1.00,0.00,PERIMETER_BOT_ZN_4_INTERNALMASS_1,Other/Same Surface Int Conv,ASHRAETARP,NoSun,NoWind,0.00,0.50,1.00,0.00,0
,136,PERIMETER_MID_ZN_3_WALL_NORTH,Wall,,CTF - ConductionTransferFunction,NONRES_EXT_WALL,0.328,0.312,,71.65,136.92,71.65,0.00,90.00,49.91,2.74,0.00,ExternalEnvironment,ASHRAETARP,ASHRAETARP,SunExposed,WindExposed,0.50,0.50,0.50,0.50,4
,137,PERIMETER_MID_ZN_3_WALL_NORTH_WINDOW,Window,PERIMETER_MID_ZN_3_WALL_NORTH,Window5 Detailed Fenestration,WINDOW_U_0.36_SHGC_0.38,N/A,2.045,No,65.26,65.26,65.26,0.00,90.00,49.91,1.31,0.00,ExternalEnvironment,ASHRAETARP,ASHRAETARP,SunExposed,WindExposed,0.50,0.50,0.50,0.50,4
,138,PERIMETER_MID_ZN_3_WALL_WEST,Wall,,CTF - ConductionTransferFunction,INT_WALL,6.299,3.242,,17.74,17.74,17.74,225.00,90.00,6.47,2.74,0.00,iz-PERIMETER_MID_ZN_3_WALL_WEST,Other/Same Surface Int Conv,ASHRAETARP,NoSun,NoWind,0.50,0.50,0.50,0.50,4
,139,iz-PERIMETER_MID_ZN_2_WALL_NORTH,Wall,,CTF - ConductionTransferFunction,INT_WALL,6.299,3.242,,17.74,17.74,17.74,135.00,90.00,6.47,2.74,0.00,PERIMETER_MID_ZN_2_WALL_NORTH,Other/Same Surface Int Conv,ASHRAETARP,NoSun,NoWind,0.50,0.50,0.50,0.50,4
,140,iz-CORE_MID_ZN_5_WALL_NORTH,Wall,,CTF - ConductionTransferFunction,INT_WALL,6.299,3.242,,111.82,111.82,111.82,180.00,90.00,40.76,2.74,0.00,CORE_MID_ZN_5_WALL_NORTH,Other/Same Surface Int Conv,ASHRAETARP,NoSun,NoWind,0.50,0.50,0.50,0.50,4
,141,PERIMETER_MID_ZN_3_FLOOR,Floor,,CTF - ConductionTransferFunction,INT_SLAB_FLOOR,3.839,1.986,,207.34,207.34,207.34,0.00,180.00,40.76,6.47,0.00,iz-PERIMETER_MID_ZN_3_FLOOR,Other/Same Surface Int Conv,ASHRAETARP,NoSun,NoWind,1.00,0.00,1.00,0.00,4
,142,PERIMETER_MID_ZN_3_CEILING,Roof,,CTF - ConductionTransferFunction,DROPCEILING,4.488,2.432,,207.34,207.34,207.34,180.00,0.00,40.76,6.47,0.00,iz-PERIMETER_MID_ZN_3_CEILING,Other/Same Surface Int Conv,ASHRAETARP,NoSun,NoWind,0.00,1.00,0.00,1.00,4
,143,PERIMETER_MID_ZN_3_INTERNALMASS_1,Internal Mass,,CTF - ConductionTransferFunction,INTERIORFURNISHINGS,0.800,0.800,,414.68,414.68,414.68,0.00,90.00,414.68,1.00,0.00,PERIMETER_MID_ZN_3_INTERNALMASS_1,Other/Same Surface Int Conv,ASHRAETARP,NoSun,NoWind,0.00,0.50,1.00,0.00,0
,144,PERIMETER_MID_ZN_2_WALL_EAST,Wall,,CTF - ConductionTransferFunction,NONRES_EXT_WALL,0.328,0.312,,47.77,91.28,47.77,90.00,90.00,33.27,2.74,0.00,ExternalEnvironment,ASHRAETARP,ASHRAETARP,SunExposed,WindExposed,0.50,0.50,0.50,0.50,4
,145,PERIMETER_MID_ZN_2_WALL_EAST_WINDOW,Window,PERIMETER_MID_ZN_2_WALL_EAST,Window5 Detailed Fenestration,WINDOW_U_0.36_SHGC_0.38,N/A,2.045,No,43.51,43.51,43.51,90.00,90.00,33.27,1.31,0.00,ExternalEnvironment,ASHRAETARP,ASHRAETARP,SunExposed,WindExposed,0.50,0.50,0.50,0.50,4
,146,PERIMETER_MID_ZN_2_WALL_NORTH,Wall,,CTF - ConductionTransferFunction,INT_WALL,6.299,3.242,,17.74,17.74,17.74,315.00,90.00,6.47,2.74,0.00,iz-PERIMETER_MID_ZN_2_WALL_NORTH,Other/Same Surface Int Conv,ASHRAETARP,NoSun,NoWind,0.50,0.50,0.50,0.50,4
,147,iz-PERIMETER_MID_ZN_1_WALL_EAST,Wall,,CTF - ConductionTransferFunction,INT_WALL,6.299,3.242,,17.74,17.74,17.74,225.00,90.00,6.47,2.74,0.00,PERIMETER_MID_ZN_1_WALL_EAST,Other/Same Surface Int Conv,ASHRAETARP,NoSun,NoWind,0.50,0.50,0.50,0.50,4
,148,iz-CORE_MID_ZN_5_WALL_EAST,Wall,,CTF - ConductionTransferFunction,INT_WALL,6.299,3.242,,66.19,66.19,66.19,270.00,90.00,24.13,2.74,0.00,CORE_MID_ZN_5_WALL_EAST,Other/Same Surface Int Conv,ASHRAETARP,NoSun,NoWind,0.50,0.50,0.50,0.50,4
,149,PERIMETER_MID_ZN_2_FLOOR,Floor,,CTF - ConductionTransferFunction,INT_SLAB_FLOOR,3.839,1.986,,131.26,131.26,131.26,90.00,180.00,24.13,6.47,0.00,iz-PERIMETER_MID_ZN_2_FLOOR,Other/Same Surface Int Conv,ASHRAETARP,NoSun,NoWind,1.00,0.00,1.00,0.00,4
,150,PERIMETER_MID_ZN_2_CEILING,Roof,,CTF - ConductionTransferFunction,DROPCEILING,4.488,2.432,,131.26,131.26,131.26,270.00,0.00,24.13,6.47,0.00,iz-PERIMETER_MID_ZN_2_CEILING,Other/Same Surface Int Conv,ASHRAETARP,NoSun,NoWind,0.00,1.00,0.00,1.00,4
,151,PERIMETER_MID_ZN_2_INTERNALMASS_1,Internal Mass,,CTF - ConductionTransferFunction,INTERIORFURNISHINGS,0.800,0.800,,262.51,262.51,262.51,0.00,90.00,262.51,1.00,0.00,PERIMETER_MID_ZN_2_INTERNALMASS_1,Other/Same Surface Int Conv,ASHRAETARP,NoSun,NoWind,0.00,0.50,1.00,0.00,0
,152,PERIMETER_MID_ZN_1_WALL_SOUTH,Wall,,CTF - ConductionTransferFunction,NONRES_EXT_WALL,0.328,0.312,,71.65,136.92,71.65,180.00,90.00,49.91,2.74,0.00,ExternalEnvironment,ASHRAETARP,ASHRAETARP,SunExposed,WindExposed,0.50,0.50,0.50,0.50,4
,153,PERIMETER_MID_ZN_1_WALL_SOUTH_WINDOW,Window,PERIMETER_MID_ZN_1_WALL_SOUTH,Window5 Detailed Fenestration,WINDOW_U_0.36_SHGC_0.38,N/A,2.045,No,65.26,65.26,65.26,180.00,90.00,49.91,1.31,0.00,ExternalEnvironment,ASHRAETARP,ASHRAETARP,SunExposed,WindExposed,0.50,0.50,0.50,0.50,4
,154,PERIMETER_MID_ZN_1_WALL_EAST,Wall,,CTF - ConductionTransferFunction,INT_WALL,6.299,3.242,,17.74,17.74,17.74,45.00,90.00,6.47,2.74,0.00,iz-PERIMETER_MID_ZN_1_WALL_EAST,Other/Same Surface Int Conv,ASHRAETARP,NoSun,NoWind,0.50,0.50,0.50,0.50,4
,155,iz-PERIMETER_MID_ZN_4_WALL_SOUTH,Wall,,CTF - ConductionTransferFunction,INT_WALL,6.299,3.242,,17.74,17.74,17.74,315.00,90.00,6.47,2.74,0.00,PERIMETER_MID_ZN_4_WALL_SOUTH,Other/Same Surface Int Conv,ASHRAETARP,NoSun,NoWind,0.50,0.50,0.50,0.50,4
,156,iz-CORE_MID_ZN_5_WALL_SOUTH,Wall,,CTF - ConductionTransferFunction,INT_WALL,6.299,3.242,,111.82,111.82,111.82,0.00,90.00,40.76,2.74,0.00,CORE_MID_ZN_5_WALL_SOUTH,Other/Same Surface Int Conv,ASHRAETARP,NoSun,NoWind,0.50,0.50,0.50,0.50,4
,157,PERIMETER_MID_ZN_1_FLOOR,Floor,,CTF - ConductionTransferFunction,INT_SLAB_FLOOR,3.839,1.986,,207.34,207.34,207.34,180.00,180.00,40.76,6.47,0.00,iz-PERIMETER_MID_ZN_1_FLOOR,Other/Same Surface Int Conv,ASHRAETARP,NoSun,NoWind,1.00,0.00,1.00,0.00,4
,158,PERIMETER_MID_ZN_1_CEILING,Roof,,CTF - ConductionTransferFunction,DROPCEILING,4.488,2.432,,207.34,207.34,207.34,0.00,0.00,40.76,6.47,0.00,iz-PERIMETER_MID_ZN_1_CEILING,Other/Same Surface Int Conv,ASHRAETARP,NoSun,NoWind,0.00,1.00,0.00,1.00,4
,159,PERIMETER_MID_ZN_1_INTERNALMASS_1,Internal Mass,,CTF - ConductionTransferFunction,INTERIORFURNISHINGS,0.800,0.800,,414.67,414.67,414.67,0.00,90.00,414.67,1.00,0.00,PERIMETER_MID_ZN_1_INTERNALMASS_1,Other/Same Surface Int Conv,ASHRAETARP,NoSun,NoWind,0.00,0.50,1.00,0.00,0
,160,PERIMETER_MID_ZN_4_WALL_WEST,Wall,,CTF - ConductionTransferFunction,NONRES_EXT_WALL,0.328,0.312,,47.77,91.28,47.77,270.00,90.00,33.27,2.74,0.00,ExternalEnvironment,ASHRAETARP,ASHRAETARP,SunExposed,WindExposed,0.50,0.50,0.50,0.50,4
,161,PERIMETER_MID_ZN_4_WALL_WEST_WINDOW,Window,PERIMETER_MID_ZN_4_WALL_WEST,Window5 Detailed Fenestration,WINDOW_U_0.36_SHGC_0.38,N/A,2.045,No,43.51,43.51,43.51,270.00,90.00,33.27,1.31,0.00,ExternalEnvironment,ASHRAETARP,ASHRAETARP,SunExposed,WindExposed,0.50,0.50,0.50,0.50,4
,162,PERIMETER_MID_ZN_4_WALL_SOUTH,Wall,,CTF - ConductionTransferFunction,INT_WALL,6.299,3.242,,17.74,17.74,17.74,135.00,90.00,6.47,2.74,0.00,iz-PERIMETER_MID_ZN_4_WALL_SOUTH,Other/Same Surface Int Conv,ASHRAETARP,NoSun,NoWind,0.50,0.50,0.50,0.50,4
,163,iz-PERIMETER_MID_ZN_3_WALL_WEST,Wall,,CTF - ConductionTransferFunction,INT_WALL,6.299,3.242,,17.74,17.74,17.74,45.00,90.00,6.47,2.74,0.00,PERIMETER_MID_ZN_3_WALL_WEST,Other/Same Surface Int Conv,ASHRAETARP,NoSun,NoWind,0.50,0.50,0.50,0.50,4
,164,iz-CORE_MID_ZN_5_WALL_WEST,Wall,,CTF - ConductionTransferFunction,INT_WALL,6.299,3.242,,66.19,66.19,66.19,90.00,90.00,24.13,2.74,0.00,CORE_MID_ZN_5_WALL_WEST,Other/Same Surface Int Conv,ASHRAETARP,NoSun,NoWind,0.50,0.50,0.50,0.50,4
,165,PERIMETER_MID_ZN_4_FLOOR,Floor,,CTF - ConductionTransferFunction,INT_SLAB_FLOOR,3.839,1.986,,131.25,131.25,131.25,270.00,180.00,24.13,6.47,0.00,iz-PERIMETER_MID_ZN_4_FLOOR,Other/Same Surface Int Conv,ASHRAETARP,NoSun,NoWind,1.00,0.00,1.00,0.00,4
,166,PERIMETER_MID_ZN_4_CEILING,Roof,,CTF - ConductionTransferFunction,DROPCEILING,4.488,2.432,,131.25,131.25,131.25,90.00,0.00,24.13,6.47,0.00,iz-PERIMETER_MID_ZN_4_CEILING,Other/Same Surface Int Conv,ASHRAETARP,NoSun,NoWind,0.00,1.00,0.00,1.00,4
,167,PERIMETER_MID_ZN_4_INTERNALMASS_1,Internal Mass,,CTF - ConductionTransferFunction,INTERIORFURNISHINGS,0.800,0.800,,262.51,262.51,262.51,0.00,90.00,262.51,1.00,0.00,PERIMETER_MID_ZN_4_INTERNALMASS_1,Other/Same Surface Int Conv,ASHRAETARP,NoSun,NoWind,0.00,0.50,1.00,0.00,0


Environment

,,Environment Name,Environment Type,Start Date,End Date,Start DayOfWeek,Duration {#days},Source:Start DayOfWeek,Use Daylight Saving,Use Holidays,Apply Weekend Holiday Rule,Use Rain Values,Use Snow Values,Sky Temperature Model
,1,RUNPERIOD 1,WeatherFileRunPeriod,01/01/2017,01/31/2017,Sunday,31,Use RunPeriod Specified Day,No,No,No,Yes,Yes,Clark and Allen
,2,RUNPERIOD 2,WeatherFileRunPeriod,04/01/2007,04/30/2007,Sunday,30,Use RunPeriod Specified Day,No,No,No,Yes,Yes,Clark and Allen
,3,RUNPERIOD 3,WeatherFileRunPeriod,07/01/2007,07/31/2007,Sunday,31,Use RunPeriod Specified Day,No,No,No,Yes,Yes,Clark and Allen


Environment:Special Days

,,Special Day Name,Special Day Type,Source,Start Date,Duration {#days}
,1,NEW YEARS DAY,Holiday,InputFile,01/01,1
,2,VETERANS DAY,Holiday,InputFile,11/11,1
,3,CHRISTMAS,Holiday,InputFile,12/25,1
,4,INDEPENDENCE DAY,Holiday,InputFile,07/04,1
,5,MLK DAY,Holiday,InputFile,01/16,1
,6,PRESIDENTS DAY,Holiday,InputFile,02/20,1
,7,MEMORIAL DAY,Holiday,InputFile,05/29,1
,8,LABOR DAY,Holiday,InputFile,09/04,1
,9,COLUMBUS DAY,Holiday,InputFile,10/09,1
,10,THANKSGIVING,Holiday,InputFile,11/23,1
,11,NEW YEARS DAY,Holiday,InputFile,01/01,1
,12,VETERANS DAY,Holiday,InputFile,11/11,1
,13,CHRISTMAS,Holiday,InputFile,12/25,1
,14,INDEPENDENCE DAY,Holiday,InputFile,07/04,1
,15,MLK DAY,Holiday,InputFile,01/15,1
,16,PRESIDENTS DAY,Holiday,InputFile,02/19,1
,17,MEMORIAL DAY,Holiday,InputFile,05/28,1
,18,LABOR DAY,Holiday,InputFile,09/03,1
,19,COLUMBUS DAY,Holiday,InputFile,10/08,1
,20,THANKSGIVING,Holiday,InputFile,11/22,1
,21,NEW YEARS DAY,Holiday,InputFile,01/01,1
,22,VETERANS DAY,Holiday,InputFile,11/11,1
,23,CHRISTMAS,Holiday,InputFile,12/25,1
,24,INDEPENDENCE DAY,Holiday,InputFile,07/04,1
,25,MLK DAY,Holiday,InputFile,01/15,1
,26,PRESIDENTS DAY,Holiday,InputFile,02/19,1
,27,MEMORIAL DAY,Holiday,InputFile,05/28,1
,28,LABOR DAY,Holiday,InputFile,09/03,1
,29,COLUMBUS DAY,Holiday,InputFile,10/08,1
,30,THANKSGIVING,Holiday,InputFile,11/22,1


Environment:Daylight Saving

,,Daylight Saving Indicator,Source,Start Date,End Date
,1,Yes,InputFile,03/12,11/05
,2,Yes,InputFile,03/11,11/04
,3,Yes,InputFile,03/11,11/04


Environment:WarmupDays

,,NumberofWarmupDays
,1,11
,2,11
,3,15


Tabular Report

,,Style,Unit Conversion,Format Reals
,1,COMMAANDHTML,None,Yes


Warmup Convergence Information

,,Zone Name,Environment Type/Name,Average Warmup Temperature Difference {deltaC},Std Dev Warmup Temperature Difference {deltaC},Max Temperature Pass/Fail Convergence,Min Temperature Pass/Fail Convergence,Average Warmup Load Difference {W},Std Dev Warmup Load Difference {W},Heating Load Pass/Fail Convergence,Cooling Load Pass/Fail Convergence
,1,CORE_BOTTOM,RunPeriod: RUNPERIOD 1,0.2868142976,0.2646537278,Pass,Pass,0.2916002909,0.4544802846,Pass,Pass
,2,TOPFLOOR_PLENUM,RunPeriod: RUNPERIOD 1,0.1042864729,9.6845352839E-002,Pass,Pass,0.4790408055,1.3829901290,Pass,Pass
,3,MIDFLOOR_PLENUM,RunPeriod: RUNPERIOD 1,3.3183198432E-002,3.6649068575E-002,Pass,Pass,0.7043279001,2.4538195357,Pass,Pass
,4,FIRSTFLOOR_PLENUM,RunPeriod: RUNPERIOD 1,3.0041709348E-002,2.9116670809E-002,Pass,Pass,5.6504546054,42.7100790918,Pass,Pass
,5,CORE_MID,RunPeriod: RUNPERIOD 1,0.2439121019,0.2355234944,Pass,Pass,0.3127809268,0.4640300566,Pass,Pass
,6,CORE_TOP,RunPeriod: RUNPERIOD 1,0.2173372521,0.2307981906,Pass,Pass,0.3017671571,0.4587474946,Pass,Pass
,7,PERIMETER_TOP_ZN_3,RunPeriod: RUNPERIOD 1,0.2677660982,0.2679440513,Pass,Pass,0.3071147353,0.4800966163,Pass,Pass
,8,PERIMETER_TOP_ZN_2,RunPeriod: RUNPERIOD 1,0.3620696320,0.3904338841,Pass,Pass,0.3691139637,0.6727941584,Pass,Pass
,9,PERIMETER_TOP_ZN_1,RunPeriod: RUNPERIOD 1,0.5204080953,0.6506970807,Pass,Pass,0.3520520583,0.6333259973,Pass,Pass
,10,PERIMETER_TOP_ZN_4,RunPeriod: RUNPERIOD 1,0.3572561703,0.4656409331,Pass,Pass,0.3361713703,0.5956988111,Pass,Pass
,11,PERIMETER_BOT_ZN_3,RunPeriod: RUNPERIOD 1,0.3028427739,0.2581686379,Pass,Pass,0.2905154511,0.4528163686,Pass,Pass
,12,PERIMETER_BOT_ZN_2,RunPeriod: RUNPERIOD 1,0.2979961261,0.2417409706,Pass,Pass,0.3040779280,0.4908718785,Pass,Pass
,13,PERIMETER_BOT_ZN_1,RunPeriod: RUNPERIOD 1,0.4682859843,0.4840048350,Pass,Pass,0.3563579075,0.6592554622,Pass,Pass
,14,PERIMETER_BOT_ZN_4,RunPeriod: RUNPERIOD 1,0.2995388767,0.2847876756,Pass,Pass,0.3137984698,0.5472926873,Pass,Pass
,15,PERIMETER_MID_ZN_3,RunPeriod: RUNPERIOD 1,0.2786720040,0.2571753730,Pass,Pass,0.3118367928,0.4626614180,Pass,Pass
,16,PERIMETER_MID_ZN_2,RunPeriod: RUNPERIOD 1,0.3507256562,0.3559148707,Pass,Pass,0.3740365113,0.6661989000,Pass,Pass
,17,PERIMETER_MID_ZN_1,RunPeriod: RUNPERIOD 1,0.5053077956,0.5929658431,Pass,Pass,0.3631090704,0.6413987618,Pass,Pass
,18,PERIMETER_MID_ZN_4,RunPeriod: RUNPERIOD 1,0.3460928784,0.4096679765,Pass,Pass,0.3422811812,0.5782991122,Pass,Pass
,19,CORE_BOTTOM,RunPeriod: RUNPERIOD 2,0.3475120318,0.2794533660,Pass,Pass,0.3233379081,0.4682975518,Pass,Pass
,20,TOPFLOOR_PLENUM,RunPeriod: RUNPERIOD 2,0.1299960670,0.1173833620,Pass,Pass,2.5563360623,17.7790486651,Pass,Pass
,21,MIDFLOOR_PLENUM,RunPeriod: RUNPERIOD 2,5.0016085604E-002,3.7339246889E-002,Pass,Pass,1.4229053069,4.1895743716,Pass,Pass
,22,FIRSTFLOOR_PLENUM,RunPeriod: RUNPERIOD 2,3.2891026964E-002,2.7749043630E-002,Pass,Pass,0.3737683603,0.8427667405,Pass,Pass
,23,CORE_MID,RunPeriod: RUNPERIOD 2,0.4025320663,0.2144437181,Pass,Pass,0.4068247318,0.4919445886,Pass,Pass
,24,CORE_TOP,RunPeriod: RUNPERIOD 2,0.3649968761,0.2401222490,Pass,Pass,0.3877646546,0.4949757682,Pass,Pass
,25,PERIMETER_TOP_ZN_3,RunPeriod: RUNPERIOD 2,0.5259036165,0.4000121135,Pass,Pass,0.4254616512,0.6182306079,Pass,Pass
,26,PERIMETER_TOP_ZN_2,RunPeriod: RUNPERIOD 2,0.6443980921,0.5571283259,Pass,Pass,0.4517764197,0.6714644727,Pass,Pass
,27,PERIMETER_TOP_ZN_1,RunPeriod: RUNPERIOD 2,0.5058461024,0.4260676800,Pass,Pass,0.4414569696,0.6649633585,Pass,Pass
,28,PERIMETER_TOP_ZN_4,RunPeriod: RUNPERIOD 2,0.6354008437,0.5947391666,Pass,Pass,0.4386875867,0.6462693258,Pass,Pass
,29,PERIMETER_BOT_ZN_3,RunPeriod: RUNPERIOD 2,0.3893459084,0.2894017360,Pass,Pass,0.3220146079,0.4663443022,Pass,Pass
,30,PERIMETER_BOT_ZN_2,RunPeriod: RUNPERIOD 2,0.4557068912,0.3692701254,Pass,Pass,0.3954695147,0.6956721774,Pass,Pass
,31,PERIMETER_BOT_ZN_1,RunPeriod: RUNPERIOD 2,0.3306648690,0.2420721153,Pass,Pass,0.3359259631,0.5192467879,Pass,Pass
,32,PERIMETER_BOT_ZN_4,RunPeriod: RUNPERIOD 2,0.4403326627,0.3921835840,Pass,Pass,0.3717356154,0.6350949275,Pass,Pass
,33,PERIMETER_MID_ZN_3,RunPeriod: RUNPERIOD 2,0.5317675066,0.3031133852,Pass,Pass,0.4303657613,0.5717814236,Pass,Pass
,34,PERIMETER_MID_ZN_2,RunPeriod: RUNPERIOD 2,0.6208216197,0.4575714229,Pass,Pass,0.4636406481,0.6687300850,Pass,Pass
,35,PERIMETER_MID_ZN_1,RunPeriod: RUNPERIOD 2,0.4840827845,0.3210283631,Pass,Pass,0.4567007079,0.6537487443,Pass,Pass
,36,PERIMETER_MID_ZN_4,RunPeriod: RUNPERIOD 2,0.6177182928,0.4859806793,Pass,Pass,0.4508528607,0.6213712730,Pass,Pass
,37,CORE_BOTTOM,RunPeriod: RUNPERIOD 3,0.4125944458,0.2915226489,Pass,Pass,0.2712087522,0.4450762926,Pass,Pass
,38,TOPFLOOR_PLENUM,RunPeriod: RUNPERIOD 3,0.1035108473,9.9479266757E-002,Pass,Pass,4.1370174672,35.4641669216,Pass,Pass
,39,MIDFLOOR_PLENUM,RunPeriod: RUNPERIOD 3,3.8292357629E-002,3.2284533113E-002,Pass,Pass,3.8773469994,20.1243387354,Fail,Pass
,40,FIRSTFLOOR_PLENUM,RunPeriod: RUNPERIOD 3,2.9143897959E-002,2.4568623895E-002,Pass,Pass,0.2567078547,0.6289859016,Pass,Pass
,41,CORE_MID,RunPeriod: RUNPERIOD 3,0.3859635817,0.2417372750,Pass,Pass,0.3443657118,0.4758835170,Pass,Pass
,42,CORE_TOP,RunPeriod: RUNPERIOD 3,0.3130402034,0.2593501461,Pass,Pass,0.3331678070,0.4712356251,Pass,Pass
,43,PERIMETER_TOP_ZN_3,RunPeriod: RUNPERIOD 3,0.4762329357,0.4339095041,Pass,Pass,0.3688579926,0.5963814085,Pass,Pass
,44,PERIMETER_TOP_ZN_2,RunPeriod: RUNPERIOD 3,0.5256389003,0.5092247723,Pass,Pass,0.3883690415,0.6479052719,Pass,Pass
,45,PERIMETER_TOP_ZN_1,RunPeriod: RUNPERIOD 3,0.3842542084,0.3611908641,Pass,Pass,0.3746104577,0.6178923789,Pass,Pass
,46,PERIMETER_TOP_ZN_4,RunPeriod: RUNPERIOD 3,0.4325757654,0.4267541082,Pass,Pass,0.3748265763,0.6178505969,Pass,Pass
,47,PERIMETER_BOT_ZN_3,RunPeriod: RUNPERIOD 3,0.4788175619,0.3139522683,Pass,Pass,0.2744566248,0.4621789941,Pass,Pass
,48,PERIMETER_BOT_ZN_2,RunPeriod: RUNPERIOD 3,0.4883516744,0.3537856229,Pass,Pass,0.3381252099,0.6549851847,Pass,Pass
,49,PERIMETER_BOT_ZN_1,RunPeriod: RUNPERIOD 3,0.3526297517,0.2345249816,Pass,Pass,0.2704507073,0.4490837199,Pass,Pass
,50,PERIMETER_BOT_ZN_4,RunPeriod: RUNPERIOD 3,0.3948819361,0.2725291739,Pass,Pass,0.2880090279,0.5187367906,Pass,Pass
,51,PERIMETER_MID_ZN_3,RunPeriod: RUNPERIOD 3,0.5161761532,0.3642908407,Pass,Pass,0.3745929385,0.5841771853,Pass,Pass
,52,PERIMETER_MID_ZN_2,RunPeriod: RUNPERIOD 3,0.5408079021,0.4362476611,Pass,Pass,0.4002590041,0.6506070719,Pass,Pass
,53,PERIMETER_MID_ZN_1,RunPeriod: RUNPERIOD 3,0.4008093228,0.2879002958,Pass,Pass,0.3798165856,0.6050471282,Pass,Pass
,54,PERIMETER_MID_ZN_4,RunPeriod: RUNPERIOD 3,0.4551115830,0.3503134609,Pass,Pass,0.3802359363,0.6026016546,Pass,Pass


----------------------------------------------------------------------------------------------------
REPORT:,Annual Heat Emissions Report
FOR:,Entire Facility
Annual Heat Emissions Summary

,,Envelope Convection,Zone Exfiltration,Zone Exhaust Air,HVAC Relief Air,HVAC Reject Heat,Total
,Heat Emissions [GJ],1056.11,-5.4,0.00,-241.0,751.01,1560.75


----------------------------------------------------------------------------------------------------
REPORT:,Annual Thermal Resilience Summary
FOR:,Entire Facility
Heat Index Hours

,,Safe (≤ 26.7°C) [hr],Caution (> 26.7°C, ≤ 32.2°C) [hr],Extreme Caution (> 32.2°C, ≤ 39.4°C) [hr],Danger (> 39.4°C, ≤ 51.7°C) [hr],Extreme Danger (> 51.7°C) [hr]
,CORE_BOTTOM,2178.00,30.00,0.00,0.00,0.00
,TOPFLOOR_PLENUM,2047.75,160.25,0.00,0.00,0.00
,MIDFLOOR_PLENUM,2143.75,64.25,0.00,0.00,0.00
,FIRSTFLOOR_PLENUM,2192.25,15.75,0.00,0.00,0.00
,CORE_MID,2191.50,16.50,0.00,0.00,0.00
,CORE_TOP,2174.00,34.00,0.00,0.00,0.00
,PERIMETER_TOP_ZN_3,2127.75,80.25,0.00,0.00,0.00
,PERIMETER_TOP_ZN_2,2064.75,143.25,0.00,0.00,0.00
,PERIMETER_TOP_ZN_1,2108.75,99.25,0.00,0.00,0.00
,PERIMETER_TOP_ZN_4,2076.50,131.50,0.00,0.00,0.00
,PERIMETER_BOT_ZN_3,2200.50,7.50,0.00,0.00,0.00
,PERIMETER_BOT_ZN_2,2156.50,51.50,0.00,0.00,0.00
,PERIMETER_BOT_ZN_1,2181.75,26.25,0.00,0.00,0.00
,PERIMETER_BOT_ZN_4,2180.00,28.00,0.00,0.00,0.00
,PERIMETER_MID_ZN_3,2157.25,50.75,0.00,0.00,0.00
,PERIMETER_MID_ZN_2,2086.50,121.50,0.00,0.00,0.00
,PERIMETER_MID_ZN_1,2127.75,80.25,0.00,0.00,0.00
,PERIMETER_MID_ZN_4,2097.50,110.50,0.00,0.00,0.00
,Min,2047.75,7.50,0.00,0.00,0.00
,Max,2200.50,160.25,0.00,0.00,0.00
,Average,2138.49,69.51,0.00,0.00,0.00
,Sum,38492.75,1251.25,0.00,0.00,0.00


Heat Index OccupantHours

,,Safe (≤ 26.7°C) [hr],Caution (> 26.7°C, ≤ 32.2°C) [hr],Extreme Caution (> 32.2°C, ≤ 39.4°C) [hr],Danger (> 39.4°C, ≤ 51.7°C) [hr],Extreme Danger (> 51.7°C) [hr]
,CORE_BOTTOM,32703.69,15.22,0.00,0.00,0.00
,TOPFLOOR_PLENUM,0.00,0.00,0.00,0.00,0.00
,MIDFLOOR_PLENUM,0.00,0.00,0.00,0.00,0.00
,FIRSTFLOOR_PLENUM,0.00,0.00,0.00,0.00,0.00
,CORE_MID,32710.97,7.94,0.00,0.00,0.00
,CORE_TOP,32699.06,19.85,0.00,0.00,0.00
,PERIMETER_TOP_ZN_3,6871.21,26.23,0.00,0.00,0.00
,PERIMETER_TOP_ZN_2,4330.44,36.21,0.00,0.00,0.00
,PERIMETER_TOP_ZN_1,6857.82,39.62,0.00,0.00,0.00
,PERIMETER_TOP_ZN_4,4341.37,24.99,0.00,0.00,0.00
,PERIMETER_BOT_ZN_3,6893.53,3.91,0.00,0.00,0.00
,PERIMETER_BOT_ZN_2,4349.34,17.31,0.00,0.00,0.00
,PERIMETER_BOT_ZN_1,6880.90,16.54,0.00,0.00,0.00
,PERIMETER_BOT_ZN_4,4358.06,8.30,0.00,0.00,0.00
,PERIMETER_MID_ZN_3,6880.55,16.88,0.00,0.00,0.00
,PERIMETER_MID_ZN_2,3193.45,32.50,0.00,0.00,0.00
,PERIMETER_MID_ZN_1,6864.51,32.92,0.00,0.00,0.00
,PERIMETER_MID_ZN_4,4346.14,20.22,0.00,0.00,0.00
,Min,0.00,0.00,0.00,0.00,0.00
,Max,32710.97,39.62,0.00,0.00,0.00
,Average,9126.72,17.70,0.00,0.00,0.00
,Sum,164281.03,318.63,0.00,0.00,0.00


Heat Index OccupiedHours

,,Safe (≤ 26.7°C) [hr],Caution (> 26.7°C, ≤ 32.2°C) [hr],Extreme Caution (> 32.2°C, ≤ 39.4°C) [hr],Danger (> 39.4°C, ≤ 51.7°C) [hr],Extreme Danger (> 51.7°C) [hr]
,CORE_BOTTOM,1488.25,5.75,0.00,0.00,0.00
,TOPFLOOR_PLENUM,0.00,0.00,0.00,0.00,0.00
,MIDFLOOR_PLENUM,0.00,0.00,0.00,0.00,0.00
,FIRSTFLOOR_PLENUM,0.00,0.00,0.00,0.00,0.00
,CORE_MID,1491.00,3.00,0.00,0.00,0.00
,CORE_TOP,1486.50,7.50,0.00,0.00,0.00
,PERIMETER_TOP_ZN_3,1447.00,47.00,0.00,0.00,0.00
,PERIMETER_TOP_ZN_2,1391.50,102.50,0.00,0.00,0.00
,PERIMETER_TOP_ZN_1,1423.00,71.00,0.00,0.00,0.00
,PERIMETER_TOP_ZN_4,1423.25,70.75,0.00,0.00,0.00
,PERIMETER_BOT_ZN_3,1487.00,7.00,0.00,0.00,0.00
,PERIMETER_BOT_ZN_2,1445.00,49.00,0.00,0.00,0.00
,PERIMETER_BOT_ZN_1,1469.00,25.00,0.00,0.00,0.00
,PERIMETER_BOT_ZN_4,1470.50,23.50,0.00,0.00,0.00
,PERIMETER_MID_ZN_3,1463.75,30.25,0.00,0.00,0.00
,PERIMETER_MID_ZN_2,1177.00,92.00,0.00,0.00,0.00
,PERIMETER_MID_ZN_1,1435.00,59.00,0.00,0.00,0.00
,PERIMETER_MID_ZN_4,1436.75,57.25,0.00,0.00,0.00
,Min,0.00,0.00,0.00,0.00,0.00
,Max,1491.00,102.50,0.00,0.00,0.00
,Average,1196.36,36.14,0.00,0.00,0.00
,Sum,21534.50,650.50,0.00,0.00,0.00


Humidex Hours

,,Little to no Discomfort (≤ 29) [hr],Some Discomfort (> 29, ≤ 40) [hr],Great Discomfort; Avoid Exertion (> 40, ≤ 45) [hr],Dangerous (> 45, ≤ 50) [hr],Heat Stroke Quite Possible (> 50) [hr]
,CORE_BOTTOM,2146.50,61.50,0.00,0.00,0.00
,TOPFLOOR_PLENUM,1945.25,262.75,0.00,0.00,0.00
,MIDFLOOR_PLENUM,1981.75,226.25,0.00,0.00,0.00
,FIRSTFLOOR_PLENUM,2072.25,135.75,0.00,0.00,0.00
,CORE_MID,2172.75,35.25,0.00,0.00,0.00
,CORE_TOP,2171.75,36.25,0.00,0.00,0.00
,PERIMETER_TOP_ZN_3,1830.50,377.50,0.00,0.00,0.00
,PERIMETER_TOP_ZN_2,1768.75,439.25,0.00,0.00,0.00
,PERIMETER_TOP_ZN_1,1773.25,434.75,0.00,0.00,0.00
,PERIMETER_TOP_ZN_4,1751.25,456.75,0.00,0.00,0.00
,PERIMETER_BOT_ZN_3,2025.75,182.25,0.00,0.00,0.00
,PERIMETER_BOT_ZN_2,1954.25,253.75,0.00,0.00,0.00
,PERIMETER_BOT_ZN_1,1920.75,287.25,0.00,0.00,0.00
,PERIMETER_BOT_ZN_4,1927.25,280.75,0.00,0.00,0.00
,PERIMETER_MID_ZN_3,1836.00,372.00,0.00,0.00,0.00
,PERIMETER_MID_ZN_2,1756.75,451.25,0.00,0.00,0.00
,PERIMETER_MID_ZN_1,1770.00,438.00,0.00,0.00,0.00
,PERIMETER_MID_ZN_4,1729.25,478.75,0.00,0.00,0.00
,Min,1729.25,35.25,0.00,0.00,0.00
,Max,2172.75,478.75,0.00,0.00,0.00
,Average,1918.56,289.44,0.00,0.00,0.00
,Sum,34534.00,5210.00,0.00,0.00,0.00


Humidex OccupantHours

,,Little to no Discomfort (≤ 29) [hr],Some Discomfort (> 29, ≤ 40) [hr],Great Discomfort; Avoid Exertion (> 40, ≤ 45) [hr],Dangerous (> 45, ≤ 50) [hr],Heat Stroke Quite Possible (> 50) [hr]
,CORE_BOTTOM,32662.00,56.91,0.00,0.00,0.00
,TOPFLOOR_PLENUM,0.00,0.00,0.00,0.00,0.00
,MIDFLOOR_PLENUM,0.00,0.00,0.00,0.00,0.00
,FIRSTFLOOR_PLENUM,0.00,0.00,0.00,0.00,0.00
,CORE_MID,32691.12,27.79,0.00,0.00,0.00
,CORE_TOP,32692.44,26.47,0.00,0.00,0.00
,PERIMETER_TOP_ZN_3,6828.80,68.63,0.00,0.00,0.00
,PERIMETER_TOP_ZN_2,4306.68,59.97,0.00,0.00,0.00
,PERIMETER_TOP_ZN_1,6803.55,93.89,0.00,0.00,0.00
,PERIMETER_TOP_ZN_4,4308.16,58.20,0.00,0.00,0.00
,PERIMETER_BOT_ZN_3,6868.14,29.29,0.00,0.00,0.00
,PERIMETER_BOT_ZN_2,4334.90,31.75,0.00,0.00,0.00
,PERIMETER_BOT_ZN_1,6322.95,574.48,0.00,0.00,0.00
,PERIMETER_BOT_ZN_4,4336.95,29.41,0.00,0.00,0.00
,PERIMETER_MID_ZN_3,6829.01,68.43,0.00,0.00,0.00
,PERIMETER_MID_ZN_2,3165.28,60.67,0.00,0.00,0.00
,PERIMETER_MID_ZN_1,6805.29,92.14,0.00,0.00,0.00
,PERIMETER_MID_ZN_4,4306.93,59.43,0.00,0.00,0.00
,Min,0.00,0.00,0.00,0.00,0.00
,Max,32692.44,574.48,0.00,0.00,0.00
,Average,9070.12,74.30,0.00,0.00,0.00
,Sum,163262.20,1337.46,0.00,0.00,0.00


Humidex OccupiedHours

,,Little to no Discomfort (≤ 29) [hr],Some Discomfort (> 29, ≤ 40) [hr],Great Discomfort; Avoid Exertion (> 40, ≤ 45) [hr],Dangerous (> 45, ≤ 50) [hr],Heat Stroke Quite Possible (> 50) [hr]
,CORE_BOTTOM,1477.25,16.75,0.00,0.00,0.00
,TOPFLOOR_PLENUM,0.00,0.00,0.00,0.00,0.00
,MIDFLOOR_PLENUM,0.00,0.00,0.00,0.00,0.00
,FIRSTFLOOR_PLENUM,0.00,0.00,0.00,0.00,0.00
,CORE_MID,1488.00,6.00,0.00,0.00,0.00
,CORE_TOP,1484.00,10.00,0.00,0.00,0.00
,PERIMETER_TOP_ZN_3,1377.75,116.25,0.00,0.00,0.00
,PERIMETER_TOP_ZN_2,1335.25,158.75,0.00,0.00,0.00
,PERIMETER_TOP_ZN_1,1345.00,149.00,0.00,0.00,0.00
,PERIMETER_TOP_ZN_4,1340.00,154.00,0.00,0.00,0.00
,PERIMETER_BOT_ZN_3,1442.75,51.25,0.00,0.00,0.00
,PERIMETER_BOT_ZN_2,1412.00,82.00,0.00,0.00,0.00
,PERIMETER_BOT_ZN_1,1339.75,154.25,0.00,0.00,0.00
,PERIMETER_BOT_ZN_4,1415.25,78.75,0.00,0.00,0.00
,PERIMETER_MID_ZN_3,1386.75,107.25,0.00,0.00,0.00
,PERIMETER_MID_ZN_2,1112.75,156.25,0.00,0.00,0.00
,PERIMETER_MID_ZN_1,1348.25,145.75,0.00,0.00,0.00
,PERIMETER_MID_ZN_4,1337.00,157.00,0.00,0.00,0.00
,Min,0.00,0.00,0.00,0.00,0.00
,Max,1488.00,158.75,0.00,0.00,0.00
,Average,1146.76,85.74,0.00,0.00,0.00
,Sum,20641.75,1543.25,0.00,0.00,0.00


Hours of Safety for Cold Events

,,Hours of Safety [hr],End Time of the Safety Duration,Safe Temperature Exceedance Hours [hr],Safe Temperature Exceedance OccupantHours [hr],Safe Temperature Exceedance OccupiedHours [hr]
,CORE_BOTTOM,2208.00,-,0.00,0.00,0.00
,TOPFLOOR_PLENUM,0.00,-,0.00,0.00,0.00
,MIDFLOOR_PLENUM,0.00,-,0.00,0.00,0.00
,FIRSTFLOOR_PLENUM,0.00,-,0.00,0.00,0.00
,CORE_MID,2208.00,-,0.00,0.00,0.00
,CORE_TOP,2208.00,-,0.00,0.00,0.00
,PERIMETER_TOP_ZN_3,2208.00,-,0.00,0.00,0.00
,PERIMETER_TOP_ZN_2,2208.00,-,0.00,0.00,0.00
,PERIMETER_TOP_ZN_1,2208.00,-,0.00,0.00,0.00
,PERIMETER_TOP_ZN_4,2208.00,-,0.00,0.00,0.00
,PERIMETER_BOT_ZN_3,2208.00,-,0.00,0.00,0.00
,PERIMETER_BOT_ZN_2,2208.00,-,0.00,0.00,0.00
,PERIMETER_BOT_ZN_1,2208.00,-,0.00,0.00,0.00
,PERIMETER_BOT_ZN_4,2208.00,-,0.00,0.00,0.00
,PERIMETER_MID_ZN_3,2208.00,-,0.00,0.00,0.00
,PERIMETER_MID_ZN_2,2208.00,-,0.00,0.00,0.00
,PERIMETER_MID_ZN_1,2208.00,-,0.00,0.00,0.00
,PERIMETER_MID_ZN_4,2208.00,-,0.00,0.00,0.00
,Min,0.00,-,0.00,0.00,0.00
,Max,2208.00,-,0.00,0.00,0.00
,Average,1840.00,-,0.00,0.00,0.00
,Sum,33120.00,-,0.00,0.00,0.00


Hours of Safety for Heat Events

,,Hours of Safety [hr],End Time of the Safety Duration,Safe Temperature Exceedance Hours [hr],Safe Temperature Exceedance OccupantHours [hr],Safe Temperature Exceedance OccupiedHours [hr]
,CORE_BOTTOM,2208.00,-,0.00,0.00,0.00
,TOPFLOOR_PLENUM,0.00,-,0.00,0.00,0.00
,MIDFLOOR_PLENUM,0.00,-,0.00,0.00,0.00
,FIRSTFLOOR_PLENUM,0.00,-,0.00,0.00,0.00
,CORE_MID,2208.00,-,0.00,0.00,0.00
,CORE_TOP,2208.00,-,0.00,0.00,0.00
,PERIMETER_TOP_ZN_3,2208.00,-,0.00,0.00,0.00
,PERIMETER_TOP_ZN_2,2208.00,-,0.00,0.00,0.00
,PERIMETER_TOP_ZN_1,2208.00,-,0.00,0.00,0.00
,PERIMETER_TOP_ZN_4,2208.00,-,0.00,0.00,0.00
,PERIMETER_BOT_ZN_3,2208.00,-,0.00,0.00,0.00
,PERIMETER_BOT_ZN_2,2208.00,-,0.00,0.00,0.00
,PERIMETER_BOT_ZN_1,2208.00,-,0.00,0.00,0.00
,PERIMETER_BOT_ZN_4,2208.00,-,0.00,0.00,0.00
,PERIMETER_MID_ZN_3,2208.00,-,0.00,0.00,0.00
,PERIMETER_MID_ZN_2,2208.00,-,0.00,0.00,0.00
,PERIMETER_MID_ZN_1,2208.00,-,0.00,0.00,0.00
,PERIMETER_MID_ZN_4,2208.00,-,0.00,0.00,0.00
,Min,0.00,-,0.00,0.00,0.00
,Max,2208.00,-,0.00,0.00,0.00
,Average,1840.00,-,0.00,0.00,0.00
,Sum,33120.00,-,0.00,0.00,0.00


Unmet Degree-Hours

,,Cooling Setpoint Unmet Degree-Hours [°C·hr],Cooling Setpoint Unmet Occupant-Weighted Degree-Hours [°C·hr],Cooling Setpoint Unmet Occupied Degree-Hours [°C·hr],Heating Setpoint Unmet Degree-Hours [°C·hr],Heating Setpoint Unmet Occupant-Weighted Degree-Hours [°C·hr],Heating Setpoint Unmet Occupied Degree-Hours [°C·hr]
,CORE_BOTTOM,23.51,80.55,7.01,0.00,0.00,0.00
,TOPFLOOR_PLENUM,0.00,0.00,0.00,0.00,0.00,0.00
,MIDFLOOR_PLENUM,0.00,0.00,0.00,0.00,0.00,0.00
,FIRSTFLOOR_PLENUM,0.00,0.00,0.00,0.00,0.00,0.00
,CORE_MID,17.34,105.56,4.88,0.00,0.00,0.00
,CORE_TOP,20.20,33.07,3.89,0.00,0.00,0.00
,PERIMETER_TOP_ZN_3,34.21,20.34,25.99,0.00,0.00,0.00
,PERIMETER_TOP_ZN_2,85.70,29.56,70.71,0.00,0.00,0.00
,PERIMETER_TOP_ZN_1,174.78,1025.79,162.73,0.00,0.00,0.00
,PERIMETER_TOP_ZN_4,88.88,19.95,54.50,0.00,0.00,0.00
,PERIMETER_BOT_ZN_3,2.89,5.99,2.84,0.00,0.00,0.00
,PERIMETER_BOT_ZN_2,36.31,15.89,32.27,0.00,0.00,0.00
,PERIMETER_BOT_ZN_1,229.28,1608.24,224.53,0.00,0.00,0.00
,PERIMETER_BOT_ZN_4,35.92,9.47,22.71,0.00,0.00,0.00
,PERIMETER_MID_ZN_3,19.55,29.17,15.55,0.00,0.00,0.00
,PERIMETER_MID_ZN_2,77.77,64.94,66.57,0.00,0.00,0.00
,PERIMETER_MID_ZN_1,223.44,1593.28,214.60,0.00,0.00,0.00
,PERIMETER_MID_ZN_4,73.16,19.64,43.61,0.00,0.00,0.00
,Min,0.00,0.00,0.00,0.00,0.00,0.00
,Max,229.28,1608.24,224.53,0.00,0.00,0.00
,Average,63.50,258.97,52.91,0.00,0.00,0.00
,Sum,1142.94,4661.44,952.38,0.00,0.00,0.00


Discomfort-weighted Exceedance OccupantHours

,,Very-cold Exceedance OccupantHours [hr],Cool Exceedance OccupantHours [hr],Warm Exceedance OccupantHours [hr],Very-hot Exceedance OccupantHours [hr]
,CORE_BOTTOM,0.00,0.00,23.35,0.00
,TOPFLOOR_PLENUM,0.00,0.00,0.00,0.00
,MIDFLOOR_PLENUM,0.00,0.00,0.00,0.00
,FIRSTFLOOR_PLENUM,0.00,0.00,0.00,0.00
,CORE_MID,0.00,0.00,19.03,0.00
,CORE_TOP,0.00,0.00,30.79,0.00
,PERIMETER_TOP_ZN_3,0.00,0.00,15.62,0.00
,PERIMETER_TOP_ZN_2,0.00,0.00,44.84,0.00
,PERIMETER_TOP_ZN_1,0.00,0.00,226.07,0.00
,PERIMETER_TOP_ZN_4,0.00,0.00,41.72,0.00
,PERIMETER_BOT_ZN_3,0.00,0.00,0.94,0.00
,PERIMETER_BOT_ZN_2,0.00,0.00,12.90,0.00
,PERIMETER_BOT_ZN_1,0.00,0.24,202.49,0.00
,PERIMETER_BOT_ZN_4,0.00,0.00,9.94,0.00
,PERIMETER_MID_ZN_3,0.00,0.00,11.18,0.00
,PERIMETER_MID_ZN_2,0.00,0.00,32.40,0.00
,PERIMETER_MID_ZN_1,0.00,0.00,300.14,0.00
,PERIMETER_MID_ZN_4,0.00,0.00,30.79,0.00
,Min,0.00,0.00,0.00,0.00
,Max,0.00,0.24,300.14,0.00
,Average,0.00,0.01,55.68,0.00
,Sum,0.00,0.24,1002.19,0.00


Discomfort-weighted Exceedance OccupiedHours

,,Very-cold Exceedance OccupantHours [hr],Cool Exceedance OccupantHours [hr],Warm Exceedance OccupantHours [hr],Very-hot Exceedance OccupantHours [hr]
,CORE_BOTTOM,0.00,0.00,8.59,0.00
,TOPFLOOR_PLENUM,0.00,0.00,0.00,0.00
,MIDFLOOR_PLENUM,0.00,0.00,0.00,0.00
,FIRSTFLOOR_PLENUM,0.00,0.00,0.00,0.00
,CORE_MID,0.00,0.00,6.88,0.00
,CORE_TOP,0.00,0.00,11.44,0.00
,PERIMETER_TOP_ZN_3,0.00,0.00,27.89,0.00
,PERIMETER_TOP_ZN_2,0.00,0.00,60.67,0.00
,PERIMETER_TOP_ZN_1,0.00,0.00,74.05,0.00
,PERIMETER_TOP_ZN_4,0.00,0.00,54.63,0.00
,PERIMETER_BOT_ZN_3,0.00,0.00,1.68,0.00
,PERIMETER_BOT_ZN_2,0.00,0.00,30.23,0.00
,PERIMETER_BOT_ZN_1,0.00,0.11,50.11,0.00
,PERIMETER_BOT_ZN_4,0.00,0.00,23.78,0.00
,PERIMETER_MID_ZN_3,0.00,0.00,19.94,0.00
,PERIMETER_MID_ZN_2,0.00,0.00,54.43,0.00
,PERIMETER_MID_ZN_1,0.00,0.00,78.55,0.00
,PERIMETER_MID_ZN_4,0.00,0.00,47.40,0.00
,Min,0.00,0.00,0.00,0.00
,Max,0.00,0.11,78.55,0.00
,Average,0.00,0.01,30.57,0.00
,Sum,0.00,0.11,550.28,0.00


----------------------------------------------------------------------------------------------------
REPORT:,Climatic Data Summary
FOR:,Entire Facility
SizingPeriod:DesignDay

,,Maximum Dry Bulb [C],Daily Temperature Range [deltaC],Humidity Value,Humidity Type,Wind Speed [m/s],Wind Direction
,DENVER-AURORA-BUCKLEY.AFB_CO_USA ANN HTG 99.6% CONDNS DB,-17.90,0.00,-17.90,Wetbulb [C],2.50,180.00
,DENVER-AURORA-BUCKLEY.AFB_CO_USA ANN CLG .4% CONDNS DB=>MWB,33.90,14.80,15.00,Wetbulb [C],3.60,30.00


Monthly Precipitation Summary

,,Monthly Total Precipitation from .epw [mm],Monthly Total Hours of Rain from .epw,Monthly Total Precipitation in Site:Precipitation [mm],Monthly Total Roof Irrigation Depth [mm],Monthly Total Rain Collection Volume [m3]
,Jan,0.00,0,,,
,Feb,0.00,0,,,
,Mar,0.00,0,,,
,Apr,0.00,0,,,
,May,0.00,0,,,
,Jun,0.00,0,,,
,Jul,0.00,0,,,
,Aug,0.00,0,,,
,Sep,0.00,0,,,
,Oct,0.00,0,,,
,Nov,0.00,0,,,
,Dec,0.00,0,,,


Weather Statistics File

,,Value
,Reference,IND_Bangalore.432950_ISHRAE
,Site:Location,Bangalore Karnataka IND
,Latitude,{N 12� 58'}
,Longitude,{E  77� 34'}
,Time Zone,{GMT +5.5 Hours}
,Elevation (m) above sea level,921
,Standard Pressure at Elevation,90739Pa
,Data Source,ISHRAE
,WMO Station,432950
,Weather File Design Conditions,Climate Design Data 2009 ASHRAE Handbook
,Heating Design Temperature 99.6% (C),15.1°
,Heating Design Temperature 99% (C),15.9°
,Cooling Design Temperature 0.4% (C),34.2°
,Cooling Design Temperature 1% (C),33.5°
,Cooling Design Temperature 2% (C),32.6°
,Maximum Dry Bulb Temperature (C),36.6°
,Maximum Dry Bulb Occurs on,Apr 28
,Minimum Dry Bulb Temperature (C),13.0°
,Minimum Dry Bulb Occurs on,Nov 25
,Maximum Dew Point Temperature (C),24.4°
,Maximum Dew Point Occurs on,Apr 27
,Minimum Dew Point Temperature (C),0.0°
,Minimum Dew Point Occurs on,Feb  2
,ASHRAE Handbook 2009  Cooling Degree-Days (base 10°C),5163
,Weather File Cooling Degree-Days (base 10°C),4956
,ASHRAE Handbook 2009 Heating Degree-Days (base 18.3°C),0
,Weather File Heating Degree-Days (base 18°C),0
,Köppen Classification,BSh
,Köppen Description,Hot subtropical steppe (lat. 15-30�N)
,Köppen Recommendation,Unbearably hot dry periods in summer, but passive cooling is possible
,ASHRAE Climate Zone,2B
,ASHRAE Description,Hot-Dry


----------------------------------------------------------------------------------------------------
REPORT:,Envelope Summary
FOR:,Entire Facility
Opaque Exterior

,,Construction,Zone,Space,Reflectance,U-Factor with Film [W/m2-K],U-Factor no Film [W/m2-K],Gross Area [m2],Net Area [m2],Azimuth [deg],Tilt [deg],Cardinal Direction
,PERIMETER_TOP_PLENUM_WALL_NORTH,NONRES_EXT_WALL,TOPFLOOR_PLENUM,TOPFLOOR_PLENUM,0.30,0.312,0.328,60.85,60.85,0.00,90.00,N
,PERIMETER_TOP_PLENUM_WALL_EAST,NONRES_EXT_WALL,TOPFLOOR_PLENUM,TOPFLOOR_PLENUM,0.30,0.312,0.328,40.57,40.57,90.00,90.00,E
,PERIMETER_TOP_PLENUM_WALL_SOUTH,NONRES_EXT_WALL,TOPFLOOR_PLENUM,TOPFLOOR_PLENUM,0.30,0.312,0.328,60.85,60.85,180.00,90.00,S
,PERIMETER_TOP_PLENUM_WALL_WEST,NONRES_EXT_WALL,TOPFLOOR_PLENUM,TOPFLOOR_PLENUM,0.30,0.312,0.328,40.57,40.57,270.00,90.00,W
,BUILDING_ROOF,NONRES_ROOF,TOPFLOOR_PLENUM,TOPFLOOR_PLENUM,0.30,0.182,0.186,1660.73,1660.73,0.00,0.00,
,PERIMETER_MID_PLENUM_WALL_NORTH,NONRES_EXT_WALL,MIDFLOOR_PLENUM,MIDFLOOR_PLENUM,0.30,0.312,0.328,60.85,60.85,0.00,90.00,N
,PERIMETER_MID_PLENUM_WALL_EAST,NONRES_EXT_WALL,MIDFLOOR_PLENUM,MIDFLOOR_PLENUM,0.30,0.312,0.328,40.57,40.57,90.00,90.00,E
,PERIMETER_MID_PLENUM_WALL_SOUTH,NONRES_EXT_WALL,MIDFLOOR_PLENUM,MIDFLOOR_PLENUM,0.30,0.312,0.328,60.85,60.85,180.00,90.00,S
,PERIMETER_MID_PLENUM_WALL_WEST,NONRES_EXT_WALL,MIDFLOOR_PLENUM,MIDFLOOR_PLENUM,0.30,0.312,0.328,40.57,40.57,270.00,90.00,W
,PERIMETER_BOT_PLENUM_WALL_NORTH,NONRES_EXT_WALL,FIRSTFLOOR_PLENUM,FIRSTFLOOR_PLENUM,0.30,0.312,0.328,60.85,60.85,0.00,90.00,N
,PERIMETER_BOT_PLENUM_WALL_EAST,NONRES_EXT_WALL,FIRSTFLOOR_PLENUM,FIRSTFLOOR_PLENUM,0.30,0.312,0.328,40.57,40.57,90.00,90.00,E
,PERIMETER_BOT_PLENUM_WALL_SOUTH,NONRES_EXT_WALL,FIRSTFLOOR_PLENUM,FIRSTFLOOR_PLENUM,0.30,0.312,0.328,60.85,60.85,180.00,90.00,S
,PERIMETER_BOT_PLENUM_WALL_WEST,NONRES_EXT_WALL,FIRSTFLOOR_PLENUM,FIRSTFLOOR_PLENUM,0.30,0.312,0.328,40.57,40.57,270.00,90.00,W
,PERIMETER_TOP_ZN_3_WALL_NORTH,NONRES_EXT_WALL,PERIMETER_TOP_ZN_3,PERIMETER_TOP_ZN_3,0.30,0.312,0.328,136.92,71.65,0.00,90.00,N
,PERIMETER_TOP_ZN_2_WALL_EAST,NONRES_EXT_WALL,PERIMETER_TOP_ZN_2,PERIMETER_TOP_ZN_2,0.30,0.312,0.328,91.28,47.77,90.00,90.00,E
,PERIMETER_TOP_ZN_1_WALL_SOUTH,NONRES_EXT_WALL,PERIMETER_TOP_ZN_1,PERIMETER_TOP_ZN_1,0.30,0.312,0.328,136.92,71.65,180.00,90.00,S
,PERIMETER_TOP_ZN_4_WALL_WEST,NONRES_EXT_WALL,PERIMETER_TOP_ZN_4,PERIMETER_TOP_ZN_4,0.30,0.312,0.328,91.28,47.77,270.00,90.00,W
,PERIMETER_BOT_ZN_3_WALL_NORTH,NONRES_EXT_WALL,PERIMETER_BOT_ZN_3,PERIMETER_BOT_ZN_3,0.30,0.312,0.328,136.92,67.75,0.00,90.00,N
,PERIMETER_BOT_ZN_3_FLOOR,PERIMETER_BOT_ZN_3_FLOOR_FFACTOR,PERIMETER_BOT_ZN_3,PERIMETER_BOT_ZN_3,1.00,0.217,0.225,207.34,207.34,0.00,180.00,
,PERIMETER_BOT_ZN_2_WALL_EAST,NONRES_EXT_WALL,PERIMETER_BOT_ZN_2,PERIMETER_BOT_ZN_2,0.30,0.312,0.328,91.28,45.82,90.00,90.00,E
,PERIMETER_BOT_ZN_2_FLOOR,PERIMETER_BOT_ZN_2_FLOOR_FFACTOR,PERIMETER_BOT_ZN_2,PERIMETER_BOT_ZN_2,1.00,0.228,0.237,131.26,131.26,90.00,180.00,
,PERIMETER_BOT_ZN_1_WALL_SOUTH,NONRES_EXT_WALL,PERIMETER_BOT_ZN_1,PERIMETER_BOT_ZN_1,0.30,0.312,0.328,136.92,67.75,180.00,90.00,S
,PERIMETER_BOT_ZN_1_FLOOR,PERIMETER_BOT_ZN_1_FLOOR_FFACTOR,PERIMETER_BOT_ZN_1,PERIMETER_BOT_ZN_1,1.00,0.217,0.225,207.34,207.34,180.00,180.00,
,PERIMETER_BOT_ZN_4_WALL_WEST,NONRES_EXT_WALL,PERIMETER_BOT_ZN_4,PERIMETER_BOT_ZN_4,0.30,0.312,0.328,91.28,45.82,270.00,90.00,W
,PERIMETER_BOT_ZN_4_FLOOR,PERIMETER_BOT_ZN_4_FLOOR_FFACTOR,PERIMETER_BOT_ZN_4,PERIMETER_BOT_ZN_4,1.00,0.228,0.237,131.25,131.25,270.00,180.00,
,PERIMETER_MID_ZN_3_WALL_NORTH,NONRES_EXT_WALL,PERIMETER_MID_ZN_3,PERIMETER_MID_ZN_3,0.30,0.312,0.328,136.92,71.65,0.00,90.00,N
,PERIMETER_MID_ZN_2_WALL_EAST,NONRES_EXT_WALL,PERIMETER_MID_ZN_2,PERIMETER_MID_ZN_2,0.30,0.312,0.328,91.28,47.77,90.00,90.00,E
,PERIMETER_MID_ZN_1_WALL_SOUTH,NONRES_EXT_WALL,PERIMETER_MID_ZN_1,PERIMETER_MID_ZN_1,0.30,0.312,0.328,136.92,71.65,180.00,90.00,S
,PERIMETER_MID_ZN_4_WALL_WEST,NONRES_EXT_WALL,PERIMETER_MID_ZN_4,PERIMETER_MID_ZN_4,0.30,0.312,0.328,91.28,47.77,270.00,90.00,W


Opaque Interior

,,Construction,Zone,Space,Adjacent Surface,Reflectance,U-Factor with Film [W/m2-K],U-Factor no Film [W/m2-K],Gross Area [m2],Net Area [m2],Azimuth [deg],Tilt [deg],Cardinal Direction
,CORE_BOT_ZN_5_WALL_SOUTH,INT_WALL,CORE_BOTTOM,CORE_BOTTOM,iz-CORE_BOT_ZN_5_WALL_SOUTH,0.30,2.511,6.299,111.82,111.82,180.00,90.00,S
,CORE_BOT_ZN_5_WALL_EAST,INT_WALL,CORE_BOTTOM,CORE_BOTTOM,iz-CORE_BOT_ZN_5_WALL_EAST,0.30,2.511,6.299,66.19,66.19,90.00,90.00,E
,CORE_BOT_ZN_5_WALL_NORTH,INT_WALL,CORE_BOTTOM,CORE_BOTTOM,iz-CORE_BOT_ZN_5_WALL_NORTH,0.30,2.511,6.299,111.82,111.82,0.00,90.00,N
,CORE_BOT_ZN_5_WALL_WEST,INT_WALL,CORE_BOTTOM,CORE_BOTTOM,iz-CORE_BOT_ZN_5_WALL_WEST,0.30,2.511,6.299,66.19,66.19,270.00,90.00,W
,CORE_BOT_ZN_5_FLOOR,CORE_BOT_ZN_5_FLOOR_FFACTOR,CORE_BOTTOM,CORE_BOTTOM,CORE_BOT_ZN_5_FLOOR,1.00,0.006,0.006,983.54,983.54,0.00,180.00,
,CORE_BOT_ZN_5_CEILING,DROPCEILING,CORE_BOTTOM,CORE_BOTTOM,iz-CORE_BOT_ZN_5_CEILING,0.30,2.031,4.488,983.54,983.54,180.00,0.00,
,iz-PERIMETER_TOP_ZN_1_CEILING,DROPCEILING,TOPFLOOR_PLENUM,TOPFLOOR_PLENUM,PERIMETER_TOP_ZN_1_CEILING,0.30,2.031,4.488,207.34,207.34,225.00,180.00,
,iz-PERIMETER_TOP_ZN_2_CEILING,DROPCEILING,TOPFLOOR_PLENUM,TOPFLOOR_PLENUM,PERIMETER_TOP_ZN_2_CEILING,0.30,2.031,4.488,131.26,131.26,135.00,180.00,
,iz-PERIMETER_TOP_ZN_3_CEILING,DROPCEILING,TOPFLOOR_PLENUM,TOPFLOOR_PLENUM,PERIMETER_TOP_ZN_3_CEILING,0.30,2.031,4.488,207.34,207.34,45.00,180.00,
,iz-PERIMETER_TOP_ZN_4_CEILING,DROPCEILING,TOPFLOOR_PLENUM,TOPFLOOR_PLENUM,PERIMETER_TOP_ZN_4_CEILING,0.30,2.031,4.488,131.25,131.25,315.00,180.00,
,iz-CORE_TOP_ZN_5_CEILING,DROPCEILING,TOPFLOOR_PLENUM,TOPFLOOR_PLENUM,CORE_TOP_ZN_5_CEILING,0.30,2.031,4.488,983.54,983.54,180.00,180.00,
,iz-PERIMETER_MID_ZN_1_CEILING,DROPCEILING,MIDFLOOR_PLENUM,MIDFLOOR_PLENUM,PERIMETER_MID_ZN_1_CEILING,0.30,2.031,4.488,207.34,207.34,180.00,180.00,
,iz-PERIMETER_MID_ZN_2_CEILING,DROPCEILING,MIDFLOOR_PLENUM,MIDFLOOR_PLENUM,PERIMETER_MID_ZN_2_CEILING,0.30,2.031,4.488,131.26,131.26,90.00,180.00,
,iz-PERIMETER_MID_ZN_3_CEILING,DROPCEILING,MIDFLOOR_PLENUM,MIDFLOOR_PLENUM,PERIMETER_MID_ZN_3_CEILING,0.30,2.031,4.488,207.34,207.34,0.00,180.00,
,iz-PERIMETER_MID_ZN_4_CEILING,DROPCEILING,MIDFLOOR_PLENUM,MIDFLOOR_PLENUM,PERIMETER_MID_ZN_4_CEILING,0.30,2.031,4.488,131.25,131.25,270.00,180.00,
,iz-CORE_MID_ZN_5_CEILING,DROPCEILING,MIDFLOOR_PLENUM,MIDFLOOR_PLENUM,CORE_MID_ZN_5_CEILING,0.30,2.031,4.488,983.54,983.54,0.00,180.00,
,iz-PERIMETER_TOP_ZN_1_FLOOR,INT_SLAB_CEILING,MIDFLOOR_PLENUM,MIDFLOOR_PLENUM,PERIMETER_TOP_ZN_1_FLOOR,0.30,1.887,3.839,207.34,207.34,0.00,0.00,
,iz-PERIMETER_TOP_ZN_2_FLOOR,INT_SLAB_CEILING,MIDFLOOR_PLENUM,MIDFLOOR_PLENUM,PERIMETER_TOP_ZN_2_FLOOR,0.30,1.887,3.839,131.26,131.26,270.00,0.00,
,iz-PERIMETER_TOP_ZN_3_FLOOR,INT_SLAB_CEILING,MIDFLOOR_PLENUM,MIDFLOOR_PLENUM,PERIMETER_TOP_ZN_3_FLOOR,0.30,1.887,3.839,207.34,207.34,180.00,0.00,
,iz-PERIMETER_TOP_ZN_4_FLOOR,INT_SLAB_CEILING,MIDFLOOR_PLENUM,MIDFLOOR_PLENUM,PERIMETER_TOP_ZN_4_FLOOR,0.30,1.887,3.839,131.25,131.25,90.00,0.00,
,iz-CORE_TOP_ZN_5_FLOOR,INT_SLAB_CEILING,MIDFLOOR_PLENUM,MIDFLOOR_PLENUM,CORE_TOP_ZN_5_FLOOR,0.30,1.887,3.839,983.54,983.54,180.00,0.00,
,iz-PERIMETER_BOT_ZN_1_CEILING,DROPCEILING,FIRSTFLOOR_PLENUM,FIRSTFLOOR_PLENUM,PERIMETER_BOT_ZN_1_CEILING,0.30,2.031,4.488,207.34,207.34,180.00,180.00,
,iz-PERIMETER_BOT_ZN_2_CEILING,DROPCEILING,FIRSTFLOOR_PLENUM,FIRSTFLOOR_PLENUM,PERIMETER_BOT_ZN_2_CEILING,0.30,2.031,4.488,131.26,131.26,90.00,180.00,
,iz-PERIMETER_BOT_ZN_3_CEILING,DROPCEILING,FIRSTFLOOR_PLENUM,FIRSTFLOOR_PLENUM,PERIMETER_BOT_ZN_3_CEILING,0.30,2.031,4.488,207.34,207.34,0.00,180.00,
,iz-PERIMETER_BOT_ZN_4_CEILING,DROPCEILING,FIRSTFLOOR_PLENUM,FIRSTFLOOR_PLENUM,PERIMETER_BOT_ZN_4_CEILING,0.30,2.031,4.488,131.25,131.25,270.00,180.00,
,iz-CORE_BOT_ZN_5_CEILING,DROPCEILING,FIRSTFLOOR_PLENUM,FIRSTFLOOR_PLENUM,CORE_BOT_ZN_5_CEILING,0.30,2.031,4.488,983.54,983.54,0.00,180.00,
,iz-PERIMETER_MID_ZN_1_FLOOR,INT_SLAB_CEILING,FIRSTFLOOR_PLENUM,FIRSTFLOOR_PLENUM,PERIMETER_MID_ZN_1_FLOOR,0.30,1.887,3.839,207.34,207.34,0.00,0.00,
,iz-PERIMETER_MID_ZN_2_FLOOR,INT_SLAB_CEILING,FIRSTFLOOR_PLENUM,FIRSTFLOOR_PLENUM,PERIMETER_MID_ZN_2_FLOOR,0.30,1.887,3.839,131.26,131.26,270.00,0.00,
,iz-PERIMETER_MID_ZN_3_FLOOR,INT_SLAB_CEILING,FIRSTFLOOR_PLENUM,FIRSTFLOOR_PLENUM,PERIMETER_MID_ZN_3_FLOOR,0.30,1.887,3.839,207.34,207.34,180.00,0.00,
,iz-PERIMETER_MID_ZN_4_FLOOR,INT_SLAB_CEILING,FIRSTFLOOR_PLENUM,FIRSTFLOOR_PLENUM,PERIMETER_MID_ZN_4_FLOOR,0.30,1.887,3.839,131.25,131.25,90.00,0.00,
,iz-CORE_MID_ZN_5_FLOOR,INT_SLAB_CEILING,FIRSTFLOOR_PLENUM,FIRSTFLOOR_PLENUM,CORE_MID_ZN_5_FLOOR,0.30,1.887,3.839,983.54,983.54,180.00,0.00,
,CORE_MID_ZN_5_WALL_NORTH,INT_WALL,CORE_MID,CORE_MID,iz-CORE_MID_ZN_5_WALL_NORTH,0.30,2.511,6.299,111.82,111.82,0.00,90.00,N
,CORE_MID_ZN_5_WALL_EAST,INT_WALL,CORE_MID,CORE_MID,iz-CORE_MID_ZN_5_WALL_EAST,0.30,2.511,6.299,66.19,66.19,90.00,90.00,E
,CORE_MID_ZN_5_WALL_SOUTH,INT_WALL,CORE_MID,CORE_MID,iz-CORE_MID_ZN_5_WALL_SOUTH,0.30,2.511,6.299,111.82,111.82,180.00,90.00,S
,CORE_MID_ZN_5_WALL_WEST,INT_WALL,CORE_MID,CORE_MID,iz-CORE_MID_ZN_5_WALL_WEST,0.30,2.511,6.299,66.19,66.19,270.00,90.00,W
,CORE_MID_ZN_5_FLOOR,INT_SLAB_FLOOR,CORE_MID,CORE_MID,iz-CORE_MID_ZN_5_FLOOR,0.30,1.887,3.839,983.54,983.54,0.00,180.00,
,CORE_MID_ZN_5_CEILING,DROPCEILING,CORE_MID,CORE_MID,iz-CORE_MID_ZN_5_CEILING,0.30,2.031,4.488,983.54,983.54,180.00,0.00,
,CORE_TOP_ZN_5_WALL_NORTH,INT_WALL,CORE_TOP,CORE_TOP,iz-CORE_TOP_ZN_5_WALL_NORTH,0.30,2.511,6.299,111.82,111.82,0.00,90.00,N
,CORE_TOP_ZN_5_WALL_EAST,INT_WALL,CORE_TOP,CORE_TOP,iz-CORE_TOP_ZN_5_WALL_EAST,0.30,2.511,6.299,66.19,66.19,90.00,90.00,E
,CORE_TOP_ZN_5_WALL_SOUTH,INT_WALL,CORE_TOP,CORE_TOP,iz-CORE_TOP_ZN_5_WALL_SOUTH,0.30,2.511,6.299,111.82,111.82,180.00,90.00,S
,CORE_TOP_ZN_5_WALL_WEST,INT_WALL,CORE_TOP,CORE_TOP,iz-CORE_TOP_ZN_5_WALL_WEST,0.30,2.511,6.299,66.19,66.19,270.00,90.00,W
,CORE_TOP_ZN_5_FLOOR,INT_SLAB_FLOOR,CORE_TOP,CORE_TOP,iz-CORE_TOP_ZN_5_FLOOR,0.30,1.887,3.839,983.54,983.54,0.00,180.00,
,CORE_TOP_ZN_5_CEILING,DROPCEILING,CORE_TOP,CORE_TOP,iz-CORE_TOP_ZN_5_CEILING,0.30,2.031,4.488,983.54,983.54,0.00,0.00,
,PERIMETER_TOP_ZN_3_WALL_WEST,INT_WALL,PERIMETER_TOP_ZN_3,PERIMETER_TOP_ZN_3,iz-PERIMETER_TOP_ZN_3_WALL_WEST,0.30,2.511,6.299,17.74,17.74,225.00,90.00,W
,iz-PERIMETER_TOP_ZN_2_WALL_NORTH,INT_WALL,PERIMETER_TOP_ZN_3,PERIMETER_TOP_ZN_3,PERIMETER_TOP_ZN_2_WALL_NORTH,0.30,2.511,6.299,17.74,17.74,135.00,90.00,S
,iz-CORE_TOP_ZN_5_WALL_NORTH,INT_WALL,PERIMETER_TOP_ZN_3,PERIMETER_TOP_ZN_3,CORE_TOP_ZN_5_WALL_NORTH,0.30,2.511,6.299,111.82,111.82,180.00,90.00,S
,PERIMETER_TOP_ZN_3_FLOOR,INT_SLAB_FLOOR,PERIMETER_TOP_ZN_3,PERIMETER_TOP_ZN_3,iz-PERIMETER_TOP_ZN_3_FLOOR,0.30,1.887,3.839,207.34,207.34,0.00,180.00,
,PERIMETER_TOP_ZN_3_CEILING,DROPCEILING,PERIMETER_TOP_ZN_3,PERIMETER_TOP_ZN_3,iz-PERIMETER_TOP_ZN_3_CEILING,0.30,2.031,4.488,207.34,207.34,225.00,0.00,
,PERIMETER_TOP_ZN_2_WALL_NORTH,INT_WALL,PERIMETER_TOP_ZN_2,PERIMETER_TOP_ZN_2,iz-PERIMETER_TOP_ZN_2_WALL_NORTH,0.30,2.511,6.299,17.74,17.74,315.00,90.00,N
,iz-PERIMETER_TOP_ZN_1_WALL_EAST,INT_WALL,PERIMETER_TOP_ZN_2,PERIMETER_TOP_ZN_2,PERIMETER_TOP_ZN_1_WALL_EAST,0.30,2.511,6.299,17.74,17.74,225.00,90.00,W
,iz-CORE_TOP_ZN_5_WALL_EAST,INT_WALL,PERIMETER_TOP_ZN_2,PERIMETER_TOP_ZN_2,CORE_TOP_ZN_5_WALL_EAST,0.30,2.511,6.299,66.19,66.19,270.00,90.00,W
,PERIMETER_TOP_ZN_2_FLOOR,INT_SLAB_FLOOR,PERIMETER_TOP_ZN_2,PERIMETER_TOP_ZN_2,iz-PERIMETER_TOP_ZN_2_FLOOR,0.30,1.887,3.839,131.26,131.26,90.00,180.00,
,PERIMETER_TOP_ZN_2_CEILING,DROPCEILING,PERIMETER_TOP_ZN_2,PERIMETER_TOP_ZN_2,iz-PERIMETER_TOP_ZN_2_CEILING,0.30,2.031,4.488,131.26,131.26,315.00,0.00,
,PERIMETER_TOP_ZN_1_WALL_EAST,INT_WALL,PERIMETER_TOP_ZN_1,PERIMETER_TOP_ZN_1,iz-PERIMETER_TOP_ZN_1_WALL_EAST,0.30,2.511,6.299,17.74,17.74,45.00,90.00,E
,iz-PERIMETER_TOP_ZN_4_WALL_SOUTH,INT_WALL,PERIMETER_TOP_ZN_1,PERIMETER_TOP_ZN_1,PERIMETER_TOP_ZN_4_WALL_SOUTH,0.30,2.511,6.299,17.74,17.74,315.00,90.00,N
,iz-CORE_TOP_ZN_5_WALL_SOUTH,INT_WALL,PERIMETER_TOP_ZN_1,PERIMETER_TOP_ZN_1,CORE_TOP_ZN_5_WALL_SOUTH,0.30,2.511,6.299,111.82,111.82,0.00,90.00,N
,PERIMETER_TOP_ZN_1_FLOOR,INT_SLAB_FLOOR,PERIMETER_TOP_ZN_1,PERIMETER_TOP_ZN_1,iz-PERIMETER_TOP_ZN_1_FLOOR,0.30,1.887,3.839,207.34,207.34,180.00,180.00,
,PERIMETER_TOP_ZN_1_CEILING,DROPCEILING,PERIMETER_TOP_ZN_1,PERIMETER_TOP_ZN_1,iz-PERIMETER_TOP_ZN_1_CEILING,0.30,2.031,4.488,207.34,207.34,45.00,0.00,
,PERIMETER_TOP_ZN_4_WALL_SOUTH,INT_WALL,PERIMETER_TOP_ZN_4,PERIMETER_TOP_ZN_4,iz-PERIMETER_TOP_ZN_4_WALL_SOUTH,0.30,2.511,6.299,17.74,17.74,135.00,90.00,S
,iz-PERIMETER_TOP_ZN_3_WALL_WEST,INT_WALL,PERIMETER_TOP_ZN_4,PERIMETER_TOP_ZN_4,PERIMETER_TOP_ZN_3_WALL_WEST,0.30,2.511,6.299,17.74,17.74,45.00,90.00,E
,iz-CORE_TOP_ZN_5_WALL_WEST,INT_WALL,PERIMETER_TOP_ZN_4,PERIMETER_TOP_ZN_4,CORE_TOP_ZN_5_WALL_WEST,0.30,2.511,6.299,66.19,66.19,90.00,90.00,E
,PERIMETER_TOP_ZN_4_FLOOR,INT_SLAB_FLOOR,PERIMETER_TOP_ZN_4,PERIMETER_TOP_ZN_4,iz-PERIMETER_TOP_ZN_4_FLOOR,0.30,1.887,3.839,131.25,131.25,270.00,180.00,
,PERIMETER_TOP_ZN_4_CEILING,DROPCEILING,PERIMETER_TOP_ZN_4,PERIMETER_TOP_ZN_4,iz-PERIMETER_TOP_ZN_4_CEILING,0.30,2.031,4.488,131.25,131.25,135.00,0.00,
,PERIMETER_BOT_ZN_3_WALL_WEST,INT_WALL,PERIMETER_BOT_ZN_3,PERIMETER_BOT_ZN_3,iz-PERIMETER_BOT_ZN_3_WALL_WEST,0.30,2.511,6.299,17.74,17.74,225.00,90.00,W
,iz-PERIMETER_BOT_ZN_2_WALL_NORTH,INT_WALL,PERIMETER_BOT_ZN_3,PERIMETER_BOT_ZN_3,PERIMETER_BOT_ZN_2_WALL_NORTH,0.30,2.511,6.299,17.74,17.74,135.00,90.00,S
,iz-CORE_BOT_ZN_5_WALL_NORTH,INT_WALL,PERIMETER_BOT_ZN_3,PERIMETER_BOT_ZN_3,CORE_BOT_ZN_5_WALL_NORTH,0.30,2.511,6.299,111.82,111.82,180.00,90.00,S
,PERIMETER_BOT_ZN_3_CEILING,DROPCEILING,PERIMETER_BOT_ZN_3,PERIMETER_BOT_ZN_3,iz-PERIMETER_BOT_ZN_3_CEILING,0.30,2.031,4.488,207.34,207.34,180.00,0.00,
,PERIMETER_BOT_ZN_2_WALL_NORTH,INT_WALL,PERIMETER_BOT_ZN_2,PERIMETER_BOT_ZN_2,iz-PERIMETER_BOT_ZN_2_WALL_NORTH,0.30,2.511,6.299,17.74,17.74,315.00,90.00,N
,iz-PERIMETER_BOT_ZN_1_WALL_EAST,INT_WALL,PERIMETER_BOT_ZN_2,PERIMETER_BOT_ZN_2,PERIMETER_BOT_ZN_1_WALL_EAST,0.30,2.511,6.299,17.74,17.74,225.00,90.00,W
,iz-CORE_BOT_ZN_5_WALL_EAST,INT_WALL,PERIMETER_BOT_ZN_2,PERIMETER_BOT_ZN_2,CORE_BOT_ZN_5_WALL_EAST,0.30,2.511,6.299,66.19,66.19,270.00,90.00,W
,PERIMETER_BOT_ZN_2_CEILING,DROPCEILING,PERIMETER_BOT_ZN_2,PERIMETER_BOT_ZN_2,iz-PERIMETER_BOT_ZN_2_CEILING,0.30,2.031,4.488,131.26,131.26,270.00,0.00,
,PERIMETER_BOT_ZN_1_WALL_EAST,INT_WALL,PERIMETER_BOT_ZN_1,PERIMETER_BOT_ZN_1,iz-PERIMETER_BOT_ZN_1_WALL_EAST,0.30,2.511,6.299,17.74,17.74,45.00,90.00,E
,iz-PERIMETER_BOT_ZN_4_WALL_SOUTH,INT_WALL,PERIMETER_BOT_ZN_1,PERIMETER_BOT_ZN_1,PERIMETER_BOT_ZN_4_WALL_SOUTH,0.30,2.511,6.299,17.74,17.74,315.00,90.00,N
,iz-CORE_BOT_ZN_5_WALL_SOUTH,INT_WALL,PERIMETER_BOT_ZN_1,PERIMETER_BOT_ZN_1,CORE_BOT_ZN_5_WALL_SOUTH,0.30,2.511,6.299,111.82,111.82,0.00,90.00,N
,PERIMETER_BOT_ZN_1_CEILING,DROPCEILING,PERIMETER_BOT_ZN_1,PERIMETER_BOT_ZN_1,iz-PERIMETER_BOT_ZN_1_CEILING,0.30,2.031,4.488,207.34,207.34,0.00,0.00,
,PERIMETER_BOT_ZN_4_WALL_SOUTH,INT_WALL,PERIMETER_BOT_ZN_4,PERIMETER_BOT_ZN_4,iz-PERIMETER_BOT_ZN_4_WALL_SOUTH,0.30,2.511,6.299,17.74,17.74,135.00,90.00,S
,iz-PERIMETER_BOT_ZN_3_WALL_WEST,INT_WALL,PERIMETER_BOT_ZN_4,PERIMETER_BOT_ZN_4,PERIMETER_BOT_ZN_3_WALL_WEST,0.30,2.511,6.299,17.74,17.74,45.00,90.00,E
,iz-CORE_BOT_ZN_5_WALL_WEST,INT_WALL,PERIMETER_BOT_ZN_4,PERIMETER_BOT_ZN_4,CORE_BOT_ZN_5_WALL_WEST,0.30,2.511,6.299,66.19,66.19,90.00,90.00,E
,PERIMETER_BOT_ZN_4_CEILING,DROPCEILING,PERIMETER_BOT_ZN_4,PERIMETER_BOT_ZN_4,iz-PERIMETER_BOT_ZN_4_CEILING,0.30,2.031,4.488,131.25,131.25,90.00,0.00,
,PERIMETER_MID_ZN_3_WALL_WEST,INT_WALL,PERIMETER_MID_ZN_3,PERIMETER_MID_ZN_3,iz-PERIMETER_MID_ZN_3_WALL_WEST,0.30,2.511,6.299,17.74,17.74,225.00,90.00,W
,iz-PERIMETER_MID_ZN_2_WALL_NORTH,INT_WALL,PERIMETER_MID_ZN_3,PERIMETER_MID_ZN_3,PERIMETER_MID_ZN_2_WALL_NORTH,0.30,2.511,6.299,17.74,17.74,135.00,90.00,S
,iz-CORE_MID_ZN_5_WALL_NORTH,INT_WALL,PERIMETER_MID_ZN_3,PERIMETER_MID_ZN_3,CORE_MID_ZN_5_WALL_NORTH,0.30,2.511,6.299,111.82,111.82,180.00,90.00,S
,PERIMETER_MID_ZN_3_FLOOR,INT_SLAB_FLOOR,PERIMETER_MID_ZN_3,PERIMETER_MID_ZN_3,iz-PERIMETER_MID_ZN_3_FLOOR,0.30,1.887,3.839,207.34,207.34,0.00,180.00,
,PERIMETER_MID_ZN_3_CEILING,DROPCEILING,PERIMETER_MID_ZN_3,PERIMETER_MID_ZN_3,iz-PERIMETER_MID_ZN_3_CEILING,0.30,2.031,4.488,207.34,207.34,180.00,0.00,
,PERIMETER_MID_ZN_2_WALL_NORTH,INT_WALL,PERIMETER_MID_ZN_2,PERIMETER_MID_ZN_2,iz-PERIMETER_MID_ZN_2_WALL_NORTH,0.30,2.511,6.299,17.74,17.74,315.00,90.00,N
,iz-PERIMETER_MID_ZN_1_WALL_EAST,INT_WALL,PERIMETER_MID_ZN_2,PERIMETER_MID_ZN_2,PERIMETER_MID_ZN_1_WALL_EAST,0.30,2.511,6.299,17.74,17.74,225.00,90.00,W
,iz-CORE_MID_ZN_5_WALL_EAST,INT_WALL,PERIMETER_MID_ZN_2,PERIMETER_MID_ZN_2,CORE_MID_ZN_5_WALL_EAST,0.30,2.511,6.299,66.19,66.19,270.00,90.00,W
,PERIMETER_MID_ZN_2_FLOOR,INT_SLAB_FLOOR,PERIMETER_MID_ZN_2,PERIMETER_MID_ZN_2,iz-PERIMETER_MID_ZN_2_FLOOR,0.30,1.887,3.839,131.26,131.26,90.00,180.00,
,PERIMETER_MID_ZN_2_CEILING,DROPCEILING,PERIMETER_MID_ZN_2,PERIMETER_MID_ZN_2,iz-PERIMETER_MID_ZN_2_CEILING,0.30,2.031,4.488,131.26,131.26,270.00,0.00,
,PERIMETER_MID_ZN_1_WALL_EAST,INT_WALL,PERIMETER_MID_ZN_1,PERIMETER_MID_ZN_1,iz-PERIMETER_MID_ZN_1_WALL_EAST,0.30,2.511,6.299,17.74,17.74,45.00,90.00,E
,iz-PERIMETER_MID_ZN_4_WALL_SOUTH,INT_WALL,PERIMETER_MID_ZN_1,PERIMETER_MID_ZN_1,PERIMETER_MID_ZN_4_WALL_SOUTH,0.30,2.511,6.299,17.74,17.74,315.00,90.00,N
,iz-CORE_MID_ZN_5_WALL_SOUTH,INT_WALL,PERIMETER_MID_ZN_1,PERIMETER_MID_ZN_1,CORE_MID_ZN_5_WALL_SOUTH,0.30,2.511,6.299,111.82,111.82,0.00,90.00,N
,PERIMETER_MID_ZN_1_FLOOR,INT_SLAB_FLOOR,PERIMETER_MID_ZN_1,PERIMETER_MID_ZN_1,iz-PERIMETER_MID_ZN_1_FLOOR,0.30,1.887,3.839,207.34,207.34,180.00,180.00,
,PERIMETER_MID_ZN_1_CEILING,DROPCEILING,PERIMETER_MID_ZN_1,PERIMETER_MID_ZN_1,iz-PERIMETER_MID_ZN_1_CEILING,0.30,2.031,4.488,207.34,207.34,0.00,0.00,
,PERIMETER_MID_ZN_4_WALL_SOUTH,INT_WALL,PERIMETER_MID_ZN_4,PERIMETER_MID_ZN_4,iz-PERIMETER_MID_ZN_4_WALL_SOUTH,0.30,2.511,6.299,17.74,17.74,135.00,90.00,S
,iz-PERIMETER_MID_ZN_3_WALL_WEST,INT_WALL,PERIMETER_MID_ZN_4,PERIMETER_MID_ZN_4,PERIMETER_MID_ZN_3_WALL_WEST,0.30,2.511,6.299,17.74,17.74,45.00,90.00,E
,iz-CORE_MID_ZN_5_WALL_WEST,INT_WALL,PERIMETER_MID_ZN_4,PERIMETER_MID_ZN_4,CORE_MID_ZN_5_WALL_WEST,0.30,2.511,6.299,66.19,66.19,90.00,90.00,E
,PERIMETER_MID_ZN_4_FLOOR,INT_SLAB_FLOOR,PERIMETER_MID_ZN_4,PERIMETER_MID_ZN_4,iz-PERIMETER_MID_ZN_4_FLOOR,0.30,1.887,3.839,131.25,131.25,270.00,180.00,
,PERIMETER_MID_ZN_4_CEILING,DROPCEILING,PERIMETER_MID_ZN_4,PERIMETER_MID_ZN_4,iz-PERIMETER_MID_ZN_4_CEILING,0.30,2.031,4.488,131.25,131.25,90.00,0.00,
,CORE_BOTTOM_INTERNALMASS_1,INTERIORFURNISHINGS,CORE_BOTTOM,CORE_BOTTOM,CORE_BOTTOM_INTERNALMASS_1,0.30,,0.800,1967.08,,0.00,90.00,N
,CORE_MID_INTERNALMASS_1,INTERIORFURNISHINGS,CORE_MID,CORE_MID,CORE_MID_INTERNALMASS_1,0.30,,0.800,1967.08,,0.00,90.00,N
,CORE_TOP_INTERNALMASS_1,INTERIORFURNISHINGS,CORE_TOP,CORE_TOP,CORE_TOP_INTERNALMASS_1,0.30,,0.800,1967.08,,0.00,90.00,N
,PERIMETER_TOP_ZN_3_INTERNALMASS_1,INTERIORFURNISHINGS,PERIMETER_TOP_ZN_3,PERIMETER_TOP_ZN_3,PERIMETER_TOP_ZN_3_INTERNALMASS_1,0.30,,0.800,414.68,,0.00,90.00,N
,PERIMETER_TOP_ZN_2_INTERNALMASS_1,INTERIORFURNISHINGS,PERIMETER_TOP_ZN_2,PERIMETER_TOP_ZN_2,PERIMETER_TOP_ZN_2_INTERNALMASS_1,0.30,,0.800,262.51,,0.00,90.00,N
,PERIMETER_TOP_ZN_1_INTERNALMASS_1,INTERIORFURNISHINGS,PERIMETER_TOP_ZN_1,PERIMETER_TOP_ZN_1,PERIMETER_TOP_ZN_1_INTERNALMASS_1,0.30,,0.800,414.67,,0.00,90.00,N
,PERIMETER_TOP_ZN_4_INTERNALMASS_1,INTERIORFURNISHINGS,PERIMETER_TOP_ZN_4,PERIMETER_TOP_ZN_4,PERIMETER_TOP_ZN_4_INTERNALMASS_1,0.30,,0.800,262.51,,0.00,90.00,N
,PERIMETER_BOT_ZN_3_INTERNALMASS_1,INTERIORFURNISHINGS,PERIMETER_BOT_ZN_3,PERIMETER_BOT_ZN_3,PERIMETER_BOT_ZN_3_INTERNALMASS_1,0.30,,0.800,414.68,,0.00,90.00,N
,PERIMETER_BOT_ZN_2_INTERNALMASS_1,INTERIORFURNISHINGS,PERIMETER_BOT_ZN_2,PERIMETER_BOT_ZN_2,PERIMETER_BOT_ZN_2_INTERNALMASS_1,0.30,,0.800,262.51,,0.00,90.00,N
,PERIMETER_BOT_ZN_1_INTERNALMASS_1,INTERIORFURNISHINGS,PERIMETER_BOT_ZN_1,PERIMETER_BOT_ZN_1,PERIMETER_BOT_ZN_1_INTERNALMASS_1,0.30,,0.800,414.67,,0.00,90.00,N
,PERIMETER_BOT_ZN_4_INTERNALMASS_1,INTERIORFURNISHINGS,PERIMETER_BOT_ZN_4,PERIMETER_BOT_ZN_4,PERIMETER_BOT_ZN_4_INTERNALMASS_1,0.30,,0.800,262.51,,0.00,90.00,N
,PERIMETER_MID_ZN_3_INTERNALMASS_1,INTERIORFURNISHINGS,PERIMETER_MID_ZN_3,PERIMETER_MID_ZN_3,PERIMETER_MID_ZN_3_INTERNALMASS_1,0.30,,0.800,414.68,,0.00,90.00,N
,PERIMETER_MID_ZN_2_INTERNALMASS_1,INTERIORFURNISHINGS,PERIMETER_MID_ZN_2,PERIMETER_MID_ZN_2,PERIMETER_MID_ZN_2_INTERNALMASS_1,0.30,,0.800,262.51,,0.00,90.00,N
,PERIMETER_MID_ZN_1_INTERNALMASS_1,INTERIORFURNISHINGS,PERIMETER_MID_ZN_1,PERIMETER_MID_ZN_1,PERIMETER_MID_ZN_1_INTERNALMASS_1,0.30,,0.800,414.67,,0.00,90.00,N
,PERIMETER_MID_ZN_4_INTERNALMASS_1,INTERIORFURNISHINGS,PERIMETER_MID_ZN_4,PERIMETER_MID_ZN_4,PERIMETER_MID_ZN_4_INTERNALMASS_1,0.30,,0.800,262.51,,0.00,90.00,N


Exterior Fenestration

,,Construction,Zone,Space,Frame and Divider,Glass Area [m2],Frame Area [m2],Divider Area [m2],Area of One Opening [m2],Area of Multiplied Openings [m2],Glass U-Factor [W/m2-K],Glass SHGC,Glass Visible Transmittance,Frame Conductance [W/m2-K],Divider Conductance [W/m2-K],NFRC Product Type,Assembly U-Factor [W/m2-K],Assembly SHGC,Assembly Visible Transmittance,Shade Control,Parent Surface,Azimuth [deg],Tilt [deg],Cardinal Direction
,PERIMETER_TOP_ZN_3_WALL_NORTH_WINDOW,WINDOW_U_0.36_SHGC_0.38,PERIMETER_TOP_ZN_3,PERIMETER_TOP_ZN_3,,65.26,0.00,0.00,65.26,65.26,2.045,0.381,0.420,,,,,,,No,PERIMETER_TOP_ZN_3_WALL_NORTH,0.00,90.00,N
,PERIMETER_TOP_ZN_2_WALL_EAST_WINDOW,WINDOW_U_0.36_SHGC_0.38,PERIMETER_TOP_ZN_2,PERIMETER_TOP_ZN_2,,43.51,0.00,0.00,43.51,43.51,2.045,0.381,0.420,,,,,,,No,PERIMETER_TOP_ZN_2_WALL_EAST,90.00,90.00,E
,PERIMETER_TOP_ZN_1_WALL_SOUTH_WINDOW,WINDOW_U_0.36_SHGC_0.38,PERIMETER_TOP_ZN_1,PERIMETER_TOP_ZN_1,,65.26,0.00,0.00,65.26,65.26,2.045,0.381,0.420,,,,,,,No,PERIMETER_TOP_ZN_1_WALL_SOUTH,180.00,90.00,S
,PERIMETER_TOP_ZN_4_WALL_WEST_WINDOW,WINDOW_U_0.36_SHGC_0.38,PERIMETER_TOP_ZN_4,PERIMETER_TOP_ZN_4,,43.51,0.00,0.00,43.51,43.51,2.045,0.381,0.420,,,,,,,No,PERIMETER_TOP_ZN_4_WALL_WEST,270.00,90.00,W
,PERIMETER_BOT_ZN_3_WALL_NORTH_WINDOW1,WINDOW_U_0.36_SHGC_0.38,PERIMETER_BOT_ZN_3,PERIMETER_BOT_ZN_3,,21.75,0.00,0.00,21.75,21.75,2.045,0.381,0.420,,,,,,,No,PERIMETER_BOT_ZN_3_WALL_NORTH,0.00,90.00,N
,PERIMETER_BOT_ZN_3_WALL_NORTH_WINDOW2,WINDOW_U_0.36_SHGC_0.38,PERIMETER_BOT_ZN_3,PERIMETER_BOT_ZN_3,,21.75,0.00,0.00,21.75,21.75,2.045,0.381,0.420,,,,,,,No,PERIMETER_BOT_ZN_3_WALL_NORTH,0.00,90.00,N
,PERIMETER_BOT_ZN_3_WALL_NORTH_WINDOW3,WINDOW_U_0.36_SHGC_0.38,PERIMETER_BOT_ZN_3,PERIMETER_BOT_ZN_3,,21.75,0.00,0.00,21.75,21.75,2.045,0.381,0.420,,,,,,,No,PERIMETER_BOT_ZN_3_WALL_NORTH,0.00,90.00,N
,PERIMETER_BOT_ZN_2_WALL_EAST_WINDOW1,WINDOW_U_0.36_SHGC_0.38,PERIMETER_BOT_ZN_2,PERIMETER_BOT_ZN_2,,41.85,0.00,0.00,41.85,41.85,2.045,0.381,0.420,,,,,,,No,PERIMETER_BOT_ZN_2_WALL_EAST,90.00,90.00,E
,PERIMETER_BOT_ZN_2_WALL_EAST_WINDOW2,WINDOW_U_0.36_SHGC_0.38,PERIMETER_BOT_ZN_2,PERIMETER_BOT_ZN_2,,1.65,0.00,0.00,1.65,1.65,2.045,0.381,0.420,,,,,,,No,PERIMETER_BOT_ZN_2_WALL_EAST,90.00,90.00,E
,PERIMETER_BOT_ZN_1_WALL_SOUTH_WINDOW1,WINDOW_U_0.36_SHGC_0.38,PERIMETER_BOT_ZN_1,PERIMETER_BOT_ZN_1,,21.75,0.00,0.00,21.75,21.75,2.045,0.381,0.420,,,,,,,No,PERIMETER_BOT_ZN_1_WALL_SOUTH,180.00,90.00,S
,PERIMETER_BOT_ZN_1_WALL_SOUTH_WINDOW2,WINDOW_U_0.36_SHGC_0.38,PERIMETER_BOT_ZN_1,PERIMETER_BOT_ZN_1,,21.75,0.00,0.00,21.75,21.75,2.045,0.381,0.420,,,,,,,No,PERIMETER_BOT_ZN_1_WALL_SOUTH,180.00,90.00,S
,PERIMETER_BOT_ZN_1_WALL_SOUTH_WINDOW3,WINDOW_U_0.36_SHGC_0.38,PERIMETER_BOT_ZN_1,PERIMETER_BOT_ZN_1,,21.75,0.00,0.00,21.75,21.75,2.045,0.381,0.420,,,,,,,No,PERIMETER_BOT_ZN_1_WALL_SOUTH,180.00,90.00,S
,PERIMETER_BOT_ZN_4_WALL_WEST_WINDOW1,WINDOW_U_0.36_SHGC_0.38,PERIMETER_BOT_ZN_4,PERIMETER_BOT_ZN_4,,41.85,0.00,0.00,41.85,41.85,2.045,0.381,0.420,,,,,,,No,PERIMETER_BOT_ZN_4_WALL_WEST,270.00,90.00,W
,PERIMETER_BOT_ZN_4_WALL_WEST_WINDOW2,WINDOW_U_0.36_SHGC_0.38,PERIMETER_BOT_ZN_4,PERIMETER_BOT_ZN_4,,1.65,0.00,0.00,1.65,1.65,2.045,0.381,0.420,,,,,,,No,PERIMETER_BOT_ZN_4_WALL_WEST,270.00,90.00,W
,PERIMETER_MID_ZN_3_WALL_NORTH_WINDOW,WINDOW_U_0.36_SHGC_0.38,PERIMETER_MID_ZN_3,PERIMETER_MID_ZN_3,,65.26,0.00,0.00,65.26,65.26,2.045,0.381,0.420,,,,,,,No,PERIMETER_MID_ZN_3_WALL_NORTH,0.00,90.00,N
,PERIMETER_MID_ZN_2_WALL_EAST_WINDOW,WINDOW_U_0.36_SHGC_0.38,PERIMETER_MID_ZN_2,PERIMETER_MID_ZN_2,,43.51,0.00,0.00,43.51,43.51,2.045,0.381,0.420,,,,,,,No,PERIMETER_MID_ZN_2_WALL_EAST,90.00,90.00,E
,PERIMETER_MID_ZN_1_WALL_SOUTH_WINDOW,WINDOW_U_0.36_SHGC_0.38,PERIMETER_MID_ZN_1,PERIMETER_MID_ZN_1,,65.26,0.00,0.00,65.26,65.26,2.045,0.381,0.420,,,,,,,No,PERIMETER_MID_ZN_1_WALL_SOUTH,180.00,90.00,S
,PERIMETER_MID_ZN_4_WALL_WEST_WINDOW,WINDOW_U_0.36_SHGC_0.38,PERIMETER_MID_ZN_4,PERIMETER_MID_ZN_4,,43.51,0.00,0.00,43.51,43.51,2.045,0.381,0.420,,,,,,,No,PERIMETER_MID_ZN_4_WALL_WEST,270.00,90.00,W
,Total or Average,,,,,,,,,652.62,2.045,0.381,0.420,,,,,,,,,,,
,North Total or Average,,,,,,,,,195.79,2.045,0.381,0.420,,,,,,,,,,,
,Non-North Total or Average,,,,,,,,,456.84,2.045,0.381,0.420,,,,,,,,,,,


Exterior Fenestration Shaded State

,,Frame and Divider,Glass U-Factor [W/m2-K],Glass SHGC,Glass Visible Transmittance,NFRC Product Type,Assembly U-Factor [W/m2-K],Assembly SHGC,Assembly Visible Transmittance
,None,,,,,,,,


Interior Fenestration

,,Construction,Zone,Space,Area of One Opening [m2],Area of Openings [m2],Glass U-Factor [W/m2-K],Glass SHGC,Glass Visible Transmittance,Parent Surface
,Total or Average,,,,,0.00,-,-,-,


Exterior Door

,,Construction,Zone,Space,U-Factor with Film [W/m2-K],U-Factor no Film [W/m2-K],Gross Area [m2],Parent Surface
,PERIMETER_BOT_ZN_3_WALL_NORTH_DOOR1,SWINGING DOOR_CON,PERIMETER_BOT_ZN_3,PERIMETER_BOT_ZN_3,1.598,2.101,1.95,PERIMETER_BOT_ZN_3_WALL_NORTH
,PERIMETER_BOT_ZN_3_WALL_NORTH_DOOR2,SWINGING DOOR_CON,PERIMETER_BOT_ZN_3,PERIMETER_BOT_ZN_3,1.598,2.101,1.95,PERIMETER_BOT_ZN_3_WALL_NORTH
,PERIMETER_BOT_ZN_2_WALL_EAST_DOOR,SWINGING DOOR_CON,PERIMETER_BOT_ZN_2,PERIMETER_BOT_ZN_2,1.598,2.101,1.95,PERIMETER_BOT_ZN_2_WALL_EAST
,PERIMETER_BOT_ZN_1_WALL_SOUTH_DOOR1,SWINGING DOOR_CON,PERIMETER_BOT_ZN_1,PERIMETER_BOT_ZN_1,1.598,2.101,1.95,PERIMETER_BOT_ZN_1_WALL_SOUTH
,PERIMETER_BOT_ZN_1_WALL_SOUTH_DOOR2,SWINGING DOOR_CON,PERIMETER_BOT_ZN_1,PERIMETER_BOT_ZN_1,1.598,2.101,1.95,PERIMETER_BOT_ZN_1_WALL_SOUTH
,PERIMETER_BOT_ZN_4_WALL_WEST_DOOR,SWINGING DOOR_CON,PERIMETER_BOT_ZN_4,PERIMETER_BOT_ZN_4,1.598,2.101,1.95,PERIMETER_BOT_ZN_4_WALL_WEST


Interior Door

,,Construction,Zone,Space,U-Factor with Film [W/m2-K],U-Factor no Film [W/m2-K],Gross Area [m2],Parent Surface
,None,,,,,,,


Opaque Construction Layers

,,Layer 1,Layer 2,Layer 3,Layer 4,Layer 5,Layer 6,Layer 7,Layer 8,Layer 9,Layer 10
,SWINGING DOOR_CON,OPAQUE DOOR PANEL_CON,,,,,,,,,
,INTERIORFURNISHINGS,Std Wood 6inch,,,,,,,,,
,DROPCEILING,AC02 Acoustic Ceiling,,,,,,,,,
,INT_WALL,G01 13mm gypsum board,G01 13mm gypsum board,,,,,,,,
,INT_SLAB_FLOOR,100mm Normalweight concrete floor,CP02 CARPET PAD,,,,,,,,
,INT_SLAB_CEILING,CP02 CARPET PAD,100mm Normalweight concrete floor,,,,,,,,
,NONRES_ROOF,F13 Built-up roofing,NONRES_ROOF_INSULATION,F08 Metal surface,,,,,,,
,NONRES_EXT_WALL,F07 25mm stucco,G01 16mm gypsum board,NONRES_EXTERIOR_WALL_INSULATION,G01 16mm gypsum board,,,,,,
,PERIMETER_BOT_ZN_1_FLOOR_FFACTOR,~FC_Insulation_1,~FC_Concrete,,,,,,,,
,PERIMETER_BOT_ZN_2_FLOOR_FFACTOR,~FC_Insulation_2,~FC_Concrete,,,,,,,,
,PERIMETER_BOT_ZN_3_FLOOR_FFACTOR,~FC_Insulation_3,~FC_Concrete,,,,,,,,
,PERIMETER_BOT_ZN_4_FLOOR_FFACTOR,~FC_Insulation_4,~FC_Concrete,,,,,,,,
,CORE_BOT_ZN_5_FLOOR_FFACTOR,~FC_Insulation_5,~FC_Concrete,,,,,,,,


----------------------------------------------------------------------------------------------------
REPORT:,Shading Summary
FOR:,Entire Facility
Sunlit Fraction

,,March 21 9am,March 21 noon,March 21 3pm,June 21 9am,June 21 noon,June 21 3pm,December 21 9am,December 21 noon,December 21 3pm
,PERIMETER_TOP_ZN_3_WALL_NORTH_WINDOW,,,,,,,0.00,0.00,0.00
,PERIMETER_TOP_ZN_2_WALL_EAST_WINDOW,,,,,,,1.00,1.00,0.00
,PERIMETER_TOP_ZN_1_WALL_SOUTH_WINDOW,,,,,,,1.00,1.00,1.00
,PERIMETER_TOP_ZN_4_WALL_WEST_WINDOW,,,,,,,0.00,0.00,1.00
,PERIMETER_BOT_ZN_3_WALL_NORTH_WINDOW1,,,,,,,0.00,0.00,0.00
,PERIMETER_BOT_ZN_3_WALL_NORTH_WINDOW2,,,,,,,0.00,0.00,0.00
,PERIMETER_BOT_ZN_3_WALL_NORTH_WINDOW3,,,,,,,0.00,0.00,0.00
,PERIMETER_BOT_ZN_2_WALL_EAST_WINDOW1,,,,,,,1.00,1.00,0.00
,PERIMETER_BOT_ZN_2_WALL_EAST_WINDOW2,,,,,,,1.00,1.00,0.00
,PERIMETER_BOT_ZN_1_WALL_SOUTH_WINDOW1,,,,,,,1.00,1.00,1.00
,PERIMETER_BOT_ZN_1_WALL_SOUTH_WINDOW2,,,,,,,1.00,1.00,1.00
,PERIMETER_BOT_ZN_1_WALL_SOUTH_WINDOW3,,,,,,,1.00,1.00,1.00
,PERIMETER_BOT_ZN_4_WALL_WEST_WINDOW1,,,,,,,0.00,0.00,1.00
,PERIMETER_BOT_ZN_4_WALL_WEST_WINDOW2,,,,,,,0.00,0.00,1.00
,PERIMETER_MID_ZN_3_WALL_NORTH_WINDOW,,,,,,,0.00,0.00,0.00
,PERIMETER_MID_ZN_2_WALL_EAST_WINDOW,,,,,,,1.00,1.00,0.00
,PERIMETER_MID_ZN_1_WALL_SOUTH_WINDOW,,,,,,,1.00,1.00,1.00
,PERIMETER_MID_ZN_4_WALL_WEST_WINDOW,,,,,,,0.00,0.00,1.00


Window Control

,,Name,Type,Shaded Construction,Control,Glare Control
,None,,,,,


----------------------------------------------------------------------------------------------------
REPORT:,Lighting Summary
FOR:,Entire Facility
Interior Lighting

,,Zone Name,Space Name,Space Type,Lighting Power Density [W/m2],Space Area [m2],Total Power [W],End Use Subcategory,Schedule Name,Scheduled Hours/Week [hr],Hours/Week > 1% [hr],Full Load Hours/Week [hr],Return Air Fraction,Conditioned (Y/N),Consumption [GJ]
,CORE_BOTTOM_LIGHTS,CORE_BOTTOM,CORE_BOTTOM,GENERAL,6.8889,983.54,6775.49,LightsWired,BLDG_LIGHT_SCH,49.01,167.98,46.04,0.0000,Y,14.76
,CORE_MID_LIGHTS,CORE_MID,CORE_MID,GENERAL,6.8889,983.54,6775.49,LightsWired,BLDG_LIGHT_SCH,49.01,167.98,46.04,0.0000,Y,14.76
,CORE_TOP_LIGHTS,CORE_TOP,CORE_TOP,GENERAL,6.8889,983.54,6775.49,LightsWired,BLDG_LIGHT_SCH,49.01,167.98,46.04,0.0000,Y,14.76
,PERIMETER_TOP_ZN_3_LIGHTS,PERIMETER_TOP_ZN_3,PERIMETER_TOP_ZN_3,GENERAL,6.8889,207.34,1428.33,LightsWired,BLDG_LIGHT_SCH,49.01,167.98,25.69,0.0000,Y,1.74
,PERIMETER_TOP_ZN_2_LIGHTS,PERIMETER_TOP_ZN_2,PERIMETER_TOP_ZN_2,GENERAL,6.8889,131.26,904.25,LightsWired,BLDG_LIGHT_SCH,49.01,167.98,25.64,0.0000,Y,1.10
,PERIMETER_TOP_ZN_1_LIGHTS,PERIMETER_TOP_ZN_1,PERIMETER_TOP_ZN_1,GENERAL,6.8889,207.34,1428.33,LightsWired,BLDG_LIGHT_SCH,49.01,167.98,25.72,0.0000,Y,1.74
,PERIMETER_TOP_ZN_4_LIGHTS,PERIMETER_TOP_ZN_4,PERIMETER_TOP_ZN_4,GENERAL,6.8889,131.25,904.19,LightsWired,BLDG_LIGHT_SCH,49.01,167.98,25.82,0.0000,Y,1.10
,PERIMETER_BOT_ZN_3_LIGHTS,PERIMETER_BOT_ZN_3,PERIMETER_BOT_ZN_3,GENERAL,6.8889,207.34,1428.33,LightsWired,BLDG_LIGHT_SCH,49.01,167.98,25.67,0.0000,Y,1.73
,PERIMETER_BOT_ZN_2_LIGHTS,PERIMETER_BOT_ZN_2,PERIMETER_BOT_ZN_2,GENERAL,6.8889,131.26,904.25,LightsWired,BLDG_LIGHT_SCH,49.01,167.98,25.63,0.0000,Y,1.10
,PERIMETER_BOT_ZN_1_LIGHTS,PERIMETER_BOT_ZN_1,PERIMETER_BOT_ZN_1,GENERAL,6.8889,207.34,1428.33,LightsWired,BLDG_LIGHT_SCH,49.01,167.98,25.70,0.0000,Y,1.74
,PERIMETER_BOT_ZN_4_LIGHTS,PERIMETER_BOT_ZN_4,PERIMETER_BOT_ZN_4,GENERAL,6.8889,131.25,904.19,LightsWired,BLDG_LIGHT_SCH,49.01,167.98,25.79,0.0000,Y,1.10
,PERIMETER_MID_ZN_3_LIGHTS,PERIMETER_MID_ZN_3,PERIMETER_MID_ZN_3,GENERAL,6.8889,207.34,1428.33,LightsWired,BLDG_LIGHT_SCH,49.01,167.98,25.69,0.0000,Y,1.74
,PERIMETER_MID_ZN_2_LIGHTS,PERIMETER_MID_ZN_2,PERIMETER_MID_ZN_2,GENERAL,6.8889,131.26,904.25,LightsWired,BLDG_LIGHT_SCH,49.01,167.98,25.64,0.0000,Y,1.10
,PERIMETER_MID_ZN_1_LIGHTS,PERIMETER_MID_ZN_1,PERIMETER_MID_ZN_1,GENERAL,6.8889,207.34,1428.33,LightsWired,BLDG_LIGHT_SCH,49.01,167.98,25.72,0.0000,Y,1.74
,PERIMETER_MID_ZN_4_LIGHTS,PERIMETER_MID_ZN_4,PERIMETER_MID_ZN_4,GENERAL,6.8889,131.25,904.19,LightsWired,BLDG_LIGHT_SCH,49.01,167.98,25.82,0.0000,Y,1.10
,Interior Lighting Total,,,,6.8889,4982.19,34321.79,,,,,,,,61.30


Daylighting

,,Zone,Control Name,Daylighting Method,Control Type,Fraction Controlled,Lighting Installed in Zone [W],Lighting Controlled [W]
,PERIMETER_BOT_ZN_1_DAYLREFPT1,PERIMETER_BOT_ZN_1,PERIMETER_BOT_ZN_1_DAYLCTRL,SplitFlux,Continuous/Off,0.38,1428.33,547.77
,PERIMETER_BOT_ZN_1_DAYLREFPT2,PERIMETER_BOT_ZN_1,PERIMETER_BOT_ZN_1_DAYLCTRL,SplitFlux,Continuous/Off,0.14,1428.33,199.25
,PERIMETER_BOT_ZN_2_DAYLREFPT1,PERIMETER_BOT_ZN_2,PERIMETER_BOT_ZN_2_DAYLCTRL,SplitFlux,Continuous/Off,0.38,904.25,346.78
,PERIMETER_BOT_ZN_2_DAYLREFPT2,PERIMETER_BOT_ZN_2,PERIMETER_BOT_ZN_2_DAYLCTRL,SplitFlux,Continuous/Off,0.14,904.25,126.14
,PERIMETER_BOT_ZN_3_DAYLREFPT1,PERIMETER_BOT_ZN_3,PERIMETER_BOT_ZN_3_DAYLCTRL,SplitFlux,Continuous/Off,0.38,1428.33,547.77
,PERIMETER_BOT_ZN_3_DAYLREFPT2,PERIMETER_BOT_ZN_3,PERIMETER_BOT_ZN_3_DAYLCTRL,SplitFlux,Continuous/Off,0.14,1428.33,199.25
,PERIMETER_BOT_ZN_4_DAYLREFPT1,PERIMETER_BOT_ZN_4,PERIMETER_BOT_ZN_4_DAYLCTRL,SplitFlux,Continuous/Off,0.38,904.19,346.76
,PERIMETER_BOT_ZN_4_DAYLREFPT2,PERIMETER_BOT_ZN_4,PERIMETER_BOT_ZN_4_DAYLCTRL,SplitFlux,Continuous/Off,0.14,904.19,126.13
,PERIMETER_MID_ZN_1_DAYLREFPT1,PERIMETER_MID_ZN_1,PERIMETER_MID_ZN_1_DAYLCTRL,SplitFlux,Continuous/Off,0.38,1428.33,547.77
,PERIMETER_MID_ZN_1_DAYLREFPT2,PERIMETER_MID_ZN_1,PERIMETER_MID_ZN_1_DAYLCTRL,SplitFlux,Continuous/Off,0.14,1428.33,199.25
,PERIMETER_MID_ZN_2_DAYLREFPT1,PERIMETER_MID_ZN_2,PERIMETER_MID_ZN_2_DAYLCTRL,SplitFlux,Continuous/Off,0.38,904.25,346.78
,PERIMETER_MID_ZN_2_DAYLREFPT2,PERIMETER_MID_ZN_2,PERIMETER_MID_ZN_2_DAYLCTRL,SplitFlux,Continuous/Off,0.14,904.25,126.14
,PERIMETER_MID_ZN_3_DAYLREFPT1,PERIMETER_MID_ZN_3,PERIMETER_MID_ZN_3_DAYLCTRL,SplitFlux,Continuous/Off,0.38,1428.33,547.77
,PERIMETER_MID_ZN_3_DAYLREFPT2,PERIMETER_MID_ZN_3,PERIMETER_MID_ZN_3_DAYLCTRL,SplitFlux,Continuous/Off,0.14,1428.33,199.25
,PERIMETER_MID_ZN_4_DAYLREFPT1,PERIMETER_MID_ZN_4,PERIMETER_MID_ZN_4_DAYLCTRL,SplitFlux,Continuous/Off,0.38,904.19,346.76
,PERIMETER_MID_ZN_4_DAYLREFPT2,PERIMETER_MID_ZN_4,PERIMETER_MID_ZN_4_DAYLCTRL,SplitFlux,Continuous/Off,0.14,904.19,126.13
,PERIMETER_TOP_ZN_1_DAYLREFPT1,PERIMETER_TOP_ZN_1,PERIMETER_TOP_ZN_1_DAYLCTRL,SplitFlux,Continuous/Off,0.38,1428.33,547.77
,PERIMETER_TOP_ZN_1_DAYLREFPT2,PERIMETER_TOP_ZN_1,PERIMETER_TOP_ZN_1_DAYLCTRL,SplitFlux,Continuous/Off,0.14,1428.33,199.25
,PERIMETER_TOP_ZN_2_DAYLREFPT1,PERIMETER_TOP_ZN_2,PERIMETER_TOP_ZN_2_DAYLCTRL,SplitFlux,Continuous/Off,0.38,904.25,346.78
,PERIMETER_TOP_ZN_2_DAYLREFPT2,PERIMETER_TOP_ZN_2,PERIMETER_TOP_ZN_2_DAYLCTRL,SplitFlux,Continuous/Off,0.14,904.25,126.14
,PERIMETER_TOP_ZN_3_DAYLREFPT1,PERIMETER_TOP_ZN_3,PERIMETER_TOP_ZN_3_DAYLCTRL,SplitFlux,Continuous/Off,0.38,1428.33,547.77
,PERIMETER_TOP_ZN_3_DAYLREFPT2,PERIMETER_TOP_ZN_3,PERIMETER_TOP_ZN_3_DAYLCTRL,SplitFlux,Continuous/Off,0.14,1428.33,199.25
,PERIMETER_TOP_ZN_4_DAYLREFPT1,PERIMETER_TOP_ZN_4,PERIMETER_TOP_ZN_4_DAYLCTRL,SplitFlux,Continuous/Off,0.38,904.19,346.76
,PERIMETER_TOP_ZN_4_DAYLREFPT2,PERIMETER_TOP_ZN_4,PERIMETER_TOP_ZN_4_DAYLCTRL,SplitFlux,Continuous/Off,0.14,904.19,126.13


Exterior Lighting

,,Total Watts,Astronomical Clock/Schedule,Schedule Name,Scheduled Hours/Week [hr],Hours/Week > 1% [hr],Full Load Hours/Week [hr],Consumption [GJ]
,EXTERIOR_LIGHTS_A,519.20,AstronomicalClock,-,,41.54,41.54,1.02
,EXTERIOR_LIGHTS_B,375.70,AstronomicalClock,-,,83.54,62.54,1.11
,EXTERIOR_LIGHTS_C,4341.60,AstronomicalClock,-,,83.54,46.20,9.49
,Exterior Lighting Total,5236.50,,,,,,11.62


----------------------------------------------------------------------------------------------------
REPORT:,Equipment Summary
FOR:,Entire Facility
Central Plant

,,Type,Reference Capacity [W],Reference Efficiency [W/W],Rated Capacity [W],Rated Efficiency [W/W],IPLV in SI Units [W/W],IPLV in IP Units [Btu/W-h]
,None,,,,,,,


Cooling Coils

,,Type,Design Coil Load [W],Nominal Total Capacity [W],Nominal Sensible Capacity [W],Nominal Latent Capacity [W],Nominal Sensible Heat Ratio,Nominal Efficiency [W/W],Nominal Coil UA Value [W/C],Nominal Coil Surface Area [m2]
,PACU_VAV_BOT_COOLC DXCOIL,Coil:Cooling:DX:TwoSpeed,,97897.47,83652.48,14245.00,0.85,3.40,,
,PACU_VAV_MID_COOLC DXCOIL,Coil:Cooling:DX:TwoSpeed,,75800.81,64251.35,11549.46,0.85,3.40,,
,PACU_VAV_TOP_COOLC DXCOIL,Coil:Cooling:DX:TwoSpeed,,84984.89,72734.89,12249.99,0.86,3.40,,
Nominal values are gross at rated conditions, i.e., the supply air fan heat and electric power NOT accounted for.


DX Cooling Coil Standard Ratings 2017

,,Cooling Coil Type (1),Standard Rating Net Cooling Capacity [W][2],Standard Rating Net COP [W/W][2],EER [Btu/W-h][2],SEER User [Btu/W-h][2,3],SEER Standard [Btu/W-h][2,3],IEER [Btu/W-h][2]
,PACU_VAV_BOT_COOLC DXCOIL,Coil:Cooling:DX:TwoSpeed,96262.6,2.80,9.56,N/A,N/A,11.0
,PACU_VAV_MID_COOLC DXCOIL,Coil:Cooling:DX:TwoSpeed,74584.4,2.81,9.58,N/A,N/A,11.1
,PACU_VAV_TOP_COOLC DXCOIL,Coil:Cooling:DX:TwoSpeed,83554.7,2.80,9.56,N/A,N/A,11.0
<p>ANSI/AHRI ratings account for supply air fan heat and electric power.</p>
<ol>
  <li>EnergyPlus object type.</li>
  <li>Capacity less than 65K Btu/h (19050 W) - calculated as per AHRI Standard 210/240-2017.<br>
      Capacity of 65K Btu/h (19050 W) to less than 135K Btu/h (39565 W) - calculated as per AHRI Standard 340/360-2007.<br>
      Capacity from 135K (39565 W) to 250K Btu/hr (73268 W) - calculated as per AHRI Standard 365-2009 - Ratings not yet supported in EnergyPlus.
  </li>
  <li>SEER (User) is calculated using user-input PLF curve and cooling coefficient of degradation.<br>
      SEER (Standard) is calculated using the default PLF curve and cooling coefficient of degradation from the appropriate AHRI standard.
  </li>
</ol>


DX Cooling Coil Standard Ratings 2023

,,Cooling Coil Type (1),Standard Rating Net Cooling Capacity [W][2],Standard Rating Net COP2 [W/W][2,4],EER2 [Btu/W-h][2,4],SEER2 User [Btu/W-h][2,3],SEER2 Standard [Btu/W-h][2,3],IEER [Btu/W-h][2]
,PACU_VAV_BOT_COOLC DXCOIL,Coil:Cooling:DX:TwoSpeed,95429.7,2.83,9.67,10.80,10.83,10.6
,PACU_VAV_MID_COOLC DXCOIL,Coil:Cooling:DX:TwoSpeed,73949.7,2.84,9.69,10.83,10.86,10.7
,PACU_VAV_TOP_COOLC DXCOIL,Coil:Cooling:DX:TwoSpeed,82829.3,2.83,9.66,10.80,10.83,10.6
<p>ANSI/AHRI ratings account for supply air fan heat and electric power.</p>
<ol>
  <li>EnergyPlus object type.</li>
  <li>
    Capacity less than 65K Btu/h (19050 W) - calculated as per AHRI Standard 210/240-2023.<br>
    Capacity of 65K Btu/h (19050 W) to less than 135K Btu/h (39565 W) - calculated as per AHRI Standard 340/360-2022.<br>
    Capacity from 135K (39565 W) to 250K Btu/hr (73268 W) - calculated as per AHRI Standard 365-2009 - Ratings not yet supported in EnergyPlus.
  </li>
  <li>
    SEER2 (User) is calculated using user-input PLF curve and cooling coefficient of degradation.<br>
    SEER2 (Standard) is calculated using the default PLF curve and cooling coefficient of degradation from the appropriate AHRI standard.
  </li>
  <li>Value for the Full Speed of the coil.</li>
</ol>


DX Cooling Coil ASHRAE 127 Standard Ratings Report

,,DX Cooling Coil Type,Rated Net Cooling Capacity Test A [W],Rated Electric Power Test A [W],Rated Net Cooling Capacity Test B [W],Rated Electric Power Test B [W],Rated Net Cooling Capacity Test C [W],Rated Electric Power Test C [W],Rated Net Cooling Capacity Test D [W],Rated Electric Power Test D [W]
,None,,,,,,,,,


Heat Pump ACCA Manual S Report

,,Heat Pump Name,Heat Pump Type,Heat Pump Coil Type,Sizing Method,Total Load,Sensible Load,Total Capacity,Sensible Capacity,Total Capacity Sizing Factor,Sensible Capacity Sizing Factor,Latent Capacity Sizing Factor
,None,,,,,,,,,,,


Water-to-Air Heat Pumps at Rated Temperatures Report

,,Coil Type,Rated Total Capacity [W],Rated Sensible Capacity [W],Rated Power[W],Rated COP [W/W],Rated Air Dry-bulb Temperature [C],Rated Air Wet-bulb Temperature [C],Rated Water Temperature [C],Design Day used for Sizing
,None,,,,,,,,,


DX Heating Coils

,,DX Heating Coil Type,Heating to Cooling Capacity Sizing Ratio,High Temperature Heating (net) Rating Capacity [W],Low Temperature Heating (net) Rating Capacity [W],HSPF [Btu/W-h],Region Number,Minimum Outdoor Dry-Bulb Temperature for Compressor Operation [C],Supplemental Heat High Shutoff Temperature [C],Airloop Name
,None,,,,,,,,,


DX Heating Coils AHRI 2023

,,DX Heating Coil Type,High Temperature Heating (net) Rating Capacity [W],Low Temperature Heating (net) Rating Capacity [W],HSPF2 [Btu/W-h],Region Number,Minimum Outdoor Dry-Bulb Temperature for Compressor Operation [C],Airloop Name
,None,,,,,,,


Heating Coils

,,Type,Design Coil Load [W],Nominal Total Capacity [W],Nominal Efficiency [W/W],Used as Supplementary Heat,Airloop Name,Plantloop Name
,CORE_BOTTOM VAV BOX REHEAT COIL,Coil:Heating:Electric,,17124.06,1.00,No,N/A,N/A
,CORE_MID VAV BOX REHEAT COIL,Coil:Heating:Electric,,18604.01,1.00,No,N/A,N/A
,CORE_TOP VAV BOX REHEAT COIL,Coil:Heating:Electric,,34209.87,1.00,No,N/A,N/A
,PERIMETER_TOP_ZN_3 VAV BOX REHEAT COIL,Coil:Heating:Electric,,14741.74,1.00,No,N/A,N/A
,PERIMETER_TOP_ZN_2 VAV BOX REHEAT COIL,Coil:Heating:Electric,,9701.69,1.00,No,N/A,N/A
,PERIMETER_TOP_ZN_1 VAV BOX REHEAT COIL,Coil:Heating:Electric,,14841.80,1.00,No,N/A,N/A
,PERIMETER_TOP_ZN_4 VAV BOX REHEAT COIL,Coil:Heating:Electric,,9701.51,1.00,No,N/A,N/A
,PERIMETER_BOT_ZN_3 VAV BOX REHEAT COIL,Coil:Heating:Electric,,11590.21,1.00,No,N/A,N/A
,PERIMETER_BOT_ZN_2 VAV BOX REHEAT COIL,Coil:Heating:Electric,,7710.50,1.00,No,N/A,N/A
,PERIMETER_BOT_ZN_1 VAV BOX REHEAT COIL,Coil:Heating:Electric,,11701.97,1.00,No,N/A,N/A
,PERIMETER_BOT_ZN_4 VAV BOX REHEAT COIL,Coil:Heating:Electric,,7710.42,1.00,No,N/A,N/A
,PERIMETER_MID_ZN_3 VAV BOX REHEAT COIL,Coil:Heating:Electric,,11623.12,1.00,No,N/A,N/A
,PERIMETER_MID_ZN_2 VAV BOX REHEAT COIL,Coil:Heating:Electric,,7720.99,1.00,No,N/A,N/A
,PERIMETER_MID_ZN_1 VAV BOX REHEAT COIL,Coil:Heating:Electric,,11716.28,1.00,No,N/A,N/A
,PERIMETER_MID_ZN_4 VAV BOX REHEAT COIL,Coil:Heating:Electric,,7720.91,1.00,No,N/A,N/A
,PACU_VAV_BOT_HEATC,Coil:Heating:Fuel,,26769.86,0.81,No,PACU_VAV_BOT,N/A
,PACU_VAV_MID_HEATC,Coil:Heating:Fuel,,29482.18,0.81,No,PACU_VAV_MID,N/A
,PACU_VAV_TOP_HEATC,Coil:Heating:Fuel,,28899.46,0.81,No,PACU_VAV_TOP,N/A


Fans

,,Type,Total Efficiency [W/W],Delta Pressure [pa],Max Air Flow Rate [m3/s],Rated Electricity Rate [W],Rated Power Per Max Air Flow Rate [W-s/m3],Motor Heat In Air Fraction,Fan Energy Index,End Use Subcategory,Design Day Name for Fan Sizing Peak,Date/Time for Fan Sizing Peak,Purpose,Is Autosized,Motor Efficiency,Motor Heat to Zone Fraction,Motor Loss Zone Name,Speed Control Method,Number of Speeds,Airloop Name
,PACU_VAV_BOT FAN,Fan:VariableVolume,0.60,1314.72,5.85,12722.36,2174.89,1.00,1.12,General,DENVER-AURORA-BUCKLEY.AFB_CO_USA ANN CLG .4% CONDNS DB=>MWB,7/21 16:30:00,N/A,Yes,0.93,0.00,N/A,Continuous,N/A,PACU_VAV_BOT
,PACU_VAV_MID FAN,Fan:VariableVolume,0.60,1314.72,4.47,9774.95,2189.01,1.00,1.13,General,DENVER-AURORA-BUCKLEY.AFB_CO_USA ANN CLG .4% CONDNS DB=>MWB,7/21 16:30:00,N/A,Yes,0.92,0.00,N/A,Continuous,N/A,PACU_VAV_MID
,PACU_VAV_TOP FAN,Fan:VariableVolume,0.60,1314.72,5.09,11075.27,2174.89,1.00,1.13,General,DENVER-AURORA-BUCKLEY.AFB_CO_USA ANN CLG .4% CONDNS DB=>MWB,7/21 16:30:00,N/A,Yes,0.93,0.00,N/A,Continuous,N/A,PACU_VAV_TOP


Fan Power Fractions

,,Type,Flow Frac 0.0,Flow Frac 0.1,Flow Frac 0.2,Flow Frac 0.3,Flow Frac 0.4,Flow Frac 0.5,Flow Frac 0.6,Flow Frac 0.7,Flow Frac 0.8,Flow Frac 0.9,Flow Frac 1.0
,PACU_VAV_BOT FAN,Fan:VariableVolume,0.00,0.07,0.07,0.09,0.12,0.18,0.27,0.39,0.55,0.75,1.00
,PACU_VAV_MID FAN,Fan:VariableVolume,0.00,0.07,0.07,0.09,0.12,0.18,0.27,0.39,0.55,0.75,1.00
,PACU_VAV_TOP FAN,Fan:VariableVolume,0.00,0.07,0.07,0.09,0.12,0.18,0.27,0.39,0.55,0.75,1.00
Values are the fraction of full-load power at each flow fraction including any part-load adjustments specified in the fan object.


Pumps

,,Type,Control,Head [pa],Water Flow [m3/s],Electricity Rate [W],Power Per Water Flow Rate [W-s/m3],Motor Efficiency [W/W],End Use Subcategory,Is Autosized,Plantloop Name,Plantloop Branch Name
,SHWSYS1 PUMP,Pump:ConstantSpeed,Intermittent,29891.00,0.000054,6.85,127739.32,0.30,General,Yes,SHWSYS1,SHWSYS1 SUPPLY INLET BRANCH


Service Water Heating

,,Type,Storage Volume [m3],Input [W],Thermal Efficiency [W/W],Recovery Efficiency [W/W],Energy Factor,Fuel Type,Set Point Schedule Name for Heater 1,Set Point at 11am First Wednesday for Heater 1 [C],Days with Same 11am Value for Heater 1,Month Assumed for Heater 1,Set Point Schedule Name for Heater 2,Set Point at 11am First Wednesday for Heater 2 [C],Days with Same 11am Value for Heater 2,Month Assumed for Heater 2,Peak Use Water Flow Rate [m3/s],Use Flow Rate Fraction Schedule Name,Ambient Temperature Zone Name
,SHWSYS1 WATER HEATER,WaterHeater:Mixed,0.38,29307.11,0.81,1.11,0.23,NaturalGas,SHWSYS1 WATER HEATER SETPOINT TEMPERATURE SCHEDULE,60.00,365,January,,,,,0.00,N/A,CORE_BOTTOM


Water Use

,,Zone,End-Use Subcategory,WaterUse Connection Name,Peak Water Flow Rate [m3/s],Peak Flow Multipler Schedule,Peak Flow Multipler Schedule Maximum,Target Temperature Schedule,Target Temperature  Schedule Maximum [C],Hot Supply Temperature Schedule,Hot Supply Temperature  Schedule Maximum [C],Cold Supply Temperature Schedule,Cold Supply Temperature  Schedule Minimum [C],Sensible Fraction Schedule,Sensible Fraction  Schedule Maximum,Latent Fraction Schedule,Latent Fraction  Schedule Maximum
,CORE_BOTTOM SUB CAT,CORE_BOTTOM,WaterUse,CORE_BOTTOM SUB CAT,0.00,BLDG_SWH_SCH,0.57,N/A,,CORE_BOTTOM SUB CATHOT SUPPLY TEMP SCHED,55.00,N/A,,CORE_BOTTOM SUB CAT SENSIBLE FRACT SCHED,0.20,CORE_BOTTOM SUB CAT LATENT FRACT SCHED,0.05
,CORE_MID SUB CAT,CORE_MID,WaterUse,CORE_MID SUB CAT,0.00,BLDG_SWH_SCH,0.57,N/A,,CORE_MID SUB CATHOT SUPPLY TEMP SCHED,55.00,N/A,,CORE_MID SUB CAT SENSIBLE FRACT SCHED,0.20,CORE_MID SUB CAT LATENT FRACT SCHED,0.05
,CORE_TOP SUB CAT,CORE_TOP,WaterUse,CORE_TOP SUB CAT,0.00,BLDG_SWH_SCH,0.57,N/A,,CORE_TOP SUB CATHOT SUPPLY TEMP SCHED,55.00,N/A,,CORE_TOP SUB CAT SENSIBLE FRACT SCHED,0.20,CORE_TOP SUB CAT LATENT FRACT SCHED,0.05
,PERIMETER_TOP_ZN_3 SUB CAT,PERIMETER_TOP_ZN_3,WaterUse,PERIMETER_TOP_ZN_3 SUB CAT,0.00,BLDG_SWH_SCH,0.57,N/A,,PERIMETER_TOP_ZN_3 SUB CATHOT SUPPLY TEMP SCHED,55.00,N/A,,PERIMETER_TOP_ZN_3 SUB CAT SENSIBLE FRACT SCHED,0.20,PERIMETER_TOP_ZN_3 SUB CAT LATENT FRACT SCHED,0.05
,PERIMETER_TOP_ZN_2 SUB CAT,PERIMETER_TOP_ZN_2,WaterUse,PERIMETER_TOP_ZN_2 SUB CAT,0.00,BLDG_SWH_SCH,0.57,N/A,,PERIMETER_TOP_ZN_2 SUB CATHOT SUPPLY TEMP SCHED,55.00,N/A,,PERIMETER_TOP_ZN_2 SUB CAT SENSIBLE FRACT SCHED,0.20,PERIMETER_TOP_ZN_2 SUB CAT LATENT FRACT SCHED,0.05
,PERIMETER_TOP_ZN_1 SUB CAT,PERIMETER_TOP_ZN_1,WaterUse,PERIMETER_TOP_ZN_1 SUB CAT,0.00,BLDG_SWH_SCH,0.57,N/A,,PERIMETER_TOP_ZN_1 SUB CATHOT SUPPLY TEMP SCHED,55.00,N/A,,PERIMETER_TOP_ZN_1 SUB CAT SENSIBLE FRACT SCHED,0.20,PERIMETER_TOP_ZN_1 SUB CAT LATENT FRACT SCHED,0.05
,PERIMETER_TOP_ZN_4 SUB CAT,PERIMETER_TOP_ZN_4,WaterUse,PERIMETER_TOP_ZN_4 SUB CAT,0.00,BLDG_SWH_SCH,0.57,N/A,,PERIMETER_TOP_ZN_4 SUB CATHOT SUPPLY TEMP SCHED,55.00,N/A,,PERIMETER_TOP_ZN_4 SUB CAT SENSIBLE FRACT SCHED,0.20,PERIMETER_TOP_ZN_4 SUB CAT LATENT FRACT SCHED,0.05
,PERIMETER_BOT_ZN_3 SUB CAT,PERIMETER_BOT_ZN_3,WaterUse,PERIMETER_BOT_ZN_3 SUB CAT,0.00,BLDG_SWH_SCH,0.57,N/A,,PERIMETER_BOT_ZN_3 SUB CATHOT SUPPLY TEMP SCHED,55.00,N/A,,PERIMETER_BOT_ZN_3 SUB CAT SENSIBLE FRACT SCHED,0.20,PERIMETER_BOT_ZN_3 SUB CAT LATENT FRACT SCHED,0.05
,PERIMETER_BOT_ZN_2 SUB CAT,PERIMETER_BOT_ZN_2,WaterUse,PERIMETER_BOT_ZN_2 SUB CAT,0.00,BLDG_SWH_SCH,0.57,N/A,,PERIMETER_BOT_ZN_2 SUB CATHOT SUPPLY TEMP SCHED,55.00,N/A,,PERIMETER_BOT_ZN_2 SUB CAT SENSIBLE FRACT SCHED,0.20,PERIMETER_BOT_ZN_2 SUB CAT LATENT FRACT SCHED,0.05
,PERIMETER_BOT_ZN_1 SUB CAT,PERIMETER_BOT_ZN_1,WaterUse,PERIMETER_BOT_ZN_1 SUB CAT,0.00,BLDG_SWH_SCH,0.57,N/A,,PERIMETER_BOT_ZN_1 SUB CATHOT SUPPLY TEMP SCHED,55.00,N/A,,PERIMETER_BOT_ZN_1 SUB CAT SENSIBLE FRACT SCHED,0.20,PERIMETER_BOT_ZN_1 SUB CAT LATENT FRACT SCHED,0.05
,PERIMETER_BOT_ZN_4 SUB CAT,PERIMETER_BOT_ZN_4,WaterUse,PERIMETER_BOT_ZN_4 SUB CAT,0.00,BLDG_SWH_SCH,0.57,N/A,,PERIMETER_BOT_ZN_4 SUB CATHOT SUPPLY TEMP SCHED,55.00,N/A,,PERIMETER_BOT_ZN_4 SUB CAT SENSIBLE FRACT SCHED,0.20,PERIMETER_BOT_ZN_4 SUB CAT LATENT FRACT SCHED,0.05
,PERIMETER_MID_ZN_3 SUB CAT,PERIMETER_MID_ZN_3,WaterUse,PERIMETER_MID_ZN_3 SUB CAT,0.00,BLDG_SWH_SCH,0.57,N/A,,PERIMETER_MID_ZN_3 SUB CATHOT SUPPLY TEMP SCHED,55.00,N/A,,PERIMETER_MID_ZN_3 SUB CAT SENSIBLE FRACT SCHED,0.20,PERIMETER_MID_ZN_3 SUB CAT LATENT FRACT SCHED,0.05
,PERIMETER_MID_ZN_2 SUB CAT,PERIMETER_MID_ZN_2,WaterUse,PERIMETER_MID_ZN_2 SUB CAT,0.00,BLDG_SWH_SCH,0.57,N/A,,PERIMETER_MID_ZN_2 SUB CATHOT SUPPLY TEMP SCHED,55.00,N/A,,PERIMETER_MID_ZN_2 SUB CAT SENSIBLE FRACT SCHED,0.20,PERIMETER_MID_ZN_2 SUB CAT LATENT FRACT SCHED,0.05
,PERIMETER_MID_ZN_1 SUB CAT,PERIMETER_MID_ZN_1,WaterUse,PERIMETER_MID_ZN_1 SUB CAT,0.00,BLDG_SWH_SCH,0.57,N/A,,PERIMETER_MID_ZN_1 SUB CATHOT SUPPLY TEMP SCHED,55.00,N/A,,PERIMETER_MID_ZN_1 SUB CAT SENSIBLE FRACT SCHED,0.20,PERIMETER_MID_ZN_1 SUB CAT LATENT FRACT SCHED,0.05
,PERIMETER_MID_ZN_4 SUB CAT,PERIMETER_MID_ZN_4,WaterUse,PERIMETER_MID_ZN_4 SUB CAT,0.00,BLDG_SWH_SCH,0.57,N/A,,PERIMETER_MID_ZN_4 SUB CATHOT SUPPLY TEMP SCHED,55.00,N/A,,PERIMETER_MID_ZN_4 SUB CAT SENSIBLE FRACT SCHED,0.20,PERIMETER_MID_ZN_4 SUB CAT LATENT FRACT SCHED,0.05


WaterUse Connections

,,Drain Water Heat Exchanger Type,Drain Water Heat Exchanger Destination,Drain Water Heat Exchanger U-Factor Times Area,Average Heat Recovery Effectiveness,Hot Water Supply Temperature Schedule,Hot Water Supply Temperature Schedule Maximum [C],Cold Water Supply Temperature Schedule,Cold Water Supply Temperature Schedule Minimum [C],PlantLoop Name,Branch Name,Supply Water Storage Tank Name,Reclamation Water Storage Tank Name
,CORE_BOTTOM SUB CAT,None,,,,N/A,,N/A,,SHWSYS1,SHWSYS1 DEMAND LOAD BRANCH 1,,
,CORE_MID SUB CAT,None,,,,N/A,,N/A,,SHWSYS1,SHWSYS1 DEMAND LOAD BRANCH 2,,
,CORE_TOP SUB CAT,None,,,,N/A,,N/A,,SHWSYS1,SHWSYS1 DEMAND LOAD BRANCH 3,,
,PERIMETER_TOP_ZN_3 SUB CAT,None,,,,N/A,,N/A,,SHWSYS1,SHWSYS1 DEMAND LOAD BRANCH 4,,
,PERIMETER_TOP_ZN_2 SUB CAT,None,,,,N/A,,N/A,,SHWSYS1,SHWSYS1 DEMAND LOAD BRANCH 5,,
,PERIMETER_TOP_ZN_1 SUB CAT,None,,,,N/A,,N/A,,SHWSYS1,SHWSYS1 DEMAND LOAD BRANCH 6,,
,PERIMETER_TOP_ZN_4 SUB CAT,None,,,,N/A,,N/A,,SHWSYS1,SHWSYS1 DEMAND LOAD BRANCH 7,,
,PERIMETER_BOT_ZN_3 SUB CAT,None,,,,N/A,,N/A,,SHWSYS1,SHWSYS1 DEMAND LOAD BRANCH 8,,
,PERIMETER_BOT_ZN_2 SUB CAT,None,,,,N/A,,N/A,,SHWSYS1,SHWSYS1 DEMAND LOAD BRANCH 9,,
,PERIMETER_BOT_ZN_1 SUB CAT,None,,,,N/A,,N/A,,SHWSYS1,SHWSYS1 DEMAND LOAD BRANCH 10,,
,PERIMETER_BOT_ZN_4 SUB CAT,None,,,,N/A,,N/A,,SHWSYS1,SHWSYS1 DEMAND LOAD BRANCH 11,,
,PERIMETER_MID_ZN_3 SUB CAT,None,,,,N/A,,N/A,,SHWSYS1,SHWSYS1 DEMAND LOAD BRANCH 12,,
,PERIMETER_MID_ZN_2 SUB CAT,None,,,,N/A,,N/A,,SHWSYS1,SHWSYS1 DEMAND LOAD BRANCH 13,,
,PERIMETER_MID_ZN_1 SUB CAT,None,,,,N/A,,N/A,,SHWSYS1,SHWSYS1 DEMAND LOAD BRANCH 14,,
,PERIMETER_MID_ZN_4 SUB CAT,None,,,,N/A,,N/A,,SHWSYS1,SHWSYS1 DEMAND LOAD BRANCH 15,,


Chillers

,,Type,Reference Capacity[W],TypeReference Efficiency [W/W],Rated Capacity [W],Rated Efficiency [W/W],IPLV in SI Units [W/W],IPLV in IP Units [Btu/W-h],Minimum Part Load Ratio,Fuel Type,Rated Entering Condenser Temperature [C],Rated Leaving Evaporator Temperature [C],Reference Entering Condenser Temperature [C],Reference Leaving Evaporator Temperature [C],Design Size Reference Chilled Water Flow Rate [kg/s],Design Size Reference Condenser Fluid Flow Rate [kg/s],Plantloop Name,Plantloop Branch Name,Condenser Loop Name,Condenser Loop Branch Name,Heat Recovery Plantloop Name,Heat Recovery Plantloop Branch Name,Recovery Relative Capacity Fraction
,None,,,,,,,,,,,,,,,,,,,,,,


Boilers

,,Type,Reference Capacity [W],Reference Efficiency[W/W],Rated Capacity [W],Rated Efficiency [W/W],Minimum Part Load Ratio,Fuel Type,Parasitic Electric Load [W],Plantloop Name,Plantloop Branch Name
,None,,,,,,,,,,


AWHPs

,,Type,Reference Capacity[W],Reference COP,Minimum Part Load Ratio,Design Size Reference Air Temperature [C],Entering Water Temperature [C],Leaving Water Temperature [C],Design Size Reference Air Flow Rate [kg/s],Design Size Reference Water Flow Rate [kg/s],Plantloop Name,Plantloop Branch Name
,None,,,,,,,,,,,


Cooling Towers and Fluid Coolers

,,Type,Fluid Type,Range [C],Approach [C],Design Fan Power [W],Design Inlet Air Wet-Bulb Temperature [C],Design Water Flow Rate [m3/s],Leaving Water Setpoint Temperature [C],Condenser Loop Name,Condenser Loop Branch Name
,None,,,,,,,,,,


PlantLoop or CondenserLoop

,,Type,Provides Heating,Provides Cooling,Maximum Loop Flow Rate [m3/s],Minimum Loop Flow Rate [m3/s],Design Supply Temperature [C],Design Return Temperature [C],Design Capacity [W]
,SHWSYS1,PlantLoop,Yes,No,0.000054,0.000000,60.00,55.00,1125.49


Air Terminals

,,Zone Name,Minimum Flow [m3/s],Minimum Outdoor Flow [m3/s],Supply Cooling Setpoint [C],Supply Heating Setpoint [C],Heating Capacity [W],Cooling Capacity [W],Type of Input Object,Heat/Reheat Coil Object Type,Chilled Water Coil Object Type,PIU Heating Control Type,Fan Object Type,Fan Name,PIU Fan Control Type,Primary Air Flow Rate [m3/s],Secondary Air Flow Rate [m3/s],Minimum Flow Schedule Name,Maximum Flow During Reheat [m3/s],Minimum Outdoor Flow Schedule Name
,CORE_BOTTOM VAV BOX,CORE_BOTTOM,0.75,0.42,12.80,40.00,8819.62,48984.79,AirTerminal:SingleDuct:VAV:Reheat,COIL:HEATING:ELECTRIC,n/a,,n/a,,,3.89,n/a,n/a,0.00,n/a
,CORE_MID VAV BOX,CORE_MID,0.75,0.42,12.80,40.00,13236.80,28182.45,AirTerminal:SingleDuct:VAV:Reheat,COIL:HEATING:ELECTRIC,n/a,,n/a,,,2.24,n/a,n/a,0.00,n/a
,CORE_TOP VAV BOX,CORE_TOP,0.75,0.42,12.80,40.00,24310.05,28716.46,AirTerminal:SingleDuct:VAV:Reheat,COIL:HEATING:ELECTRIC,n/a,,n/a,,,2.33,n/a,n/a,0.00,n/a
,PERIMETER_TOP_ZN_3 VAV BOX,PERIMETER_TOP_ZN_3,0.16,0.09,12.80,40.00,10467.04,9842.73,AirTerminal:SingleDuct:VAV:Reheat,COIL:HEATING:ELECTRIC,n/a,,n/a,,,0.80,n/a,n/a,0.00,n/a
,PERIMETER_TOP_ZN_2 VAV BOX,PERIMETER_TOP_ZN_2,0.10,0.06,12.80,40.00,6888.41,9579.35,AirTerminal:SingleDuct:VAV:Reheat,COIL:HEATING:ELECTRIC,n/a,,n/a,,,0.78,n/a,n/a,0.00,n/a
,PERIMETER_TOP_ZN_1 VAV BOX,PERIMETER_TOP_ZN_1,0.16,0.09,12.80,40.00,10538.04,8289.40,AirTerminal:SingleDuct:VAV:Reheat,COIL:HEATING:ELECTRIC,n/a,,n/a,,,0.67,n/a,n/a,0.00,n/a
,PERIMETER_TOP_ZN_4 VAV BOX,PERIMETER_TOP_ZN_4,0.10,0.06,12.80,40.00,6888.28,10896.26,AirTerminal:SingleDuct:VAV:Reheat,COIL:HEATING:ELECTRIC,n/a,,n/a,,,0.88,n/a,n/a,0.00,n/a
,PERIMETER_BOT_ZN_3 VAV BOX,PERIMETER_BOT_ZN_3,0.16,0.09,12.80,40.00,8225.00,8060.46,AirTerminal:SingleDuct:VAV:Reheat,COIL:HEATING:ELECTRIC,n/a,,n/a,,,0.65,n/a,n/a,0.00,n/a
,PERIMETER_BOT_ZN_2 VAV BOX,PERIMETER_BOT_ZN_2,0.10,0.06,12.80,40.00,5471.67,7922.44,AirTerminal:SingleDuct:VAV:Reheat,COIL:HEATING:ELECTRIC,n/a,,n/a,,,0.64,n/a,n/a,0.00,n/a
,PERIMETER_BOT_ZN_1 VAV BOX,PERIMETER_BOT_ZN_1,0.16,0.09,12.80,40.00,8304.27,6491.83,AirTerminal:SingleDuct:VAV:Reheat,COIL:HEATING:ELECTRIC,n/a,,n/a,,,0.53,n/a,n/a,0.00,n/a
,PERIMETER_BOT_ZN_4 VAV BOX,PERIMETER_BOT_ZN_4,0.10,0.06,12.80,40.00,5471.61,8329.67,AirTerminal:SingleDuct:VAV:Reheat,COIL:HEATING:ELECTRIC,n/a,,n/a,,,0.68,n/a,n/a,0.00,n/a
,PERIMETER_MID_ZN_3 VAV BOX,PERIMETER_MID_ZN_3,0.16,0.09,12.80,40.00,8251.70,8828.10,AirTerminal:SingleDuct:VAV:Reheat,COIL:HEATING:ELECTRIC,n/a,,n/a,,,0.72,n/a,n/a,0.00,n/a
,PERIMETER_MID_ZN_2 VAV BOX,PERIMETER_MID_ZN_2,0.10,0.06,12.80,40.00,5481.28,9669.28,AirTerminal:SingleDuct:VAV:Reheat,COIL:HEATING:ELECTRIC,n/a,,n/a,,,0.78,n/a,PERIMETER_MID_ZN_2_MDP_SCH,0.00,n/a
,PERIMETER_MID_ZN_1 VAV BOX,PERIMETER_MID_ZN_1,0.16,0.09,12.80,40.00,8317.75,7291.91,AirTerminal:SingleDuct:VAV:Reheat,COIL:HEATING:ELECTRIC,n/a,,n/a,,,0.59,n/a,n/a,0.00,n/a
,PERIMETER_MID_ZN_4 VAV BOX,PERIMETER_MID_ZN_4,0.10,0.06,12.80,40.00,5481.22,10238.39,AirTerminal:SingleDuct:VAV:Reheat,COIL:HEATING:ELECTRIC,n/a,,n/a,,,0.83,n/a,n/a,0.00,n/a


Air Heat Recovery

,,Type,Plate/Rotary,Heat Recovery Active,Sensible Effectiveness at 100% Heating Air Flow,Sensible Effectiveness at 100% Cooling Air Flow,Latent Effectiveness at 100% Heating Air Flow,Latent Effectiveness at 100% Cooling Air Flow,Supply Air Flow Rate [m3/s],Exhaust Air Flow Rate [m3/s],Zone HVAC Name,Airloop Name,OA System Name,OA Controller Name
,None,,,,,,,,,,,,,


VAV DX Cooling Standard Rating Details

,,DX Cooling Coil Type,Associated Fan,Net Cooling Capacity [W],COP [W/W],EER [Btu/W-h],IEER [Btu/W-h],Supply Air Flow 100% [kg/s],COP 75% Capacity [W/W],EER 75% Capacity [Btu/W-h],Supply Air Flow 75% [kg/s],COP 50% Capacity [W/W],EER 50% Capacity [Btu/W-h],Supply Air Flow 50% [kg/s],COP 25% Capacity [W/W],EER 25% Capacity [Btu/W-h],Supply Air Flow 25% [kg/s]
,PACU_VAV_BOT_COOLC DXCOIL,Coil:Cooling:DX:TwoSpeed,None,96262.64,2.80,9.56,11.03,6.0596,3.15,10.76,4.9067,3.31,11.30,3.3116,3.54,12.09,1.2235
,PACU_VAV_MID_COOLC DXCOIL,Coil:Cooling:DX:TwoSpeed,None,74584.36,2.81,9.58,11.06,4.6258,3.16,10.80,3.7431,3.32,11.34,2.5259,3.55,12.11,0.9386
,PACU_VAV_TOP_COOLC DXCOIL,Coil:Cooling:DX:TwoSpeed,None,83554.68,2.80,9.56,11.03,5.2751,3.15,10.76,4.2716,3.31,11.29,2.8834,3.54,12.09,1.0638
Indoor-coil-only unit ratings per ANSI/AHRI Standard 340/360-2007 with Addenda 1 and 2, with supply fan specific power at 365 {{W/1000cfm}} (773.3 {{W/(m3/s)}})


----------------------------------------------------------------------------------------------------
REPORT:,Control Summary
FOR:,Entire Facility
SetpointManager:OutdoorAirReset

,,Setpoint Nodes,Setpoint Node PlantLoop Name,Control Type,Setpoint at Outdoor Low Temperature [C],Setpoint at Outdoor High Temperature [C],Outdoor Low Temperature [C],Outdoor High Temperature [C],Schedule Name,Setpoint at Outdoor Low Temperature 2 [C],Setpoint at Outdoor High Temperature 2 [C],Outdoor Low Temperature 2 [C],Outdoor High Temperature 2 [C]
,PACU_VAV_BOT SUPPLY AIR TEMPERATURE MANAGER,PACU_VAV_BOT SUPPLY EQUIPMENT OUTLET NODE,,Temperature,15.60,12.80,10.00,21.10,,,,,
,PACU_VAV_MID SUPPLY AIR TEMPERATURE MANAGER,PACU_VAV_MID SUPPLY EQUIPMENT OUTLET NODE,,Temperature,15.60,12.80,10.00,21.10,,,,,
,PACU_VAV_TOP SUPPLY AIR TEMPERATURE MANAGER,PACU_VAV_TOP SUPPLY EQUIPMENT OUTLET NODE,,Temperature,15.60,12.80,10.00,21.10,,,,,


SetpointManager:ReturnTemperature

,,Type,Plant Loop Supply Outlet Node,Plant Loop Supply Inlet Node,PlantLoop Name,Minimum Supply Temperature Setpoint [C],Maximum Supply Temperature Setpoint [C],Return Temperature Setpoint Input Type,Return Temperature Setpoint [C],Return Temperature Setpoint Schedule Name
,None,,,,,,,,,


AvailabilityManager:Scheduled

,,AvailabilityManager Name,Type,Schedule Name
,None,,,


PlantEquipmentOperation Load Based

,,Plant Loop Name,Name,Type,Schedule Name,Index,Lower Limit [W],Upper Limit [W],Equipment List Name,Equipment
,1,SHWSYS1,SHWSYS1 OPERATION SCHEME,PLANTEQUIPMENTOPERATION:HEATINGLOAD,PLANTONSCHED,1,0.00,1.00E+15,SHWSYS1 EQUIPMENT LIST,SHWSYS1 WATER HEATER


----------------------------------------------------------------------------------------------------
REPORT:,HVAC Sizing Summary
FOR:,Entire Facility
Space Sensible Cooling

,,Calculated Design Load [W],User Design Load [W],User Design Load per Area [W/m2],Calculated Design Air Flow [m3/s],User Design Air Flow [m3/s],Design Day Name,Date/Time Of Peak {TIMESTAMP},Thermostat Setpoint Temperature at Peak Load [C],Indoor Temperature at Peak Load [C],Indoor Humidity Ratio at Peak Load [kgWater/kgDryAir],Outdoor Temperature at Peak Load [C],Outdoor Humidity Ratio at Peak Load [kgWater/kgDryAir],Minimum Outdoor Air Flow Rate [m3/s],Heat Gain Rate from DOAS [W]
,None,,,,,,,,,,,,,,
The Design Load is the space sensible load only. It does not include any system effects or ventilation loads. Values shown include multipliers.


Zone Sensible Cooling

,,Calculated Design Load [W],User Design Load [W],User Design Load per Area [W/m2],Calculated Design Air Flow [m3/s],User Design Air Flow [m3/s],Design Day Name,Date/Time Of Peak {TIMESTAMP},Thermostat Setpoint Temperature at Peak Load [C],Indoor Temperature at Peak Load [C],Indoor Humidity Ratio at Peak Load [kgWater/kgDryAir],Outdoor Temperature at Peak Load [C],Outdoor Humidity Ratio at Peak Load [kgWater/kgDryAir],Minimum Outdoor Air Flow Rate [m3/s],Heat Gain Rate from DOAS [W]
,CORE_BOTTOM,48984.79,48984.79,49.80,3.894,3.894,DENVER-AURORA-BUCKLEY.AFB_CO_USA ANN CLG .4% CONDNS DB=>MWB,7/21 08:30:00,24.00,24.00,0.00875,24.35,0.00546,0.425,0.00
,CORE_MID,28182.45,28182.45,28.65,2.242,2.242,DENVER-AURORA-BUCKLEY.AFB_CO_USA ANN CLG .4% CONDNS DB=>MWB,7/21 08:30:00,24.00,24.00,0.00894,24.35,0.00546,0.425,0.00
,CORE_TOP,28716.46,28716.46,29.20,2.330,2.330,DENVER-AURORA-BUCKLEY.AFB_CO_USA ANN CLG .4% CONDNS DB=>MWB,7/21 15:30:00,24.00,24.00,0.00892,33.46,0.00547,0.425,0.00
,PERIMETER_TOP_ZN_3,9842.73,9842.73,47.47,0.798,0.798,DENVER-AURORA-BUCKLEY.AFB_CO_USA ANN CLG .4% CONDNS DB=>MWB,7/21 16:15:00,24.00,24.00,0.00873,32.72,0.00547,0.090,0.00
,PERIMETER_TOP_ZN_2,9579.35,9579.35,72.98,0.777,0.777,DENVER-AURORA-BUCKLEY.AFB_CO_USA ANN CLG .4% CONDNS DB=>MWB,7/21 10:00:00,24.00,24.00,0.00865,28.28,0.00547,0.057,0.00
,PERIMETER_TOP_ZN_1,8289.40,8289.40,39.98,0.672,0.672,DENVER-AURORA-BUCKLEY.AFB_CO_USA ANN CLG .4% CONDNS DB=>MWB,7/21 15:15:00,24.00,24.00,0.00878,33.68,0.00547,0.090,0.00
,PERIMETER_TOP_ZN_4,10896.26,10896.26,83.02,0.884,0.884,DENVER-AURORA-BUCKLEY.AFB_CO_USA ANN CLG .4% CONDNS DB=>MWB,7/21 17:00:00,24.00,24.00,0.00863,31.83,0.00547,0.057,0.00
,PERIMETER_BOT_ZN_3,8060.46,8060.46,38.88,0.654,0.654,DENVER-AURORA-BUCKLEY.AFB_CO_USA ANN CLG .4% CONDNS DB=>MWB,7/21 16:15:00,24.00,24.00,0.00880,32.72,0.00547,0.090,0.00
,PERIMETER_BOT_ZN_2,7922.44,7922.44,60.36,0.643,0.643,DENVER-AURORA-BUCKLEY.AFB_CO_USA ANN CLG .4% CONDNS DB=>MWB,7/21 10:15:00,24.00,24.00,0.00869,28.83,0.00547,0.057,0.00
,PERIMETER_BOT_ZN_1,6491.83,6491.83,31.31,0.527,0.527,DENVER-AURORA-BUCKLEY.AFB_CO_USA ANN CLG .4% CONDNS DB=>MWB,7/21 15:00:00,24.00,24.00,0.00887,33.90,0.00548,0.090,0.00
,PERIMETER_BOT_ZN_4,8329.67,8329.67,63.46,0.676,0.676,DENVER-AURORA-BUCKLEY.AFB_CO_USA ANN CLG .4% CONDNS DB=>MWB,7/21 17:15:00,24.00,24.00,0.00868,31.46,0.00547,0.057,0.00
,PERIMETER_MID_ZN_3,8828.10,8828.10,42.58,0.716,0.716,DENVER-AURORA-BUCKLEY.AFB_CO_USA ANN CLG .4% CONDNS DB=>MWB,7/21 16:30:00,24.00,24.00,0.00876,32.42,0.00547,0.090,0.00
,PERIMETER_MID_ZN_2,9669.28,9669.28,73.66,0.784,0.784,DENVER-AURORA-BUCKLEY.AFB_CO_USA ANN CLG .4% CONDNS DB=>MWB,7/21 09:45:00,24.00,24.00,0.00865,27.65,0.00547,0.057,0.00
,PERIMETER_MID_ZN_1,7291.91,7291.91,35.17,0.592,0.592,DENVER-AURORA-BUCKLEY.AFB_CO_USA ANN CLG .4% CONDNS DB=>MWB,7/21 15:00:00,24.00,24.00,0.00882,33.90,0.00548,0.090,0.00
,PERIMETER_MID_ZN_4,10238.39,10238.39,78.00,0.831,0.831,DENVER-AURORA-BUCKLEY.AFB_CO_USA ANN CLG .4% CONDNS DB=>MWB,7/21 17:15:00,24.00,24.00,0.00864,31.46,0.00547,0.057,0.00
The Design Load is the zone sensible load only. It does not include any system effects or ventilation loads. Values shown include multipliers.


Space Sensible Heating

,,Calculated Design Load [W],User Design Load [W],User Design Load per Area [W/m2],Calculated Design Air Flow [m3/s],User Design Air Flow [m3/s],Design Day Name,Date/Time Of Peak {TIMESTAMP},Thermostat Setpoint Temperature at Peak Load [C],Indoor Temperature at Peak Load [C],Indoor Humidity Ratio at Peak Load [kgWater/kgDryAir],Outdoor Temperature at Peak Load [C],Outdoor Humidity Ratio at Peak Load [kgWater/kgDryAir],Minimum Outdoor Air Flow Rate [m3/s],Heat Gain Rate from DOAS [W]
,None,,,,,,,,,,,,,,
The Design Load is the space sensible load only. It does not include any system effects or ventilation loads. Values shown include multipliers.


Zone Sensible Heating

,,Calculated Design Load [W],User Design Load [W],User Design Load per Area [W/m2],Calculated Design Air Flow [m3/s],User Design Air Flow [m3/s],Design Day Name,Date/Time Of Peak {TIMESTAMP},Thermostat Setpoint Temperature at Peak Load [C],Indoor Temperature at Peak Load [C],Indoor Humidity Ratio at Peak Load [kgWater/kgDryAir],Outdoor Temperature at Peak Load [C],Outdoor Humidity Ratio at Peak Load [kgWater/kgDryAir],Minimum Outdoor Air Flow Rate [m3/s],Heat Gain Rate from DOAS [W]
,CORE_BOTTOM,8819.62,8819.62,8.97,0.414,0.425,DENVER-AURORA-BUCKLEY.AFB_CO_USA ANN HTG 99.6% CONDNS DB,12/21 08:30:00,21.00,21.00,0.00800,-17.90,0.00096,0.425,0.00
,CORE_MID,13236.80,13236.80,13.46,0.622,0.622,DENVER-AURORA-BUCKLEY.AFB_CO_USA ANN HTG 99.6% CONDNS DB,12/21 08:30:00,21.00,21.00,0.00800,-17.90,0.00096,0.425,0.00
,CORE_TOP,24310.05,24310.05,24.72,1.144,1.144,DENVER-AURORA-BUCKLEY.AFB_CO_USA ANN HTG 99.6% CONDNS DB,12/21 08:30:00,21.00,21.00,0.00800,-17.90,0.00096,0.425,0.00
,PERIMETER_TOP_ZN_3,10467.04,10467.04,50.48,0.493,0.493,DENVER-AURORA-BUCKLEY.AFB_CO_USA ANN HTG 99.6% CONDNS DB,12/21 08:30:00,21.00,21.00,0.00793,-17.90,0.00096,0.090,0.00
,PERIMETER_TOP_ZN_2,6888.41,6888.41,52.48,0.324,0.324,DENVER-AURORA-BUCKLEY.AFB_CO_USA ANN HTG 99.6% CONDNS DB,12/21 08:30:00,21.00,21.00,0.00793,-17.90,0.00096,0.057,0.00
,PERIMETER_TOP_ZN_1,10538.04,10538.04,50.83,0.496,0.496,DENVER-AURORA-BUCKLEY.AFB_CO_USA ANN HTG 99.6% CONDNS DB,12/21 08:30:00,21.00,21.00,0.00793,-17.90,0.00096,0.090,0.00
,PERIMETER_TOP_ZN_4,6888.28,6888.28,52.48,0.324,0.324,DENVER-AURORA-BUCKLEY.AFB_CO_USA ANN HTG 99.6% CONDNS DB,12/21 08:30:00,21.00,21.00,0.00793,-17.90,0.00096,0.057,0.00
,PERIMETER_BOT_ZN_3,8225.00,8225.00,39.67,0.387,0.387,DENVER-AURORA-BUCKLEY.AFB_CO_USA ANN HTG 99.6% CONDNS DB,12/21 08:30:00,21.00,21.00,0.00794,-17.90,0.00096,0.090,0.00
,PERIMETER_BOT_ZN_2,5471.67,5471.67,41.69,0.258,0.258,DENVER-AURORA-BUCKLEY.AFB_CO_USA ANN HTG 99.6% CONDNS DB,12/21 08:30:00,21.00,21.00,0.00794,-17.90,0.00096,0.057,0.00
,PERIMETER_BOT_ZN_1,8304.27,8304.27,40.05,0.391,0.391,DENVER-AURORA-BUCKLEY.AFB_CO_USA ANN HTG 99.6% CONDNS DB,12/21 08:30:00,21.00,21.00,0.00794,-17.90,0.00096,0.090,0.00
,PERIMETER_BOT_ZN_4,5471.61,5471.61,41.69,0.258,0.258,DENVER-AURORA-BUCKLEY.AFB_CO_USA ANN HTG 99.6% CONDNS DB,12/21 08:30:00,21.00,21.00,0.00794,-17.90,0.00096,0.057,0.00
,PERIMETER_MID_ZN_3,8251.70,8251.70,39.80,0.389,0.389,DENVER-AURORA-BUCKLEY.AFB_CO_USA ANN HTG 99.6% CONDNS DB,12/21 08:30:00,21.00,21.00,0.00792,-17.90,0.00096,0.090,0.00
,PERIMETER_MID_ZN_2,5481.28,5481.28,41.76,0.258,0.258,DENVER-AURORA-BUCKLEY.AFB_CO_USA ANN HTG 99.6% CONDNS DB,12/21 08:30:00,21.00,21.00,0.00792,-17.90,0.00096,0.057,0.00
,PERIMETER_MID_ZN_1,8317.75,8317.75,40.12,0.392,0.392,DENVER-AURORA-BUCKLEY.AFB_CO_USA ANN HTG 99.6% CONDNS DB,12/21 08:30:00,21.00,21.00,0.00792,-17.90,0.00096,0.090,0.00
,PERIMETER_MID_ZN_4,5481.22,5481.22,41.76,0.258,0.258,DENVER-AURORA-BUCKLEY.AFB_CO_USA ANN HTG 99.6% CONDNS DB,12/21 08:30:00,21.00,21.00,0.00792,-17.90,0.00096,0.057,0.00
The Design Load is the zone sensible load only. It does not include any system effects or ventilation loads. Values shown include multipliers.


System Design Air Flow Rates

,,Calculated cooling [m3/s],User cooling [m3/s],Calculated heating [m3/s],User heating [m3/s],Adjusted cooling [m3/s],Adjusted heating [m3/s],Adjusted main [m3/s],Calculated Heating Air Flow Ratio [],User Heating Air Flow Ratio []
,PACU_VAV_BOT,5.85,5.85,1.72,1.72,5.8497,1.7188,5.8497,0.2938,0.3000
,PACU_VAV_MID,4.47,4.47,1.92,1.92,4.4655,1.9184,4.4655,0.4296,0.3000
,PACU_VAV_TOP,5.09,5.09,2.78,2.78,5.0923,2.7813,5.0923,0.5462,0.3000


Plant Loop Coincident Design Fluid Flow Rate Adjustments

,,Previous Design Volume Flow Rate [m3/s],Algorithm Volume Flow Rate [m3/s],Coincident Design Volume Flow Rate [m3/s],Coincident Size Adjusted,Peak Sizing Period Name,Peak Day into Period {TIMESTAMP}[day],Peak Hour Of Day {TIMESTAMP}[hr],Peak Step Start Minute {TIMESTAMP}[min]
,None,,,,,,,,


Coil Sizing Summary

,,Coil Type,HVAC Type,HVAC Name,Coil Final Gross Total Capacity [W],Coil Final Gross Sensible Capacity [W],Coil Final Reference Air Volume Flow Rate [m3/s],Coil Final Reference Plant Fluid Volume Flow Rate [m3/s],Coil U-value Times Area Value [W/K],Design Day Name at Sensible Ideal Loads Peak,Date/Time at Sensible Ideal Loads Peak,Design Day Name at Air Flow Ideal Loads Peak,Date/Time at Air Flow Ideal Loads Peak,Coil Total Capacity at Ideal Loads Peak [W],Coil Sensible Capacity at Ideal Loads Peak [W],Coil Air Volume Flow Rate at Ideal Loads Peak [m3/s],Coil Entering Air Drybulb at Ideal Loads Peak [C],Coil Entering Air Wetbulb at Ideal Loads Peak [C],Coil Entering Air Humidity Ratio at Ideal Loads Peak [kgWater/kgDryAir],Coil Leaving Air Drybulb at Ideal Loads Peak [C],Coil Leaving Air Wetbulb at Ideal Loads Peak [C],Coil Leaving Air Humidity Ratio at Ideal Loads Peak [kgWater/kgDryAir],Outdoor Air Drybulb at Ideal Loads Peak [C],Outdoor Air Humidity Ratio at Ideal Loads Peak [kgWater/kgDryAir],Outdoor Air Wetbulb at Ideal Loads Peak [C],Outdoor Air Flow Percentage at Ideal Loads Peak [%],Zone Air Drybulb at Ideal Loads Peak [C],Zone Air Humidity Ratio at Ideal Loads Peak [kgWater/kgDryAir],Zone Air Relative Humidity at Ideal Loads Peak [%],Zone Sensible Heat Gain at Ideal Loads Peak [W],Zone Latent Heat Gain at Ideal Loads Peak [W],Coil Total Capacity at Rating Conditions [W],Coil Sensible Capacity at Rating Conditions [W]
,CORE_BOTTOM VAV BOX REHEAT COIL,COIL:HEATING:ELECTRIC,ZONEHVAC:AIRDISTRIBUTIONUNIT,CORE_BOTTOM VAV BOX,17124.057,17124.057,-999.0,-999.0,-999.000,DENVER-AURORA-BUCKLEY.AFB_CO_USA ANN HTG 99.6% CONDNS DB,12/21 08:30:00,DENVER-AURORA-BUCKLEY.AFB_CO_USA ANN HTG 99.6% CONDNS DB,12/21 08:30:00,17124.06,17124.06,0.572459,12.80,10.62,0.00800000,40.00,19.91,0.00800000,-17.90,0.00095524,-17.90,0.0000,21.00,0.00800000,46.3197,8819.62,0.00,-999.00,-999.00
,CORE_MID VAV BOX REHEAT COIL,COIL:HEATING:ELECTRIC,ZONEHVAC:AIRDISTRIBUTIONUNIT,CORE_MID VAV BOX,18604.010,18604.010,-999.0,-999.0,-999.000,DENVER-AURORA-BUCKLEY.AFB_CO_USA ANN HTG 99.6% CONDNS DB,12/21 08:30:00,DENVER-AURORA-BUCKLEY.AFB_CO_USA ANN HTG 99.6% CONDNS DB,12/21 08:30:00,18604.01,18604.01,0.621935,12.80,10.62,0.00800000,40.00,19.91,0.00800000,-17.90,0.00095524,-17.90,0.0000,21.00,0.00800000,46.3197,13236.80,0.00,-999.00,-999.00
,CORE_TOP VAV BOX REHEAT COIL,COIL:HEATING:ELECTRIC,ZONEHVAC:AIRDISTRIBUTIONUNIT,CORE_TOP VAV BOX,34209.867,34209.867,-999.0,-999.0,-999.000,DENVER-AURORA-BUCKLEY.AFB_CO_USA ANN HTG 99.6% CONDNS DB,12/21 08:30:00,DENVER-AURORA-BUCKLEY.AFB_CO_USA ANN HTG 99.6% CONDNS DB,12/21 08:30:00,34209.87,34209.87,1.143640,12.80,10.62,0.00800000,40.00,19.91,0.00800000,-17.90,0.00095524,-17.90,0.0000,21.00,0.00800000,46.3197,24310.05,0.00,-999.00,-999.00
,PERIMETER_TOP_ZN_3 VAV BOX REHEAT COIL,COIL:HEATING:ELECTRIC,ZONEHVAC:AIRDISTRIBUTIONUNIT,PERIMETER_TOP_ZN_3 VAV BOX,14741.739,14741.739,-999.0,-999.0,-999.000,DENVER-AURORA-BUCKLEY.AFB_CO_USA ANN HTG 99.6% CONDNS DB,12/21 08:30:00,DENVER-AURORA-BUCKLEY.AFB_CO_USA ANN HTG 99.6% CONDNS DB,12/21 08:30:00,14741.74,14741.74,0.492818,12.80,10.62,0.00800000,40.00,19.91,0.00800000,-17.90,0.00095524,-17.90,0.0000,21.00,0.00792695,45.9033,10467.04,0.00,-999.00,-999.00
,PERIMETER_TOP_ZN_2 VAV BOX REHEAT COIL,COIL:HEATING:ELECTRIC,ZONEHVAC:AIRDISTRIBUTIONUNIT,PERIMETER_TOP_ZN_2 VAV BOX,9701.685,9701.685,-999.0,-999.0,-999.000,DENVER-AURORA-BUCKLEY.AFB_CO_USA ANN HTG 99.6% CONDNS DB,12/21 08:30:00,DENVER-AURORA-BUCKLEY.AFB_CO_USA ANN HTG 99.6% CONDNS DB,12/21 08:30:00,9701.69,9701.69,0.324329,12.80,10.62,0.00800000,40.00,19.91,0.00800000,-17.90,0.00095524,-17.90,0.0000,21.00,0.00792618,45.8990,6888.41,0.00,-999.00,-999.00
,PERIMETER_TOP_ZN_1 VAV BOX REHEAT COIL,COIL:HEATING:ELECTRIC,ZONEHVAC:AIRDISTRIBUTIONUNIT,PERIMETER_TOP_ZN_1 VAV BOX,14841.803,14841.803,-999.0,-999.0,-999.000,DENVER-AURORA-BUCKLEY.AFB_CO_USA ANN HTG 99.6% CONDNS DB,12/21 08:30:00,DENVER-AURORA-BUCKLEY.AFB_CO_USA ANN HTG 99.6% CONDNS DB,12/21 08:30:00,14841.80,14841.80,0.496163,12.80,10.62,0.00800000,40.00,19.91,0.00800000,-17.90,0.00095524,-17.90,0.0000,21.00,0.00792747,45.9063,10538.04,0.00,-999.00,-999.00
,PERIMETER_TOP_ZN_4 VAV BOX REHEAT COIL,COIL:HEATING:ELECTRIC,ZONEHVAC:AIRDISTRIBUTIONUNIT,PERIMETER_TOP_ZN_4 VAV BOX,9701.507,9701.507,-999.0,-999.0,-999.000,DENVER-AURORA-BUCKLEY.AFB_CO_USA ANN HTG 99.6% CONDNS DB,12/21 08:30:00,DENVER-AURORA-BUCKLEY.AFB_CO_USA ANN HTG 99.6% CONDNS DB,12/21 08:30:00,9701.51,9701.51,0.324323,12.80,10.62,0.00800000,40.00,19.91,0.00800000,-17.90,0.00095524,-17.90,0.0000,21.00,0.00792618,45.8990,6888.28,0.00,-999.00,-999.00
,PERIMETER_BOT_ZN_3 VAV BOX REHEAT COIL,COIL:HEATING:ELECTRIC,ZONEHVAC:AIRDISTRIBUTIONUNIT,PERIMETER_BOT_ZN_3 VAV BOX,11590.208,11590.208,-999.0,-999.0,-999.000,DENVER-AURORA-BUCKLEY.AFB_CO_USA ANN HTG 99.6% CONDNS DB,12/21 08:30:00,DENVER-AURORA-BUCKLEY.AFB_CO_USA ANN HTG 99.6% CONDNS DB,12/21 08:30:00,11590.21,11590.21,0.387462,12.80,10.62,0.00800000,40.00,19.91,0.00800000,-17.90,0.00095524,-17.90,0.0000,21.00,0.00794218,45.9901,8225.00,0.00,-999.00,-999.00
,PERIMETER_BOT_ZN_2 VAV BOX REHEAT COIL,COIL:HEATING:ELECTRIC,ZONEHVAC:AIRDISTRIBUTIONUNIT,PERIMETER_BOT_ZN_2 VAV BOX,7710.495,7710.495,-999.0,-999.0,-999.000,DENVER-AURORA-BUCKLEY.AFB_CO_USA ANN HTG 99.6% CONDNS DB,12/21 08:30:00,DENVER-AURORA-BUCKLEY.AFB_CO_USA ANN HTG 99.6% CONDNS DB,12/21 08:30:00,7710.50,7710.50,0.257763,12.80,10.62,0.00800000,40.00,19.91,0.00800000,-17.90,0.00095524,-17.90,0.0000,21.00,0.00794494,46.0058,5471.67,0.00,-999.00,-999.00
,PERIMETER_BOT_ZN_1 VAV BOX REHEAT COIL,COIL:HEATING:ELECTRIC,ZONEHVAC:AIRDISTRIBUTIONUNIT,PERIMETER_BOT_ZN_1 VAV BOX,11701.969,11701.969,-999.0,-999.0,-999.000,DENVER-AURORA-BUCKLEY.AFB_CO_USA ANN HTG 99.6% CONDNS DB,12/21 08:30:00,DENVER-AURORA-BUCKLEY.AFB_CO_USA ANN HTG 99.6% CONDNS DB,12/21 08:30:00,11701.97,11701.97,0.391198,12.80,10.62,0.00800000,40.00,19.91,0.00800000,-17.90,0.00095524,-17.90,0.0000,21.00,0.00794331,45.9965,8304.27,0.00,-999.00,-999.00
,PERIMETER_BOT_ZN_4 VAV BOX REHEAT COIL,COIL:HEATING:ELECTRIC,ZONEHVAC:AIRDISTRIBUTIONUNIT,PERIMETER_BOT_ZN_4 VAV BOX,7710.423,7710.423,-999.0,-999.0,-999.000,DENVER-AURORA-BUCKLEY.AFB_CO_USA ANN HTG 99.6% CONDNS DB,12/21 08:30:00,DENVER-AURORA-BUCKLEY.AFB_CO_USA ANN HTG 99.6% CONDNS DB,12/21 08:30:00,7710.42,7710.42,0.257760,12.80,10.62,0.00800000,40.00,19.91,0.00800000,-17.90,0.00095524,-17.90,0.0000,21.00,0.00794494,46.0058,5471.61,0.00,-999.00,-999.00
,PERIMETER_MID_ZN_3 VAV BOX REHEAT COIL,COIL:HEATING:ELECTRIC,ZONEHVAC:AIRDISTRIBUTIONUNIT,PERIMETER_MID_ZN_3 VAV BOX,11623.124,11623.124,-999.0,-999.0,-999.000,DENVER-AURORA-BUCKLEY.AFB_CO_USA ANN HTG 99.6% CONDNS DB,12/21 08:30:00,DENVER-AURORA-BUCKLEY.AFB_CO_USA ANN HTG 99.6% CONDNS DB,12/21 08:30:00,11623.12,11623.12,0.388563,12.80,10.62,0.00800000,40.00,19.91,0.00800000,-17.90,0.00095524,-17.90,0.0000,21.00,0.00791853,45.8550,8251.70,0.00,-999.00,-999.00
,PERIMETER_MID_ZN_2 VAV BOX REHEAT COIL,COIL:HEATING:ELECTRIC,ZONEHVAC:AIRDISTRIBUTIONUNIT,PERIMETER_MID_ZN_2 VAV BOX,7720.987,7720.987,-999.0,-999.0,-999.000,DENVER-AURORA-BUCKLEY.AFB_CO_USA ANN HTG 99.6% CONDNS DB,12/21 08:30:00,DENVER-AURORA-BUCKLEY.AFB_CO_USA ANN HTG 99.6% CONDNS DB,12/21 08:30:00,7720.99,7720.99,0.258114,12.80,10.62,0.00800000,40.00,19.91,0.00800000,-17.90,0.00095524,-17.90,0.0000,21.00,0.00791983,45.8625,5481.28,0.00,-999.00,-999.00
,PERIMETER_MID_ZN_1 VAV BOX REHEAT COIL,COIL:HEATING:ELECTRIC,ZONEHVAC:AIRDISTRIBUTIONUNIT,PERIMETER_MID_ZN_1 VAV BOX,11716.279,11716.279,-999.0,-999.0,-999.000,DENVER-AURORA-BUCKLEY.AFB_CO_USA ANN HTG 99.6% CONDNS DB,12/21 08:30:00,DENVER-AURORA-BUCKLEY.AFB_CO_USA ANN HTG 99.6% CONDNS DB,12/21 08:30:00,11716.28,11716.28,0.391677,12.80,10.62,0.00800000,40.00,19.91,0.00800000,-17.90,0.00095524,-17.90,0.0000,21.00,0.00791948,45.8605,8317.75,0.00,-999.00,-999.00
,PERIMETER_MID_ZN_4 VAV BOX REHEAT COIL,COIL:HEATING:ELECTRIC,ZONEHVAC:AIRDISTRIBUTIONUNIT,PERIMETER_MID_ZN_4 VAV BOX,7720.910,7720.910,-999.0,-999.0,-999.000,DENVER-AURORA-BUCKLEY.AFB_CO_USA ANN HTG 99.6% CONDNS DB,12/21 08:30:00,DENVER-AURORA-BUCKLEY.AFB_CO_USA ANN HTG 99.6% CONDNS DB,12/21 08:30:00,7720.91,7720.91,0.258111,12.80,10.62,0.00800000,40.00,19.91,0.00800000,-17.90,0.00095524,-17.90,0.0000,21.00,0.00791983,45.8625,5481.22,0.00,-999.00,-999.00
,PACU_VAV_BOT_COOLC DXCOIL,Coil:Cooling:DX:TwoSpeed,AirLoopHVAC,PACU_VAV_BOT,97897.472,83652.475,5.849659,-999.0,-999.000,DENVER-AURORA-BUCKLEY.AFB_CO_USA ANN CLG .4% CONDNS DB=>MWB,7/21 15:00:00,DENVER-AURORA-BUCKLEY.AFB_CO_USA ANN CLG .4% CONDNS DB=>MWB,7/21 16:30:00,95319.37,95319.37,5.849659,25.63,15.60,0.00823163,10.82,10.04,0.00823163,33.90,0.00547527,16.11,16.3445,24.00,0.00877697,42.3014,71354.51,0.00,100945.43,79804.66
,PACU_VAV_BOT_HEATC,Coil:Heating:Fuel,AirLoopHVAC,PACU_VAV_BOT,26769.863,26769.863,-999.0,-999.0,-999.000,DENVER-AURORA-BUCKLEY.AFB_CO_USA ANN HTG 99.6% CONDNS DB,12/21 06:15:00,DENVER-AURORA-BUCKLEY.AFB_CO_USA ANN HTG 99.6% CONDNS DB,12/21 08:30:00,26769.86,26769.86,1.754898,-1.28,-1.28,0.00385660,12.80,10.62,0.00800000,-17.90,0.00095524,-17.90,54.4818,17.67,0.00682759,48.7417,13499.30,0.00,-999.00,-999.00
,PACU_VAV_MID_COOLC DXCOIL,Coil:Cooling:DX:TwoSpeed,AirLoopHVAC,PACU_VAV_MID,75800.807,64251.345,4.465465,-999.0,-999.000,DENVER-AURORA-BUCKLEY.AFB_CO_USA ANN CLG .4% CONDNS DB=>MWB,7/21 16:00:00,DENVER-AURORA-BUCKLEY.AFB_CO_USA ANN CLG .4% CONDNS DB=>MWB,7/21 16:30:00,74311.31,74311.31,4.465465,25.94,15.62,0.00812865,10.81,9.93,0.00812865,33.01,0.00547390,15.81,21.4110,24.00,0.00885672,42.6802,54759.38,0.00,78160.81,61339.28
,PACU_VAV_MID_HEATC,Coil:Heating:Fuel,AirLoopHVAC,PACU_VAV_MID,29482.177,29482.177,-999.0,-999.0,-999.000,DENVER-AURORA-BUCKLEY.AFB_CO_USA ANN HTG 99.6% CONDNS DB,12/21 06:15:00,DENVER-AURORA-BUCKLEY.AFB_CO_USA ANN HTG 99.6% CONDNS DB,12/21 08:30:00,29482.18,29482.18,1.339639,-7.51,-7.51,0.00279854,12.80,10.62,0.00800000,-17.90,0.00095524,-17.90,71.3700,17.68,0.00709447,50.5806,17297.40,0.00,-999.00,-999.00
,PACU_VAV_TOP_COOLC DXCOIL,Coil:Cooling:DX:TwoSpeed,AirLoopHVAC,PACU_VAV_TOP,84984.887,72734.894,5.092341,-999.0,-999.000,DENVER-AURORA-BUCKLEY.AFB_CO_USA ANN CLG .4% CONDNS DB=>MWB,7/21 16:00:00,DENVER-AURORA-BUCKLEY.AFB_CO_USA ANN CLG .4% CONDNS DB=>MWB,7/21 16:30:00,83314.92,83314.92,5.092341,25.69,15.58,0.00818205,10.82,9.99,0.00818205,33.01,0.00547390,15.81,18.7753,24.00,0.00880994,42.4579,62618.04,0.00,87630.83,69379.63
,PACU_VAV_TOP_HEATC,Coil:Heating:Fuel,AirLoopHVAC,PACU_VAV_TOP,28899.464,28899.464,-999.0,-999.0,-999.000,DENVER-AURORA-BUCKLEY.AFB_CO_USA ANN HTG 99.6% CONDNS DB,12/21 05:30:00,DENVER-AURORA-BUCKLEY.AFB_CO_USA ANN HTG 99.6% CONDNS DB,12/21 08:30:00,28899.46,28899.46,1.527702,-4.66,-4.66,0.00339680,12.80,10.62,0.00800000,-17.90,0.00095524,-17.90,62.5842,17.38,0.00724097,52.5854,17830.18,0.00,-999.00,-999.00


----------------------------------------------------------------------------------------------------
REPORT:,Coil Sizing Details
FOR:,Entire Facility
Coils

,,Coil Type,Coil Location,HVAC Type,HVAC Name,Zone Name(s),System Sizing Method Concurrence,System Sizing Method Capacity,System Sizing Method Air Flow,Autosized Coil Capacity?,Autosized Coil Airflow?,Autosized Coil Water Flow?,OA Pretreated prior to coil inlet?,Coil Final Gross Total Capacity [W],Coil Final Gross Sensible Capacity [W],Coil Final Reference Air Volume Flow Rate [m3/s],Coil Final Reference Plant Fluid Volume Flow Rate [m3/s],Coil U-value Times Area Value [W/K],Terminal Unit Reheat Coil Multiplier,DX Coil Capacity Increase Ratio from Too Low Flow/Capacity Ratio,DX Coil Capacity Decrease Ratio from Too High Flow/Capacity Ratio,Moist Air Heat Capacity [J/kg-K],Dry Air Heat Capacity [J/kg-K],Standard Air Density Adjusted for Elevation [kg/m3],Supply Fan Name for Coil,Supply Fan Type for Coil,Supply Fan Maximum Air Volume Flow Rate [m3/s],Supply Fan Maximum Air Mass Flow Rate [kg/s],Plant Name for Coil,Plant Fluid Specific Heat Capacity [J/kg-K],Plant Fluid Density [kg/m3],Plant Maximum Fluid Mass Flow Rate [kg/s],Plant Design Fluid Return Temperature [C],Plant Design Fluid Supply Temperature [C],Plant Design Fluid Temperature Difference [deltaC],Plant Design Capacity [W],Coil Capacity Percentage of Plant Design Capacity [%],Coil Fluid Flow Rate Percentage of Plant Design Flow Rate [%],Design Day Name at Sensible Ideal Loads Peak,Date/Time at Sensible Ideal Loads Peak,Design Day Name at Total Ideal Loads Peak,Date/Time at Total Ideal Loads Peak,Design Day Name at Air Flow Ideal Loads Peak,Date/Time at Air Flow Ideal Loads Peak,Peak Load Type to Size On,Coil Total Capacity at Ideal Loads Peak [W],Coil Sensible Capacity at Ideal Loads Peak [W],Coil Off-Rating Capacity Modifier at Ideal Loads Peak [ ],Coil Air Mass Flow Rate at Ideal Loads Peak [kg/s],Coil Air Volume Flow Rate at Ideal Loads Peak [m3/s],Coil Entering Air Drybulb at Ideal Loads Peak [C],Coil Entering Air Wetbulb at Ideal Loads Peak [C],Coil Entering Air Humidity Ratio at Ideal Loads Peak [kgWater/kgDryAir],Coil Entering Air Enthalpy at Ideal Loads Peak [J/kg],Coil Leaving Air Drybulb at Ideal Loads Peak [C],Coil Leaving Air Wetbulb at Ideal Loads Peak [C],Coil Leaving Air Humidity Ratio at Ideal Loads Peak [kgWater/kgDryAir],Coil Leaving Air Enthalpy at Ideal Loads Peak [J/kg],Coil Plant Fluid Mass Flow Rate at Ideal Loads Peak [kg/s],Coil Entering Plant Fluid Temperature at Ideal Loads Peak [C],Coil Leaving Plant Fluid Temperature at Ideal Loads Peak [C],Coil Plant Fluid Temperature Difference at Ideal Loads Peak [deltaC],Supply Fan Air Heat Gain at Ideal Loads Peak [W],Coil and Fan Net Total Capacity at Ideal Loads Peak [W],Outdoor Air Drybulb at Ideal Loads Peak [C],Outdoor Air Humidity Ratio at Ideal Loads Peak [kgWater/kgDryAir],Outdoor Air Wetbulb at Ideal Loads Peak [C],Outdoor Air Volume Flow Rate at Ideal Loads Peak [m3/s],Outdoor Air Flow Percentage at Ideal Loads Peak [%],System Return Air Drybulb at Ideal Loads Peak [C],System Return Air Humidity Ratio at Ideal Loads Peak [kgWater/kgDryAir],Zone Air Drybulb at Ideal Loads Peak [C],Zone Air Humidity Ratio at Ideal Loads Peak [kgWater/kgDryAir],Zone Air Relative Humidity at Ideal Loads Peak [%],Zone Sensible Heat Gain at Ideal Loads Peak [W],Zone Latent Heat Gain at Ideal Loads Peak [W],Coil Total Capacity at Rating Conditions [W],Coil Sensible Capacity at Rating Conditions [W],Coil Air Mass Flow Rate at Rating Conditions [kg/s],Coil Entering Air Drybulb at Rating Conditions [C],Coil Entering Air Wetbulb at Rating Conditions [C],Coil Entering Air Humidity Ratio at Rating Conditions [kgWater/kgDryAir],Coil Entering Air Enthalpy at Rating Conditions [J/kg],Coil Leaving Air Drybulb at Rating Conditions [C],Coil Leaving Air Wetbulb at Rating Conditions [C],Coil Leaving Air Humidity Ratio at Rating Conditions [kgWater/kgDryAir],Coil Leaving Air Enthalpy at Rating Conditions [J/kg]
,CORE_BOTTOM VAV BOX REHEAT COIL,COIL:HEATING:ELECTRIC,Zone Equipment,ZONEHVAC:AIRDISTRIBUTIONUNIT,CORE_BOTTOM VAV BOX,CORE_BOTTOM,N/A,N/A,N/A,Yes,Yes,unknown,No,17124.057,17124.057,-999.0,-999.0,-999.000,1.0000,1.00000,1.00000,1019.7116,1004.8586,1.0785,unknown,unknown,-999.0,-999.0,,-999.0000,-999.0000,-999.0,-999.00,-999.00,-999.00,-999.00,-999.0000,-999.0,DENVER-AURORA-BUCKLEY.AFB_CO_USA ANN HTG 99.6% CONDNS DB,12/21 08:30:00,unknown,unknown,DENVER-AURORA-BUCKLEY.AFB_CO_USA ANN HTG 99.6% CONDNS DB,12/21 08:30:00,Sensible,17124.06,17124.06,1.0000,0.61739115,0.572459,12.80,10.62,0.00800000,33059.8,40.00,19.91,0.00800000,60796.0,-999.0,-999.00,-999.00,-999.00,0.000,17124.06,-17.90,0.00095524,-17.90,0.00000000,0.0000,20.75,0.00800000,21.00,0.00800000,46.3197,8819.62,0.00,-999.00,-999.00,-999.0,-999.00,-999.00,-999.0,-999.0,-999.00,-999.00,-999.0,-999.0
,CORE_MID VAV BOX REHEAT COIL,COIL:HEATING:ELECTRIC,Zone Equipment,ZONEHVAC:AIRDISTRIBUTIONUNIT,CORE_MID VAV BOX,CORE_MID,N/A,N/A,N/A,Yes,Yes,unknown,No,18604.010,18604.010,-999.0,-999.0,-999.000,1.0000,1.00000,1.00000,1019.7116,1004.8586,1.0785,unknown,unknown,-999.0,-999.0,,-999.0000,-999.0000,-999.0,-999.00,-999.00,-999.00,-999.00,-999.0000,-999.0,DENVER-AURORA-BUCKLEY.AFB_CO_USA ANN HTG 99.6% CONDNS DB,12/21 08:30:00,unknown,unknown,DENVER-AURORA-BUCKLEY.AFB_CO_USA ANN HTG 99.6% CONDNS DB,12/21 08:30:00,Sensible,18604.01,18604.01,1.0000,0.67074943,0.621935,12.80,10.62,0.00800000,33059.8,40.00,19.91,0.00800000,60796.0,-999.0,-999.00,-999.00,-999.00,0.000,18604.01,-17.90,0.00095524,-17.90,0.00000000,0.0000,20.75,0.00800000,21.00,0.00800000,46.3197,13236.80,0.00,-999.00,-999.00,-999.0,-999.00,-999.00,-999.0,-999.0,-999.00,-999.00,-999.0,-999.0
,CORE_TOP VAV BOX REHEAT COIL,COIL:HEATING:ELECTRIC,Zone Equipment,ZONEHVAC:AIRDISTRIBUTIONUNIT,CORE_TOP VAV BOX,CORE_TOP,N/A,N/A,N/A,Yes,Yes,unknown,No,34209.867,34209.867,-999.0,-999.0,-999.000,1.0000,1.00000,1.00000,1019.7116,1004.8586,1.0785,unknown,unknown,-999.0,-999.0,,-999.0000,-999.0000,-999.0,-999.00,-999.00,-999.00,-999.00,-999.0000,-999.0,DENVER-AURORA-BUCKLEY.AFB_CO_USA ANN HTG 99.6% CONDNS DB,12/21 08:30:00,unknown,unknown,DENVER-AURORA-BUCKLEY.AFB_CO_USA ANN HTG 99.6% CONDNS DB,12/21 08:30:00,Sensible,34209.87,34209.87,1.0000,1.23340333,1.143640,12.80,10.62,0.00800000,33059.8,40.00,19.91,0.00800000,60796.0,-999.0,-999.00,-999.00,-999.00,0.000,34209.87,-17.90,0.00095524,-17.90,0.00000000,0.0000,20.74,0.00800000,21.00,0.00800000,46.3197,24310.05,0.00,-999.00,-999.00,-999.0,-999.00,-999.00,-999.0,-999.0,-999.00,-999.00,-999.0,-999.0
,PERIMETER_TOP_ZN_3 VAV BOX REHEAT COIL,COIL:HEATING:ELECTRIC,Zone Equipment,ZONEHVAC:AIRDISTRIBUTIONUNIT,PERIMETER_TOP_ZN_3 VAV BOX,PERIMETER_TOP_ZN_3,N/A,N/A,N/A,Yes,Yes,unknown,No,14741.739,14741.739,-999.0,-999.0,-999.000,1.0000,1.00000,1.00000,1019.7116,1004.8586,1.0785,unknown,unknown,-999.0,-999.0,,-999.0000,-999.0000,-999.0,-999.00,-999.00,-999.00,-999.00,-999.0000,-999.0,DENVER-AURORA-BUCKLEY.AFB_CO_USA ANN HTG 99.6% CONDNS DB,12/21 08:30:00,unknown,unknown,DENVER-AURORA-BUCKLEY.AFB_CO_USA ANN HTG 99.6% CONDNS DB,12/21 08:30:00,Sensible,14741.74,14741.74,1.0000,0.53149901,0.492818,12.80,10.62,0.00800000,33059.8,40.00,19.91,0.00800000,60796.0,-999.0,-999.00,-999.00,-999.00,0.000,14741.74,-17.90,0.00095524,-17.90,0.00000000,0.0000,20.72,0.00792695,21.00,0.00792695,45.9033,10467.04,0.00,-999.00,-999.00,-999.0,-999.00,-999.00,-999.0,-999.0,-999.00,-999.00,-999.0,-999.0
,PERIMETER_TOP_ZN_2 VAV BOX REHEAT COIL,COIL:HEATING:ELECTRIC,Zone Equipment,ZONEHVAC:AIRDISTRIBUTIONUNIT,PERIMETER_TOP_ZN_2 VAV BOX,PERIMETER_TOP_ZN_2,N/A,N/A,N/A,Yes,Yes,unknown,No,9701.685,9701.685,-999.0,-999.0,-999.000,1.0000,1.00000,1.00000,1019.7116,1004.8586,1.0785,unknown,unknown,-999.0,-999.0,,-999.0000,-999.0000,-999.0,-999.00,-999.00,-999.00,-999.00,-999.0000,-999.0,DENVER-AURORA-BUCKLEY.AFB_CO_USA ANN HTG 99.6% CONDNS DB,12/21 08:30:00,unknown,unknown,DENVER-AURORA-BUCKLEY.AFB_CO_USA ANN HTG 99.6% CONDNS DB,12/21 08:30:00,Sensible,9701.69,9701.69,1.0000,0.34978478,0.324329,12.80,10.62,0.00800000,33059.8,40.00,19.91,0.00800000,60796.0,-999.0,-999.00,-999.00,-999.00,0.000,9701.69,-17.90,0.00095524,-17.90,0.00000000,0.0000,20.72,0.00792618,21.00,0.00792618,45.8990,6888.41,0.00,-999.00,-999.00,-999.0,-999.00,-999.00,-999.0,-999.0,-999.00,-999.00,-999.0,-999.0
,PERIMETER_TOP_ZN_1 VAV BOX REHEAT COIL,COIL:HEATING:ELECTRIC,Zone Equipment,ZONEHVAC:AIRDISTRIBUTIONUNIT,PERIMETER_TOP_ZN_1 VAV BOX,PERIMETER_TOP_ZN_1,N/A,N/A,N/A,Yes,Yes,unknown,No,14841.803,14841.803,-999.0,-999.0,-999.000,1.0000,1.00000,1.00000,1019.7116,1004.8586,1.0785,unknown,unknown,-999.0,-999.0,,-999.0000,-999.0000,-999.0,-999.00,-999.00,-999.00,-999.00,-999.0000,-999.0,DENVER-AURORA-BUCKLEY.AFB_CO_USA ANN HTG 99.6% CONDNS DB,12/21 08:30:00,unknown,unknown,DENVER-AURORA-BUCKLEY.AFB_CO_USA ANN HTG 99.6% CONDNS DB,12/21 08:30:00,Sensible,14841.80,14841.80,1.0000,0.53510672,0.496163,12.80,10.62,0.00800000,33059.8,40.00,19.91,0.00800000,60796.0,-999.0,-999.00,-999.00,-999.00,0.000,14841.80,-17.90,0.00095524,-17.90,0.00000000,0.0000,20.72,0.00792747,21.00,0.00792747,45.9063,10538.04,0.00,-999.00,-999.00,-999.0,-999.00,-999.00,-999.0,-999.0,-999.00,-999.00,-999.0,-999.0
,PERIMETER_TOP_ZN_4 VAV BOX REHEAT COIL,COIL:HEATING:ELECTRIC,Zone Equipment,ZONEHVAC:AIRDISTRIBUTIONUNIT,PERIMETER_TOP_ZN_4 VAV BOX,PERIMETER_TOP_ZN_4,N/A,N/A,N/A,Yes,Yes,unknown,No,9701.507,9701.507,-999.0,-999.0,-999.000,1.0000,1.00000,1.00000,1019.7116,1004.8586,1.0785,unknown,unknown,-999.0,-999.0,,-999.0000,-999.0000,-999.0,-999.00,-999.00,-999.00,-999.00,-999.0000,-999.0,DENVER-AURORA-BUCKLEY.AFB_CO_USA ANN HTG 99.6% CONDNS DB,12/21 08:30:00,unknown,unknown,DENVER-AURORA-BUCKLEY.AFB_CO_USA ANN HTG 99.6% CONDNS DB,12/21 08:30:00,Sensible,9701.51,9701.51,1.0000,0.34977835,0.324323,12.80,10.62,0.00800000,33059.8,40.00,19.91,0.00800000,60796.0,-999.0,-999.00,-999.00,-999.00,0.000,9701.51,-17.90,0.00095524,-17.90,0.00000000,0.0000,20.72,0.00792618,21.00,0.00792618,45.8990,6888.28,0.00,-999.00,-999.00,-999.0,-999.00,-999.00,-999.0,-999.0,-999.00,-999.00,-999.0,-999.0
,PERIMETER_BOT_ZN_3 VAV BOX REHEAT COIL,COIL:HEATING:ELECTRIC,Zone Equipment,ZONEHVAC:AIRDISTRIBUTIONUNIT,PERIMETER_BOT_ZN_3 VAV BOX,PERIMETER_BOT_ZN_3,N/A,N/A,N/A,Yes,Yes,unknown,No,11590.208,11590.208,-999.0,-999.0,-999.000,1.0000,1.00000,1.00000,1019.7116,1004.8586,1.0785,unknown,unknown,-999.0,-999.0,,-999.0000,-999.0000,-999.0,-999.00,-999.00,-999.00,-999.00,-999.0000,-999.0,DENVER-AURORA-BUCKLEY.AFB_CO_USA ANN HTG 99.6% CONDNS DB,12/21 08:30:00,unknown,unknown,DENVER-AURORA-BUCKLEY.AFB_CO_USA ANN HTG 99.6% CONDNS DB,12/21 08:30:00,Sensible,11590.21,11590.21,1.0000,0.41787362,0.387462,12.80,10.62,0.00800000,33059.8,40.00,19.91,0.00800000,60796.0,-999.0,-999.00,-999.00,-999.00,0.000,11590.21,-17.90,0.00095524,-17.90,0.00000000,0.0000,20.73,0.00794218,21.00,0.00794218,45.9901,8225.00,0.00,-999.00,-999.00,-999.0,-999.00,-999.00,-999.0,-999.0,-999.00,-999.00,-999.0,-999.0
,PERIMETER_BOT_ZN_2 VAV BOX REHEAT COIL,COIL:HEATING:ELECTRIC,Zone Equipment,ZONEHVAC:AIRDISTRIBUTIONUNIT,PERIMETER_BOT_ZN_2 VAV BOX,PERIMETER_BOT_ZN_2,N/A,N/A,N/A,Yes,Yes,unknown,No,7710.495,7710.495,-999.0,-999.0,-999.000,1.0000,1.00000,1.00000,1019.7116,1004.8586,1.0785,unknown,unknown,-999.0,-999.0,,-999.0000,-999.0000,-999.0,-999.00,-999.00,-999.00,-999.00,-999.0000,-999.0,DENVER-AURORA-BUCKLEY.AFB_CO_USA ANN HTG 99.6% CONDNS DB,12/21 08:30:00,unknown,unknown,DENVER-AURORA-BUCKLEY.AFB_CO_USA ANN HTG 99.6% CONDNS DB,12/21 08:30:00,Sensible,7710.50,7710.50,1.0000,0.27799438,0.257763,12.80,10.62,0.00800000,33059.8,40.00,19.91,0.00800000,60796.0,-999.0,-999.00,-999.00,-999.00,0.000,7710.50,-17.90,0.00095524,-17.90,0.00000000,0.0000,20.73,0.00794494,21.00,0.00794494,46.0058,5471.67,0.00,-999.00,-999.00,-999.0,-999.00,-999.00,-999.0,-999.0,-999.00,-999.00,-999.0,-999.0
,PERIMETER_BOT_ZN_1 VAV BOX REHEAT COIL,COIL:HEATING:ELECTRIC,Zone Equipment,ZONEHVAC:AIRDISTRIBUTIONUNIT,PERIMETER_BOT_ZN_1 VAV BOX,PERIMETER_BOT_ZN_1,N/A,N/A,N/A,Yes,Yes,unknown,No,11701.969,11701.969,-999.0,-999.0,-999.000,1.0000,1.00000,1.00000,1019.7116,1004.8586,1.0785,unknown,unknown,-999.0,-999.0,,-999.0000,-999.0000,-999.0,-999.00,-999.00,-999.00,-999.00,-999.0000,-999.0,DENVER-AURORA-BUCKLEY.AFB_CO_USA ANN HTG 99.6% CONDNS DB,12/21 08:30:00,unknown,unknown,DENVER-AURORA-BUCKLEY.AFB_CO_USA ANN HTG 99.6% CONDNS DB,12/21 08:30:00,Sensible,11701.97,11701.97,1.0000,0.42190306,0.391198,12.80,10.62,0.00800000,33059.8,40.00,19.91,0.00800000,60796.0,-999.0,-999.00,-999.00,-999.00,0.000,11701.97,-17.90,0.00095524,-17.90,0.00000000,0.0000,20.73,0.00794331,21.00,0.00794331,45.9965,8304.27,0.00,-999.00,-999.00,-999.0,-999.00,-999.00,-999.0,-999.0,-999.00,-999.00,-999.0,-999.0
,PERIMETER_BOT_ZN_4 VAV BOX REHEAT COIL,COIL:HEATING:ELECTRIC,Zone Equipment,ZONEHVAC:AIRDISTRIBUTIONUNIT,PERIMETER_BOT_ZN_4 VAV BOX,PERIMETER_BOT_ZN_4,N/A,N/A,N/A,Yes,Yes,unknown,No,7710.423,7710.423,-999.0,-999.0,-999.000,1.0000,1.00000,1.00000,1019.7116,1004.8586,1.0785,unknown,unknown,-999.0,-999.0,,-999.0000,-999.0000,-999.0,-999.00,-999.00,-999.00,-999.00,-999.0000,-999.0,DENVER-AURORA-BUCKLEY.AFB_CO_USA ANN HTG 99.6% CONDNS DB,12/21 08:30:00,unknown,unknown,DENVER-AURORA-BUCKLEY.AFB_CO_USA ANN HTG 99.6% CONDNS DB,12/21 08:30:00,Sensible,7710.42,7710.42,1.0000,0.27799176,0.257760,12.80,10.62,0.00800000,33059.8,40.00,19.91,0.00800000,60796.0,-999.0,-999.00,-999.00,-999.00,0.000,7710.42,-17.90,0.00095524,-17.90,0.00000000,0.0000,20.73,0.00794494,21.00,0.00794494,46.0058,5471.61,0.00,-999.00,-999.00,-999.0,-999.00,-999.00,-999.0,-999.0,-999.00,-999.00,-999.0,-999.0
,PERIMETER_MID_ZN_3 VAV BOX REHEAT COIL,COIL:HEATING:ELECTRIC,Zone Equipment,ZONEHVAC:AIRDISTRIBUTIONUNIT,PERIMETER_MID_ZN_3 VAV BOX,PERIMETER_MID_ZN_3,N/A,N/A,N/A,Yes,Yes,unknown,No,11623.124,11623.124,-999.0,-999.0,-999.000,1.0000,1.00000,1.00000,1019.7116,1004.8586,1.0785,unknown,unknown,-999.0,-999.0,,-999.0000,-999.0000,-999.0,-999.00,-999.00,-999.00,-999.00,-999.0000,-999.0,DENVER-AURORA-BUCKLEY.AFB_CO_USA ANN HTG 99.6% CONDNS DB,12/21 08:30:00,unknown,unknown,DENVER-AURORA-BUCKLEY.AFB_CO_USA ANN HTG 99.6% CONDNS DB,12/21 08:30:00,Sensible,11623.12,11623.12,1.0000,0.41906039,0.388563,12.80,10.62,0.00800000,33059.8,40.00,19.91,0.00800000,60796.0,-999.0,-999.00,-999.00,-999.00,0.000,11623.12,-17.90,0.00095524,-17.90,0.00000000,0.0000,20.73,0.00791853,21.00,0.00791853,45.8550,8251.70,0.00,-999.00,-999.00,-999.0,-999.00,-999.00,-999.0,-999.0,-999.00,-999.00,-999.0,-999.0
,PERIMETER_MID_ZN_2 VAV BOX REHEAT COIL,COIL:HEATING:ELECTRIC,Zone Equipment,ZONEHVAC:AIRDISTRIBUTIONUNIT,PERIMETER_MID_ZN_2 VAV BOX,PERIMETER_MID_ZN_2,N/A,N/A,N/A,Yes,Yes,unknown,No,7720.987,7720.987,-999.0,-999.0,-999.000,1.0000,1.00000,1.00000,1019.7116,1004.8586,1.0785,unknown,unknown,-999.0,-999.0,,-999.0000,-999.0000,-999.0,-999.00,-999.00,-999.00,-999.00,-999.0000,-999.0,DENVER-AURORA-BUCKLEY.AFB_CO_USA ANN HTG 99.6% CONDNS DB,12/21 08:30:00,unknown,unknown,DENVER-AURORA-BUCKLEY.AFB_CO_USA ANN HTG 99.6% CONDNS DB,12/21 08:30:00,Sensible,7720.99,7720.99,1.0000,0.27837266,0.258114,12.80,10.62,0.00800000,33059.8,40.00,19.91,0.00800000,60796.0,-999.0,-999.00,-999.00,-999.00,0.000,7720.99,-17.90,0.00095524,-17.90,0.00000000,0.0000,20.73,0.00791983,21.00,0.00791983,45.8625,5481.28,0.00,-999.00,-999.00,-999.0,-999.00,-999.00,-999.0,-999.0,-999.00,-999.00,-999.0,-999.0
,PERIMETER_MID_ZN_1 VAV BOX REHEAT COIL,COIL:HEATING:ELECTRIC,Zone Equipment,ZONEHVAC:AIRDISTRIBUTIONUNIT,PERIMETER_MID_ZN_1 VAV BOX,PERIMETER_MID_ZN_1,N/A,N/A,N/A,Yes,Yes,unknown,No,11716.279,11716.279,-999.0,-999.0,-999.000,1.0000,1.00000,1.00000,1019.7116,1004.8586,1.0785,unknown,unknown,-999.0,-999.0,,-999.0000,-999.0000,-999.0,-999.00,-999.00,-999.00,-999.00,-999.0000,-999.0,DENVER-AURORA-BUCKLEY.AFB_CO_USA ANN HTG 99.6% CONDNS DB,12/21 08:30:00,unknown,unknown,DENVER-AURORA-BUCKLEY.AFB_CO_USA ANN HTG 99.6% CONDNS DB,12/21 08:30:00,Sensible,11716.28,11716.28,1.0000,0.42241900,0.391677,12.80,10.62,0.00800000,33059.8,40.00,19.91,0.00800000,60796.0,-999.0,-999.00,-999.00,-999.00,0.000,11716.28,-17.90,0.00095524,-17.90,0.00000000,0.0000,20.73,0.00791948,21.00,0.00791948,45.8605,8317.75,0.00,-999.00,-999.00,-999.0,-999.00,-999.00,-999.0,-999.0,-999.00,-999.00,-999.0,-999.0
,PERIMETER_MID_ZN_4 VAV BOX REHEAT COIL,COIL:HEATING:ELECTRIC,Zone Equipment,ZONEHVAC:AIRDISTRIBUTIONUNIT,PERIMETER_MID_ZN_4 VAV BOX,PERIMETER_MID_ZN_4,N/A,N/A,N/A,Yes,Yes,unknown,No,7720.910,7720.910,-999.0,-999.0,-999.000,1.0000,1.00000,1.00000,1019.7116,1004.8586,1.0785,unknown,unknown,-999.0,-999.0,,-999.0000,-999.0000,-999.0,-999.00,-999.00,-999.00,-999.00,-999.0000,-999.0,DENVER-AURORA-BUCKLEY.AFB_CO_USA ANN HTG 99.6% CONDNS DB,12/21 08:30:00,unknown,unknown,DENVER-AURORA-BUCKLEY.AFB_CO_USA ANN HTG 99.6% CONDNS DB,12/21 08:30:00,Sensible,7720.91,7720.91,1.0000,0.27836987,0.258111,12.80,10.62,0.00800000,33059.8,40.00,19.91,0.00800000,60796.0,-999.0,-999.00,-999.00,-999.00,0.000,7720.91,-17.90,0.00095524,-17.90,0.00000000,0.0000,20.73,0.00791983,21.00,0.00791983,45.8625,5481.22,0.00,-999.00,-999.00,-999.0,-999.00,-999.00,-999.0,-999.0,-999.00,-999.00,-999.0,-999.0
,PACU_VAV_BOT_COOLC DXCOIL,Coil:Cooling:DX:TwoSpeed,AirLoop,AirLoopHVAC,PACU_VAV_BOT,CORE_BOTTOM; PERIMETER_BOT_ZN_3; PERIMETER_BOT_ZN_2; PERIMETER_BOT_ZN_1; PERIMETER_BOT_ZN_4;,Coincident,CoolingDesignCapacity,N/A,Yes,Yes,unknown,No,97897.472,83652.475,5.849659,-999.0,-999.000,-999.0000,1.00000,1.00000,1020.1422,1004.8586,1.0785,PACU_VAV_BOT FAN,Fan:VariableVolume,5.849659,6.30879161,,-999.0000,-999.0000,-999.0,-999.00,-999.00,-999.00,-999.00,-999.0000,-999.0,DENVER-AURORA-BUCKLEY.AFB_CO_USA ANN CLG .4% CONDNS DB=>MWB,7/21 15:00:00,DENVER-AURORA-BUCKLEY.AFB_CO_USA ANN CLG .4% CONDNS DB=>MWB,7/21 15:00:00,DENVER-AURORA-BUCKLEY.AFB_CO_USA ANN CLG .4% CONDNS DB=>MWB,7/21 16:30:00,Sensible,95319.37,95319.37,0.9737,6.30879161,5.849659,25.63,15.60,0.00823163,46737.0,10.82,10.04,0.00823163,31628.0,-999.0,-999.00,-999.00,-999.00,12722.355,82597.02,33.90,0.00547527,16.11,0.95610000,16.3445,24.00,0.00877697,24.00,0.00877697,42.3014,71354.51,0.00,100945.43,79804.66,6.05964203,26.67,19.44,0.01118466,55322.4,13.79,13.78,0.00981679,38663.7
,PACU_VAV_BOT_HEATC,Coil:Heating:Fuel,AirLoop,AirLoopHVAC,PACU_VAV_BOT,CORE_BOTTOM; PERIMETER_BOT_ZN_3; PERIMETER_BOT_ZN_2; PERIMETER_BOT_ZN_1; PERIMETER_BOT_ZN_4;,Coincident,HeatingDesignCapacity,N/A,Yes,Yes,unknown,No,26769.863,26769.863,-999.0,-999.0,-999.000,-999.0000,1.00000,1.00000,1019.7116,1004.8586,1.0785,PACU_VAV_BOT FAN,Fan:VariableVolume,5.849659,6.30879161,,-999.0000,-999.0000,-999.0,-999.00,-999.00,-999.00,-999.00,-999.0000,-999.0,DENVER-AURORA-BUCKLEY.AFB_CO_USA ANN HTG 99.6% CONDNS DB,12/21 06:15:00,unknown,unknown,DENVER-AURORA-BUCKLEY.AFB_CO_USA ANN HTG 99.6% CONDNS DB,12/21 08:30:00,Sensible,26769.86,26769.86,1.0000,1.89263748,1.754898,-1.28,-1.28,0.00385660,8354.0,12.80,10.62,0.00800000,33059.8,-999.0,-999.00,-999.00,-999.00,0.000,26769.86,-17.90,0.00095524,-17.90,0.95610000,54.4818,18.62,0.00732930,17.67,0.00682759,48.7417,13499.30,0.00,-999.00,-999.00,-999.0,-999.00,-999.00,-999.0,-999.0,-999.00,-999.00,-999.0,-999.0
,PACU_VAV_MID_COOLC DXCOIL,Coil:Cooling:DX:TwoSpeed,AirLoop,AirLoopHVAC,PACU_VAV_MID,CORE_MID; PERIMETER_MID_ZN_3; PERIMETER_MID_ZN_2; PERIMETER_MID_ZN_1; PERIMETER_MID_ZN_4;,Coincident,CoolingDesignCapacity,N/A,Yes,Yes,unknown,No,75800.807,64251.345,4.465465,-999.0,-999.000,-999.0000,1.00000,1.00000,1019.9508,1004.8586,1.0785,PACU_VAV_MID FAN,Fan:VariableVolume,4.465465,4.81595359,,-999.0000,-999.0000,-999.0,-999.00,-999.00,-999.00,-999.00,-999.0000,-999.0,DENVER-AURORA-BUCKLEY.AFB_CO_USA ANN CLG .4% CONDNS DB=>MWB,7/21 16:00:00,DENVER-AURORA-BUCKLEY.AFB_CO_USA ANN CLG .4% CONDNS DB=>MWB,7/21 16:00:00,DENVER-AURORA-BUCKLEY.AFB_CO_USA ANN CLG .4% CONDNS DB=>MWB,7/21 16:30:00,Sensible,74311.31,74311.31,0.9803,4.81595359,4.465465,25.94,15.62,0.00812865,46785.2,10.81,9.93,0.00812865,31354.9,-999.0,-999.00,-999.00,-999.00,9774.951,64536.36,33.01,0.00547390,15.81,0.95610000,21.4110,24.00,0.00885672,24.00,0.00885672,42.6802,54759.38,0.00,78160.81,61339.28,4.62575983,26.67,19.44,0.01118466,55322.4,13.70,13.69,0.00975888,38425.5
,PACU_VAV_MID_HEATC,Coil:Heating:Fuel,AirLoop,AirLoopHVAC,PACU_VAV_MID,CORE_MID; PERIMETER_MID_ZN_3; PERIMETER_MID_ZN_2; PERIMETER_MID_ZN_1; PERIMETER_MID_ZN_4;,Coincident,HeatingDesignCapacity,N/A,Yes,Yes,unknown,No,29482.177,29482.177,-999.0,-999.0,-999.000,-999.0000,1.00000,1.00000,1019.7116,1004.8586,1.0785,PACU_VAV_MID FAN,Fan:VariableVolume,4.465465,4.81595359,,-999.0000,-999.0000,-999.0,-999.00,-999.00,-999.00,-999.00,-999.0000,-999.0,DENVER-AURORA-BUCKLEY.AFB_CO_USA ANN HTG 99.6% CONDNS DB,12/21 06:15:00,unknown,unknown,DENVER-AURORA-BUCKLEY.AFB_CO_USA ANN HTG 99.6% CONDNS DB,12/21 08:30:00,Sensible,29482.18,29482.18,1.0000,1.44478608,1.339639,-7.51,-7.51,0.00279854,-583.7,12.80,10.62,0.00800000,33059.8,-999.0,-999.00,-999.00,-999.00,0.000,29482.18,-17.90,0.00095524,-17.90,0.95610000,71.3700,18.40,0.00739358,17.68,0.00709447,50.5806,17297.40,0.00,-999.00,-999.00,-999.0,-999.00,-999.00,-999.0,-999.0,-999.00,-999.00,-999.0,-999.0
,PACU_VAV_TOP_COOLC DXCOIL,Coil:Cooling:DX:TwoSpeed,AirLoop,AirLoopHVAC,PACU_VAV_TOP,CORE_TOP; PERIMETER_TOP_ZN_3; PERIMETER_TOP_ZN_2; PERIMETER_TOP_ZN_1; PERIMETER_TOP_ZN_4;,Coincident,CoolingDesignCapacity,N/A,Yes,Yes,unknown,No,84984.887,72734.894,5.092341,-999.0,-999.000,-999.0000,1.00000,1.00000,1020.0500,1004.8586,1.0785,PACU_VAV_TOP FAN,Fan:VariableVolume,5.092341,5.49203271,,-999.0000,-999.0000,-999.0,-999.00,-999.00,-999.00,-999.00,-999.0000,-999.0,DENVER-AURORA-BUCKLEY.AFB_CO_USA ANN CLG .4% CONDNS DB=>MWB,7/21 16:00:00,DENVER-AURORA-BUCKLEY.AFB_CO_USA ANN CLG .4% CONDNS DB=>MWB,7/21 16:00:00,DENVER-AURORA-BUCKLEY.AFB_CO_USA ANN CLG .4% CONDNS DB=>MWB,7/21 16:30:00,Sensible,83314.92,83314.92,0.9803,5.49203271,5.092341,25.69,15.58,0.00818205,46673.0,10.82,9.99,0.00818205,31502.9,-999.0,-999.00,-999.00,-999.00,11075.273,72239.64,33.01,0.00547390,15.81,0.95610000,18.7753,24.00,0.00880994,24.00,0.00880994,42.4579,62618.04,0.00,87630.83,69379.63,5.27513894,26.67,19.44,0.01118466,55322.4,13.81,13.79,0.00982813,38710.3
,PACU_VAV_TOP_HEATC,Coil:Heating:Fuel,AirLoop,AirLoopHVAC,PACU_VAV_TOP,CORE_TOP; PERIMETER_TOP_ZN_3; PERIMETER_TOP_ZN_2; PERIMETER_TOP_ZN_1; PERIMETER_TOP_ZN_4;,Coincident,HeatingDesignCapacity,N/A,Yes,Yes,unknown,No,28899.464,28899.464,-999.0,-999.0,-999.000,-999.0000,1.00000,1.00000,1019.7116,1004.8586,1.0785,PACU_VAV_TOP FAN,Fan:VariableVolume,5.092341,5.49203271,,-999.0000,-999.0000,-999.0,-999.00,-999.00,-999.00,-999.00,-999.0000,-999.0,DENVER-AURORA-BUCKLEY.AFB_CO_USA ANN HTG 99.6% CONDNS DB,12/21 05:30:00,unknown,unknown,DENVER-AURORA-BUCKLEY.AFB_CO_USA ANN HTG 99.6% CONDNS DB,12/21 08:30:00,Sensible,28899.46,28899.46,1.0000,1.64760981,1.527702,-4.66,-4.66,0.00339680,3787.8,12.80,10.62,0.00800000,33059.8,-999.0,-999.00,-999.00,-999.00,0.000,28899.46,-17.90,0.00095524,-17.90,0.95610000,62.5842,17.50,0.00748071,17.38,0.00724097,52.5854,17830.18,0.00,-999.00,-999.00,-999.0,-999.00,-999.00,-999.0,-999.0,-999.00,-999.00,-999.0,-999.0


Coil Connections

,,Coil Name,Coil Type,Coil Location,HVAC Type,HVAC Name,Zone Name(s),Supply Fan Name for HVAC,Supply Fan Type for HVAC,Airloop Name,Plant Name for Coil,Plant Loop Name
,CORE_BOTTOM VAV BOX REHEAT COIL,CORE_BOTTOM VAV BOX REHEAT COIL,COIL:HEATING:ELECTRIC,Zone Equipment,ZONEHVAC:AIRDISTRIBUTIONUNIT,CORE_BOTTOM VAV BOX,CORE_BOTTOM,unknown,unknown,N/A,unknown,unknown
,CORE_MID VAV BOX REHEAT COIL,CORE_MID VAV BOX REHEAT COIL,COIL:HEATING:ELECTRIC,Zone Equipment,ZONEHVAC:AIRDISTRIBUTIONUNIT,CORE_MID VAV BOX,CORE_MID,unknown,unknown,N/A,unknown,unknown
,CORE_TOP VAV BOX REHEAT COIL,CORE_TOP VAV BOX REHEAT COIL,COIL:HEATING:ELECTRIC,Zone Equipment,ZONEHVAC:AIRDISTRIBUTIONUNIT,CORE_TOP VAV BOX,CORE_TOP,unknown,unknown,N/A,unknown,unknown
,PERIMETER_TOP_ZN_3 VAV BOX REHEAT COIL,PERIMETER_TOP_ZN_3 VAV BOX REHEAT COIL,COIL:HEATING:ELECTRIC,Zone Equipment,ZONEHVAC:AIRDISTRIBUTIONUNIT,PERIMETER_TOP_ZN_3 VAV BOX,PERIMETER_TOP_ZN_3,unknown,unknown,N/A,unknown,unknown
,PERIMETER_TOP_ZN_2 VAV BOX REHEAT COIL,PERIMETER_TOP_ZN_2 VAV BOX REHEAT COIL,COIL:HEATING:ELECTRIC,Zone Equipment,ZONEHVAC:AIRDISTRIBUTIONUNIT,PERIMETER_TOP_ZN_2 VAV BOX,PERIMETER_TOP_ZN_2,unknown,unknown,N/A,unknown,unknown
,PERIMETER_TOP_ZN_1 VAV BOX REHEAT COIL,PERIMETER_TOP_ZN_1 VAV BOX REHEAT COIL,COIL:HEATING:ELECTRIC,Zone Equipment,ZONEHVAC:AIRDISTRIBUTIONUNIT,PERIMETER_TOP_ZN_1 VAV BOX,PERIMETER_TOP_ZN_1,unknown,unknown,N/A,unknown,unknown
,PERIMETER_TOP_ZN_4 VAV BOX REHEAT COIL,PERIMETER_TOP_ZN_4 VAV BOX REHEAT COIL,COIL:HEATING:ELECTRIC,Zone Equipment,ZONEHVAC:AIRDISTRIBUTIONUNIT,PERIMETER_TOP_ZN_4 VAV BOX,PERIMETER_TOP_ZN_4,unknown,unknown,N/A,unknown,unknown
,PERIMETER_BOT_ZN_3 VAV BOX REHEAT COIL,PERIMETER_BOT_ZN_3 VAV BOX REHEAT COIL,COIL:HEATING:ELECTRIC,Zone Equipment,ZONEHVAC:AIRDISTRIBUTIONUNIT,PERIMETER_BOT_ZN_3 VAV BOX,PERIMETER_BOT_ZN_3,unknown,unknown,N/A,unknown,unknown
,PERIMETER_BOT_ZN_2 VAV BOX REHEAT COIL,PERIMETER_BOT_ZN_2 VAV BOX REHEAT COIL,COIL:HEATING:ELECTRIC,Zone Equipment,ZONEHVAC:AIRDISTRIBUTIONUNIT,PERIMETER_BOT_ZN_2 VAV BOX,PERIMETER_BOT_ZN_2,unknown,unknown,N/A,unknown,unknown
,PERIMETER_BOT_ZN_1 VAV BOX REHEAT COIL,PERIMETER_BOT_ZN_1 VAV BOX REHEAT COIL,COIL:HEATING:ELECTRIC,Zone Equipment,ZONEHVAC:AIRDISTRIBUTIONUNIT,PERIMETER_BOT_ZN_1 VAV BOX,PERIMETER_BOT_ZN_1,unknown,unknown,N/A,unknown,unknown
,PERIMETER_BOT_ZN_4 VAV BOX REHEAT COIL,PERIMETER_BOT_ZN_4 VAV BOX REHEAT COIL,COIL:HEATING:ELECTRIC,Zone Equipment,ZONEHVAC:AIRDISTRIBUTIONUNIT,PERIMETER_BOT_ZN_4 VAV BOX,PERIMETER_BOT_ZN_4,unknown,unknown,N/A,unknown,unknown
,PERIMETER_MID_ZN_3 VAV BOX REHEAT COIL,PERIMETER_MID_ZN_3 VAV BOX REHEAT COIL,COIL:HEATING:ELECTRIC,Zone Equipment,ZONEHVAC:AIRDISTRIBUTIONUNIT,PERIMETER_MID_ZN_3 VAV BOX,PERIMETER_MID_ZN_3,unknown,unknown,N/A,unknown,unknown
,PERIMETER_MID_ZN_2 VAV BOX REHEAT COIL,PERIMETER_MID_ZN_2 VAV BOX REHEAT COIL,COIL:HEATING:ELECTRIC,Zone Equipment,ZONEHVAC:AIRDISTRIBUTIONUNIT,PERIMETER_MID_ZN_2 VAV BOX,PERIMETER_MID_ZN_2,unknown,unknown,N/A,unknown,unknown
,PERIMETER_MID_ZN_1 VAV BOX REHEAT COIL,PERIMETER_MID_ZN_1 VAV BOX REHEAT COIL,COIL:HEATING:ELECTRIC,Zone Equipment,ZONEHVAC:AIRDISTRIBUTIONUNIT,PERIMETER_MID_ZN_1 VAV BOX,PERIMETER_MID_ZN_1,unknown,unknown,N/A,unknown,unknown
,PERIMETER_MID_ZN_4 VAV BOX REHEAT COIL,PERIMETER_MID_ZN_4 VAV BOX REHEAT COIL,COIL:HEATING:ELECTRIC,Zone Equipment,ZONEHVAC:AIRDISTRIBUTIONUNIT,PERIMETER_MID_ZN_4 VAV BOX,PERIMETER_MID_ZN_4,unknown,unknown,N/A,unknown,unknown
,PACU_VAV_BOT_COOLC DXCOIL,PACU_VAV_BOT_COOLC DXCOIL,Coil:Cooling:DX:TwoSpeed,AirLoop,AirLoopHVAC,PACU_VAV_BOT,CORE_BOTTOM; PERIMETER_BOT_ZN_3; PERIMETER_BOT_ZN_2; PERIMETER_BOT_ZN_1; PERIMETER_BOT_ZN_4;,PACU_VAV_BOT FAN,Fan:VariableVolume,PACU_VAV_BOT,unknown,unknown
,PACU_VAV_BOT_HEATC,PACU_VAV_BOT_HEATC,Coil:Heating:Fuel,AirLoop,AirLoopHVAC,PACU_VAV_BOT,CORE_BOTTOM; PERIMETER_BOT_ZN_3; PERIMETER_BOT_ZN_2; PERIMETER_BOT_ZN_1; PERIMETER_BOT_ZN_4;,PACU_VAV_BOT FAN,Fan:VariableVolume,PACU_VAV_BOT,unknown,unknown
,PACU_VAV_MID_COOLC DXCOIL,PACU_VAV_MID_COOLC DXCOIL,Coil:Cooling:DX:TwoSpeed,AirLoop,AirLoopHVAC,PACU_VAV_MID,CORE_MID; PERIMETER_MID_ZN_3; PERIMETER_MID_ZN_2; PERIMETER_MID_ZN_1; PERIMETER_MID_ZN_4;,PACU_VAV_MID FAN,Fan:VariableVolume,PACU_VAV_MID,unknown,unknown
,PACU_VAV_MID_HEATC,PACU_VAV_MID_HEATC,Coil:Heating:Fuel,AirLoop,AirLoopHVAC,PACU_VAV_MID,CORE_MID; PERIMETER_MID_ZN_3; PERIMETER_MID_ZN_2; PERIMETER_MID_ZN_1; PERIMETER_MID_ZN_4;,PACU_VAV_MID FAN,Fan:VariableVolume,PACU_VAV_MID,unknown,unknown
,PACU_VAV_TOP_COOLC DXCOIL,PACU_VAV_TOP_COOLC DXCOIL,Coil:Cooling:DX:TwoSpeed,AirLoop,AirLoopHVAC,PACU_VAV_TOP,CORE_TOP; PERIMETER_TOP_ZN_3; PERIMETER_TOP_ZN_2; PERIMETER_TOP_ZN_1; PERIMETER_TOP_ZN_4;,PACU_VAV_TOP FAN,Fan:VariableVolume,PACU_VAV_TOP,unknown,unknown
,PACU_VAV_TOP_HEATC,PACU_VAV_TOP_HEATC,Coil:Heating:Fuel,AirLoop,AirLoopHVAC,PACU_VAV_TOP,CORE_TOP; PERIMETER_TOP_ZN_3; PERIMETER_TOP_ZN_2; PERIMETER_TOP_ZN_1; PERIMETER_TOP_ZN_4;,PACU_VAV_TOP FAN,Fan:VariableVolume,PACU_VAV_TOP,unknown,unknown


----------------------------------------------------------------------------------------------------
REPORT:,System Summary
FOR:,Entire Facility
Economizer

,,High Limit Shutoff Control,Minimum Outdoor Air [m3/s],Maximum Outdoor Air [m3/s],Return Air Temp Limit,Return Air Enthalpy Limit,Outdoor Air Temperature Limit [C],Outdoor Air Enthalpy Limit [C],AirLoopHVAC:OutdoorAirSystem Name
,PACU_VAV_BOT_OA_CONTROLLER,DifferentialDryBulb,0.00,5.85,-,,,,PACU_VAV_BOT_OA
,PACU_VAV_MID_OA_CONTROLLER,DifferentialDryBulb,0.00,4.47,-,,,,PACU_VAV_MID_OA
,PACU_VAV_TOP_OA_CONTROLLER,DifferentialDryBulb,0.00,5.09,-,,,,PACU_VAV_TOP_OA


Demand Controlled Ventilation using Controller:MechanicalVentilation

,,Controller:MechanicalVentilation Name,Outdoor Air Per Person [m3/s-person],Outdoor Air Per Area [m3/s-m2],Outdoor Air Per Zone [m3/s],Outdoor Air ACH [ach],Outdoor Air Method,Outdoor Air Schedule Name,Air Distribution Effectiveness in Cooling Mode,Air Distribution Effectiveness in Heating Mode,Air Distribution Effectiveness Schedule Name,Type
,CORE_BOTTOM,PACU_VAV_BOT_DCV,0.000000,0.000432,0.000000,0.000000,Sum,Constant-1.0,1.00,1.00,,Ventilation Rate Procedure Level
,CORE_MID,PACU_VAV_MID_DCV,0.000000,0.000432,0.000000,0.000000,Sum,Constant-1.0,1.00,1.00,,Ventilation Rate Procedure Level
,CORE_TOP,PACU_VAV_TOP_DCV,0.000000,0.000432,0.000000,0.000000,Sum,Constant-1.0,1.00,1.00,,Ventilation Rate Procedure Level
,PERIMETER_TOP_ZN_3,PACU_VAV_TOP_DCV,0.000000,0.000432,0.000000,0.000000,Sum,Constant-1.0,1.00,1.00,,Ventilation Rate Procedure Level
,PERIMETER_TOP_ZN_2,PACU_VAV_TOP_DCV,0.000000,0.000432,0.000000,0.000000,Sum,Constant-1.0,1.00,1.00,,Ventilation Rate Procedure Level
,PERIMETER_TOP_ZN_1,PACU_VAV_TOP_DCV,0.000000,0.000432,0.000000,0.000000,Sum,Constant-1.0,1.00,1.00,,Ventilation Rate Procedure Level
,PERIMETER_TOP_ZN_4,PACU_VAV_TOP_DCV,0.000000,0.000432,0.000000,0.000000,Sum,Constant-1.0,1.00,1.00,,Ventilation Rate Procedure Level
,PERIMETER_BOT_ZN_3,PACU_VAV_BOT_DCV,0.000000,0.000432,0.000000,0.000000,Sum,Constant-1.0,1.00,1.00,,Ventilation Rate Procedure Level
,PERIMETER_BOT_ZN_2,PACU_VAV_BOT_DCV,0.000000,0.000432,0.000000,0.000000,Sum,Constant-1.0,1.00,1.00,,Ventilation Rate Procedure Level
,PERIMETER_BOT_ZN_1,PACU_VAV_BOT_DCV,0.000000,0.000432,0.000000,0.000000,Sum,Constant-1.0,1.00,1.00,,Ventilation Rate Procedure Level
,PERIMETER_BOT_ZN_4,PACU_VAV_BOT_DCV,0.000000,0.000432,0.000000,0.000000,Sum,Constant-1.0,1.00,1.00,,Ventilation Rate Procedure Level
,PERIMETER_MID_ZN_3,PACU_VAV_MID_DCV,0.000000,0.000432,0.000000,0.000000,Sum,Constant-1.0,1.00,1.00,,Ventilation Rate Procedure Level
,PERIMETER_MID_ZN_2,PACU_VAV_MID_DCV,0.000000,0.000432,0.000000,0.000000,Sum,PERIMETER_MID_ZN_2_OA_MULT,1.00,1.00,,Ventilation Rate Procedure Level
,PERIMETER_MID_ZN_1,PACU_VAV_MID_DCV,0.000000,0.000432,0.000000,0.000000,Sum,Constant-1.0,1.00,1.00,,Ventilation Rate Procedure Level
,PERIMETER_MID_ZN_4,PACU_VAV_MID_DCV,0.000000,0.000432,0.000000,0.000000,Sum,Constant-1.0,1.00,1.00,,Ventilation Rate Procedure Level


Time Not Comfortable Based on Simple ASHRAE 55-2004

,,Winter Clothes [hr],Summer Clothes [hr],Summer or Winter Clothes [hr]
,CORE_BOTTOM,1443.00,0.00,0.00
,CORE_MID,1373.75,0.00,0.00
,CORE_TOP,1304.75,7.00,4.50
,PERIMETER_TOP_ZN_3,1252.50,161.50,92.75
,PERIMETER_TOP_ZN_2,1341.25,188.75,164.00
,PERIMETER_TOP_ZN_1,1356.25,181.50,164.75
,PERIMETER_TOP_ZN_4,1334.75,160.25,131.00
,PERIMETER_BOT_ZN_3,1101.75,137.25,17.25
,PERIMETER_BOT_ZN_2,1348.50,71.75,62.75
,PERIMETER_BOT_ZN_1,1378.00,161.50,149.00
,PERIMETER_BOT_ZN_4,1361.00,56.50,51.75
,PERIMETER_MID_ZN_3,1327.75,79.25,62.25
,PERIMETER_MID_ZN_2,1172.00,147.75,145.50
,PERIMETER_MID_ZN_1,1419.25,149.25,149.25
,PERIMETER_MID_ZN_4,1397.50,111.00,109.00
,TOPFLOOR_PLENUM,0.00,0.00,0.00
,MIDFLOOR_PLENUM,0.00,0.00,0.00
,FIRSTFLOOR_PLENUM,0.00,0.00,0.00
,Facility,1472.00,424.00,308.50
Aggregated over the RunPeriods for Weather


Time Setpoint Not Met

,,During Heating [hr],During Cooling [hr],During Occupied Heating [hr],During Occupied Cooling [hr]
,CORE_BOTTOM,0.00,4.50,0.00,0.00
,CORE_MID,0.00,1.25,0.00,0.50
,CORE_TOP,0.00,0.25,0.00,0.00
,PERIMETER_TOP_ZN_3,0.00,21.00,0.00,17.75
,PERIMETER_TOP_ZN_2,0.00,55.50,0.00,48.75
,PERIMETER_TOP_ZN_1,0.00,117.50,0.00,112.75
,PERIMETER_TOP_ZN_4,0.00,47.25,0.00,32.00
,PERIMETER_BOT_ZN_3,0.00,1.25,0.00,1.25
,PERIMETER_BOT_ZN_2,0.00,23.25,0.00,22.75
,PERIMETER_BOT_ZN_1,0.00,162.00,0.00,160.50
,PERIMETER_BOT_ZN_4,0.00,22.00,0.00,15.75
,PERIMETER_MID_ZN_3,0.00,11.00,0.00,10.75
,PERIMETER_MID_ZN_2,0.00,45.00,0.00,42.75
,PERIMETER_MID_ZN_1,0.00,147.50,0.00,145.00
,PERIMETER_MID_ZN_4,0.00,38.50,0.00,27.00
,TOPFLOOR_PLENUM,0.00,0.00,0.00,0.00
,MIDFLOOR_PLENUM,0.00,0.00,0.00,0.00
,FIRSTFLOOR_PLENUM,0.00,0.00,0.00,0.00
,Facility,0.00,314.75,0.00,278.25
Aggregated over the RunPeriods for Weather


Thermostat Schedules

,,Thermostat Name 1,Control Type Schedule,Control Type,Control Type Name,Heating Schedule,Cooling Schedule
,CORE_BOTTOM,CORE_BOTTOM THERMOSTAT,DUAL ZONE CONTROL TYPE SCHED,DualSetPointWithDeadBand,CORE_BOTTOM DUALSPSCHED,HTGSETP_SCH_YES_OPTIMUM,CLGSETP_SCH_YES_OPTIMUM
,CORE_MID,CORE_MID THERMOSTAT,DUAL ZONE CONTROL TYPE SCHED,DualSetPointWithDeadBand,CORE_MID DUALSPSCHED,HTGSETP_SCH_YES_OPTIMUM,CLGSETP_SCH_YES_OPTIMUM
,CORE_TOP,CORE_TOP THERMOSTAT,DUAL ZONE CONTROL TYPE SCHED,DualSetPointWithDeadBand,CORE_TOP DUALSPSCHED,HTGSETP_SCH_YES_OPTIMUM,CLGSETP_SCH_YES_OPTIMUM
,PERIMETER_TOP_ZN_3,PERIMETER_TOP_ZN_3 THERMOSTAT,DUAL ZONE CONTROL TYPE SCHED,DualSetPointWithDeadBand,PERIMETER_TOP_ZN_3 DUALSPSCHED,HTGSETP_SCH_YES_OPTIMUM,CLGSETP_SCH_YES_OPTIMUM
,PERIMETER_TOP_ZN_2,PERIMETER_TOP_ZN_2 THERMOSTAT,DUAL ZONE CONTROL TYPE SCHED,DualSetPointWithDeadBand,PERIMETER_TOP_ZN_2 DUALSPSCHED,HTGSETP_SCH_YES_OPTIMUM,CLGSETP_SCH_YES_OPTIMUM
,PERIMETER_TOP_ZN_1,PERIMETER_TOP_ZN_1 THERMOSTAT,DUAL ZONE CONTROL TYPE SCHED,DualSetPointWithDeadBand,PERIMETER_TOP_ZN_1 DUALSPSCHED,HTGSETP_SCH_YES_OPTIMUM,CLGSETP_SCH_YES_OPTIMUM
,PERIMETER_TOP_ZN_4,PERIMETER_TOP_ZN_4 THERMOSTAT,DUAL ZONE CONTROL TYPE SCHED,DualSetPointWithDeadBand,PERIMETER_TOP_ZN_4 DUALSPSCHED,HTGSETP_SCH_YES_OPTIMUM,CLGSETP_SCH_YES_OPTIMUM
,PERIMETER_BOT_ZN_3,PERIMETER_BOT_ZN_3 THERMOSTAT,DUAL ZONE CONTROL TYPE SCHED,DualSetPointWithDeadBand,PERIMETER_BOT_ZN_3 DUALSPSCHED,HTGSETP_SCH_YES_OPTIMUM,CLGSETP_SCH_YES_OPTIMUM
,PERIMETER_BOT_ZN_2,PERIMETER_BOT_ZN_2 THERMOSTAT,DUAL ZONE CONTROL TYPE SCHED,DualSetPointWithDeadBand,PERIMETER_BOT_ZN_2 DUALSPSCHED,HTGSETP_SCH_YES_OPTIMUM,CLGSETP_SCH_YES_OPTIMUM
,PERIMETER_BOT_ZN_1,PERIMETER_BOT_ZN_1 THERMOSTAT,DUAL ZONE CONTROL TYPE SCHED,DualSetPointWithDeadBand,PERIMETER_BOT_ZN_1 DUALSPSCHED,HTGSETP_SCH_YES_OPTIMUM,CLGSETP_SCH_YES_OPTIMUM
,PERIMETER_BOT_ZN_4,PERIMETER_BOT_ZN_4 THERMOSTAT,DUAL ZONE CONTROL TYPE SCHED,DualSetPointWithDeadBand,PERIMETER_BOT_ZN_4 DUALSPSCHED,HTGSETP_SCH_YES_OPTIMUM,CLGSETP_SCH_YES_OPTIMUM
,PERIMETER_MID_ZN_3,PERIMETER_MID_ZN_3 THERMOSTAT,DUAL ZONE CONTROL TYPE SCHED,DualSetPointWithDeadBand,PERIMETER_MID_ZN_3 DUALSPSCHED,HTGSETP_SCH_YES_OPTIMUM,CLGSETP_SCH_YES_OPTIMUM
,PERIMETER_MID_ZN_2,PERIMETER_MID_ZN_2 THERMOSTAT,DUAL ZONE CONTROL TYPE SCHED,DualSetPointWithDeadBand,PERIMETER_MID_ZN_2 DUALSPSCHED,HTGSETP_SCH_YES_OPTIMUM_W_SB,CLGSETP_SCH_YES_OPTIMUM_W_SB
,PERIMETER_MID_ZN_1,PERIMETER_MID_ZN_1 THERMOSTAT,DUAL ZONE CONTROL TYPE SCHED,DualSetPointWithDeadBand,PERIMETER_MID_ZN_1 DUALSPSCHED,HTGSETP_SCH_YES_OPTIMUM,CLGSETP_SCH_YES_OPTIMUM
,PERIMETER_MID_ZN_4,PERIMETER_MID_ZN_4 THERMOSTAT,DUAL ZONE CONTROL TYPE SCHED,DualSetPointWithDeadBand,PERIMETER_MID_ZN_4 DUALSPSCHED,HTGSETP_SCH_YES_OPTIMUM,CLGSETP_SCH_YES_OPTIMUM


Fan Operation

,,Occupied Time [hr],Occupied Continuous Fan [hr],Occupied Cycling Fan [hr],Occupied Fan Off [hr],Unoccupied Time [hr],Unoccupied Continuous Fan [hr],Unoccupied Cycling Fan [hr],Unoccupied Fan Off [hr]
,PACU_VAV_BOT,1494.00,1245.50,0.00,248.50,714.00,37.00,0.00,677.00
,PACU_VAV_MID,1494.00,1259.25,0.00,234.75,714.00,46.75,0.00,667.25
,PACU_VAV_TOP,1494.00,1257.00,0.00,237.00,714.00,49.25,0.00,664.75


----------------------------------------------------------------------------------------------------
REPORT:,HVAC Topology
FOR:,Entire Facility
Air Loop Supply Side Component Arrangement

,,Airloop Name,Splitter Name,Supply Branch Name,Supply Branch Type,Component Type,Component Name,Sub-Component Type,Sub-Component Name,Sub-Sub-Component Type,Sub-Sub-Component Name,Mixer Name
,1,PACU_VAV_BOT,,,,,,,,,,
,2,PACU_VAV_BOT,,PACU_VAV_BOT AIR LOOP MAIN BRANCH,Main,AIRLOOPHVAC:OUTDOORAIRSYSTEM,PACU_VAV_BOT_OA,,,,,
,3,PACU_VAV_BOT,,PACU_VAV_BOT AIR LOOP MAIN BRANCH,Main,AIRLOOPHVAC:OUTDOORAIRSYSTEM,PACU_VAV_BOT_OA,OUTDOORAIR:MIXER,PACU_VAV_BOT_OAMIXING BOX,,,
,4,PACU_VAV_BOT,,PACU_VAV_BOT AIR LOOP MAIN BRANCH,Main,COILSYSTEM:COOLING:DX,PACU_VAV_BOT_COOLC,,,,,
,5,PACU_VAV_BOT,,PACU_VAV_BOT AIR LOOP MAIN BRANCH,Main,COILSYSTEM:COOLING:DX,PACU_VAV_BOT_COOLC,COIL:COOLING:DX:TWOSPEED,PACU_VAV_BOT_COOLC DXCOIL,,,
,6,PACU_VAV_BOT,,PACU_VAV_BOT AIR LOOP MAIN BRANCH,Main,COIL:HEATING:FUEL,PACU_VAV_BOT_HEATC,,,,,
,7,PACU_VAV_BOT,,PACU_VAV_BOT AIR LOOP MAIN BRANCH,Main,FAN:VARIABLEVOLUME,PACU_VAV_BOT FAN,,,,,
,8,PACU_VAV_MID,,,,,,,,,,
,9,PACU_VAV_MID,,PACU_VAV_MID AIR LOOP MAIN BRANCH,Main,AIRLOOPHVAC:OUTDOORAIRSYSTEM,PACU_VAV_MID_OA,,,,,
,10,PACU_VAV_MID,,PACU_VAV_MID AIR LOOP MAIN BRANCH,Main,AIRLOOPHVAC:OUTDOORAIRSYSTEM,PACU_VAV_MID_OA,OUTDOORAIR:MIXER,PACU_VAV_MID_OAMIXING BOX,,,
,11,PACU_VAV_MID,,PACU_VAV_MID AIR LOOP MAIN BRANCH,Main,COILSYSTEM:COOLING:DX,PACU_VAV_MID_COOLC,,,,,
,12,PACU_VAV_MID,,PACU_VAV_MID AIR LOOP MAIN BRANCH,Main,COILSYSTEM:COOLING:DX,PACU_VAV_MID_COOLC,COIL:COOLING:DX:TWOSPEED,PACU_VAV_MID_COOLC DXCOIL,,,
,13,PACU_VAV_MID,,PACU_VAV_MID AIR LOOP MAIN BRANCH,Main,COIL:HEATING:FUEL,PACU_VAV_MID_HEATC,,,,,
,14,PACU_VAV_MID,,PACU_VAV_MID AIR LOOP MAIN BRANCH,Main,FAN:VARIABLEVOLUME,PACU_VAV_MID FAN,,,,,
,15,PACU_VAV_TOP,,,,,,,,,,
,16,PACU_VAV_TOP,,PACU_VAV_TOP AIR LOOP MAIN BRANCH,Main,AIRLOOPHVAC:OUTDOORAIRSYSTEM,PACU_VAV_TOP_OA,,,,,
,17,PACU_VAV_TOP,,PACU_VAV_TOP AIR LOOP MAIN BRANCH,Main,AIRLOOPHVAC:OUTDOORAIRSYSTEM,PACU_VAV_TOP_OA,OUTDOORAIR:MIXER,PACU_VAV_TOP_OAMIXING BOX,,,
,18,PACU_VAV_TOP,,PACU_VAV_TOP AIR LOOP MAIN BRANCH,Main,COILSYSTEM:COOLING:DX,PACU_VAV_TOP_COOLC,,,,,
,19,PACU_VAV_TOP,,PACU_VAV_TOP AIR LOOP MAIN BRANCH,Main,COILSYSTEM:COOLING:DX,PACU_VAV_TOP_COOLC,COIL:COOLING:DX:TWOSPEED,PACU_VAV_TOP_COOLC DXCOIL,,,
,20,PACU_VAV_TOP,,PACU_VAV_TOP AIR LOOP MAIN BRANCH,Main,COIL:HEATING:FUEL,PACU_VAV_TOP_HEATC,,,,,
,21,PACU_VAV_TOP,,PACU_VAV_TOP AIR LOOP MAIN BRANCH,Main,FAN:VARIABLEVOLUME,PACU_VAV_TOP FAN,,,,,


Air Loop Demand Side Component Arrangement

,,Airloop Name,Supply Branch Name,Supply Branch Type,Supply Path Component Type,Supply Path Component Name,Terminal Unit Type,Terminal Unit Name,Zone Name,Return Path Component Type,Return Path Component Name
,1,PACU_VAV_BOT,,,,,,,,,
,2,PACU_VAV_BOT,PACU_VAV_BOT AIR LOOP MAIN BRANCH,Main,AIRLOOPHVAC:ZONESPLITTER,PACU_VAV_BOT SUPPLY AIR SPLITTER,,,,,
,3,PACU_VAV_BOT,PACU_VAV_BOT AIR LOOP MAIN BRANCH,Main,AIRLOOPHVAC:ZONESPLITTER,PACU_VAV_BOT SUPPLY AIR SPLITTER,AIRTERMINAL:SINGLEDUCT:VAV:REHEAT,CORE_BOTTOM VAV BOX COMPONENT,CORE_BOTTOM,AIRLOOPHVAC:RETURNPLENUM,FIRSTFLOOR_RETURN_PLENUM
,4,PACU_VAV_BOT,PACU_VAV_BOT AIR LOOP MAIN BRANCH,Main,AIRLOOPHVAC:ZONESPLITTER,PACU_VAV_BOT SUPPLY AIR SPLITTER,AIRTERMINAL:SINGLEDUCT:VAV:REHEAT,PERIMETER_BOT_ZN_3 VAV BOX COMPONENT,PERIMETER_BOT_ZN_3,AIRLOOPHVAC:RETURNPLENUM,FIRSTFLOOR_RETURN_PLENUM
,5,PACU_VAV_BOT,PACU_VAV_BOT AIR LOOP MAIN BRANCH,Main,AIRLOOPHVAC:ZONESPLITTER,PACU_VAV_BOT SUPPLY AIR SPLITTER,AIRTERMINAL:SINGLEDUCT:VAV:REHEAT,PERIMETER_BOT_ZN_2 VAV BOX COMPONENT,PERIMETER_BOT_ZN_2,AIRLOOPHVAC:RETURNPLENUM,FIRSTFLOOR_RETURN_PLENUM
,6,PACU_VAV_BOT,PACU_VAV_BOT AIR LOOP MAIN BRANCH,Main,AIRLOOPHVAC:ZONESPLITTER,PACU_VAV_BOT SUPPLY AIR SPLITTER,AIRTERMINAL:SINGLEDUCT:VAV:REHEAT,PERIMETER_BOT_ZN_1 VAV BOX COMPONENT,PERIMETER_BOT_ZN_1,AIRLOOPHVAC:RETURNPLENUM,FIRSTFLOOR_RETURN_PLENUM
,7,PACU_VAV_BOT,PACU_VAV_BOT AIR LOOP MAIN BRANCH,Main,AIRLOOPHVAC:ZONESPLITTER,PACU_VAV_BOT SUPPLY AIR SPLITTER,AIRTERMINAL:SINGLEDUCT:VAV:REHEAT,PERIMETER_BOT_ZN_4 VAV BOX COMPONENT,PERIMETER_BOT_ZN_4,AIRLOOPHVAC:RETURNPLENUM,FIRSTFLOOR_RETURN_PLENUM
,8,PACU_VAV_BOT,,,,,,,,AIRLOOPHVAC:RETURNPLENUM,FIRSTFLOOR_RETURN_PLENUM
,9,PACU_VAV_BOT,PACU_VAV_BOT AIR LOOP MAIN BRANCH,Main,,,,,,AIRLOOPHVAC:ZONEMIXER,PACU_VAV_BOT RETURN AIR MIXER
,10,PACU_VAV_MID,,,,,,,,,
,11,PACU_VAV_MID,PACU_VAV_MID AIR LOOP MAIN BRANCH,Main,AIRLOOPHVAC:ZONESPLITTER,PACU_VAV_MID SUPPLY AIR SPLITTER,,,,,
,12,PACU_VAV_MID,PACU_VAV_MID AIR LOOP MAIN BRANCH,Main,AIRLOOPHVAC:ZONESPLITTER,PACU_VAV_MID SUPPLY AIR SPLITTER,AIRTERMINAL:SINGLEDUCT:VAV:REHEAT,CORE_MID VAV BOX COMPONENT,CORE_MID,AIRLOOPHVAC:RETURNPLENUM,MIDFLOOR_RETURN_PLENUM
,13,PACU_VAV_MID,PACU_VAV_MID AIR LOOP MAIN BRANCH,Main,AIRLOOPHVAC:ZONESPLITTER,PACU_VAV_MID SUPPLY AIR SPLITTER,AIRTERMINAL:SINGLEDUCT:VAV:REHEAT,PERIMETER_MID_ZN_3 VAV BOX COMPONENT,PERIMETER_MID_ZN_3,AIRLOOPHVAC:RETURNPLENUM,MIDFLOOR_RETURN_PLENUM
,14,PACU_VAV_MID,PACU_VAV_MID AIR LOOP MAIN BRANCH,Main,AIRLOOPHVAC:ZONESPLITTER,PACU_VAV_MID SUPPLY AIR SPLITTER,AIRTERMINAL:SINGLEDUCT:VAV:REHEAT,PERIMETER_MID_ZN_2 VAV BOX COMPONENT,PERIMETER_MID_ZN_2,AIRLOOPHVAC:RETURNPLENUM,MIDFLOOR_RETURN_PLENUM
,15,PACU_VAV_MID,PACU_VAV_MID AIR LOOP MAIN BRANCH,Main,AIRLOOPHVAC:ZONESPLITTER,PACU_VAV_MID SUPPLY AIR SPLITTER,AIRTERMINAL:SINGLEDUCT:VAV:REHEAT,PERIMETER_MID_ZN_1 VAV BOX COMPONENT,PERIMETER_MID_ZN_1,AIRLOOPHVAC:RETURNPLENUM,MIDFLOOR_RETURN_PLENUM
,16,PACU_VAV_MID,PACU_VAV_MID AIR LOOP MAIN BRANCH,Main,AIRLOOPHVAC:ZONESPLITTER,PACU_VAV_MID SUPPLY AIR SPLITTER,AIRTERMINAL:SINGLEDUCT:VAV:REHEAT,PERIMETER_MID_ZN_4 VAV BOX COMPONENT,PERIMETER_MID_ZN_4,AIRLOOPHVAC:RETURNPLENUM,MIDFLOOR_RETURN_PLENUM
,17,PACU_VAV_MID,,,,,,,,AIRLOOPHVAC:RETURNPLENUM,MIDFLOOR_RETURN_PLENUM
,18,PACU_VAV_MID,PACU_VAV_MID AIR LOOP MAIN BRANCH,Main,,,,,,AIRLOOPHVAC:ZONEMIXER,PACU_VAV_MID RETURN AIR MIXER
,19,PACU_VAV_TOP,,,,,,,,,
,20,PACU_VAV_TOP,PACU_VAV_TOP AIR LOOP MAIN BRANCH,Main,AIRLOOPHVAC:ZONESPLITTER,PACU_VAV_TOP SUPPLY AIR SPLITTER,,,,,
,21,PACU_VAV_TOP,PACU_VAV_TOP AIR LOOP MAIN BRANCH,Main,AIRLOOPHVAC:ZONESPLITTER,PACU_VAV_TOP SUPPLY AIR SPLITTER,AIRTERMINAL:SINGLEDUCT:VAV:REHEAT,CORE_TOP VAV BOX COMPONENT,CORE_TOP,AIRLOOPHVAC:RETURNPLENUM,TOPFLOOR_RETURN_PLENUM
,22,PACU_VAV_TOP,PACU_VAV_TOP AIR LOOP MAIN BRANCH,Main,AIRLOOPHVAC:ZONESPLITTER,PACU_VAV_TOP SUPPLY AIR SPLITTER,AIRTERMINAL:SINGLEDUCT:VAV:REHEAT,PERIMETER_TOP_ZN_3 VAV BOX COMPONENT,PERIMETER_TOP_ZN_3,AIRLOOPHVAC:RETURNPLENUM,TOPFLOOR_RETURN_PLENUM
,23,PACU_VAV_TOP,PACU_VAV_TOP AIR LOOP MAIN BRANCH,Main,AIRLOOPHVAC:ZONESPLITTER,PACU_VAV_TOP SUPPLY AIR SPLITTER,AIRTERMINAL:SINGLEDUCT:VAV:REHEAT,PERIMETER_TOP_ZN_2 VAV BOX COMPONENT,PERIMETER_TOP_ZN_2,AIRLOOPHVAC:RETURNPLENUM,TOPFLOOR_RETURN_PLENUM
,24,PACU_VAV_TOP,PACU_VAV_TOP AIR LOOP MAIN BRANCH,Main,AIRLOOPHVAC:ZONESPLITTER,PACU_VAV_TOP SUPPLY AIR SPLITTER,AIRTERMINAL:SINGLEDUCT:VAV:REHEAT,PERIMETER_TOP_ZN_1 VAV BOX COMPONENT,PERIMETER_TOP_ZN_1,AIRLOOPHVAC:RETURNPLENUM,TOPFLOOR_RETURN_PLENUM
,25,PACU_VAV_TOP,PACU_VAV_TOP AIR LOOP MAIN BRANCH,Main,AIRLOOPHVAC:ZONESPLITTER,PACU_VAV_TOP SUPPLY AIR SPLITTER,AIRTERMINAL:SINGLEDUCT:VAV:REHEAT,PERIMETER_TOP_ZN_4 VAV BOX COMPONENT,PERIMETER_TOP_ZN_4,AIRLOOPHVAC:RETURNPLENUM,TOPFLOOR_RETURN_PLENUM
,26,PACU_VAV_TOP,,,,,,,,AIRLOOPHVAC:RETURNPLENUM,TOPFLOOR_RETURN_PLENUM
,27,PACU_VAV_TOP,PACU_VAV_TOP AIR LOOP MAIN BRANCH,Main,,,,,,AIRLOOPHVAC:ZONEMIXER,PACU_VAV_TOP RETURN AIR MIXER


Zone Equipment Component Arrangement

,,Zone Name,Component Type,Component Name,Sub-Component Type,Sub-Component Name,Sub-Sub-Component Type,Sub-Sub-Component Name
,1,CORE_BOTTOM,,,,,,
,2,CORE_BOTTOM,ZONEHVAC:AIRDISTRIBUTIONUNIT,CORE_BOTTOM VAV BOX,,,,
,3,CORE_BOTTOM,ZONEHVAC:AIRDISTRIBUTIONUNIT,CORE_BOTTOM VAV BOX,AIRTERMINAL:SINGLEDUCT:VAV:REHEAT,CORE_BOTTOM VAV BOX COMPONENT,,
,4,CORE_BOTTOM,ZONEHVAC:AIRDISTRIBUTIONUNIT,CORE_BOTTOM VAV BOX,AIRTERMINAL:SINGLEDUCT:VAV:REHEAT,CORE_BOTTOM VAV BOX COMPONENT,COIL:HEATING:ELECTRIC,CORE_BOTTOM VAV BOX REHEAT COIL
,5,TOPFLOOR_PLENUM,,,,,,
,6,MIDFLOOR_PLENUM,,,,,,
,7,FIRSTFLOOR_PLENUM,,,,,,
,8,CORE_MID,,,,,,
,9,CORE_MID,ZONEHVAC:AIRDISTRIBUTIONUNIT,CORE_MID VAV BOX,,,,
,10,CORE_MID,ZONEHVAC:AIRDISTRIBUTIONUNIT,CORE_MID VAV BOX,AIRTERMINAL:SINGLEDUCT:VAV:REHEAT,CORE_MID VAV BOX COMPONENT,,
,11,CORE_MID,ZONEHVAC:AIRDISTRIBUTIONUNIT,CORE_MID VAV BOX,AIRTERMINAL:SINGLEDUCT:VAV:REHEAT,CORE_MID VAV BOX COMPONENT,COIL:HEATING:ELECTRIC,CORE_MID VAV BOX REHEAT COIL
,12,CORE_TOP,,,,,,
,13,CORE_TOP,ZONEHVAC:AIRDISTRIBUTIONUNIT,CORE_TOP VAV BOX,,,,
,14,CORE_TOP,ZONEHVAC:AIRDISTRIBUTIONUNIT,CORE_TOP VAV BOX,AIRTERMINAL:SINGLEDUCT:VAV:REHEAT,CORE_TOP VAV BOX COMPONENT,,
,15,CORE_TOP,ZONEHVAC:AIRDISTRIBUTIONUNIT,CORE_TOP VAV BOX,AIRTERMINAL:SINGLEDUCT:VAV:REHEAT,CORE_TOP VAV BOX COMPONENT,COIL:HEATING:ELECTRIC,CORE_TOP VAV BOX REHEAT COIL
,16,PERIMETER_TOP_ZN_3,,,,,,
,17,PERIMETER_TOP_ZN_3,ZONEHVAC:AIRDISTRIBUTIONUNIT,PERIMETER_TOP_ZN_3 VAV BOX,,,,
,18,PERIMETER_TOP_ZN_3,ZONEHVAC:AIRDISTRIBUTIONUNIT,PERIMETER_TOP_ZN_3 VAV BOX,AIRTERMINAL:SINGLEDUCT:VAV:REHEAT,PERIMETER_TOP_ZN_3 VAV BOX COMPONENT,,
,19,PERIMETER_TOP_ZN_3,ZONEHVAC:AIRDISTRIBUTIONUNIT,PERIMETER_TOP_ZN_3 VAV BOX,AIRTERMINAL:SINGLEDUCT:VAV:REHEAT,PERIMETER_TOP_ZN_3 VAV BOX COMPONENT,COIL:HEATING:ELECTRIC,PERIMETER_TOP_ZN_3 VAV BOX REHEAT COIL
,20,PERIMETER_TOP_ZN_2,,,,,,
,21,PERIMETER_TOP_ZN_2,ZONEHVAC:AIRDISTRIBUTIONUNIT,PERIMETER_TOP_ZN_2 VAV BOX,,,,
,22,PERIMETER_TOP_ZN_2,ZONEHVAC:AIRDISTRIBUTIONUNIT,PERIMETER_TOP_ZN_2 VAV BOX,AIRTERMINAL:SINGLEDUCT:VAV:REHEAT,PERIMETER_TOP_ZN_2 VAV BOX COMPONENT,,
,23,PERIMETER_TOP_ZN_2,ZONEHVAC:AIRDISTRIBUTIONUNIT,PERIMETER_TOP_ZN_2 VAV BOX,AIRTERMINAL:SINGLEDUCT:VAV:REHEAT,PERIMETER_TOP_ZN_2 VAV BOX COMPONENT,COIL:HEATING:ELECTRIC,PERIMETER_TOP_ZN_2 VAV BOX REHEAT COIL
,24,PERIMETER_TOP_ZN_1,,,,,,
,25,PERIMETER_TOP_ZN_1,ZONEHVAC:AIRDISTRIBUTIONUNIT,PERIMETER_TOP_ZN_1 VAV BOX,,,,
,26,PERIMETER_TOP_ZN_1,ZONEHVAC:AIRDISTRIBUTIONUNIT,PERIMETER_TOP_ZN_1 VAV BOX,AIRTERMINAL:SINGLEDUCT:VAV:REHEAT,PERIMETER_TOP_ZN_1 VAV BOX COMPONENT,,
,27,PERIMETER_TOP_ZN_1,ZONEHVAC:AIRDISTRIBUTIONUNIT,PERIMETER_TOP_ZN_1 VAV BOX,AIRTERMINAL:SINGLEDUCT:VAV:REHEAT,PERIMETER_TOP_ZN_1 VAV BOX COMPONENT,COIL:HEATING:ELECTRIC,PERIMETER_TOP_ZN_1 VAV BOX REHEAT COIL
,28,PERIMETER_TOP_ZN_4,,,,,,
,29,PERIMETER_TOP_ZN_4,ZONEHVAC:AIRDISTRIBUTIONUNIT,PERIMETER_TOP_ZN_4 VAV BOX,,,,
,30,PERIMETER_TOP_ZN_4,ZONEHVAC:AIRDISTRIBUTIONUNIT,PERIMETER_TOP_ZN_4 VAV BOX,AIRTERMINAL:SINGLEDUCT:VAV:REHEAT,PERIMETER_TOP_ZN_4 VAV BOX COMPONENT,,
,31,PERIMETER_TOP_ZN_4,ZONEHVAC:AIRDISTRIBUTIONUNIT,PERIMETER_TOP_ZN_4 VAV BOX,AIRTERMINAL:SINGLEDUCT:VAV:REHEAT,PERIMETER_TOP_ZN_4 VAV BOX COMPONENT,COIL:HEATING:ELECTRIC,PERIMETER_TOP_ZN_4 VAV BOX REHEAT COIL
,32,PERIMETER_BOT_ZN_3,,,,,,
,33,PERIMETER_BOT_ZN_3,ZONEHVAC:AIRDISTRIBUTIONUNIT,PERIMETER_BOT_ZN_3 VAV BOX,,,,
,34,PERIMETER_BOT_ZN_3,ZONEHVAC:AIRDISTRIBUTIONUNIT,PERIMETER_BOT_ZN_3 VAV BOX,AIRTERMINAL:SINGLEDUCT:VAV:REHEAT,PERIMETER_BOT_ZN_3 VAV BOX COMPONENT,,
,35,PERIMETER_BOT_ZN_3,ZONEHVAC:AIRDISTRIBUTIONUNIT,PERIMETER_BOT_ZN_3 VAV BOX,AIRTERMINAL:SINGLEDUCT:VAV:REHEAT,PERIMETER_BOT_ZN_3 VAV BOX COMPONENT,COIL:HEATING:ELECTRIC,PERIMETER_BOT_ZN_3 VAV BOX REHEAT COIL
,36,PERIMETER_BOT_ZN_2,,,,,,
,37,PERIMETER_BOT_ZN_2,ZONEHVAC:AIRDISTRIBUTIONUNIT,PERIMETER_BOT_ZN_2 VAV BOX,,,,
,38,PERIMETER_BOT_ZN_2,ZONEHVAC:AIRDISTRIBUTIONUNIT,PERIMETER_BOT_ZN_2 VAV BOX,AIRTERMINAL:SINGLEDUCT:VAV:REHEAT,PERIMETER_BOT_ZN_2 VAV BOX COMPONENT,,
,39,PERIMETER_BOT_ZN_2,ZONEHVAC:AIRDISTRIBUTIONUNIT,PERIMETER_BOT_ZN_2 VAV BOX,AIRTERMINAL:SINGLEDUCT:VAV:REHEAT,PERIMETER_BOT_ZN_2 VAV BOX COMPONENT,COIL:HEATING:ELECTRIC,PERIMETER_BOT_ZN_2 VAV BOX REHEAT COIL
,40,PERIMETER_BOT_ZN_1,,,,,,
,41,PERIMETER_BOT_ZN_1,ZONEHVAC:AIRDISTRIBUTIONUNIT,PERIMETER_BOT_ZN_1 VAV BOX,,,,
,42,PERIMETER_BOT_ZN_1,ZONEHVAC:AIRDISTRIBUTIONUNIT,PERIMETER_BOT_ZN_1 VAV BOX,AIRTERMINAL:SINGLEDUCT:VAV:REHEAT,PERIMETER_BOT_ZN_1 VAV BOX COMPONENT,,
,43,PERIMETER_BOT_ZN_1,ZONEHVAC:AIRDISTRIBUTIONUNIT,PERIMETER_BOT_ZN_1 VAV BOX,AIRTERMINAL:SINGLEDUCT:VAV:REHEAT,PERIMETER_BOT_ZN_1 VAV BOX COMPONENT,COIL:HEATING:ELECTRIC,PERIMETER_BOT_ZN_1 VAV BOX REHEAT COIL
,44,PERIMETER_BOT_ZN_4,,,,,,
,45,PERIMETER_BOT_ZN_4,ZONEHVAC:AIRDISTRIBUTIONUNIT,PERIMETER_BOT_ZN_4 VAV BOX,,,,
,46,PERIMETER_BOT_ZN_4,ZONEHVAC:AIRDISTRIBUTIONUNIT,PERIMETER_BOT_ZN_4 VAV BOX,AIRTERMINAL:SINGLEDUCT:VAV:REHEAT,PERIMETER_BOT_ZN_4 VAV BOX COMPONENT,,
,47,PERIMETER_BOT_ZN_4,ZONEHVAC:AIRDISTRIBUTIONUNIT,PERIMETER_BOT_ZN_4 VAV BOX,AIRTERMINAL:SINGLEDUCT:VAV:REHEAT,PERIMETER_BOT_ZN_4 VAV BOX COMPONENT,COIL:HEATING:ELECTRIC,PERIMETER_BOT_ZN_4 VAV BOX REHEAT COIL
,48,PERIMETER_MID_ZN_3,,,,,,
,49,PERIMETER_MID_ZN_3,ZONEHVAC:AIRDISTRIBUTIONUNIT,PERIMETER_MID_ZN_3 VAV BOX,,,,
,50,PERIMETER_MID_ZN_3,ZONEHVAC:AIRDISTRIBUTIONUNIT,PERIMETER_MID_ZN_3 VAV BOX,AIRTERMINAL:SINGLEDUCT:VAV:REHEAT,PERIMETER_MID_ZN_3 VAV BOX COMPONENT,,
,51,PERIMETER_MID_ZN_3,ZONEHVAC:AIRDISTRIBUTIONUNIT,PERIMETER_MID_ZN_3 VAV BOX,AIRTERMINAL:SINGLEDUCT:VAV:REHEAT,PERIMETER_MID_ZN_3 VAV BOX COMPONENT,COIL:HEATING:ELECTRIC,PERIMETER_MID_ZN_3 VAV BOX REHEAT COIL
,52,PERIMETER_MID_ZN_2,,,,,,
,53,PERIMETER_MID_ZN_2,ZONEHVAC:AIRDISTRIBUTIONUNIT,PERIMETER_MID_ZN_2 VAV BOX,,,,
,54,PERIMETER_MID_ZN_2,ZONEHVAC:AIRDISTRIBUTIONUNIT,PERIMETER_MID_ZN_2 VAV BOX,AIRTERMINAL:SINGLEDUCT:VAV:REHEAT,PERIMETER_MID_ZN_2 VAV BOX COMPONENT,,
,55,PERIMETER_MID_ZN_2,ZONEHVAC:AIRDISTRIBUTIONUNIT,PERIMETER_MID_ZN_2 VAV BOX,AIRTERMINAL:SINGLEDUCT:VAV:REHEAT,PERIMETER_MID_ZN_2 VAV BOX COMPONENT,COIL:HEATING:ELECTRIC,PERIMETER_MID_ZN_2 VAV BOX REHEAT COIL
,56,PERIMETER_MID_ZN_1,,,,,,
,57,PERIMETER_MID_ZN_1,ZONEHVAC:AIRDISTRIBUTIONUNIT,PERIMETER_MID_ZN_1 VAV BOX,,,,
,58,PERIMETER_MID_ZN_1,ZONEHVAC:AIRDISTRIBUTIONUNIT,PERIMETER_MID_ZN_1 VAV BOX,AIRTERMINAL:SINGLEDUCT:VAV:REHEAT,PERIMETER_MID_ZN_1 VAV BOX COMPONENT,,
,59,PERIMETER_MID_ZN_1,ZONEHVAC:AIRDISTRIBUTIONUNIT,PERIMETER_MID_ZN_1 VAV BOX,AIRTERMINAL:SINGLEDUCT:VAV:REHEAT,PERIMETER_MID_ZN_1 VAV BOX COMPONENT,COIL:HEATING:ELECTRIC,PERIMETER_MID_ZN_1 VAV BOX REHEAT COIL
,60,PERIMETER_MID_ZN_4,,,,,,
,61,PERIMETER_MID_ZN_4,ZONEHVAC:AIRDISTRIBUTIONUNIT,PERIMETER_MID_ZN_4 VAV BOX,,,,
,62,PERIMETER_MID_ZN_4,ZONEHVAC:AIRDISTRIBUTIONUNIT,PERIMETER_MID_ZN_4 VAV BOX,AIRTERMINAL:SINGLEDUCT:VAV:REHEAT,PERIMETER_MID_ZN_4 VAV BOX COMPONENT,,
,63,PERIMETER_MID_ZN_4,ZONEHVAC:AIRDISTRIBUTIONUNIT,PERIMETER_MID_ZN_4 VAV BOX,AIRTERMINAL:SINGLEDUCT:VAV:REHEAT,PERIMETER_MID_ZN_4 VAV BOX COMPONENT,COIL:HEATING:ELECTRIC,PERIMETER_MID_ZN_4 VAV BOX REHEAT COIL


Plant Loop Component Arrangement

,,Loop Type,Loop Name,Side,Splitter Name,Branch Name,Component Type,Component Name,Mixer Name
,1,PlantLoop,SHWSYS1,Supply,,,,,
,2,PlantLoop,SHWSYS1,Supply,,SHWSYS1 SUPPLY INLET BRANCH,PUMP:CONSTANTSPEED,SHWSYS1 PUMP,
,3,PlantLoop,SHWSYS1,Supply,SHWSYS1 SUPPLY SPLITTER,SHWSYS1 SUPPLY EQUIPMENT BRANCH,WATERHEATER:MIXED,SHWSYS1 WATER HEATER,SHWSYS1 SUPPLY MIXER
,4,PlantLoop,SHWSYS1,Supply,SHWSYS1 SUPPLY SPLITTER,SHWSYS1 SUPPLY EQUIPMENT BYPASS BRANCH,PIPE:ADIABATIC,SHWSYS1 SUPPLY EQUIPMENT BYPASS PIPE,SHWSYS1 SUPPLY MIXER
,5,PlantLoop,SHWSYS1,Supply,,SHWSYS1 SUPPLY OUTLET BRANCH,PIPE:ADIABATIC,SHWSYS1 SUPPLY OUTLET PIPE,
,6,PlantLoop,SHWSYS1,Demand,,,,,
,7,PlantLoop,SHWSYS1,Demand,,SHWSYS1 DEMAND INLET BRANCH,PIPE:ADIABATIC,SHWSYS1 DEMAND INLET PIPE,
,8,PlantLoop,SHWSYS1,Demand,SHWSYS1 DEMAND SPLITTER,SHWSYS1 DEMAND LOAD BRANCH 1,WATERUSE:CONNECTIONS,CORE_BOTTOM SUB CAT,SHWSYS1 DEMAND MIXER
,9,PlantLoop,SHWSYS1,Demand,SHWSYS1 DEMAND SPLITTER,SHWSYS1 DEMAND LOAD BRANCH 2,WATERUSE:CONNECTIONS,CORE_MID SUB CAT,SHWSYS1 DEMAND MIXER
,10,PlantLoop,SHWSYS1,Demand,SHWSYS1 DEMAND SPLITTER,SHWSYS1 DEMAND LOAD BRANCH 3,WATERUSE:CONNECTIONS,CORE_TOP SUB CAT,SHWSYS1 DEMAND MIXER
,11,PlantLoop,SHWSYS1,Demand,SHWSYS1 DEMAND SPLITTER,SHWSYS1 DEMAND LOAD BRANCH 4,WATERUSE:CONNECTIONS,PERIMETER_TOP_ZN_3 SUB CAT,SHWSYS1 DEMAND MIXER
,12,PlantLoop,SHWSYS1,Demand,SHWSYS1 DEMAND SPLITTER,SHWSYS1 DEMAND LOAD BRANCH 5,WATERUSE:CONNECTIONS,PERIMETER_TOP_ZN_2 SUB CAT,SHWSYS1 DEMAND MIXER
,13,PlantLoop,SHWSYS1,Demand,SHWSYS1 DEMAND SPLITTER,SHWSYS1 DEMAND LOAD BRANCH 6,WATERUSE:CONNECTIONS,PERIMETER_TOP_ZN_1 SUB CAT,SHWSYS1 DEMAND MIXER
,14,PlantLoop,SHWSYS1,Demand,SHWSYS1 DEMAND SPLITTER,SHWSYS1 DEMAND LOAD BRANCH 7,WATERUSE:CONNECTIONS,PERIMETER_TOP_ZN_4 SUB CAT,SHWSYS1 DEMAND MIXER
,15,PlantLoop,SHWSYS1,Demand,SHWSYS1 DEMAND SPLITTER,SHWSYS1 DEMAND LOAD BRANCH 8,WATERUSE:CONNECTIONS,PERIMETER_BOT_ZN_3 SUB CAT,SHWSYS1 DEMAND MIXER
,16,PlantLoop,SHWSYS1,Demand,SHWSYS1 DEMAND SPLITTER,SHWSYS1 DEMAND LOAD BRANCH 9,WATERUSE:CONNECTIONS,PERIMETER_BOT_ZN_2 SUB CAT,SHWSYS1 DEMAND MIXER
,17,PlantLoop,SHWSYS1,Demand,SHWSYS1 DEMAND SPLITTER,SHWSYS1 DEMAND LOAD BRANCH 10,WATERUSE:CONNECTIONS,PERIMETER_BOT_ZN_1 SUB CAT,SHWSYS1 DEMAND MIXER
,18,PlantLoop,SHWSYS1,Demand,SHWSYS1 DEMAND SPLITTER,SHWSYS1 DEMAND LOAD BRANCH 11,WATERUSE:CONNECTIONS,PERIMETER_BOT_ZN_4 SUB CAT,SHWSYS1 DEMAND MIXER
,19,PlantLoop,SHWSYS1,Demand,SHWSYS1 DEMAND SPLITTER,SHWSYS1 DEMAND LOAD BRANCH 12,WATERUSE:CONNECTIONS,PERIMETER_MID_ZN_3 SUB CAT,SHWSYS1 DEMAND MIXER
,20,PlantLoop,SHWSYS1,Demand,SHWSYS1 DEMAND SPLITTER,SHWSYS1 DEMAND LOAD BRANCH 13,WATERUSE:CONNECTIONS,PERIMETER_MID_ZN_2 SUB CAT,SHWSYS1 DEMAND MIXER
,21,PlantLoop,SHWSYS1,Demand,SHWSYS1 DEMAND SPLITTER,SHWSYS1 DEMAND LOAD BRANCH 14,WATERUSE:CONNECTIONS,PERIMETER_MID_ZN_1 SUB CAT,SHWSYS1 DEMAND MIXER
,22,PlantLoop,SHWSYS1,Demand,SHWSYS1 DEMAND SPLITTER,SHWSYS1 DEMAND LOAD BRANCH 15,WATERUSE:CONNECTIONS,PERIMETER_MID_ZN_4 SUB CAT,SHWSYS1 DEMAND MIXER
,23,PlantLoop,SHWSYS1,Demand,SHWSYS1 DEMAND SPLITTER,SHWSYS1 DEMAND BYPASS BRANCH,PIPE:ADIABATIC,SHWSYS1 DEMAND BYPASS PIPE,SHWSYS1 DEMAND MIXER
,24,PlantLoop,SHWSYS1,Demand,,SHWSYS1 DEMAND OUTLET BRANCH,PIPE:ADIABATIC,SHWSYS1 DEMAND OUTLET PIPE,


----------------------------------------------------------------------------------------------------
REPORT:,Outdoor Air Summary
FOR:,Entire Facility
Average Outdoor Air During Occupied Hours

,,Average Number of Occupants,Nominal Number of Occupants,Zone Volume [m3],Mechanical Ventilation [ach],Infiltration [ach],AFN Infiltration [ach],Simple Ventilation [ach]
,CORE_BOTTOM,18.91,52.94,2698.04,0.985,0.000,0.000,0.000
,CORE_MID,18.91,52.94,2698.04,0.653,0.000,0.000,0.000
,CORE_TOP,18.91,52.94,2698.04,0.675,0.000,0.000,0.000
,PERIMETER_TOP_ZN_3,3.99,11.16,568.77,0.918,0.047,0.000,0.000
,PERIMETER_TOP_ZN_2,2.52,7.07,360.08,1.201,0.049,0.000,0.000
,PERIMETER_TOP_ZN_1,3.99,11.16,568.77,1.106,0.047,0.000,0.000
,PERIMETER_TOP_ZN_4,2.52,7.06,360.05,1.113,0.049,0.000,0.000
,PERIMETER_BOT_ZN_3,3.99,11.16,568.77,0.671,0.026,0.000,0.000
,PERIMETER_BOT_ZN_2,2.52,7.07,360.08,0.903,0.027,0.000,0.000
,PERIMETER_BOT_ZN_1,3.99,11.16,568.77,0.821,0.802,0.000,0.000
,PERIMETER_BOT_ZN_4,2.52,7.06,360.05,0.831,0.027,0.000,0.000
,PERIMETER_MID_ZN_3,3.99,11.16,568.77,0.875,0.039,0.000,0.000
,PERIMETER_MID_ZN_2,2.22,7.07,360.08,1.066,0.044,0.000,0.000
,PERIMETER_MID_ZN_1,3.99,11.16,568.77,1.014,0.039,0.000,0.000
,PERIMETER_MID_ZN_4,2.52,7.06,360.05,1.059,0.041,0.000,0.000
Values shown for a single zone without multipliers


Minimum Outdoor Air During Occupied Hours

,,Average Number of Occupants,Nominal Number of Occupants,Zone Volume [m3],Mechanical Ventilation [ach],Infiltration [ach],AFN Infiltration [ach],Simple Ventilation [ach]
,CORE_BOTTOM,18.91,52.94,2698.04,0.000,0.000,0.000,0.000
,CORE_MID,18.91,52.94,2698.04,0.000,0.000,0.000,0.000
,CORE_TOP,18.91,52.94,2698.04,0.000,0.000,0.000,0.000
,PERIMETER_TOP_ZN_3,3.99,11.16,568.77,0.000,0.000,0.000,0.000
,PERIMETER_TOP_ZN_2,2.52,7.07,360.08,0.000,0.000,0.000,0.000
,PERIMETER_TOP_ZN_1,3.99,11.16,568.77,0.000,0.000,0.000,0.000
,PERIMETER_TOP_ZN_4,2.52,7.06,360.05,0.000,0.000,0.000,0.000
,PERIMETER_BOT_ZN_3,3.99,11.16,568.77,0.000,0.000,0.000,0.000
,PERIMETER_BOT_ZN_2,2.52,7.07,360.08,0.000,0.000,0.000,0.000
,PERIMETER_BOT_ZN_1,3.99,11.16,568.77,0.000,0.000,0.000,0.000
,PERIMETER_BOT_ZN_4,2.52,7.06,360.05,0.000,0.000,0.000,0.000
,PERIMETER_MID_ZN_3,3.99,11.16,568.77,0.000,0.000,0.000,0.000
,PERIMETER_MID_ZN_2,2.22,7.07,360.08,0.000,0.000,0.000,0.000
,PERIMETER_MID_ZN_1,3.99,11.16,568.77,0.000,0.000,0.000,0.000
,PERIMETER_MID_ZN_4,2.52,7.06,360.05,0.000,0.000,0.000,0.000
Values shown for a single zone without multipliers


----------------------------------------------------------------------------------------------------
REPORT:,Outdoor Air Details
FOR:,Entire Facility
Mechanical Ventilation Parameters by Zone

,,AirLoop Name,Average Number of Occupants,Nominal Number of Occupants,Zone Volume [m3],Zone Area [m2],Design Zone Outdoor Airflow - Voz [m3/s],Minimum Dynamic Target Ventilation - Voz-dyn-min [m3/s],Zone Multiplier
,CORE_BOTTOM,PACU_VAV_BOT,18.91,52.94,2698.04,983.54,0.0000,0.425,1
,CORE_MID,PACU_VAV_MID,18.91,52.94,2698.04,983.54,0.0000,0.425,1
,CORE_TOP,PACU_VAV_TOP,18.91,52.94,2698.04,983.54,0.0000,0.425,1
,PERIMETER_TOP_ZN_3,PACU_VAV_TOP,3.99,11.16,568.77,207.34,0.0000,0.090,1
,PERIMETER_TOP_ZN_2,PACU_VAV_TOP,2.52,7.07,360.08,131.26,0.0000,0.057,1
,PERIMETER_TOP_ZN_1,PACU_VAV_TOP,3.99,11.16,568.77,207.34,0.0000,0.090,1
,PERIMETER_TOP_ZN_4,PACU_VAV_TOP,2.52,7.06,360.05,131.25,0.0000,0.057,1
,PERIMETER_BOT_ZN_3,PACU_VAV_BOT,3.99,11.16,568.77,207.34,0.0000,0.090,1
,PERIMETER_BOT_ZN_2,PACU_VAV_BOT,2.52,7.07,360.08,131.26,0.0000,0.057,1
,PERIMETER_BOT_ZN_1,PACU_VAV_BOT,3.99,11.16,568.77,207.34,0.0000,0.090,1
,PERIMETER_BOT_ZN_4,PACU_VAV_BOT,2.52,7.06,360.05,131.25,0.0000,0.057,1
,PERIMETER_MID_ZN_3,PACU_VAV_MID,3.99,11.16,568.77,207.34,0.0000,0.090,1
,PERIMETER_MID_ZN_2,PACU_VAV_MID,2.22,7.07,360.08,131.26,0.0000,0.057,1
,PERIMETER_MID_ZN_1,PACU_VAV_MID,3.99,11.16,568.77,207.34,0.0000,0.090,1
,PERIMETER_MID_ZN_4,PACU_VAV_MID,2.52,7.06,360.05,131.25,0.0000,0.057,1
,Total Facility,,95.51,268.17,13667.13,4982.19,0.0000,2.151,
Values shown for a single zone without multipliers. Total Facility includes multipliers.


Total Outdoor Air by Zone

,,Mechanical Ventilation [m3],Natural Ventilation [m3],Total Ventilation [m3],Infiltration [m3],Total Ventilation and Infiltration [m3],Dynamic Target Ventilation - Voz-dyn [m3],Time Below Voz-dyn [hr],Time At Voz-dyn [hr],Time Above Voz-dyn [hr],Time Above Zero When Unoccupied [hr],Zone Multiplier
,CORE_BOTTOM,4336135.23,0.00,4336135.23,0.00,4336135.23,3375573.47,1052.75,30.00,1125.25,25.25,1
,CORE_MID,2903642.49,0.00,2903642.49,0.00,2903642.49,3375573.47,1508.50,19.00,680.50,31.75,1
,CORE_TOP,3009426.08,0.00,3009426.08,0.00,3009426.08,3375573.47,1435.75,16.00,756.25,36.00,1
,PERIMETER_TOP_ZN_3,861381.76,0.00,861381.76,85297.08,946678.83,711600.51,949.50,0.75,1257.75,36.00,1
,PERIMETER_TOP_ZN_2,707295.96,0.00,707295.96,56864.38,764160.34,450501.99,949.00,0.00,1259.00,36.00,1
,PERIMETER_TOP_ZN_1,1029423.57,0.00,1029423.57,85297.08,1114720.64,711600.51,949.25,1.00,1257.75,36.00,1
,PERIMETER_TOP_ZN_4,658468.45,0.00,658468.45,56864.38,715332.83,450472.44,949.00,0.00,1259.00,36.00,1
,PERIMETER_BOT_ZN_3,628882.68,0.00,628882.68,46644.81,675527.50,711600.51,1405.25,18.00,784.75,25.25,1
,PERIMETER_BOT_ZN_2,530789.37,0.00,530789.37,30880.95,561670.31,450501.99,1022.25,14.00,1171.75,25.25,1
,PERIMETER_BOT_ZN_1,762658.17,0.00,762658.17,756530.22,1519188.38,711600.51,1202.00,26.25,979.75,25.25,1
,PERIMETER_BOT_ZN_4,489002.85,0.00,489002.85,30880.95,519883.79,450472.44,1140.25,12.25,1055.50,25.25,1
,PERIMETER_MID_ZN_3,818754.01,0.00,818754.01,71003.52,889757.53,711600.51,967.25,0.75,1240.00,31.75,1
,PERIMETER_MID_ZN_2,651149.35,0.00,651149.35,47335.40,698484.75,404594.85,966.50,0.00,1241.50,256.75,1
,PERIMETER_MID_ZN_1,942357.08,0.00,942357.08,71003.52,1013360.60,711600.51,966.50,0.50,1241.00,31.75,1
,PERIMETER_MID_ZN_4,623923.84,0.00,623923.84,47335.40,671259.24,450472.44,966.50,0.25,1241.25,31.75,1
,Total Facility,18953290.88,0.00,18953290.88,1385937.67,20339228.56,17053339.60,1618.75,115.25,1316.25,290.00,
Values shown for a single zone without multipliers. Total Facility includes multipliers.


Average Outdoor Air During Occupancy by Zone - Flow Rates

,,Mechanical Ventilation [m3/s],Natural Ventilation [m3/s],Total Ventilation [m3/s],Infiltration [m3/s],Total Ventilation and Infiltration [m3/s],Dynamic Target Ventilation - Voz-dyn [m3/s],Time Below Voz-dyn [hr],Time At Voz-dyn [hr],Time Above Voz-dyn [hr],Zone Multiplier
,CORE_BOTTOM,0.7965,0.0000,0.7965,0.0000,0.7965,0.4247,364.00,30.00,1100.00,1
,CORE_MID,0.5276,0.0000,0.5276,0.0000,0.5276,0.4247,826.25,19.00,648.75,1
,CORE_TOP,0.5454,0.0000,0.5454,0.0000,0.5454,0.4247,757.75,16.00,720.25,1
,PERIMETER_TOP_ZN_3,0.1564,0.0000,0.1564,0.0080,0.1643,0.0895,271.50,0.75,1221.75,1
,PERIMETER_TOP_ZN_2,0.1295,0.0000,0.1295,0.0053,0.1348,0.0567,271.00,0.00,1223.00,1
,PERIMETER_TOP_ZN_1,0.1884,0.0000,0.1884,0.0080,0.1964,0.0895,271.25,1.00,1221.75,1
,PERIMETER_TOP_ZN_4,0.1200,0.0000,0.1200,0.0053,0.1253,0.0567,271.00,0.00,1223.00,1
,PERIMETER_BOT_ZN_3,0.1143,0.0000,0.1143,0.0044,0.1186,0.0895,716.50,18.00,759.50,1
,PERIMETER_BOT_ZN_2,0.0974,0.0000,0.0974,0.0029,0.1002,0.0567,333.50,14.00,1146.50,1
,PERIMETER_BOT_ZN_1,0.1399,0.0000,0.1399,0.1363,0.2762,0.0895,513.25,26.25,954.50,1
,PERIMETER_BOT_ZN_4,0.0896,0.0000,0.0896,0.0029,0.0925,0.0567,451.50,12.25,1030.25,1
,PERIMETER_MID_ZN_3,0.1489,0.0000,0.1489,0.0066,0.1556,0.0895,285.00,0.75,1208.25,1
,PERIMETER_MID_ZN_2,0.1150,0.0000,0.1150,0.0047,0.1196,0.0567,284.25,0.00,984.75,1
,PERIMETER_MID_ZN_1,0.1728,0.0000,0.1728,0.0066,0.1794,0.0895,284.25,0.50,1209.25,1
,PERIMETER_MID_ZN_4,0.1142,0.0000,0.1142,0.0044,0.1186,0.0567,284.25,0.25,1209.50,1
,Total Facility,3.4556,0.0000,3.4556,0.1953,3.6510,2.1512,908.75,115.25,1251.25,
Values shown for a single zone without multipliers. Total Facility includes multipliers.


Total Outdoor Air by AirLoop

,,Mechanical Ventilation [m3],Natural Ventilation [m3],Total Ventilation [m3],Sum Zone Dynamic Target Ventilation - Voz-sum-dyn [m3],Time Below Voz-sum-dyn [hr],Time At Voz-sum-dyn [hr],Time Above Voz-sum-dyn [hr],Time Above Zero When Unoccupied [hr]
,PACU_VAV_BOT,6747460.43,0.00,6747460.43,5699748.91,986.50,0.00,1221.50,25.25
,PACU_VAV_MID,5939939.38,0.00,5939939.38,5653841.78,966.50,0.00,1241.50,31.75
,PACU_VAV_TOP,6266018.90,0.00,6266018.90,5699748.91,949.00,0.00,1259.00,36.00
Values shown include multipliers.


Average Outdoor Air During Occupancy by AirLoop

,,Mechanical Ventilation [m3/s],Natural Ventilation [m3/s],Total Ventilation [m3/s],Sum Zone Dynamic Target Ventilation - Voz-sum-dyn [m3/s],Time Below Voz-sum-dyn [hr],Time At Voz-sum-dyn [hr],Time Above Voz-sum-dyn [hr]
,PACU_VAV_BOT,1.2376,0.0000,1.2376,0.7171,297.75,0.00,1196.25
,PACU_VAV_MID,1.0829,0.0000,1.0829,0.7085,284.25,0.00,1209.75
,PACU_VAV_TOP,1.1397,0.0000,1.1397,0.7171,271.00,0.00,1223.00
Values shown include multipliers.


Outdoor Air Controller Limiting Factors by AirLoop

,,No Limiting Factor [hr],Limits and Scheduled Limits [hr],Economizer [hr],Exhaust Flow [hr],Mixed Air Flow [hr],High Humidity [hr],Demand Controlled Ventilation [hr],Night Ventilation [hr],Demand Limiting [hr],Energy Management System [hr]
,PACU_VAV_BOT,0.00,2.00,626.00,0.00,0.00,0.00,593.50,0.00,0.00,0.00
,PACU_VAV_MID,0.00,1.25,653.25,0.00,0.00,0.00,587.00,0.00,0.00,0.00
,PACU_VAV_TOP,0.00,0.00,727.75,0.00,0.00,0.00,531.25,0.00,0.00,0.00


Average Outdoor Air for Limiting Factors During Occupancy

,,No Limiting Factor [m3/s],Limits and Scheduled Limits [m3/s],Economizer [m3/s],Exhaust Flow [m3/s],Mixed Air Flow [m3/s],High Humidity [m3/s],Demand Controlled Ventilation [m3/s],Night Ventilation [m3/s],Demand Limiting [m3/s],Energy Management System [m3/s]
,PACU_VAV_BOT,0.0000,5.8497,2.2503,0.0000,0.0000,0.0000,0.8213,0.0000,0.0000,0.0000
,PACU_VAV_MID,0.0000,5.5818,1.8041,0.0000,0.0000,0.0000,0.8380,0.0000,0.0000,0.0000
,PACU_VAV_TOP,0.0000,0.0000,1.8237,0.0000,0.0000,0.0000,0.8334,0.0000,0.0000,0.0000
Values shown include multipliers.


----------------------------------------------------------------------------------------------------
REPORT:,Object Count Summary
FOR:,Entire Facility
Surfaces by Class

,,Total,Outdoors
,Wall,72,24
,Floor,30,4
,Roof,26,1
,Internal Mass,15,0
,Building Detached Shading,0,0
,Fixed Detached Shading,0,0
,Window,18,18
,Door,6,6
,Glass Door,0,0
,Shading,0,0
,Overhang,0,0
,Fin,0,0
,Tubular Daylighting Device Dome,0,0
,Tubular Daylighting Device Diffuser,0,0


HVAC

,,Count
,HVAC Air Loops,3
,Conditioned Zones,18
,Unconditioned Zones,0
,Supply Plenums,0
,Return Plenums,3


Input Fields

,,Count
,IDF Objects,939
,Defaulted Fields,708
,Fields with Defaults,2568
,Autosized Fields,150
,Autosizable Fields,202
,Autocalculated Fields,155
,Autocalculatable Fields,276


----------------------------------------------------------------------------------------------------
REPORT:,Energy Meters
FOR:,Entire Facility
Annual and Peak Values - Electricity

,,Electricity Annual Value [GJ],Electricity Minimum Value [W],Timestamp of Minimum {TIMESTAMP},Electricity Maximum Value [W],Timestamp of Maximum {TIMESTAMP}
,Electricity:Facility,443.75,10418.10,04-JUL-17:30,168662.53,02-JUL-10:00
,Electricity:Building,249.25,10246.74,01-APR-17:30,82242.14,25-JUL-07:15
,Electricity:Zone:CORE_BOTTOM,84.94,2043.28,01-JAN-00:15,34308.80,02-JAN-08:15
,Electricity:SpaceType:GENERAL,249.25,10246.74,01-APR-17:30,82242.14,25-JUL-07:15
,InteriorLights:Electricity,61.31,968.99,01-APR-17:30,25512.23,25-JUL-07:15
,InteriorLights:Electricity:Zone:CORE_BOTTOM,14.76,211.73,01-JAN-00:15,5258.41,02-JAN-08:15
,InteriorLights:Electricity:SpaceType:GENERAL,61.31,968.99,01-APR-17:30,25512.23,25-JUL-07:15
,LightsWired:InteriorLights:Electricity,61.31,968.99,01-APR-17:30,25512.23,25-JUL-07:15
,LightsWired:InteriorLights:Electricity:Zone:CORE_BOTTOM,14.76,211.73,01-JAN-00:15,5258.41,02-JAN-08:15
,LightsWired:InteriorLights:Electricity:SpaceType:GENERAL,61.31,968.99,01-APR-17:30,25512.23,25-JUL-07:15
,Electricity:Zone:CORE_MID,43.73,2043.28,01-JAN-00:15,12066.73,02-JAN-08:15
,InteriorLights:Electricity:Zone:CORE_MID,14.76,211.73,01-JAN-00:15,5258.41,02-JAN-08:15
,LightsWired:InteriorLights:Electricity:Zone:CORE_MID,14.76,211.73,01-JAN-00:15,5258.41,02-JAN-08:15
,Electricity:Zone:CORE_TOP,43.73,2043.28,01-JAN-00:15,12066.73,02-JAN-08:15
,InteriorLights:Electricity:Zone:CORE_TOP,14.76,211.73,01-JAN-00:15,5258.41,02-JAN-08:15
,LightsWired:InteriorLights:Electricity:Zone:CORE_TOP,14.76,211.73,01-JAN-00:15,5258.41,02-JAN-08:15
,Electricity:Zone:PERIMETER_TOP_ZN_3,7.84,420.17,01-APR-17:15,2430.33,17-APR-16:00
,InteriorLights:Electricity:Zone:PERIMETER_TOP_ZN_3,1.74,29.38,01-JAN-08:15,995.08,17-APR-16:00
,LightsWired:InteriorLights:Electricity:Zone:PERIMETER_TOP_ZN_3,1.74,29.38,01-JAN-08:15,995.08,17-APR-16:00
,Electricity:Zone:PERIMETER_TOP_ZN_2,4.96,265.99,01-APR-17:15,1537.73,17-APR-16:00
,InteriorLights:Electricity:Zone:PERIMETER_TOP_ZN_2,1.10,18.60,01-JAN-07:45,629.15,17-APR-16:00
,LightsWired:InteriorLights:Electricity:Zone:PERIMETER_TOP_ZN_2,1.10,18.60,01-JAN-07:45,629.15,17-APR-16:00
,Electricity:Zone:PERIMETER_TOP_ZN_1,7.84,420.17,01-APR-17:15,2435.73,25-JUL-07:15
,InteriorLights:Electricity:Zone:PERIMETER_TOP_ZN_1,1.74,29.38,01-JAN-08:00,1000.50,25-JUL-07:15
,LightsWired:InteriorLights:Electricity:Zone:PERIMETER_TOP_ZN_1,1.74,29.38,01-JAN-08:00,1000.50,25-JUL-07:15
,Electricity:Zone:PERIMETER_TOP_ZN_4,4.97,265.98,01-APR-17:15,1544.24,25-JUL-07:15
,InteriorLights:Electricity:Zone:PERIMETER_TOP_ZN_4,1.10,18.60,01-JAN-08:30,635.67,25-JUL-07:15
,LightsWired:InteriorLights:Electricity:Zone:PERIMETER_TOP_ZN_4,1.10,18.60,01-JAN-08:30,635.67,25-JUL-07:15
,Electricity:Zone:PERIMETER_BOT_ZN_3,7.84,420.17,01-APR-17:15,2426.06,17-APR-16:00
,InteriorLights:Electricity:Zone:PERIMETER_BOT_ZN_3,1.73,29.38,01-JAN-08:15,990.82,17-APR-16:00
,LightsWired:InteriorLights:Electricity:Zone:PERIMETER_BOT_ZN_3,1.73,29.38,01-JAN-08:15,990.82,17-APR-16:00
,Electricity:Zone:PERIMETER_BOT_ZN_2,4.96,265.99,01-APR-17:15,1535.51,17-APR-16:00
,InteriorLights:Electricity:Zone:PERIMETER_BOT_ZN_2,1.10,18.60,01-JAN-07:45,626.94,17-APR-16:00
,LightsWired:InteriorLights:Electricity:Zone:PERIMETER_BOT_ZN_2,1.10,18.60,01-JAN-07:45,626.94,17-APR-16:00
,Electricity:Zone:PERIMETER_BOT_ZN_1,7.84,420.17,01-APR-17:15,2431.63,25-JUL-07:15
,InteriorLights:Electricity:Zone:PERIMETER_BOT_ZN_1,1.74,29.38,01-JAN-08:00,996.39,25-JUL-07:15
,LightsWired:InteriorLights:Electricity:Zone:PERIMETER_BOT_ZN_1,1.74,29.38,01-JAN-08:00,996.39,25-JUL-07:15
,Electricity:Zone:PERIMETER_BOT_ZN_4,4.97,265.98,01-APR-17:15,1542.23,25-JUL-07:15
,InteriorLights:Electricity:Zone:PERIMETER_BOT_ZN_4,1.10,18.60,01-JAN-08:30,633.66,25-JUL-07:15
,LightsWired:InteriorLights:Electricity:Zone:PERIMETER_BOT_ZN_4,1.10,18.60,01-JAN-08:30,633.66,25-JUL-07:15
,Electricity:Zone:PERIMETER_MID_ZN_3,7.84,420.17,01-APR-17:15,2430.32,17-APR-16:00
,InteriorLights:Electricity:Zone:PERIMETER_MID_ZN_3,1.74,29.38,01-JAN-08:15,995.07,17-APR-16:00
,LightsWired:InteriorLights:Electricity:Zone:PERIMETER_MID_ZN_3,1.74,29.38,01-JAN-08:15,995.07,17-APR-16:00
,Electricity:Zone:PERIMETER_MID_ZN_2,4.96,265.99,01-APR-17:15,1537.72,17-APR-16:00
,InteriorLights:Electricity:Zone:PERIMETER_MID_ZN_2,1.10,18.60,01-JAN-07:45,629.15,17-APR-16:00
,LightsWired:InteriorLights:Electricity:Zone:PERIMETER_MID_ZN_2,1.10,18.60,01-JAN-07:45,629.15,17-APR-16:00
,Electricity:Zone:PERIMETER_MID_ZN_1,7.84,420.17,01-APR-17:15,2435.72,25-JUL-07:15
,InteriorLights:Electricity:Zone:PERIMETER_MID_ZN_1,1.74,29.38,01-JAN-08:00,1000.49,25-JUL-07:15
,LightsWired:InteriorLights:Electricity:Zone:PERIMETER_MID_ZN_1,1.74,29.38,01-JAN-08:00,1000.49,25-JUL-07:15
,Electricity:Zone:PERIMETER_MID_ZN_4,4.97,265.98,01-APR-17:15,1544.24,25-JUL-07:15
,InteriorLights:Electricity:Zone:PERIMETER_MID_ZN_4,1.10,18.60,01-JAN-08:30,635.67,25-JUL-07:15
,LightsWired:InteriorLights:Electricity:Zone:PERIMETER_MID_ZN_4,1.10,18.60,01-JAN-08:30,635.67,25-JUL-07:15
,InteriorEquipment:Electricity,187.95,9277.75,01-JAN-00:15,56729.91,02-JAN-08:15
,InteriorEquipment:Electricity:Zone:CORE_BOTTOM,70.18,1831.54,01-JAN-00:15,29050.39,02-JAN-08:15
,InteriorEquipment:Electricity:SpaceType:GENERAL,187.95,9277.75,01-JAN-00:15,56729.91,02-JAN-08:15
,MiscPlug:InteriorEquipment:Electricity,146.73,9277.75,01-JAN-00:15,34487.83,02-JAN-08:15
,MiscPlug:InteriorEquipment:Electricity:Zone:CORE_BOTTOM,28.97,1831.54,01-JAN-00:15,6808.32,02-JAN-08:15
,MiscPlug:InteriorEquipment:Electricity:SpaceType:GENERAL,146.73,9277.75,01-JAN-00:15,34487.83,02-JAN-08:15
,InteriorEquipment:Electricity:Zone:CORE_MID,28.97,1831.54,01-JAN-00:15,6808.32,02-JAN-08:15
,MiscPlug:InteriorEquipment:Electricity:Zone:CORE_MID,28.97,1831.54,01-JAN-00:15,6808.32,02-JAN-08:15
,InteriorEquipment:Electricity:Zone:CORE_TOP,28.97,1831.54,01-JAN-00:15,6808.32,02-JAN-08:15
,MiscPlug:InteriorEquipment:Electricity:Zone:CORE_TOP,28.97,1831.54,01-JAN-00:15,6808.32,02-JAN-08:15
,InteriorEquipment:Electricity:Zone:PERIMETER_TOP_ZN_3,6.11,386.10,01-JAN-00:15,1435.25,02-JAN-08:15
,MiscPlug:InteriorEquipment:Electricity:Zone:PERIMETER_TOP_ZN_3,6.11,386.10,01-JAN-00:15,1435.25,02-JAN-08:15
,InteriorEquipment:Electricity:Zone:PERIMETER_TOP_ZN_2,3.87,244.42,01-JAN-00:15,908.57,02-JAN-08:15
,MiscPlug:InteriorEquipment:Electricity:Zone:PERIMETER_TOP_ZN_2,3.87,244.42,01-JAN-00:15,908.57,02-JAN-08:15
,InteriorEquipment:Electricity:Zone:PERIMETER_TOP_ZN_1,6.11,386.10,01-JAN-00:15,1435.24,02-JAN-08:15
,MiscPlug:InteriorEquipment:Electricity:Zone:PERIMETER_TOP_ZN_1,6.11,386.10,01-JAN-00:15,1435.24,02-JAN-08:15
,InteriorEquipment:Electricity:Zone:PERIMETER_TOP_ZN_4,3.87,244.42,01-JAN-00:15,908.57,02-JAN-08:15
,MiscPlug:InteriorEquipment:Electricity:Zone:PERIMETER_TOP_ZN_4,3.87,244.42,01-JAN-00:15,908.57,02-JAN-08:15
,InteriorEquipment:Electricity:Zone:PERIMETER_BOT_ZN_3,6.11,386.10,01-JAN-00:15,1435.25,02-JAN-08:15
,MiscPlug:InteriorEquipment:Electricity:Zone:PERIMETER_BOT_ZN_3,6.11,386.10,01-JAN-00:15,1435.25,02-JAN-08:15
,InteriorEquipment:Electricity:Zone:PERIMETER_BOT_ZN_2,3.87,244.42,01-JAN-00:15,908.57,02-JAN-08:15
,MiscPlug:InteriorEquipment:Electricity:Zone:PERIMETER_BOT_ZN_2,3.87,244.42,01-JAN-00:15,908.57,02-JAN-08:15
,InteriorEquipment:Electricity:Zone:PERIMETER_BOT_ZN_1,6.11,386.10,01-JAN-00:15,1435.24,02-JAN-08:15
,MiscPlug:InteriorEquipment:Electricity:Zone:PERIMETER_BOT_ZN_1,6.11,386.10,01-JAN-00:15,1435.24,02-JAN-08:15
,InteriorEquipment:Electricity:Zone:PERIMETER_BOT_ZN_4,3.87,244.42,01-JAN-00:15,908.57,02-JAN-08:15
,MiscPlug:InteriorEquipment:Electricity:Zone:PERIMETER_BOT_ZN_4,3.87,244.42,01-JAN-00:15,908.57,02-JAN-08:15
,InteriorEquipment:Electricity:Zone:PERIMETER_MID_ZN_3,6.11,386.10,01-JAN-00:15,1435.25,02-JAN-08:15
,MiscPlug:InteriorEquipment:Electricity:Zone:PERIMETER_MID_ZN_3,6.11,386.10,01-JAN-00:15,1435.25,02-JAN-08:15
,InteriorEquipment:Electricity:Zone:PERIMETER_MID_ZN_2,3.87,244.42,01-JAN-00:15,908.57,02-JAN-08:15
,MiscPlug:InteriorEquipment:Electricity:Zone:PERIMETER_MID_ZN_2,3.87,244.42,01-JAN-00:15,908.57,02-JAN-08:15
,InteriorEquipment:Electricity:Zone:PERIMETER_MID_ZN_1,6.11,386.10,01-JAN-00:15,1435.24,02-JAN-08:15
,MiscPlug:InteriorEquipment:Electricity:Zone:PERIMETER_MID_ZN_1,6.11,386.10,01-JAN-00:15,1435.24,02-JAN-08:15
,InteriorEquipment:Electricity:Zone:PERIMETER_MID_ZN_4,3.87,244.42,01-JAN-00:15,908.57,02-JAN-08:15
,MiscPlug:InteriorEquipment:Electricity:Zone:PERIMETER_MID_ZN_4,3.87,244.42,01-JAN-00:15,908.57,02-JAN-08:15
,ElevatorLift:InteriorEquipment:Electricity,41.06,0.00,01-JAN-00:15,22155.82,02-JAN-08:15
,ElevatorLift:InteriorEquipment:Electricity:Zone:CORE_BOTTOM,41.06,0.00,01-JAN-00:15,22155.82,02-JAN-08:15
,ElevatorLift:InteriorEquipment:Electricity:SpaceType:GENERAL,41.06,0.00,01-JAN-00:15,22155.82,02-JAN-08:15
,ElevatorLightsFan:InteriorEquipment:Electricity,0.16,0.00,01-JAN-00:15,86.25,02-JAN-08:15
,ElevatorLightsFan:InteriorEquipment:Electricity:Zone:CORE_BOTTOM,0.16,0.00,01-JAN-00:15,86.25,02-JAN-08:15
,ElevatorLightsFan:InteriorEquipment:Electricity:SpaceType:GENERAL,0.16,0.00,01-JAN-00:15,86.25,02-JAN-08:15
,Electricity:HVAC,182.84,168.34,01-JAN-00:15,101284.69,02-JUL-10:00
,ExteriorEquipment:Electricity,2.94,168.34,01-JAN-00:15,840.83,25-JUL-07:30
,Transformer:ExteriorEquipment:Electricity,2.94,168.34,01-JAN-00:15,840.83,25-JUL-07:30
,ElectricityPurchased:Facility,443.75,10418.10,04-JUL-17:30,168662.53,02-JUL-10:00
,ElectricityPurchased:Plant,443.75,10418.10,04-JUL-17:30,168662.53,02-JUL-10:00
,Cogeneration:ElectricityPurchased,443.75,10418.10,04-JUL-17:30,168662.53,02-JUL-10:00
,General:Cogeneration:ElectricityPurchased,443.75,10418.10,04-JUL-17:30,168662.53,02-JUL-10:00
,ElectricitySurplusSold:Facility,0.00,0.00,01-JAN-00:15,0.00,01-JAN-00:15
,ElectricitySurplusSold:Plant,0.00,0.00,01-JAN-00:15,0.00,01-JAN-00:15
,Cogeneration:ElectricitySurplusSold,0.00,0.00,01-JAN-00:15,0.00,01-JAN-00:15
,General:Cogeneration:ElectricitySurplusSold,0.00,0.00,01-JAN-00:15,0.00,01-JAN-00:15
,ElectricityNet:Facility,443.75,10418.10,04-JUL-17:30,168662.53,02-JUL-10:00
,ElectricityNet:Plant,443.75,10418.10,04-JUL-17:30,168662.53,02-JUL-10:00
,Cogeneration:ElectricityNet,443.75,10418.10,04-JUL-17:30,168662.53,02-JUL-10:00
,General:Cogeneration:ElectricityNet,443.75,10418.10,04-JUL-17:30,168662.53,02-JUL-10:00
,Heating:Electricity,0.00,0.00,01-JAN-00:15,0.00,01-JAN-00:15
,General:Heating:Electricity,0.00,0.00,01-JAN-00:15,0.00,01-JAN-00:15
,Fans:Electricity,29.99,0.00,01-JAN-00:15,33301.11,02-JUL-10:00
,General:Fans:Electricity,29.99,0.00,01-JAN-00:15,33301.11,02-JUL-10:00
,ExteriorLights:Electricity,11.62,0.00,01-JAN-07:00,5236.50,01-JAN-06:15
,General:ExteriorLights:Electricity,11.62,0.00,01-JAN-07:00,5236.50,01-JAN-06:15
,Cooling:Electricity,149.92,0.00,01-JAN-00:15,75474.82,30-APR-13:00
,General:Cooling:Electricity,149.92,0.00,01-JAN-00:15,75474.82,30-APR-13:00
,Electricity:Plant,0.04,0.00,01-JAN-00:15,6.85,01-JAN-06:15
,Pumps:Electricity,0.04,0.00,01-JAN-00:15,6.85,01-JAN-06:15
,General:Pumps:Electricity,0.04,0.00,01-JAN-00:15,6.85,01-JAN-06:15
,WIRED_LTG_ELECTRICITY,1.72,0.00,01-JAN-00:15,716.89,25-JUL-07:30
,WIRED_INT_EQUIP,146.89,9277.75,01-JAN-00:15,34574.08,02-JAN-08:15
Values shown are for all completed run periods - including any simulations run during sizing periods


Annual and Peak Values - Natural Gas

,,Natural Gas Annual Value [GJ],Natural Gas Minimum Value [W],Timestamp of Minimum {TIMESTAMP},Natural Gas Maximum Value [W],Timestamp of Maximum {TIMESTAMP}
,NaturalGas:Facility,22.77,1886.44,22-JUL-05:30,13025.09,20-JAN-13:00
,NaturalGas:HVAC,0.00,0.00,01-JAN-00:15,0.00,01-JAN-00:15
,Heating:NaturalGas,0.00,0.00,01-JAN-00:15,0.00,01-JAN-00:15
,General:Heating:NaturalGas,0.00,0.00,01-JAN-00:15,0.00,01-JAN-00:15
,NaturalGas:Plant,22.77,1886.44,22-JUL-05:30,13025.09,20-JAN-13:00
,WaterSystems:NaturalGas,22.77,1886.44,22-JUL-05:30,13025.09,20-JAN-13:00
,Water Heater:WaterSystems:NaturalGas,22.77,1886.44,22-JUL-05:30,13025.09,20-JAN-13:00
Values shown are for all completed run periods - including any simulations run during sizing periods


Annual and Peak Values - Cooling

,,Cooling Annual Value [GJ],Cooling Minimum Value [W],Timestamp of Minimum {TIMESTAMP},Cooling Maximum Value [W],Timestamp of Maximum {TIMESTAMP}
,None,,,,,
Values shown are for all completed run periods - including any simulations run during sizing periods


Annual and Peak Values - Water

,,Annual Value [m3],Minimum Value [m3/s],Timestamp of Minimum {TIMESTAMP},Maximum Value [m3/s],Timestamp of Maximum {TIMESTAMP}
,Water:Facility,67.66,0.00,01-JAN-00:15,0.00,02-JAN-12:15
,Water:Plant,67.66,0.00,01-JAN-00:15,0.00,02-JAN-12:15
,WaterSystems:Water,67.66,0.00,01-JAN-00:15,0.00,02-JAN-12:15
,WaterUse:WaterSystems:Water,67.66,0.00,01-JAN-00:15,0.00,02-JAN-12:15
,MainsWater:Facility,67.66,0.00,01-JAN-00:15,0.00,02-JAN-12:15
,MainsWater:Plant,67.66,0.00,01-JAN-00:15,0.00,02-JAN-12:15
,WaterSystems:MainsWater,67.66,0.00,01-JAN-00:15,0.00,02-JAN-12:15
,WaterUse:WaterSystems:MainsWater,67.66,0.00,01-JAN-00:15,0.00,02-JAN-12:15
,Water Heater:WaterSystems:Water,0.00,0.00,01-JAN-00:15,0.00,01-JAN-00:15
,Water Heater:WaterSystems:MainsWater,0.00,0.00,01-JAN-00:15,0.00,01-JAN-00:15
Values shown are for all completed run periods - including any simulations run during sizing periods


Annual and Peak Values - Other by Weight/Mass

,,Annual Value [kg],Minimum Value [kg/s],Timestamp of Minimum {TIMESTAMP},Maximum Value [kg/s],Timestamp of Maximum {TIMESTAMP}
,Carbon Equivalent:Facility,0.00,0.000,01-JAN-00:15,0.000,01-JAN-00:15
,CarbonEquivalentEmissions:Carbon Equivalent,0.00,0.000,01-JAN-00:15,0.000,01-JAN-00:15
Values shown are for all completed run periods - including any simulations run during sizing periods


Annual and Peak Values - Other Volumetric

,,Annual Value [m3],Minimum Value [m3/s],Timestamp of Minimum {TIMESTAMP},Maximum Value [m3/s],Timestamp of Maximum {TIMESTAMP}
,None,,,,,
Values shown are for all completed run periods - including any simulations run during sizing periods


Annual and Peak Values - Other Liquid/Gas

,,Annual Value [L],Minimum Value [L],Timestamp of Minimum {TIMESTAMP},Maximum Value [L],Timestamp of Maximum {TIMESTAMP}
,None,,,,,
Values shown are for all completed run periods - including any simulations run during sizing periods


Annual and Peak Values - Other

,,Annual Value [GJ],Minimum Value [W],Timestamp of Minimum {TIMESTAMP},Maximum Value [W],Timestamp of Maximum {TIMESTAMP}
,EnergyTransfer:Facility,1049.14,0.00,01-JAN-00:15,433881.13,02-JUL-09:15
,EnergyTransfer:Building,433.94,0.00,01-JAN-00:15,166701.64,09-APR-15:30
,EnergyTransfer:Zone:CORE_BOTTOM,91.03,0.00,01-JAN-00:15,36146.58,02-APR-08:00
,Heating:EnergyTransfer,0.31,0.00,01-JAN-00:15,2920.78,09-APR-05:15
,Heating:EnergyTransfer:Zone:CORE_BOTTOM,0.00,0.00,01-JAN-00:15,0.00,01-JAN-00:15
,General:Heating:EnergyTransfer,0.31,0.00,01-JAN-00:15,2920.78,09-APR-05:15
,General:Heating:EnergyTransfer:Zone:CORE_BOTTOM,0.00,0.00,01-JAN-00:15,0.00,01-JAN-00:15
,Cooling:EnergyTransfer,433.64,0.00,01-JAN-00:15,166701.64,09-APR-15:30
,Cooling:EnergyTransfer:Zone:CORE_BOTTOM,91.03,0.00,01-JAN-00:15,36146.58,02-APR-08:00
,General:Cooling:EnergyTransfer,433.64,0.00,01-JAN-00:15,166701.64,09-APR-15:30
,General:Cooling:EnergyTransfer:Zone:CORE_BOTTOM,91.03,0.00,01-JAN-00:15,36146.58,02-APR-08:00
,EnergyTransfer:Zone:TOPFLOOR_PLENUM,16.23,0.00,01-JAN-00:15,10570.30,30-APR-13:30
,Heating:EnergyTransfer:Zone:TOPFLOOR_PLENUM,0.16,0.00,01-JAN-00:15,1902.80,09-APR-05:15
,General:Heating:EnergyTransfer:Zone:TOPFLOOR_PLENUM,0.16,0.00,01-JAN-00:15,1902.80,09-APR-05:15
,Cooling:EnergyTransfer:Zone:TOPFLOOR_PLENUM,16.07,0.00,01-JAN-00:15,10570.30,30-APR-13:30
,General:Cooling:EnergyTransfer:Zone:TOPFLOOR_PLENUM,16.07,0.00,01-JAN-00:15,10570.30,30-APR-13:30
,EnergyTransfer:Zone:MIDFLOOR_PLENUM,9.47,0.00,01-JAN-00:15,5543.09,02-JUL-07:45
,Heating:EnergyTransfer:Zone:MIDFLOOR_PLENUM,0.10,0.00,01-JAN-00:15,1554.93,29-JAN-10:30
,General:Heating:EnergyTransfer:Zone:MIDFLOOR_PLENUM,0.10,0.00,01-JAN-00:15,1554.93,29-JAN-10:30
,Cooling:EnergyTransfer:Zone:MIDFLOOR_PLENUM,9.37,0.00,01-JAN-00:15,5543.09,02-JUL-07:45
,General:Cooling:EnergyTransfer:Zone:MIDFLOOR_PLENUM,9.37,0.00,01-JAN-00:15,5543.09,02-JUL-07:45
,EnergyTransfer:Zone:FIRSTFLOOR_PLENUM,11.23,0.00,01-JAN-00:15,6003.60,02-JUL-07:30
,Heating:EnergyTransfer:Zone:FIRSTFLOOR_PLENUM,0.05,0.00,01-JAN-00:15,1086.95,22-JAN-10:30
,General:Heating:EnergyTransfer:Zone:FIRSTFLOOR_PLENUM,0.05,0.00,01-JAN-00:15,1086.95,22-JAN-10:30
,Cooling:EnergyTransfer:Zone:FIRSTFLOOR_PLENUM,11.17,0.00,01-JAN-00:15,6003.60,02-JUL-07:30
,General:Cooling:EnergyTransfer:Zone:FIRSTFLOOR_PLENUM,11.17,0.00,01-JAN-00:15,6003.60,02-JUL-07:30
,EnergyTransfer:Zone:CORE_MID,56.85,0.00,01-JAN-00:15,21780.00,02-APR-06:15
,Heating:EnergyTransfer:Zone:CORE_MID,0.00,0.00,01-JAN-00:15,0.00,01-JAN-00:15
,General:Heating:EnergyTransfer:Zone:CORE_MID,0.00,0.00,01-JAN-00:15,0.00,01-JAN-00:15
,Cooling:EnergyTransfer:Zone:CORE_MID,56.85,0.00,01-JAN-00:15,21780.00,02-APR-06:15
,General:Cooling:EnergyTransfer:Zone:CORE_MID,56.85,0.00,01-JAN-00:15,21780.00,02-APR-06:15
,EnergyTransfer:Zone:CORE_TOP,58.88,0.00,01-JAN-00:15,22449.06,02-JUL-10:30
,Heating:EnergyTransfer:Zone:CORE_TOP,0.00,0.00,01-JAN-00:15,0.00,01-JAN-00:15
,General:Heating:EnergyTransfer:Zone:CORE_TOP,0.00,0.00,01-JAN-00:15,0.00,01-JAN-00:15
,Cooling:EnergyTransfer:Zone:CORE_TOP,58.88,0.00,01-JAN-00:15,22449.06,02-JUL-10:30
,General:Cooling:EnergyTransfer:Zone:CORE_TOP,58.88,0.00,01-JAN-00:15,22449.06,02-JUL-10:30
,EnergyTransfer:Zone:PERIMETER_TOP_ZN_3,18.11,0.00,01-JAN-00:15,8175.96,02-JUL-14:30
,Heating:EnergyTransfer:Zone:PERIMETER_TOP_ZN_3,0.00,0.00,01-JAN-00:15,0.00,01-JAN-00:15
,General:Heating:EnergyTransfer:Zone:PERIMETER_TOP_ZN_3,0.00,0.00,01-JAN-00:15,0.00,01-JAN-00:15
,Cooling:EnergyTransfer:Zone:PERIMETER_TOP_ZN_3,18.11,0.00,01-JAN-00:15,8175.96,02-JUL-14:30
,General:Cooling:EnergyTransfer:Zone:PERIMETER_TOP_ZN_3,18.11,0.00,01-JAN-00:15,8175.96,02-JUL-14:30
,EnergyTransfer:Zone:PERIMETER_TOP_ZN_2,14.99,0.00,01-JAN-00:15,9483.57,30-APR-09:00
,Heating:EnergyTransfer:Zone:PERIMETER_TOP_ZN_2,0.00,0.00,01-JAN-00:15,0.00,01-JAN-00:15
,General:Heating:EnergyTransfer:Zone:PERIMETER_TOP_ZN_2,0.00,0.00,01-JAN-00:15,0.00,01-JAN-00:15
,Cooling:EnergyTransfer:Zone:PERIMETER_TOP_ZN_2,14.99,0.00,01-JAN-00:15,9483.57,30-APR-09:00
,General:Cooling:EnergyTransfer:Zone:PERIMETER_TOP_ZN_2,14.99,0.00,01-JAN-00:15,9483.57,30-APR-09:00
,EnergyTransfer:Zone:PERIMETER_TOP_ZN_1,20.77,0.00,01-JAN-00:15,10544.76,29-JAN-13:00
,Heating:EnergyTransfer:Zone:PERIMETER_TOP_ZN_1,0.00,0.00,01-JAN-00:15,0.00,01-JAN-00:15
,General:Heating:EnergyTransfer:Zone:PERIMETER_TOP_ZN_1,0.00,0.00,01-JAN-00:15,0.00,01-JAN-00:15
,Cooling:EnergyTransfer:Zone:PERIMETER_TOP_ZN_1,20.77,0.00,01-JAN-00:15,10544.76,29-JAN-13:00
,General:Cooling:EnergyTransfer:Zone:PERIMETER_TOP_ZN_1,20.77,0.00,01-JAN-00:15,10544.76,29-JAN-13:00
,EnergyTransfer:Zone:PERIMETER_TOP_ZN_4,14.58,0.00,01-JAN-00:15,9918.25,09-APR-15:45
,Heating:EnergyTransfer:Zone:PERIMETER_TOP_ZN_4,0.00,0.00,01-JAN-00:15,0.00,01-JAN-00:15
,General:Heating:EnergyTransfer:Zone:PERIMETER_TOP_ZN_4,0.00,0.00,01-JAN-00:15,0.00,01-JAN-00:15
,Cooling:EnergyTransfer:Zone:PERIMETER_TOP_ZN_4,14.58,0.00,01-JAN-00:15,9918.25,09-APR-15:45
,General:Cooling:EnergyTransfer:Zone:PERIMETER_TOP_ZN_4,14.58,0.00,01-JAN-00:15,9918.25,09-APR-15:45
,EnergyTransfer:Zone:PERIMETER_BOT_ZN_3,14.21,0.00,01-JAN-00:15,6822.25,02-JUL-14:30
,Heating:EnergyTransfer:Zone:PERIMETER_BOT_ZN_3,0.00,0.00,01-JAN-00:15,0.00,01-JAN-00:15
,General:Heating:EnergyTransfer:Zone:PERIMETER_BOT_ZN_3,0.00,0.00,01-JAN-00:15,0.00,01-JAN-00:15
,Cooling:EnergyTransfer:Zone:PERIMETER_BOT_ZN_3,14.21,0.00,01-JAN-00:15,6822.25,02-JUL-14:30
,General:Cooling:EnergyTransfer:Zone:PERIMETER_BOT_ZN_3,14.21,0.00,01-JAN-00:15,6822.25,02-JUL-14:30
,EnergyTransfer:Zone:PERIMETER_BOT_ZN_2,12.40,0.00,01-JAN-00:15,7351.15,30-APR-10:00
,Heating:EnergyTransfer:Zone:PERIMETER_BOT_ZN_2,0.00,0.00,01-JAN-00:15,0.00,01-JAN-00:15
,General:Heating:EnergyTransfer:Zone:PERIMETER_BOT_ZN_2,0.00,0.00,01-JAN-00:15,0.00,01-JAN-00:15
,Cooling:EnergyTransfer:Zone:PERIMETER_BOT_ZN_2,12.40,0.00,01-JAN-00:15,7351.15,30-APR-10:00
,General:Cooling:EnergyTransfer:Zone:PERIMETER_BOT_ZN_2,12.40,0.00,01-JAN-00:15,7351.15,30-APR-10:00
,EnergyTransfer:Zone:PERIMETER_BOT_ZN_1,17.81,0.00,01-JAN-00:15,8081.25,30-APR-12:00
,Heating:EnergyTransfer:Zone:PERIMETER_BOT_ZN_1,0.00,0.00,01-JAN-00:15,0.00,01-JAN-00:15
,General:Heating:EnergyTransfer:Zone:PERIMETER_BOT_ZN_1,0.00,0.00,01-JAN-00:15,0.00,01-JAN-00:15
,Cooling:EnergyTransfer:Zone:PERIMETER_BOT_ZN_1,17.81,0.00,01-JAN-00:15,8081.25,30-APR-12:00
,General:Cooling:EnergyTransfer:Zone:PERIMETER_BOT_ZN_1,17.81,0.00,01-JAN-00:15,8081.25,30-APR-12:00
,EnergyTransfer:Zone:PERIMETER_BOT_ZN_4,11.87,0.00,01-JAN-00:15,7476.64,09-APR-16:00
,Heating:EnergyTransfer:Zone:PERIMETER_BOT_ZN_4,0.00,0.00,01-JAN-00:15,0.00,01-JAN-00:15
,General:Heating:EnergyTransfer:Zone:PERIMETER_BOT_ZN_4,0.00,0.00,01-JAN-00:15,0.00,01-JAN-00:15
,Cooling:EnergyTransfer:Zone:PERIMETER_BOT_ZN_4,11.87,0.00,01-JAN-00:15,7476.64,09-APR-16:00
,General:Cooling:EnergyTransfer:Zone:PERIMETER_BOT_ZN_4,11.87,0.00,01-JAN-00:15,7476.64,09-APR-16:00
,EnergyTransfer:Zone:PERIMETER_MID_ZN_3,17.49,0.00,01-JAN-00:15,7777.33,02-JUL-14:30
,Heating:EnergyTransfer:Zone:PERIMETER_MID_ZN_3,0.00,0.00,01-JAN-00:15,0.00,01-JAN-00:15
,General:Heating:EnergyTransfer:Zone:PERIMETER_MID_ZN_3,0.00,0.00,01-JAN-00:15,0.00,01-JAN-00:15
,Cooling:EnergyTransfer:Zone:PERIMETER_MID_ZN_3,17.49,0.00,01-JAN-00:15,7777.33,02-JUL-14:30
,General:Cooling:EnergyTransfer:Zone:PERIMETER_MID_ZN_3,17.49,0.00,01-JAN-00:15,7777.33,02-JUL-14:30
,EnergyTransfer:Zone:PERIMETER_MID_ZN_2,14.01,0.00,01-JAN-00:15,9442.76,30-APR-08:45
,Heating:EnergyTransfer:Zone:PERIMETER_MID_ZN_2,0.00,0.00,01-JAN-00:15,0.00,01-JAN-00:15
,General:Heating:EnergyTransfer:Zone:PERIMETER_MID_ZN_2,0.00,0.00,01-JAN-00:15,0.00,01-JAN-00:15
,Cooling:EnergyTransfer:Zone:PERIMETER_MID_ZN_2,14.01,0.00,01-JAN-00:15,9442.76,30-APR-08:45
,General:Cooling:EnergyTransfer:Zone:PERIMETER_MID_ZN_2,14.01,0.00,01-JAN-00:15,9442.76,30-APR-08:45
,EnergyTransfer:Zone:PERIMETER_MID_ZN_1,19.89,0.00,01-JAN-00:15,9426.22,29-JAN-12:45
,Heating:EnergyTransfer:Zone:PERIMETER_MID_ZN_1,0.00,0.00,01-JAN-00:15,0.00,01-JAN-00:15
,General:Heating:EnergyTransfer:Zone:PERIMETER_MID_ZN_1,0.00,0.00,01-JAN-00:15,0.00,01-JAN-00:15
,Cooling:EnergyTransfer:Zone:PERIMETER_MID_ZN_1,19.89,0.00,01-JAN-00:15,9426.22,29-JAN-12:45
,General:Cooling:EnergyTransfer:Zone:PERIMETER_MID_ZN_1,19.89,0.00,01-JAN-00:15,9426.22,29-JAN-12:45
,EnergyTransfer:Zone:PERIMETER_MID_ZN_4,14.12,0.00,01-JAN-00:15,9445.66,09-APR-15:45
,Heating:EnergyTransfer:Zone:PERIMETER_MID_ZN_4,0.00,0.00,01-JAN-00:15,0.00,01-JAN-00:15
,General:Heating:EnergyTransfer:Zone:PERIMETER_MID_ZN_4,0.00,0.00,01-JAN-00:15,0.00,01-JAN-00:15
,Cooling:EnergyTransfer:Zone:PERIMETER_MID_ZN_4,14.12,0.00,01-JAN-00:15,9445.66,09-APR-15:45
,General:Cooling:EnergyTransfer:Zone:PERIMETER_MID_ZN_4,14.12,0.00,01-JAN-00:15,9445.66,09-APR-15:45
,PlantLoopHeatingDemand:Facility,14.10,0.00,01-JAN-00:15,6530.56,30-JAN-12:30
,PlantLoopHeatingDemand:Plant,14.10,0.00,01-JAN-00:15,6530.56,30-JAN-12:30
,WaterSystems:PlantLoopHeatingDemand,14.10,0.00,01-JAN-00:15,6530.56,30-JAN-12:30
,General:WaterSystems:PlantLoopHeatingDemand,14.10,0.00,01-JAN-00:15,6530.56,30-JAN-12:30
,EnergyTransfer:HVAC,601.09,0.00,01-JAN-00:15,292425.05,02-JUL-10:00
,HeatingCoils:EnergyTransfer,0.00,0.00,01-JAN-00:15,0.00,01-JAN-00:15
,CoolingCoils:EnergyTransfer,601.09,0.00,01-JAN-00:15,292425.05,02-JUL-10:00
,EnergyTransfer:Plant,14.10,0.00,01-JAN-00:15,6530.56,30-JAN-12:30
,WaterSystems:EnergyTransfer,14.10,0.00,01-JAN-00:15,6530.56,30-JAN-12:30
,WaterUse:WaterSystems:EnergyTransfer,14.10,0.00,01-JAN-00:15,6530.56,30-JAN-12:30
,Water Heater:WaterSystems:PlantLoopHeatingDemand,0.00,0.00,01-JAN-00:15,0.00,01-JAN-00:15
Values shown are for all completed run periods - including any simulations run during sizing periods


----------------------------------------------------------------------------------------------------
REPORT:,Sensible Heat Gain Summary
FOR:,Entire Facility
Annual Building Sensible Heat Gain Components

,,HVAC Zone Eq & Other Sensible Air Heating [GJ],HVAC Zone Eq & Other Sensible Air Cooling [GJ],HVAC Terminal Unit Sensible Air Heating [GJ],HVAC Terminal Unit Sensible Air Cooling [GJ],HVAC Input Heated Surface Heating [GJ],HVAC Input Cooled Surface Cooling [GJ],People Sensible Heat Addition [GJ],Lights Sensible Heat Addition [GJ],Equipment Sensible Heat Addition [GJ],Window Heat Addition [GJ],Interzone Air Transfer Heat Addition [GJ],Infiltration Heat Addition [GJ],Opaque Surface Conduction and Other Heat Addition [GJ],Equipment Sensible Heat Removal [GJ],Window Heat Removal [GJ],Interzone Air Transfer Heat Removal [GJ],Infiltration Heat Removal [GJ],Opaque Surface Conduction and Other Heat Removal [GJ]
,CORE_BOTTOM,0.000,0.000,0.000,-91.034,0.000,0.000,8.151,14.761,70.182,0.000,0.000,0.000,0.000,0.000,0.000,0.000,0.000,-2.060
,CORE_MID,0.000,0.000,0.000,-56.854,0.000,0.000,8.157,14.761,28.966,0.000,0.000,0.000,4.970,0.000,0.000,0.000,0.000,-0.001
,CORE_TOP,0.000,0.000,0.000,-58.882,0.000,0.000,8.160,14.761,28.966,0.000,0.000,0.000,6.994,0.000,0.000,0.000,0.000,-0.001
,PERIMETER_TOP_ZN_3,0.000,0.000,0.000,-18.114,0.000,0.000,1.723,1.736,6.106,11.614,0.000,0.056,0.000,0.000,-2.635,0.000,-0.321,-0.165
,PERIMETER_TOP_ZN_2,0.000,0.000,0.000,-14.986,0.000,0.000,1.088,1.097,3.866,13.304,0.000,0.036,0.000,0.000,-1.767,0.000,-0.223,-2.414
,PERIMETER_TOP_ZN_1,0.000,0.000,0.000,-20.769,0.000,0.000,1.702,1.738,6.106,17.346,0.000,0.053,0.004,0.000,-2.694,0.000,-0.338,-3.144
,PERIMETER_TOP_ZN_4,0.000,0.000,0.000,-14.583,0.000,0.000,1.089,1.105,3.866,12.956,0.000,0.036,0.001,0.000,-1.837,0.000,-0.225,-2.406
,PERIMETER_BOT_ZN_3,0.000,0.000,0.000,-14.207,0.000,0.000,1.727,1.735,6.106,11.853,0.000,0.035,0.001,0.000,-2.460,0.000,-0.162,-4.627
,PERIMETER_BOT_ZN_2,0.000,0.000,0.000,-12.400,0.000,0.000,1.089,1.097,3.866,13.444,0.000,0.021,0.004,0.000,-1.735,0.000,-0.118,-5.262
,PERIMETER_BOT_ZN_1,0.000,0.000,0.000,-17.805,0.000,0.000,1.697,1.737,6.106,17.553,0.000,1.768,0.001,0.000,-2.638,0.000,-0.996,-7.422
,PERIMETER_BOT_ZN_4,0.000,0.000,0.000,-11.868,0.000,0.000,1.089,1.104,3.866,13.092,0.000,0.021,0.000,0.000,-1.805,0.000,-0.119,-5.378
,PERIMETER_MID_ZN_3,0.000,0.000,0.000,-17.494,0.000,0.000,1.721,1.736,6.106,11.664,0.000,0.048,0.000,0.000,-2.694,0.000,-0.274,-0.814
,PERIMETER_MID_ZN_2,0.000,0.000,0.000,-14.006,0.000,0.000,0.798,1.097,3.866,13.310,0.000,0.029,0.001,0.000,-1.809,0.000,-0.191,-3.095
,PERIMETER_MID_ZN_1,0.000,0.000,0.000,-19.888,0.000,0.000,1.691,1.738,6.106,17.379,0.000,0.044,0.002,0.000,-2.757,0.000,-0.289,-4.026
,PERIMETER_MID_ZN_4,0.000,0.000,0.000,-14.124,0.000,0.000,1.088,1.105,3.866,12.989,0.000,0.031,0.000,0.000,-1.879,0.000,-0.192,-2.883
,TOPFLOOR_PLENUM,0.157,-16.071,0.000,0.000,0.000,0.000,0.000,0.000,0.000,0.000,0.000,0.050,16.364,0.000,0.000,0.000,-0.499,0.000
,MIDFLOOR_PLENUM,0.098,-9.368,0.000,0.000,0.000,0.000,0.000,0.000,0.000,0.000,0.000,0.064,9.683,0.000,0.000,0.000,-0.478,0.000
,FIRSTFLOOR_PLENUM,0.052,-11.175,0.000,0.000,0.000,0.000,0.000,0.000,0.000,0.000,0.000,0.052,11.438,0.000,0.000,0.000,-0.367,0.000
,Total Facility,0.307,-36.614,0.000,-397.013,0.000,0.000,40.969,61.306,187.946,166.505,0.000,2.344,49.465,0.000,-26.709,0.000,-4.793,-43.698


Peak Cooling Sensible Heat Gain Components

,,Time of Peak {TIMESTAMP},HVAC Zone Eq & Other Sensible Air Heating [W],HVAC Zone Eq & Other Sensible Air Cooling [W],HVAC Terminal Unit Sensible Air Heating [W],HVAC Terminal Unit Sensible Air Cooling [W],HVAC Input Heated Surface Heating [W],HVAC Input Cooled Surface Cooling [W],People Sensible Heat Addition [W],Lights Sensible Heat Addition [W],Equipment Sensible Heat Addition [W],Window Heat Addition [W],Interzone Air Transfer Heat Addition [W],Infiltration Heat Addition [W],Opaque Surface Conduction and Other Heat Addition [W],Equipment Sensible Heat Removal [W],Window Heat Removal [W],Interzone Air Transfer Heat Removal [W],Infiltration Heat Removal [W],Opaque Surface Conduction and Other Heat Removal [W]
,CORE_BOTTOM,02-APR-07:00,0.00,0.00,0.00,-36144.45,0.00,0.00,3497.20,5258.41,29050.39,0.00,0.00,0.00,0.00,0.00,-0.00,0.00,0.00,-1661.56
,CORE_MID,02-APR-06:15,0.00,0.00,0.00,-21783.12,0.00,0.00,685.33,1752.80,3025.92,0.00,0.00,0.00,16319.06,0.00,-0.00,0.00,0.00,0.00
,CORE_TOP,02-JUL-10:30,0.00,0.00,0.00,-22427.39,0.00,0.00,3420.20,5258.41,6808.32,0.00,0.00,0.00,6940.47,0.00,-0.00,0.00,0.00,0.00
,PERIMETER_TOP_ZN_3,02-JUL-14:30,0.00,0.00,0.00,-8175.74,0.00,0.00,737.24,528.76,1435.25,6236.90,0.00,28.04,0.00,0.00,-0.00,0.00,0.00,-790.45
,PERIMETER_TOP_ZN_2,30-APR-08:00,0.00,0.00,0.00,-9483.14,0.00,0.00,466.74,334.75,908.57,12605.33,0.00,28.02,0.00,0.00,-0.00,0.00,0.00,-4860.29
,PERIMETER_TOP_ZN_1,29-JAN-12:00,0.00,0.00,0.00,-10542.41,0.00,0.00,23.09,29.38,478.41,16343.81,0.00,9.36,0.00,0.00,-0.00,0.00,0.00,-6341.65
,PERIMETER_TOP_ZN_4,09-APR-15:45,0.00,0.00,0.00,-9918.23,0.00,0.00,466.70,334.73,908.57,12328.55,0.00,0.00,0.00,0.00,-0.00,0.00,0.00,-4120.32
,PERIMETER_BOT_ZN_3,02-JUL-14:30,0.00,0.00,0.00,-6822.11,0.00,0.00,737.24,528.76,1435.25,6289.98,0.00,15.55,0.00,0.00,-0.00,0.00,0.00,-2184.68
,PERIMETER_BOT_ZN_2,30-APR-09:00,0.00,0.00,0.00,-7351.10,0.00,0.00,479.36,334.75,908.57,10515.28,0.00,20.23,0.00,0.00,-0.00,0.00,0.00,-4907.09
,PERIMETER_BOT_ZN_1,30-APR-11:00,0.00,0.00,0.00,-8078.72,0.00,0.00,324.56,528.76,1275.77,4287.08,0.00,6864.14,0.00,0.00,-0.00,0.00,0.00,-5201.59
,PERIMETER_BOT_ZN_4,09-APR-15:00,0.00,0.00,0.00,-7476.54,0.00,0.00,466.71,334.73,908.57,12018.11,0.00,0.00,0.00,0.00,-0.00,0.00,0.00,-6251.57
,PERIMETER_MID_ZN_3,02-JUL-14:30,0.00,0.00,0.00,-7776.88,0.00,0.00,737.24,528.76,1435.25,6255.56,0.00,23.51,0.00,0.00,-0.00,0.00,0.00,-1203.44
,PERIMETER_MID_ZN_2,30-APR-08:45,0.00,0.00,0.00,-9441.94,0.00,0.00,466.75,334.75,908.57,13056.58,0.00,20.43,0.00,0.00,-0.00,0.00,0.00,-5345.14
,PERIMETER_MID_ZN_1,29-JAN-12:45,0.00,0.00,0.00,-9425.78,0.00,0.00,23.55,29.38,478.41,17121.88,0.00,0.00,0.00,0.00,-0.00,0.00,-2.58,-8224.85
,PERIMETER_MID_ZN_4,09-APR-15:45,0.00,0.00,0.00,-9445.63,0.00,0.00,466.70,334.73,908.57,12342.87,0.00,0.00,0.00,0.00,-0.00,0.00,0.00,-4607.23
,TOPFLOOR_PLENUM,30-APR-13:30,0.00,-10570.47,0.00,0.00,0.00,0.00,0.00,0.00,0.00,0.00,0.00,52.52,10517.95,0.00,-0.00,0.00,0.00,0.00
,MIDFLOOR_PLENUM,02-JUL-07:45,0.00,-5543.26,0.00,0.00,0.00,0.00,0.00,0.00,0.00,0.00,0.00,0.00,5585.35,0.00,-0.00,0.00,-42.09,0.00
,FIRSTFLOOR_PLENUM,02-JUL-07:30,0.00,-6004.09,0.00,0.00,0.00,0.00,0.00,0.00,0.00,0.00,0.00,0.00,6036.70,0.00,-0.00,0.00,-32.61,0.00
,Total Facility,09-APR-15:30,0.00,-19085.41,0.00,-147614.09,0.00,0.00,17710.93,20956.25,49315.88,68928.29,0.00,1135.55,8652.59,0.00,0.00,0.00,0.00,0.00


Peak Heating Sensible Heat Gain Components

,,Time of Peak {TIMESTAMP},HVAC Zone Eq & Other Sensible Air Heating [W],HVAC Zone Eq & Other Sensible Air Cooling [W],HVAC Terminal Unit Sensible Air Heating [W],HVAC Terminal Unit Sensible Air Cooling [W],HVAC Input Heated Surface Heating [W],HVAC Input Cooled Surface Cooling [W],People Sensible Heat Addition [W],Lights Sensible Heat Addition [W],Equipment Sensible Heat Addition [W],Window Heat Addition [W],Interzone Air Transfer Heat Addition [W],Infiltration Heat Addition [W],Opaque Surface Conduction and Other Heat Addition [W],Equipment Sensible Heat Removal [W],Window Heat Removal [W],Interzone Air Transfer Heat Removal [W],Infiltration Heat Removal [W],Opaque Surface Conduction and Other Heat Removal [W]
,CORE_BOTTOM,-,0.00,0.00,0.00,0.00,0.00,0.00,0.00,0.00,0.00,0.00,0.00,0.00,0.00,0.00,0.00,0.00,0.00,0.00
,CORE_MID,-,0.00,0.00,0.00,0.00,0.00,0.00,0.00,0.00,0.00,0.00,0.00,0.00,0.00,0.00,0.00,0.00,0.00,0.00
,CORE_TOP,-,0.00,0.00,0.00,0.00,0.00,0.00,0.00,0.00,0.00,0.00,0.00,0.00,0.00,0.00,0.00,0.00,0.00,0.00
,PERIMETER_TOP_ZN_3,-,0.00,0.00,0.00,0.00,0.00,0.00,0.00,0.00,0.00,0.00,0.00,0.00,0.00,0.00,0.00,0.00,0.00,0.00
,PERIMETER_TOP_ZN_2,-,0.00,0.00,0.00,0.00,0.00,0.00,0.00,0.00,0.00,0.00,0.00,0.00,0.00,0.00,0.00,0.00,0.00,0.00
,PERIMETER_TOP_ZN_1,-,0.00,0.00,0.00,0.00,0.00,0.00,0.00,0.00,0.00,0.00,0.00,0.00,0.00,0.00,0.00,0.00,0.00,0.00
,PERIMETER_TOP_ZN_4,-,0.00,0.00,0.00,0.00,0.00,0.00,0.00,0.00,0.00,0.00,0.00,0.00,0.00,0.00,0.00,0.00,0.00,0.00
,PERIMETER_BOT_ZN_3,-,0.00,0.00,0.00,0.00,0.00,0.00,0.00,0.00,0.00,0.00,0.00,0.00,0.00,0.00,0.00,0.00,0.00,0.00
,PERIMETER_BOT_ZN_2,-,0.00,0.00,0.00,0.00,0.00,0.00,0.00,0.00,0.00,0.00,0.00,0.00,0.00,0.00,0.00,0.00,0.00,0.00
,PERIMETER_BOT_ZN_1,-,0.00,0.00,0.00,0.00,0.00,0.00,0.00,0.00,0.00,0.00,0.00,0.00,0.00,0.00,0.00,0.00,0.00,0.00
,PERIMETER_BOT_ZN_4,-,0.00,0.00,0.00,0.00,0.00,0.00,0.00,0.00,0.00,0.00,0.00,0.00,0.00,0.00,0.00,0.00,0.00,0.00
,PERIMETER_MID_ZN_3,-,0.00,0.00,0.00,0.00,0.00,0.00,0.00,0.00,0.00,0.00,0.00,0.00,0.00,0.00,0.00,0.00,0.00,0.00
,PERIMETER_MID_ZN_2,-,0.00,0.00,0.00,0.00,0.00,0.00,0.00,0.00,0.00,0.00,0.00,0.00,0.00,0.00,0.00,0.00,0.00,0.00
,PERIMETER_MID_ZN_1,-,0.00,0.00,0.00,0.00,0.00,0.00,0.00,0.00,0.00,0.00,0.00,0.00,0.00,0.00,0.00,0.00,0.00,0.00
,PERIMETER_MID_ZN_4,-,0.00,0.00,0.00,0.00,0.00,0.00,0.00,0.00,0.00,0.00,0.00,0.00,0.00,0.00,0.00,0.00,0.00,0.00
,TOPFLOOR_PLENUM,09-APR-05:15,1903.10,0.00,0.00,0.00,0.00,0.00,0.00,0.00,0.00,0.00,0.00,0.00,0.00,0.00,-0.00,0.00,-1.73,-1901.38
,MIDFLOOR_PLENUM,29-JAN-10:30,1554.67,0.00,0.00,0.00,0.00,0.00,0.00,0.00,0.00,0.00,0.00,0.00,0.00,0.00,-0.00,0.00,-79.94,-1474.73
,FIRSTFLOOR_PLENUM,22-JAN-10:30,1086.88,0.00,0.00,0.00,0.00,0.00,0.00,0.00,0.00,0.00,0.00,0.00,0.00,0.00,-0.00,0.00,-78.45,-1008.43
,Total Facility,09-APR-05:15,-77748.25,80669.24,0.00,-80669.24,0.00,0.00,1505.95,1072.56,15327.93,0.00,0.00,0.00,65297.64,0.00,-5334.59,0.00,-121.22,0.00


----------------------------------------------------------------------------------------------------
REPORT:,Standard 62.1 Summary
FOR:,Entire Facility
System Ventilation Requirements for Cooling

,,Sum of Zone Primary Air Flow - Vpz-sum [m3/s],System Population - Ps,Sum of Zone Population - Pz-sum,Occupant Diversity - D,Origin of D,Uncorrected Outdoor Air Intake Airflow - Vou [m3/s],System Primary Airflow - Vps [m3/s],Average Outdoor Air Fraction - Xs,System Ventilation Efficiency - Ev,Calculation Method for Ev,Outdoor Air Intake Flow - Vot [m3/s],Percent Outdoor Air - %OA,Environment Name of Peak System Population - Ps,Date and Time of Last Peak System Population - Ps
,PACU_VAV_BOT,6.3932,0.0000,0.0000,1.0000,Calculated from schedules,0.0000,5.8497,0.0000,1.0000,Not calculated,0.0000,0.0000,,
,PACU_VAV_MID,5.1643,0.0000,0.0000,1.0000,Calculated from schedules,0.0000,4.4655,0.0000,1.0000,Not calculated,0.0000,0.0000,,
,PACU_VAV_TOP,5.4616,0.0000,0.0000,1.0000,Calculated from schedules,0.0000,5.0923,0.0000,1.0000,Not calculated,0.0000,0.0000,,


System Ventilation Requirements for Heating

,,Sum of Zone Primary Air Flow - Vpz-sum [m3/s],System Population - Ps,Sum of Zone Population - Pz-sum,Occupant Diversity - D,Origin of D,Uncorrected Outdoor Air Intake Airflow - Vou [m3/s],System Primary Airflow - Vps [m3/s],Average Outdoor Air Fraction - Xs,System Ventilation Efficiency - Ev,Calculation Method for Ev,Outdoor Air Intake Flow Vot [m3/s],Percent Outdoor Air - %OA,Environment Name of Peak System Population - Ps,Date and Time of Last Peak System Population - Ps
,PACU_VAV_BOT,0.9962,0.0000,0.0000,1.0000,Calculated from schedules,0.0000,0.9962,0.0000,1.0000,Not calculated,0.0000,0.0000,,
,PACU_VAV_MID,0.9963,0.0000,0.0000,1.0000,Calculated from schedules,0.0000,0.9963,0.0000,1.0000,Not calculated,0.0000,0.0000,,
,PACU_VAV_TOP,1.0029,0.0000,0.0000,1.0000,Calculated from schedules,0.0000,1.0029,0.0000,1.0000,Not calculated,0.0000,0.0000,,


Zone Ventilation Parameters

,,AirLoop Name,People Outdoor Air Rate - Rp [m3/s-person],Zone Population - Pz,Area Outdoor Air Rate - Ra [m3/s-m2],Zone Floor Area - Az [m2],Breathing Zone Outdoor Airflow - Vbz [m3/s],Cooling Zone Air Distribution Effectiveness - Ez-clg,Cooling Zone Outdoor Airflow - Voz-clg [m3/s],Heating Zone Air Distribution Effectiveness - Ez-htg,Heating Zone Outdoor Airflow - Voz-htg [m3/s]
,CORE_BOTTOM,PACU_VAV_BOT,0.000000,52.9387,0.000432,983.54,0.0000,1.0000,0.0000,1.000,0.0000
,CORE_MID,PACU_VAV_MID,0.000000,52.9387,0.000432,983.54,0.0000,1.0000,0.0000,1.000,0.0000
,CORE_TOP,PACU_VAV_TOP,0.000000,52.9387,0.000432,983.54,0.0000,1.0000,0.0000,1.000,0.0000
,PERIMETER_TOP_ZN_3,PACU_VAV_TOP,0.000000,11.1599,0.000432,207.34,0.0000,1.0000,0.0000,1.000,0.0000
,PERIMETER_TOP_ZN_2,PACU_VAV_TOP,0.000000,7.0652,0.000432,131.26,0.0000,1.0000,0.0000,1.000,0.0000
,PERIMETER_TOP_ZN_1,PACU_VAV_TOP,0.000000,11.1599,0.000432,207.34,0.0000,1.0000,0.0000,1.000,0.0000
,PERIMETER_TOP_ZN_4,PACU_VAV_TOP,0.000000,7.0647,0.000432,131.25,0.0000,1.0000,0.0000,1.000,0.0000
,PERIMETER_BOT_ZN_3,PACU_VAV_BOT,0.000000,11.1599,0.000432,207.34,0.0000,1.0000,0.0000,1.000,0.0000
,PERIMETER_BOT_ZN_2,PACU_VAV_BOT,0.000000,7.0652,0.000432,131.26,0.0000,1.0000,0.0000,1.000,0.0000
,PERIMETER_BOT_ZN_1,PACU_VAV_BOT,0.000000,11.1599,0.000432,207.34,0.0000,1.0000,0.0000,1.000,0.0000
,PERIMETER_BOT_ZN_4,PACU_VAV_BOT,0.000000,7.0647,0.000432,131.25,0.0000,1.0000,0.0000,1.000,0.0000
,PERIMETER_MID_ZN_3,PACU_VAV_MID,0.000000,11.1599,0.000432,207.34,0.0000,1.0000,0.0000,1.000,0.0000
,PERIMETER_MID_ZN_2,PACU_VAV_MID,0.000000,7.0652,0.000432,131.26,0.0000,1.0000,0.0000,1.000,0.0000
,PERIMETER_MID_ZN_1,PACU_VAV_MID,0.000000,11.1599,0.000432,207.34,0.0000,1.0000,0.0000,1.000,0.0000
,PERIMETER_MID_ZN_4,PACU_VAV_MID,0.000000,7.0647,0.000432,131.25,0.0000,1.0000,0.0000,1.000,0.0000


System Ventilation Parameters

,,People Outdoor Air Rate - Rp [m3/s-person],Sum of Zone Population - Pz-sum,Area Outdoor Air Rate - Ra [m3/s-m2],Sum of Zone Floor Area - Az-sum [m2],Breathing Zone Outdoor Airflow - Vbz [m3/s],Cooling Zone Outdoor Airflow - Voz-clg [m3/s],Heating Zone Outdoor Airflow - Voz-htg [m3/s]
,PACU_VAV_BOT,,0.00,0.000432,1660.7286,0.0000,0.0000,0.0000
,PACU_VAV_MID,,0.00,0.000432,1660.7286,0.0000,0.0000,0.0000
,PACU_VAV_TOP,,0.00,0.000432,1660.7286,0.0000,0.0000,0.0000


Zone Ventilation Calculations for Cooling Design

,,AirLoop Name,Box Type,Zone Primary Airflow - Vpz [m3/s],Zone Discharge Airflow - Vdz [m3/s],Minimum Zone Primary Airflow - Vpz-min [m3/s],Is Vpz-min calculated using the Standard 62.1 Simplified Procedure?,Zone Outdoor Airflow Cooling - Voz-clg [m3/s],Primary Outdoor Air Fraction - Zpz,Primary Air Fraction - Ep,Secondary Recirculation Fraction- Er,Supply Air Fraction- Fa,Mixed Air Fraction - Fb,Outdoor Air Fraction - Fc,Zone Ventilation Efficiency - Evz
,CORE_BOTTOM,PACU_VAV_BOT,AIRTERMINAL:SINGLEDUCT:VAV:REHEAT,3.8943,3.8943,0.5725,No,0.0000,0.0000,0.0000,0.0000,0.0000,0.0000,0.0000,1.0000
,CORE_MID,PACU_VAV_MID,AIRTERMINAL:SINGLEDUCT:VAV:REHEAT,2.2417,2.2417,0.5739,No,0.0000,0.0000,0.0000,0.0000,0.0000,0.0000,0.0000,1.0000
,CORE_TOP,PACU_VAV_TOP,AIRTERMINAL:SINGLEDUCT:VAV:REHEAT,2.3296,2.3296,0.5824,No,0.0000,0.0000,0.0000,0.0000,0.0000,0.0000,0.0000,1.0000
,PERIMETER_TOP_ZN_3,PACU_VAV_TOP,AIRTERMINAL:SINGLEDUCT:VAV:REHEAT,0.7985,0.7985,0.1509,No,0.0000,0.0000,0.0000,0.0000,0.0000,0.0000,0.0000,1.0000
,PERIMETER_TOP_ZN_2,PACU_VAV_TOP,AIRTERMINAL:SINGLEDUCT:VAV:REHEAT,0.7771,0.7771,0.0762,No,0.0000,0.0000,0.0000,0.0000,0.0000,0.0000,0.0000,1.0000
,PERIMETER_TOP_ZN_1,PACU_VAV_TOP,AIRTERMINAL:SINGLEDUCT:VAV:REHEAT,0.6725,0.6725,0.1157,No,0.0000,0.0000,0.0000,0.0000,0.0000,0.0000,0.0000,1.0000
,PERIMETER_TOP_ZN_4,PACU_VAV_TOP,AIRTERMINAL:SINGLEDUCT:VAV:REHEAT,0.8839,0.8839,0.0778,No,0.0000,0.0000,0.0000,0.0000,0.0000,0.0000,0.0000,1.0000
,PERIMETER_BOT_ZN_3,PACU_VAV_BOT,AIRTERMINAL:SINGLEDUCT:VAV:REHEAT,0.6539,0.6539,0.1576,No,0.0000,0.0000,0.0000,0.0000,0.0000,0.0000,0.0000,1.0000
,PERIMETER_BOT_ZN_2,PACU_VAV_BOT,AIRTERMINAL:SINGLEDUCT:VAV:REHEAT,0.6427,0.6427,0.0784,No,0.0000,0.0000,0.0000,0.0000,0.0000,0.0000,0.0000,1.0000
,PERIMETER_BOT_ZN_1,PACU_VAV_BOT,AIRTERMINAL:SINGLEDUCT:VAV:REHEAT,0.5266,0.5266,0.1127,No,0.0000,0.0000,0.0000,0.0000,0.0000,0.0000,0.0000,1.0000
,PERIMETER_BOT_ZN_4,PACU_VAV_BOT,AIRTERMINAL:SINGLEDUCT:VAV:REHEAT,0.6757,0.6757,0.0750,No,0.0000,0.0000,0.0000,0.0000,0.0000,0.0000,0.0000,1.0000
,PERIMETER_MID_ZN_3,PACU_VAV_MID,AIRTERMINAL:SINGLEDUCT:VAV:REHEAT,0.7162,0.7162,0.1547,No,0.0000,0.0000,0.0000,0.0000,0.0000,0.0000,0.0000,1.0000
,PERIMETER_MID_ZN_2,PACU_VAV_MID,AIRTERMINAL:SINGLEDUCT:VAV:REHEAT,0.7844,0.7844,0.0761,No,0.0000,0.0000,0.0000,0.0000,0.0000,0.0000,0.0000,1.0000
,PERIMETER_MID_ZN_1,PACU_VAV_MID,AIRTERMINAL:SINGLEDUCT:VAV:REHEAT,0.5915,0.5915,0.1136,No,0.0000,0.0000,0.0000,0.0000,0.0000,0.0000,0.0000,1.0000
,PERIMETER_MID_ZN_4,PACU_VAV_MID,AIRTERMINAL:SINGLEDUCT:VAV:REHEAT,0.8306,0.8306,0.0781,No,0.0000,0.0000,0.0000,0.0000,0.0000,0.0000,0.0000,1.0000


System Ventilation Calculations for Cooling Design

,,Sum of Zone Primary Airflow - Vpz-sum [m3/s],System Primary Airflow - Vps [m3/s],Sum of Zone Discharge Airflow - Vdz-sum [m3/s],Sum of Min Zone Primary Airflow - Vpz-min [m3/s],Zone Outdoor Airflow Cooling - Voz-clg [m3/s],Zone Ventilation Efficiency - Evz-min
,PACU_VAV_BOT,6.3932,5.8497,6.3932,0.9962,0.0000,1.0000
,PACU_VAV_MID,5.1643,4.4655,5.1643,0.9963,0.0000,1.0000
,PACU_VAV_TOP,5.4616,5.0923,5.4616,1.0029,0.0000,1.0000


Zone Ventilation Calculations for Heating Design

,,AirLoop Name,Box Type,Zone Primary Airflow - Vpz [m3/s],Zone Discharge Airflow - Vdz [m3/s],Minimum Zone Primary Airflow - Vpz-min [m3/s],Is Vpz-min calculated using the Standard 62.1 Simplified Procedure?,Zone Outdoor Airflow Heating - Voz-htg [m3/s],Primary Outdoor Air Fraction - Zpz,Primary Air Fraction - Ep,Secondary Recirculation Fraction- Er,Supply Air Fraction- Fa,Mixed Air Fraction - Fb,Outdoor Air Fraction - Fc,Zone Ventilation Efficiency - Evz
,CORE_BOTTOM,PACU_VAV_BOT,AIRTERMINAL:SINGLEDUCT:VAV:REHEAT,0.5725,0.5725,0.5725,No,0.0000,0.0000,0.0000,0.0000,0.0000,0.0000,0.0000,1.0000
,CORE_MID,PACU_VAV_MID,AIRTERMINAL:SINGLEDUCT:VAV:REHEAT,0.5739,0.5739,0.5739,No,0.0000,0.0000,0.0000,0.0000,0.0000,0.0000,0.0000,1.0000
,CORE_TOP,PACU_VAV_TOP,AIRTERMINAL:SINGLEDUCT:VAV:REHEAT,0.5824,0.5824,0.5824,No,0.0000,0.0000,0.0000,0.0000,0.0000,0.0000,0.0000,1.0000
,PERIMETER_TOP_ZN_3,PACU_VAV_TOP,AIRTERMINAL:SINGLEDUCT:VAV:REHEAT,0.1509,0.1509,0.1509,No,0.0000,0.0000,0.0000,0.0000,0.0000,0.0000,0.0000,1.0000
,PERIMETER_TOP_ZN_2,PACU_VAV_TOP,AIRTERMINAL:SINGLEDUCT:VAV:REHEAT,0.0762,0.0762,0.0762,No,0.0000,0.0000,0.0000,0.0000,0.0000,0.0000,0.0000,1.0000
,PERIMETER_TOP_ZN_1,PACU_VAV_TOP,AIRTERMINAL:SINGLEDUCT:VAV:REHEAT,0.1157,0.1157,0.1157,No,0.0000,0.0000,0.0000,0.0000,0.0000,0.0000,0.0000,1.0000
,PERIMETER_TOP_ZN_4,PACU_VAV_TOP,AIRTERMINAL:SINGLEDUCT:VAV:REHEAT,0.0778,0.0778,0.0778,No,0.0000,0.0000,0.0000,0.0000,0.0000,0.0000,0.0000,1.0000
,PERIMETER_BOT_ZN_3,PACU_VAV_BOT,AIRTERMINAL:SINGLEDUCT:VAV:REHEAT,0.1576,0.1576,0.1576,No,0.0000,0.0000,0.0000,0.0000,0.0000,0.0000,0.0000,1.0000
,PERIMETER_BOT_ZN_2,PACU_VAV_BOT,AIRTERMINAL:SINGLEDUCT:VAV:REHEAT,0.0784,0.0784,0.0784,No,0.0000,0.0000,0.0000,0.0000,0.0000,0.0000,0.0000,1.0000
,PERIMETER_BOT_ZN_1,PACU_VAV_BOT,AIRTERMINAL:SINGLEDUCT:VAV:REHEAT,0.1127,0.1127,0.1127,No,0.0000,0.0000,0.0000,0.0000,0.0000,0.0000,0.0000,1.0000
,PERIMETER_BOT_ZN_4,PACU_VAV_BOT,AIRTERMINAL:SINGLEDUCT:VAV:REHEAT,0.0750,0.0750,0.0750,No,0.0000,0.0000,0.0000,0.0000,0.0000,0.0000,0.0000,1.0000
,PERIMETER_MID_ZN_3,PACU_VAV_MID,AIRTERMINAL:SINGLEDUCT:VAV:REHEAT,0.1547,0.1547,0.1547,No,0.0000,0.0000,0.0000,0.0000,0.0000,0.0000,0.0000,1.0000
,PERIMETER_MID_ZN_2,PACU_VAV_MID,AIRTERMINAL:SINGLEDUCT:VAV:REHEAT,0.0761,0.0761,0.0761,No,0.0000,0.0000,0.0000,0.0000,0.0000,0.0000,0.0000,1.0000
,PERIMETER_MID_ZN_1,PACU_VAV_MID,AIRTERMINAL:SINGLEDUCT:VAV:REHEAT,0.1136,0.1136,0.1136,No,0.0000,0.0000,0.0000,0.0000,0.0000,0.0000,0.0000,1.0000
,PERIMETER_MID_ZN_4,PACU_VAV_MID,AIRTERMINAL:SINGLEDUCT:VAV:REHEAT,0.0781,0.0781,0.0781,No,0.0000,0.0000,0.0000,0.0000,0.0000,0.0000,0.0000,1.0000


System Ventilation Calculations for Heating Design

,,Sum of Zone Primary Airflow - Vpz-sum [m3/s],System Primary Airflow - Vps [m3/s],Sum of Zone Discharge Airflow - Vdz-sum [m3/s],Sum of Min Zone Primary Airflow - Vpz-min [m3/s],Zone Outdoor Airflow Heating - Voz-htg [m3/s],Zone Ventilation Efficiency - Evz-min
,PACU_VAV_BOT,0.9962,0.9962,0.9962,0.9962,0.0000,1.0000
,PACU_VAV_MID,0.9963,0.9963,0.9963,0.9963,0.0000,1.0000
,PACU_VAV_TOP,1.0029,1.0029,1.0029,1.0029,0.0000,1.0000


----------------------------------------------------------------------------------------------------
REPORT:,LEED Summary
FOR:,Entire Facility
Sec1.1A-General Information

,,Data
,Cooling Degree Days,4956
,Heating Degree Days,0
,HDD and CDD data source,Weather File Stat
,Climate Zone,2B
,Weather File,RUNPERIOD 3 ** Bangalore Karnataka IND ISHRAE WMO#=432950
,Total gross floor area [m2],4982.19


EAp2-1. Space Usage Type

,,Space Area [m2],Regularly Occupied Area [m2],Unconditioned Area [m2],Typical Hours/Week in Operation [hr/wk]
,CORE_BOTTOM,983.54,983.54,0.00,113.35
,CORE_MID,983.54,983.54,0.00,113.35
,CORE_TOP,983.54,983.54,0.00,113.35
,PERIMETER_TOP_ZN_3,207.34,207.34,0.00,113.35
,PERIMETER_TOP_ZN_2,131.26,131.26,0.00,113.35
,PERIMETER_TOP_ZN_1,207.34,207.34,0.00,113.35
,PERIMETER_TOP_ZN_4,131.25,131.25,0.00,113.35
,PERIMETER_BOT_ZN_3,207.34,207.34,0.00,113.35
,PERIMETER_BOT_ZN_2,131.26,131.26,0.00,113.35
,PERIMETER_BOT_ZN_1,207.34,207.34,0.00,113.35
,PERIMETER_BOT_ZN_4,131.25,131.25,0.00,113.35
,PERIMETER_MID_ZN_3,207.34,207.34,0.00,113.35
,PERIMETER_MID_ZN_2,131.26,131.26,0.00,96.42
,PERIMETER_MID_ZN_1,207.34,207.34,0.00,113.35
,PERIMETER_MID_ZN_4,131.25,131.25,0.00,113.35
,TOPFLOOR_PLENUM,1660.73,1660.73,0.00,0.00
,MIDFLOOR_PLENUM,1660.73,1660.73,0.00,0.00
,FIRSTFLOOR_PLENUM,1660.73,1660.73,0.00,0.00
,Totals,4982.19,4982.19,0.00,


EAp2-2. Advisory Messages

,,Data
,Number of hours heating loads not met,0.00
,Number of hours cooling loads not met,278.25
,Number of hours not met,278.25


EAp2-3. Energy Type Summary

,,Utility Rate,Virtual Rate [$/unit energy],Units of Energy,Units of Demand
,None,,,,


EAp2-4/5. Performance Rating Method Compliance

,,Electricity Energy Use [GJ],Electricity Demand [W],Natural Gas Energy Use [GJ],Natural Gas Demand [W],Gasoline Use [GJ],Gasoline Demand [W],Diesel Use [GJ],Diesel Demand [W],Coal Use [GJ],Coal Demand [W],Fuel Oil No 1 Use [GJ],Fuel Oil No 1 Demand [W],Fuel Oil No 2 Use [GJ],Fuel Oil No 2 Demand [W],Propane Use [GJ],Propane Demand [W],Other Fuel 1 Use [GJ],Other Fuel 1 Demand [W],Other Fuel 2 Use [GJ],Other Fuel 2 Demand [W],District Cooling Use [GJ],District Cooling Demand [W],District Heating Water Use [GJ],District Heating Water Demand [W],District Heating Steam Use [GJ],District Heating Steam Demand [W]
,Heating -- General,0.00,0.00,0.00,0.00,0.00,0.00,0.00,0.00,0.00,0.00,0.00,0.00,0.00,0.00,0.00,0.00,0.00,0.00,0.00,0.00,0.00,0.00,0.00,0.00,0.00,0.00
,Cooling -- General,149.92,75474.82,0.00,0.00,0.00,0.00,0.00,0.00,0.00,0.00,0.00,0.00,0.00,0.00,0.00,0.00,0.00,0.00,0.00,0.00,0.00,0.00,0.00,0.00,0.00,0.00
,Interior Lighting -- LightsWired,61.31,25512.23,0.00,0.00,0.00,0.00,0.00,0.00,0.00,0.00,0.00,0.00,0.00,0.00,0.00,0.00,0.00,0.00,0.00,0.00,0.00,0.00,0.00,0.00,0.00,0.00
,Exterior Lighting -- General,11.62,5236.50,0.00,0.00,0.00,0.00,0.00,0.00,0.00,0.00,0.00,0.00,0.00,0.00,0.00,0.00,0.00,0.00,0.00,0.00,0.00,0.00,0.00,0.00,0.00,0.00
,Interior Equipment -- MiscPlug,146.73,34487.83,0.00,0.00,0.00,0.00,0.00,0.00,0.00,0.00,0.00,0.00,0.00,0.00,0.00,0.00,0.00,0.00,0.00,0.00,0.00,0.00,0.00,0.00,0.00,0.00
,Interior Equipment -- ElevatorLift,41.06,22155.82,0.00,0.00,0.00,0.00,0.00,0.00,0.00,0.00,0.00,0.00,0.00,0.00,0.00,0.00,0.00,0.00,0.00,0.00,0.00,0.00,0.00,0.00,0.00,0.00
,Interior Equipment -- ElevatorLightsFan,0.16,86.25,0.00,0.00,0.00,0.00,0.00,0.00,0.00,0.00,0.00,0.00,0.00,0.00,0.00,0.00,0.00,0.00,0.00,0.00,0.00,0.00,0.00,0.00,0.00,0.00
,Exterior Equipment -- Transformer,2.94,840.83,0.00,0.00,0.00,0.00,0.00,0.00,0.00,0.00,0.00,0.00,0.00,0.00,0.00,0.00,0.00,0.00,0.00,0.00,0.00,0.00,0.00,0.00,0.00,0.00
,Fans -- General,29.99,33301.11,0.00,0.00,0.00,0.00,0.00,0.00,0.00,0.00,0.00,0.00,0.00,0.00,0.00,0.00,0.00,0.00,0.00,0.00,0.00,0.00,0.00,0.00,0.00,0.00
,Pumps -- General,0.04,6.85,0.00,0.00,0.00,0.00,0.00,0.00,0.00,0.00,0.00,0.00,0.00,0.00,0.00,0.00,0.00,0.00,0.00,0.00,0.00,0.00,0.00,0.00,0.00,0.00
,Heat Rejection -- Not Subdivided,0.00,0.00,0.00,0.00,0.00,0.00,0.00,0.00,0.00,0.00,0.00,0.00,0.00,0.00,0.00,0.00,0.00,0.00,0.00,0.00,0.00,0.00,0.00,0.00,0.00,0.00
,Humidification -- Not Subdivided,0.00,0.00,0.00,0.00,0.00,0.00,0.00,0.00,0.00,0.00,0.00,0.00,0.00,0.00,0.00,0.00,0.00,0.00,0.00,0.00,0.00,0.00,0.00,0.00,0.00,0.00
,Heat Recovery -- Not Subdivided,0.00,0.00,0.00,0.00,0.00,0.00,0.00,0.00,0.00,0.00,0.00,0.00,0.00,0.00,0.00,0.00,0.00,0.00,0.00,0.00,0.00,0.00,0.00,0.00,0.00,0.00
,Water Systems -- General,0.00,0.00,0.00,0.00,0.00,0.00,0.00,0.00,0.00,0.00,0.00,0.00,0.00,0.00,0.00,0.00,0.00,0.00,0.00,0.00,0.00,0.00,0.00,0.00,0.00,0.00
,Water Systems -- WaterUse,0.00,0.00,0.00,0.00,0.00,0.00,0.00,0.00,0.00,0.00,0.00,0.00,0.00,0.00,0.00,0.00,0.00,0.00,0.00,0.00,0.00,0.00,0.00,0.00,0.00,0.00
,Water Systems -- Water Heater,0.00,0.00,22.77,13025.09,0.00,0.00,0.00,0.00,0.00,0.00,0.00,0.00,0.00,0.00,0.00,0.00,0.00,0.00,0.00,0.00,0.00,0.00,0.00,0.00,0.00,0.00
,Refrigeration -- Not Subdivided,0.00,0.00,0.00,0.00,0.00,0.00,0.00,0.00,0.00,0.00,0.00,0.00,0.00,0.00,0.00,0.00,0.00,0.00,0.00,0.00,0.00,0.00,0.00,0.00,0.00,0.00
,Generators -- General,0.00,0.00,0.00,0.00,0.00,0.00,0.00,0.00,0.00,0.00,0.00,0.00,0.00,0.00,0.00,0.00,0.00,0.00,0.00,0.00,0.00,0.00,0.00,0.00,0.00,0.00


EAp2-6. Energy Use Summary

,,Process Subtotal [GJ],Total Energy Use [GJ]
,Electricity,187.95,443.75
,Natural Gas,0.00,22.77
,Additional,0.00,0.00
,Total,187.95,466.52


EAp2-7. Energy Cost Summary

,,Process Subtotal [$],Total Energy Cost [$]
,Electricity,0.00,
,Natural Gas,0.00,
,Additional,0.00,
,Total,0.00,
Process energy cost based on ratio of process to total energy.


L-1. Renewable Energy Source Summary

,,Rated Capacity [kW],Annual Energy Generated [GJ]
,Photovoltaic,0.00,0.00
,Wind,0.00,0.00


EAp2-17a. Energy Use Intensity - Electricity

,,Electricity [MJ/m2]
,Interior Lighting (All),12.30
,Space Heating,0.00
,Space Cooling,30.09
,Fans (All),6.02
,Service Water Heating,0.00
,Receptacle Equipment,37.72
,Miscellaneous (All),89.07
,Subtotal,89.07


EAp2-17b. Energy Use Intensity - Natural Gas

,,Natural Gas [MJ/m2]
,Space Heating,0.00
,Service Water Heating,4.57
,Miscellaneous (All),4.57
,Subtotal,4.57


EAp2-17c. Energy Use Intensity - Additional

,,Additional [MJ/m2]
,Subtotal,0.00
,Miscellaneous,0.00


EAp2-18. End Use Percentage

,,Percent [%]
,Interior Lighting (All),13.14
,Space Heating,0.00
,Space Cooling,32.13
,Fans (All),6.43
,Service Water Heating,4.88
,Receptacle Equipment,40.29
,Miscellaneous,3.13


Schedules-Equivalent Full Load Hours (Schedule Type=Fraction)

,,Equivalent Full Load Hours of Operation Per Year [hr],Hours > 1% [hr]
,EXTERIOR_LIGHTING_SCHEDULE_A,6570.,6570.
,EXTERIOR_LIGHTING_SCHEDULE_B,8103.,8760.
,EXTERIOR_LIGHTING_SCHEDULE_A_IECC2015,4472.,4472.
,EXTERIOR_LIGHTING_SCHEDULE_B_2016,7665.,8760.
,EXTERIOR_LIGHTING_SCHEDULE_C_2016,6752.,8760.
,ALWAYS_ON,8760.,8760.
,EXTERIOR_LGT_ALWAYS_ON,8760.,8760.
,EXTERIOR_LGT_189_1,6828.,8760.
,ALWAYS_OFF,0.,0.
,BLDG_LIGHT_SCH,2555.,8760.
,BLDG_EQUIP_SCH,4095.,8760.
,BLDG_OCC_SCH,2528.,5992.
,BLDG_OCC_SCH_W_SB,1878.,5056.
,BLDG_OCC_SCH_WO_SB,2545.,5992.
,BLDG_ELEVATORS,1470.,4212.
,ELEV_LIGHT_FAN_SCH_24_7,8760.,8760.
,ELEV_LIGHT_FAN_SCH_ADD_DF,1470.,4212.
,BLDG_SWH_SCH,1441.,5992.
,WORK_EFF_SCH,0.,0.
,FAN_SCH,8760.,8760.
,REHEATCOILAVAILSCHED,8760.,8760.
,COOLINGCOILAVAILSCHED,8760.,8760.
,MINOA_MOTORIZEDDAMPER_SCHED,4472.,4472.
,MINOA_SCHED,8760.,8760.
,CORE_BOTTOM SUB CAT LATENT FRACT SCHED,438.,8760.
,CORE_BOTTOM SUB CAT SENSIBLE FRACT SCHED,1752.,8760.
,CORE_MID SUB CAT LATENT FRACT SCHED,438.,8760.
,CORE_MID SUB CAT SENSIBLE FRACT SCHED,1752.,8760.
,CORE_TOP SUB CAT LATENT FRACT SCHED,438.,8760.
,CORE_TOP SUB CAT SENSIBLE FRACT SCHED,1752.,8760.
,PERIMETER_TOP_ZN_3 SUB CAT LATENT FRACT SCHED,438.,8760.
,PERIMETER_TOP_ZN_3 SUB CAT SENSIBLE FRACT SCHED,1752.,8760.
,PERIMETER_TOP_ZN_2 SUB CAT LATENT FRACT SCHED,438.,8760.
,PERIMETER_TOP_ZN_2 SUB CAT SENSIBLE FRACT SCHED,1752.,8760.
,PERIMETER_TOP_ZN_1 SUB CAT LATENT FRACT SCHED,438.,8760.
,PERIMETER_TOP_ZN_1 SUB CAT SENSIBLE FRACT SCHED,1752.,8760.
,PERIMETER_TOP_ZN_4 SUB CAT LATENT FRACT SCHED,438.,8760.
,PERIMETER_TOP_ZN_4 SUB CAT SENSIBLE FRACT SCHED,1752.,8760.
,PERIMETER_BOT_ZN_3 SUB CAT LATENT FRACT SCHED,438.,8760.
,PERIMETER_BOT_ZN_3 SUB CAT SENSIBLE FRACT SCHED,1752.,8760.
,PERIMETER_BOT_ZN_2 SUB CAT LATENT FRACT SCHED,438.,8760.
,PERIMETER_BOT_ZN_2 SUB CAT SENSIBLE FRACT SCHED,1752.,8760.
,PERIMETER_BOT_ZN_1 SUB CAT LATENT FRACT SCHED,438.,8760.
,PERIMETER_BOT_ZN_1 SUB CAT SENSIBLE FRACT SCHED,1752.,8760.
,PERIMETER_BOT_ZN_4 SUB CAT LATENT FRACT SCHED,438.,8760.
,PERIMETER_BOT_ZN_4 SUB CAT SENSIBLE FRACT SCHED,1752.,8760.
,PERIMETER_MID_ZN_3 SUB CAT LATENT FRACT SCHED,438.,8760.
,PERIMETER_MID_ZN_3 SUB CAT SENSIBLE FRACT SCHED,1752.,8760.
,PERIMETER_MID_ZN_2 SUB CAT LATENT FRACT SCHED,438.,8760.
,PERIMETER_MID_ZN_2 SUB CAT SENSIBLE FRACT SCHED,1752.,8760.
,PERIMETER_MID_ZN_1 SUB CAT LATENT FRACT SCHED,438.,8760.
,PERIMETER_MID_ZN_1 SUB CAT SENSIBLE FRACT SCHED,1752.,8760.
,PERIMETER_MID_ZN_4 SUB CAT LATENT FRACT SCHED,438.,8760.
,PERIMETER_MID_ZN_4 SUB CAT SENSIBLE FRACT SCHED,1752.,8760.
,INFIL_SCH_PNNL,5172.,8760.
,INFIL_DOOR_OPENING_SCH,1121.,3380.
,PERIMETER_MID_ZN_2_MDP_SCH,768.,8760.
,PERIMETER_MID_ZN_2_OA_MULT,7824.,7824.


Schedules-SetPoints (Schedule Type=Temperature)

,,First Object Used,Month Assumed,11am First Wednesday [C],Days with Same 11am Value,11pm First Wednesday [C],Days with Same 11pm Value
,HTGSETP_SCH_YES_OPTIMUM,CORE_BOTTOM DUALSPSCHED,January,21.00,365,15.60,365
,CLGSETP_SCH_YES_OPTIMUM,CORE_BOTTOM DUALSPSCHED,July,24.00,365,26.70,365
,HTGSETP_SCH_YES_OPTIMUM_W_SB,PERIMETER_MID_ZN_2 DUALSPSCHED,January,20.44,365,15.60,365
,CLGSETP_SCH_YES_OPTIMUM_W_SB,PERIMETER_MID_ZN_2 DUALSPSCHED,July,24.00,365,26.70,365


----------------------------------------------------------------------------------------------------
REPORT:,Annual CO2 Resilience Summary
FOR:,Entire Facility
CO2 Level Hours

,,Safe (<= 1000 ppm) [hr],Caution (> 1000, <= 5000 ppm) [hr],Hazard (> 5000 ppm) [hr]
,None,,,


CO2 Level OccupantHours

,,Safe (<= 1000 ppm) [hr],Caution (> 1000, <= 5000 ppm) [hr],Hazard (> 5000 ppm) [hr]
,None,,,


CO2 Level OccupiedHours

,,Safe (<= 1000 ppm) [hr],Caution (> 1000, <= 5000 ppm) [hr],Hazard (> 5000 ppm) [hr]
,None,,,


----------------------------------------------------------------------------------------------------
REPORT:,Annual Visual Resilience Summary
FOR:,Entire Facility
Illuminance Level Hours

,,A Bit Dark (<= 100 lux) [hr],Dim (> 100, <= 300 lux) [hr],Adequate (> 300, <= 500 lux) [hr],Bright (>500 lux) [hr]
,CORE_BOTTOM,0.00,0.00,0.00,0.00
,CORE_MID,0.00,0.00,0.00,0.00
,CORE_TOP,0.00,0.00,0.00,0.00
,PERIMETER_TOP_ZN_3,0.00,0.00,2208.00,0.00
,PERIMETER_TOP_ZN_2,0.00,0.00,2208.00,0.00
,PERIMETER_TOP_ZN_1,0.00,0.00,2208.00,0.00
,PERIMETER_TOP_ZN_4,0.00,0.00,2208.00,0.00
,PERIMETER_BOT_ZN_3,0.00,0.00,2208.00,0.00
,PERIMETER_BOT_ZN_2,0.00,0.00,2208.00,0.00
,PERIMETER_BOT_ZN_1,0.00,0.00,2208.00,0.00
,PERIMETER_BOT_ZN_4,0.00,0.00,2208.00,0.00
,PERIMETER_MID_ZN_3,0.00,0.00,2208.00,0.00
,PERIMETER_MID_ZN_2,0.00,0.00,2208.00,0.00
,PERIMETER_MID_ZN_1,0.00,0.00,2208.00,0.00
,PERIMETER_MID_ZN_4,0.00,0.00,2208.00,0.00
,TOPFLOOR_PLENUM,0.00,0.00,0.00,0.00
,MIDFLOOR_PLENUM,0.00,0.00,0.00,0.00
,FIRSTFLOOR_PLENUM,0.00,0.00,0.00,0.00
,Min,0.00,0.00,0.00,0.00
,Max,0.00,0.00,2208.00,0.00
,Average,0.00,0.00,1472.00,0.00
,Sum,0.00,0.00,26496.00,0.00


Illuminance Level OccupantHours

,,A Bit Dark (<= 100 lux) [hr],Dim (> 100, <= 300 lux) [hr],Adequate (> 300, <= 500 lux) [hr],Bright (>500 lux) [hr]
,CORE_BOTTOM,0.00,0.00,0.00,0.00
,CORE_MID,0.00,0.00,0.00,0.00
,CORE_TOP,0.00,0.00,0.00,0.00
,PERIMETER_TOP_ZN_3,0.00,0.00,6897.43,0.00
,PERIMETER_TOP_ZN_2,0.00,0.00,4366.65,0.00
,PERIMETER_TOP_ZN_1,0.00,0.00,6897.43,0.00
,PERIMETER_TOP_ZN_4,0.00,0.00,4366.36,0.00
,PERIMETER_BOT_ZN_3,0.00,0.00,6897.43,0.00
,PERIMETER_BOT_ZN_2,0.00,0.00,4366.65,0.00
,PERIMETER_BOT_ZN_1,0.00,0.00,6897.43,0.00
,PERIMETER_BOT_ZN_4,0.00,0.00,4366.36,0.00
,PERIMETER_MID_ZN_3,0.00,0.00,6897.43,0.00
,PERIMETER_MID_ZN_2,0.00,0.00,3225.95,0.00
,PERIMETER_MID_ZN_1,0.00,0.00,6897.43,0.00
,PERIMETER_MID_ZN_4,0.00,0.00,4366.36,0.00
,TOPFLOOR_PLENUM,0.00,0.00,0.00,0.00
,MIDFLOOR_PLENUM,0.00,0.00,0.00,0.00
,FIRSTFLOOR_PLENUM,0.00,0.00,0.00,0.00
,Min,0.00,0.00,0.00,0.00
,Max,0.00,0.00,6897.43,0.00
,Average,0.00,0.00,3691.27,0.00
,Sum,0.00,0.00,66442.93,0.00


Illuminance Level OccupiedHours

,,A Bit Dark (<= 100 lux) [hr],Dim (> 100, <= 300 lux) [hr],Adequate (> 300, <= 500 lux) [hr],Bright (>500 lux) [hr]
,CORE_BOTTOM,0.00,0.00,0.00,0.00
,CORE_MID,0.00,0.00,0.00,0.00
,CORE_TOP,0.00,0.00,0.00,0.00
,PERIMETER_TOP_ZN_3,0.00,0.00,1494.00,0.00
,PERIMETER_TOP_ZN_2,0.00,0.00,1494.00,0.00
,PERIMETER_TOP_ZN_1,0.00,0.00,1494.00,0.00
,PERIMETER_TOP_ZN_4,0.00,0.00,1494.00,0.00
,PERIMETER_BOT_ZN_3,0.00,0.00,1494.00,0.00
,PERIMETER_BOT_ZN_2,0.00,0.00,1494.00,0.00
,PERIMETER_BOT_ZN_1,0.00,0.00,1494.00,0.00
,PERIMETER_BOT_ZN_4,0.00,0.00,1494.00,0.00
,PERIMETER_MID_ZN_3,0.00,0.00,1494.00,0.00
,PERIMETER_MID_ZN_2,0.00,0.00,1269.00,0.00
,PERIMETER_MID_ZN_1,0.00,0.00,1494.00,0.00
,PERIMETER_MID_ZN_4,0.00,0.00,1494.00,0.00
,TOPFLOOR_PLENUM,0.00,0.00,0.00,0.00
,MIDFLOOR_PLENUM,0.00,0.00,0.00,0.00
,FIRSTFLOOR_PLENUM,0.00,0.00,0.00,0.00
,Min,0.00,0.00,0.00,0.00
,Max,0.00,0.00,1494.00,0.00
,Average,0.00,0.00,983.50,0.00
,Sum,0.00,0.00,17703.00,0.00


----------------------------------------------------------------------------------------------------
REPORT:,NAMEHOLDERMONTHLYSUMMARY TASKPURPOSE PROGRESSINDICATOR
FOR:,Meter
Custom Monthly Report

,,SITE OUTDOOR AIR DRYBULB [],HEATING:NATURALGAS [J]
,January,0.000,0.000
,February,-,-
,March,-,-
,April,0.000,0.000
,May,-,-
,June,-,-
,July,0.000,0.000
,August,-,-
,September,-,-
,October,-,-
,November,-,-
,December,-,-
,,,
,Annual Sum or Average,0.000,0.000
,Minimum of Months,0.000,0.000
,Maximum of Months,0.000,0.000


----------------------------------------------------------------------------------------------------
REPORT:,NAMEHOLDERMONTHLYSUMMARY CODENAME ASHRAE901
FOR:,Meter
Custom Monthly Report

,,SITE OUTDOOR AIR DRYBULB [],HEATING:NATURALGAS [J]
,January,0.000,0.000
,February,-,-
,March,-,-
,April,0.000,0.000
,May,-,-
,June,-,-
,July,0.000,0.000
,August,-,-
,September,-,-
,October,-,-
,November,-,-
,December,-,-
,,,
,Annual Sum or Average,0.000,0.000
,Minimum of Months,0.000,0.000
,Maximum of Months,0.000,0.000


----------------------------------------------------------------------------------------------------
REPORT:,NAMEHOLDERMONTHLYSUMMARY CODEYEAR 2019
FOR:,Meter
Custom Monthly Report

,,SITE OUTDOOR AIR DRYBULB [],HEATING:NATURALGAS [J]
,January,0.000,0.000
,February,-,-
,March,-,-
,April,0.000,0.000
,May,-,-
,June,-,-
,July,0.000,0.000
,August,-,-
,September,-,-
,October,-,-
,November,-,-
,December,-,-
,,,
,Annual Sum or Average,0.000,0.000
,Minimum of Months,0.000,0.000
,Maximum of Months,0.000,0.000


----------------------------------------------------------------------------------------------------
REPORT:,NAMEHOLDERMONTHLYSUMMARY CODEAMENDMENT NONEAMEND
FOR:,Meter
Custom Monthly Report

,,SITE OUTDOOR AIR DRYBULB [],HEATING:NATURALGAS [J]
,January,0.000,0.000
,February,-,-
,March,-,-
,April,0.000,0.000
,May,-,-
,June,-,-
,July,0.000,0.000
,August,-,-
,September,-,-
,October,-,-
,November,-,-
,December,-,-
,,,
,Annual Sum or Average,0.000,0.000
,Minimum of Months,0.000,0.000
,Maximum of Months,0.000,0.000


----------------------------------------------------------------------------------------------------
REPORT:,NAMEHOLDERMONTHLYSUMMARY PROTOTYPENAME OFFICEMEDIUM
FOR:,Meter
Custom Monthly Report

,,SITE OUTDOOR AIR DRYBULB [],HEATING:NATURALGAS [J]
,January,0.000,0.000
,February,-,-
,March,-,-
,April,0.000,0.000
,May,-,-
,June,-,-
,July,0.000,0.000
,August,-,-
,September,-,-
,October,-,-
,November,-,-
,December,-,-
,,,
,Annual Sum or Average,0.000,0.000
,Minimum of Months,0.000,0.000
,Maximum of Months,0.000,0.000


----------------------------------------------------------------------------------------------------
REPORT:,NAMEHOLDERMONTHLYSUMMARY TASKSCOPE NATIONAL
FOR:,Meter
Custom Monthly Report

,,SITE OUTDOOR AIR DRYBULB [],HEATING:NATURALGAS [J]
,January,0.000,0.000
,February,-,-
,March,-,-
,April,0.000,0.000
,May,-,-
,June,-,-
,July,0.000,0.000
,August,-,-
,September,-,-
,October,-,-
,November,-,-
,December,-,-
,,,
,Annual Sum or Average,0.000,0.000
,Minimum of Months,0.000,0.000
,Maximum of Months,0.000,0.000


----------------------------------------------------------------------------------------------------
REPORT:,NAMEHOLDERMONTHLYSUMMARY STATE NATIONAL
FOR:,Meter
Custom Monthly Report

,,SITE OUTDOOR AIR DRYBULB [],HEATING:NATURALGAS [J]
,January,0.000,0.000
,February,-,-
,March,-,-
,April,0.000,0.000
,May,-,-
,June,-,-
,July,0.000,0.000
,August,-,-
,September,-,-
,October,-,-
,November,-,-
,December,-,-
,,,
,Annual Sum or Average,0.000,0.000
,Minimum of Months,0.000,0.000
,Maximum of Months,0.000,0.000


----------------------------------------------------------------------------------------------------
REPORT:,NAMEHOLDERMONTHLYSUMMARY CLIMATEZONE 5B
FOR:,Meter
Custom Monthly Report

,,SITE OUTDOOR AIR DRYBULB [],HEATING:NATURALGAS [J]
,January,0.000,0.000
,February,-,-
,March,-,-
,April,0.000,0.000
,May,-,-
,June,-,-
,July,0.000,0.000
,August,-,-
,September,-,-
,October,-,-
,November,-,-
,December,-,-
,,,
,Annual Sum or Average,0.000,0.000
,Minimum of Months,0.000,0.000
,Maximum of Months,0.000,0.000


----------------------------------------------------------------------------------------------------
REPORT:,NAMEHOLDERMONTHLYSUMMARY REPRESENTCITY USA_CO_DENVER
FOR:,Meter
Custom Monthly Report

,,SITE OUTDOOR AIR DRYBULB [],HEATING:NATURALGAS [J]
,January,0.000,0.000
,February,-,-
,March,-,-
,April,0.000,0.000
,May,-,-
,June,-,-
,July,0.000,0.000
,August,-,-
,September,-,-
,October,-,-
,November,-,-
,December,-,-
,,,
,Annual Sum or Average,0.000,0.000
,Minimum of Months,0.000,0.000
,Maximum of Months,0.000,0.000


----------------------------------------------------------------------------------------------------
REPORT:,ZoneCoolingSummaryMonthly
FOR:,CORE_BOTTOM
Custom Monthly Report

,,ZONE AIR SYSTEM SENSIBLE COOLING ENERGY [J],ZONE AIR SYSTEM SENSIBLE COOLING RATE {Maximum} [W],ZONE AIR SYSTEM SENSIBLE COOLING RATE {TIMESTAMP},SITE OUTDOOR AIR DRYBULB TEMPERATURE {AT MAX/MIN} [C],SITE OUTDOOR AIR WETBULB TEMPERATURE {AT MAX/MIN} [C],ZONE TOTAL INTERNAL LATENT GAIN ENERGY [J],ZONE TOTAL INTERNAL LATENT GAIN RATE {Maximum} [W],ZONE TOTAL INTERNAL LATENT GAIN RATE {TIMESTAMP},SITE OUTDOOR AIR DRYBULB TEMPERATURE {AT MAX/MIN} [C],SITE OUTDOOR AIR WETBULB TEMPERATURE {AT MAX/MIN} [C]
,January,3.006769E+10,35631.78,02-JAN-08:00,18.10,14.24,1.996189E+09,2606.63,31-JAN-10:15,25.60,15.02
,February,-,-,-,-,-,-,-,-,-,-
,March,-,-,-,-,-,-,-,-,-,-
,April,3.076625E+10,36146.58,02-APR-07:00,23.00,18.02,1.990044E+09,2647.88,17-APR-07:15,24.80,22.05
,May,-,-,-,-,-,-,-,-,-,-
,June,-,-,-,-,-,-,-,-,-,-
,July,3.020002E+10,35631.21,02-JUL-07:30,21.50,20.13,1.997598E+09,2640.86,02-JUL-09:30,23.65,20.59
,August,-,-,-,-,-,-,-,-,-,-
,September,-,-,-,-,-,-,-,-,-,-
,October,-,-,-,-,-,-,-,-,-,-
,November,-,-,-,-,-,-,-,-,-,-
,December,-,-,-,-,-,-,-,-,-,-
,,,,,,,,,,,
,Annual Sum or Average,9.103395E+10,,,,,5.983832E+09,,,,
,Minimum of Months,3.006769E+10,35631.21,,18.10,14.24,1.990044E+09,2606.63,,23.65,15.02
,Maximum of Months,3.076625E+10,36146.58,,23.00,20.13,1.997598E+09,2647.88,,25.60,22.05


----------------------------------------------------------------------------------------------------
REPORT:,ZoneCoolingSummaryMonthly
FOR:,TOPFLOOR_PLENUM
Custom Monthly Report

,,ZONE AIR SYSTEM SENSIBLE COOLING ENERGY [J],ZONE AIR SYSTEM SENSIBLE COOLING RATE {Maximum} [W],ZONE AIR SYSTEM SENSIBLE COOLING RATE {TIMESTAMP},SITE OUTDOOR AIR DRYBULB TEMPERATURE {AT MAX/MIN} [C],SITE OUTDOOR AIR WETBULB TEMPERATURE {AT MAX/MIN} [C],ZONE TOTAL INTERNAL LATENT GAIN ENERGY [J],ZONE TOTAL INTERNAL LATENT GAIN RATE {Maximum} [W],ZONE TOTAL INTERNAL LATENT GAIN RATE {TIMESTAMP},SITE OUTDOOR AIR DRYBULB TEMPERATURE {AT MAX/MIN} [C],SITE OUTDOOR AIR WETBULB TEMPERATURE {AT MAX/MIN} [C]
,January,4.243525E+09,8321.12,30-JAN-13:00,28.80,14.92,0.00,0.00,01-JAN-00:30,28.80,14.92
,February,-,-,-,-,-,-,-,-,-,-
,March,-,-,-,-,-,-,-,-,-,-
,April,6.797203E+09,10570.30,30-APR-13:30,35.90,22.88,0.00,0.00,01-APR-00:30,35.90,22.88
,May,-,-,-,-,-,-,-,-,-,-
,June,-,-,-,-,-,-,-,-,-,-
,July,5.031232E+09,8773.99,23-JUL-12:15,25.42,21.01,0.00,0.00,01-JUL-00:30,25.42,21.01
,August,-,-,-,-,-,-,-,-,-,-
,September,-,-,-,-,-,-,-,-,-,-
,October,-,-,-,-,-,-,-,-,-,-
,November,-,-,-,-,-,-,-,-,-,-
,December,-,-,-,-,-,-,-,-,-,-
,,,,,,,,,,,
,Annual Sum or Average,1.607196E+10,,,,,0.00,,,,
,Minimum of Months,4.243525E+09,8321.12,,25.42,14.92,0.00,0.00,,25.42,14.92
,Maximum of Months,6.797203E+09,10570.30,,35.90,22.88,0.00,0.00,,35.90,22.88


----------------------------------------------------------------------------------------------------
REPORT:,ZoneCoolingSummaryMonthly
FOR:,MIDFLOOR_PLENUM
Custom Monthly Report

,,ZONE AIR SYSTEM SENSIBLE COOLING ENERGY [J],ZONE AIR SYSTEM SENSIBLE COOLING RATE {Maximum} [W],ZONE AIR SYSTEM SENSIBLE COOLING RATE {TIMESTAMP},SITE OUTDOOR AIR DRYBULB TEMPERATURE {AT MAX/MIN} [C],SITE OUTDOOR AIR WETBULB TEMPERATURE {AT MAX/MIN} [C],ZONE TOTAL INTERNAL LATENT GAIN ENERGY [J],ZONE TOTAL INTERNAL LATENT GAIN RATE {Maximum} [W],ZONE TOTAL INTERNAL LATENT GAIN RATE {TIMESTAMP},SITE OUTDOOR AIR DRYBULB TEMPERATURE {AT MAX/MIN} [C],SITE OUTDOOR AIR WETBULB TEMPERATURE {AT MAX/MIN} [C]
,January,2.673236E+09,4568.07,02-JAN-08:15,16.98,14.19,0.00,0.00,01-JAN-00:30,16.98,14.19
,February,-,-,-,-,-,-,-,-,-,-
,March,-,-,-,-,-,-,-,-,-,-
,April,3.622003E+09,5007.57,16-APR-07:15,24.43,21.29,0.00,0.00,01-APR-00:30,24.43,21.29
,May,-,-,-,-,-,-,-,-,-,-
,June,-,-,-,-,-,-,-,-,-,-
,July,3.072474E+09,5543.09,02-JUL-07:45,21.75,20.28,0.00,0.00,01-JUL-00:30,21.75,20.28
,August,-,-,-,-,-,-,-,-,-,-
,September,-,-,-,-,-,-,-,-,-,-
,October,-,-,-,-,-,-,-,-,-,-
,November,-,-,-,-,-,-,-,-,-,-
,December,-,-,-,-,-,-,-,-,-,-
,,,,,,,,,,,
,Annual Sum or Average,9.367712E+09,,,,,0.00,,,,
,Minimum of Months,2.673236E+09,4568.07,,16.98,14.19,0.00,0.00,,16.98,14.19
,Maximum of Months,3.622003E+09,5543.09,,24.43,21.29,0.00,0.00,,24.43,21.29


----------------------------------------------------------------------------------------------------
REPORT:,ZoneCoolingSummaryMonthly
FOR:,FIRSTFLOOR_PLENUM
Custom Monthly Report

,,ZONE AIR SYSTEM SENSIBLE COOLING ENERGY [J],ZONE AIR SYSTEM SENSIBLE COOLING RATE {Maximum} [W],ZONE AIR SYSTEM SENSIBLE COOLING RATE {TIMESTAMP},SITE OUTDOOR AIR DRYBULB TEMPERATURE {AT MAX/MIN} [C],SITE OUTDOOR AIR WETBULB TEMPERATURE {AT MAX/MIN} [C],ZONE TOTAL INTERNAL LATENT GAIN ENERGY [J],ZONE TOTAL INTERNAL LATENT GAIN RATE {Maximum} [W],ZONE TOTAL INTERNAL LATENT GAIN RATE {TIMESTAMP},SITE OUTDOOR AIR DRYBULB TEMPERATURE {AT MAX/MIN} [C],SITE OUTDOOR AIR WETBULB TEMPERATURE {AT MAX/MIN} [C]
,January,3.508776E+09,5230.16,02-JAN-08:15,16.98,14.19,0.00,0.00,01-JAN-00:30,16.98,14.19
,February,-,-,-,-,-,-,-,-,-,-
,March,-,-,-,-,-,-,-,-,-,-
,April,4.009132E+09,5385.37,02-APR-07:15,22.70,18.50,0.00,0.00,01-APR-00:30,22.70,18.50
,May,-,-,-,-,-,-,-,-,-,-
,June,-,-,-,-,-,-,-,-,-,-
,July,3.656771E+09,6003.60,02-JUL-07:30,21.50,20.13,0.00,0.00,01-JUL-00:30,21.50,20.13
,August,-,-,-,-,-,-,-,-,-,-
,September,-,-,-,-,-,-,-,-,-,-
,October,-,-,-,-,-,-,-,-,-,-
,November,-,-,-,-,-,-,-,-,-,-
,December,-,-,-,-,-,-,-,-,-,-
,,,,,,,,,,,
,Annual Sum or Average,1.117468E+10,,,,,0.00,,,,
,Minimum of Months,3.508776E+09,5230.16,,16.98,14.19,0.00,0.00,,16.98,14.19
,Maximum of Months,4.009132E+09,6003.60,,22.70,20.13,0.00,0.00,,22.70,20.13


----------------------------------------------------------------------------------------------------
REPORT:,ZoneCoolingSummaryMonthly
FOR:,CORE_MID
Custom Monthly Report

,,ZONE AIR SYSTEM SENSIBLE COOLING ENERGY [J],ZONE AIR SYSTEM SENSIBLE COOLING RATE {Maximum} [W],ZONE AIR SYSTEM SENSIBLE COOLING RATE {TIMESTAMP},SITE OUTDOOR AIR DRYBULB TEMPERATURE {AT MAX/MIN} [C],SITE OUTDOOR AIR WETBULB TEMPERATURE {AT MAX/MIN} [C],ZONE TOTAL INTERNAL LATENT GAIN ENERGY [J],ZONE TOTAL INTERNAL LATENT GAIN RATE {Maximum} [W],ZONE TOTAL INTERNAL LATENT GAIN RATE {TIMESTAMP},SITE OUTDOOR AIR DRYBULB TEMPERATURE {AT MAX/MIN} [C],SITE OUTDOOR AIR WETBULB TEMPERATURE {AT MAX/MIN} [C]
,January,1.831101E+10,20907.64,02-JAN-07:15,15.85,14.02,1.993701E+09,2606.62,04-JAN-10:30,21.43,15.56
,February,-,-,-,-,-,-,-,-,-,-
,March,-,-,-,-,-,-,-,-,-,-
,April,1.979995E+10,21780.00,02-APR-06:15,22.15,19.34,1.988445E+09,2606.58,03-APR-09:30,26.97,17.16
,May,-,-,-,-,-,-,-,-,-,-
,June,-,-,-,-,-,-,-,-,-,-
,July,1.874267E+10,21116.70,02-JUL-06:15,20.33,19.44,1.995755E+09,2730.91,02-JUL-09:15,24.70,20.82
,August,-,-,-,-,-,-,-,-,-,-
,September,-,-,-,-,-,-,-,-,-,-
,October,-,-,-,-,-,-,-,-,-,-
,November,-,-,-,-,-,-,-,-,-,-
,December,-,-,-,-,-,-,-,-,-,-
,,,,,,,,,,,
,Annual Sum or Average,5.685362E+10,,,,,5.977901E+09,,,,
,Minimum of Months,1.831101E+10,20907.64,,15.85,14.02,1.988445E+09,2606.58,,21.43,15.56
,Maximum of Months,1.979995E+10,21780.00,,22.15,19.44,1.995755E+09,2730.91,,26.97,20.82


----------------------------------------------------------------------------------------------------
REPORT:,ZoneCoolingSummaryMonthly
FOR:,CORE_TOP
Custom Monthly Report

,,ZONE AIR SYSTEM SENSIBLE COOLING ENERGY [J],ZONE AIR SYSTEM SENSIBLE COOLING RATE {Maximum} [W],ZONE AIR SYSTEM SENSIBLE COOLING RATE {TIMESTAMP},SITE OUTDOOR AIR DRYBULB TEMPERATURE {AT MAX/MIN} [C],SITE OUTDOOR AIR WETBULB TEMPERATURE {AT MAX/MIN} [C],ZONE TOTAL INTERNAL LATENT GAIN ENERGY [J],ZONE TOTAL INTERNAL LATENT GAIN RATE {Maximum} [W],ZONE TOTAL INTERNAL LATENT GAIN RATE {TIMESTAMP},SITE OUTDOOR AIR DRYBULB TEMPERATURE {AT MAX/MIN} [C],SITE OUTDOOR AIR WETBULB TEMPERATURE {AT MAX/MIN} [C]
,January,1.800641E+10,21409.04,02-JAN-14:15,25.55,16.09,1.990592E+09,2606.64,04-JAN-10:15,22.40,16.05
,February,-,-,-,-,-,-,-,-,-,-
,March,-,-,-,-,-,-,-,-,-,-
,April,2.149094E+10,22105.68,02-APR-13:15,31.10,16.52,1.989196E+09,2606.59,03-APR-09:30,26.97,17.16
,May,-,-,-,-,-,-,-,-,-,-
,June,-,-,-,-,-,-,-,-,-,-
,July,1.938442E+10,22449.06,02-JUL-10:30,25.45,20.84,1.994289E+09,2666.02,02-JUL-09:15,25.45,20.84
,August,-,-,-,-,-,-,-,-,-,-
,September,-,-,-,-,-,-,-,-,-,-
,October,-,-,-,-,-,-,-,-,-,-
,November,-,-,-,-,-,-,-,-,-,-
,December,-,-,-,-,-,-,-,-,-,-
,,,,,,,,,,,
,Annual Sum or Average,5.888177E+10,,,,,5.974077E+09,,,,
,Minimum of Months,1.800641E+10,21409.04,,25.45,16.09,1.989196E+09,2606.59,,22.40,16.05
,Maximum of Months,2.149094E+10,22449.06,,31.10,20.84,1.994289E+09,2666.02,,26.97,20.84


----------------------------------------------------------------------------------------------------
REPORT:,ZoneCoolingSummaryMonthly
FOR:,PERIMETER_TOP_ZN_3
Custom Monthly Report

,,ZONE AIR SYSTEM SENSIBLE COOLING ENERGY [J],ZONE AIR SYSTEM SENSIBLE COOLING RATE {Maximum} [W],ZONE AIR SYSTEM SENSIBLE COOLING RATE {TIMESTAMP},SITE OUTDOOR AIR DRYBULB TEMPERATURE {AT MAX/MIN} [C],SITE OUTDOOR AIR WETBULB TEMPERATURE {AT MAX/MIN} [C],ZONE TOTAL INTERNAL LATENT GAIN ENERGY [J],ZONE TOTAL INTERNAL LATENT GAIN RATE {Maximum} [W],ZONE TOTAL INTERNAL LATENT GAIN RATE {TIMESTAMP},SITE OUTDOOR AIR DRYBULB TEMPERATURE {AT MAX/MIN} [C],SITE OUTDOOR AIR WETBULB TEMPERATURE {AT MAX/MIN} [C]
,January,4.647785E+09,5940.24,17-JAN-14:15,25.17,17.28,4.169141E+08,549.50,19-JAN-14:30,25.93,16.14
,February,-,-,-,-,-,-,-,-,-,-
,March,-,-,-,-,-,-,-,-,-,-
,April,6.816747E+09,8032.11,30-APR-13:45,35.85,22.72,4.194814E+08,549.48,03-APR-09:30,35.85,22.72
,May,-,-,-,-,-,-,-,-,-,-
,June,-,-,-,-,-,-,-,-,-,-
,July,6.650068E+09,8175.96,02-JUL-14:30,27.75,20.73,4.202268E+08,561.33,26-JUL-14:00,24.98,21.43
,August,-,-,-,-,-,-,-,-,-,-
,September,-,-,-,-,-,-,-,-,-,-
,October,-,-,-,-,-,-,-,-,-,-
,November,-,-,-,-,-,-,-,-,-,-
,December,-,-,-,-,-,-,-,-,-,-
,,,,,,,,,,,
,Annual Sum or Average,1.811460E+10,,,,,1.256622E+09,,,,
,Minimum of Months,4.647785E+09,5940.24,,25.17,17.28,4.169141E+08,549.48,,24.98,16.14
,Maximum of Months,6.816747E+09,8175.96,,35.85,22.72,4.202268E+08,561.33,,35.85,22.72


----------------------------------------------------------------------------------------------------
REPORT:,ZoneCoolingSummaryMonthly
FOR:,PERIMETER_TOP_ZN_2
Custom Monthly Report

,,ZONE AIR SYSTEM SENSIBLE COOLING ENERGY [J],ZONE AIR SYSTEM SENSIBLE COOLING RATE {Maximum} [W],ZONE AIR SYSTEM SENSIBLE COOLING RATE {TIMESTAMP},SITE OUTDOOR AIR DRYBULB TEMPERATURE {AT MAX/MIN} [C],SITE OUTDOOR AIR WETBULB TEMPERATURE {AT MAX/MIN} [C],ZONE TOTAL INTERNAL LATENT GAIN ENERGY [J],ZONE TOTAL INTERNAL LATENT GAIN RATE {Maximum} [W],ZONE TOTAL INTERNAL LATENT GAIN RATE {TIMESTAMP},SITE OUTDOOR AIR DRYBULB TEMPERATURE {AT MAX/MIN} [C],SITE OUTDOOR AIR WETBULB TEMPERATURE {AT MAX/MIN} [C]
,January,4.138878E+09,7597.62,30-JAN-10:15,23.70,15.53,2.656656E+08,347.88,04-JAN-10:15,23.70,15.53
,February,-,-,-,-,-,-,-,-,-,-
,March,-,-,-,-,-,-,-,-,-,-
,April,6.149290E+09,9483.57,30-APR-08:00,29.80,22.91,2.659679E+08,347.88,03-APR-09:30,29.80,22.91
,May,-,-,-,-,-,-,-,-,-,-
,June,-,-,-,-,-,-,-,-,-,-
,July,4.698836E+09,7319.47,02-JUL-10:30,25.45,20.84,2.664648E+08,365.26,02-JUL-09:15,25.45,20.84
,August,-,-,-,-,-,-,-,-,-,-
,September,-,-,-,-,-,-,-,-,-,-
,October,-,-,-,-,-,-,-,-,-,-
,November,-,-,-,-,-,-,-,-,-,-
,December,-,-,-,-,-,-,-,-,-,-
,,,,,,,,,,,
,Annual Sum or Average,1.498700E+10,,,,,7.980983E+08,,,,
,Minimum of Months,4.138878E+09,7319.47,,23.70,15.53,2.656656E+08,347.88,,23.70,15.53
,Maximum of Months,6.149290E+09,9483.57,,29.80,22.91,2.664648E+08,365.26,,29.80,22.91


----------------------------------------------------------------------------------------------------
REPORT:,ZoneCoolingSummaryMonthly
FOR:,PERIMETER_TOP_ZN_1
Custom Monthly Report

,,ZONE AIR SYSTEM SENSIBLE COOLING ENERGY [J],ZONE AIR SYSTEM SENSIBLE COOLING RATE {Maximum} [W],ZONE AIR SYSTEM SENSIBLE COOLING RATE {TIMESTAMP},SITE OUTDOOR AIR DRYBULB TEMPERATURE {AT MAX/MIN} [C],SITE OUTDOOR AIR WETBULB TEMPERATURE {AT MAX/MIN} [C],ZONE TOTAL INTERNAL LATENT GAIN ENERGY [J],ZONE TOTAL INTERNAL LATENT GAIN RATE {Maximum} [W],ZONE TOTAL INTERNAL LATENT GAIN RATE {TIMESTAMP},SITE OUTDOOR AIR DRYBULB TEMPERATURE {AT MAX/MIN} [C],SITE OUTDOOR AIR WETBULB TEMPERATURE {AT MAX/MIN} [C]
,January,8.379571E+09,10544.76,29-JAN-12:00,28.20,14.98,4.373975E+08,680.06,30-JAN-14:30,28.78,14.85
,February,-,-,-,-,-,-,-,-,-,-
,March,-,-,-,-,-,-,-,-,-,-
,April,6.766823E+09,7888.56,30-APR-14:45,34.90,22.45,4.197917E+08,554.73,30-APR-13:15,34.90,22.45
,May,-,-,-,-,-,-,-,-,-,-
,June,-,-,-,-,-,-,-,-,-,-
,July,5.624003E+09,7068.10,02-JUL-14:30,27.75,20.73,4.204825E+08,568.04,26-JUL-13:15,25.00,21.38
,August,-,-,-,-,-,-,-,-,-,-
,September,-,-,-,-,-,-,-,-,-,-
,October,-,-,-,-,-,-,-,-,-,-
,November,-,-,-,-,-,-,-,-,-,-
,December,-,-,-,-,-,-,-,-,-,-
,,,,,,,,,,,
,Annual Sum or Average,2.077040E+10,,,,,1.277672E+09,,,,
,Minimum of Months,5.624003E+09,7068.10,,27.75,14.98,4.197917E+08,554.73,,25.00,14.85
,Maximum of Months,8.379571E+09,10544.76,,34.90,22.45,4.373975E+08,680.06,,34.90,22.45


----------------------------------------------------------------------------------------------------
REPORT:,ZoneCoolingSummaryMonthly
FOR:,PERIMETER_TOP_ZN_4
Custom Monthly Report

,,ZONE AIR SYSTEM SENSIBLE COOLING ENERGY [J],ZONE AIR SYSTEM SENSIBLE COOLING RATE {Maximum} [W],ZONE AIR SYSTEM SENSIBLE COOLING RATE {TIMESTAMP},SITE OUTDOOR AIR DRYBULB TEMPERATURE {AT MAX/MIN} [C],SITE OUTDOOR AIR WETBULB TEMPERATURE {AT MAX/MIN} [C],ZONE TOTAL INTERNAL LATENT GAIN ENERGY [J],ZONE TOTAL INTERNAL LATENT GAIN RATE {Maximum} [W],ZONE TOTAL INTERNAL LATENT GAIN RATE {TIMESTAMP},SITE OUTDOOR AIR DRYBULB TEMPERATURE {AT MAX/MIN} [C],SITE OUTDOOR AIR WETBULB TEMPERATURE {AT MAX/MIN} [C]
,January,4.017985E+09,7899.23,30-JAN-16:30,27.05,13.81,2.651410E+08,347.85,19-JAN-14:30,27.05,13.81
,February,-,-,-,-,-,-,-,-,-,-
,March,-,-,-,-,-,-,-,-,-,-
,April,5.905022E+09,9918.25,09-APR-15:45,35.20,18.86,2.659567E+08,347.84,03-APR-09:30,35.20,18.86
,May,-,-,-,-,-,-,-,-,-,-
,June,-,-,-,-,-,-,-,-,-,-
,July,4.660752E+09,8252.79,06-JUL-15:00,30.20,19.56,2.663114E+08,347.93,26-JUL-13:45,24.95,21.48
,August,-,-,-,-,-,-,-,-,-,-
,September,-,-,-,-,-,-,-,-,-,-
,October,-,-,-,-,-,-,-,-,-,-
,November,-,-,-,-,-,-,-,-,-,-
,December,-,-,-,-,-,-,-,-,-,-
,,,,,,,,,,,
,Annual Sum or Average,1.458376E+10,,,,,7.974091E+08,,,,
,Minimum of Months,4.017985E+09,7899.23,,27.05,13.81,2.651410E+08,347.84,,24.95,13.81
,Maximum of Months,5.905022E+09,9918.25,,35.20,19.56,2.663114E+08,347.93,,35.20,21.48


----------------------------------------------------------------------------------------------------
REPORT:,ZoneCoolingSummaryMonthly
FOR:,PERIMETER_BOT_ZN_3
Custom Monthly Report

,,ZONE AIR SYSTEM SENSIBLE COOLING ENERGY [J],ZONE AIR SYSTEM SENSIBLE COOLING RATE {Maximum} [W],ZONE AIR SYSTEM SENSIBLE COOLING RATE {TIMESTAMP},SITE OUTDOOR AIR DRYBULB TEMPERATURE {AT MAX/MIN} [C],SITE OUTDOOR AIR WETBULB TEMPERATURE {AT MAX/MIN} [C],ZONE TOTAL INTERNAL LATENT GAIN ENERGY [J],ZONE TOTAL INTERNAL LATENT GAIN RATE {Maximum} [W],ZONE TOTAL INTERNAL LATENT GAIN RATE {TIMESTAMP},SITE OUTDOOR AIR DRYBULB TEMPERATURE {AT MAX/MIN} [C],SITE OUTDOOR AIR WETBULB TEMPERATURE {AT MAX/MIN} [C]
,January,3.723438E+09,4241.34,17-JAN-14:15,25.17,17.28,4.153262E+08,549.48,04-JAN-10:30,25.17,17.28
,February,-,-,-,-,-,-,-,-,-,-
,March,-,-,-,-,-,-,-,-,-,-
,April,4.995298E+09,6010.04,30-APR-13:45,35.85,22.72,4.177325E+08,549.48,03-APR-09:30,35.85,22.72
,May,-,-,-,-,-,-,-,-,-,-
,June,-,-,-,-,-,-,-,-,-,-
,July,5.488513E+09,6822.25,02-JUL-14:30,27.75,20.73,4.196942E+08,567.04,02-JUL-09:15,27.75,20.73
,August,-,-,-,-,-,-,-,-,-,-
,September,-,-,-,-,-,-,-,-,-,-
,October,-,-,-,-,-,-,-,-,-,-
,November,-,-,-,-,-,-,-,-,-,-
,December,-,-,-,-,-,-,-,-,-,-
,,,,,,,,,,,
,Annual Sum or Average,1.420725E+10,,,,,1.252753E+09,,,,
,Minimum of Months,3.723438E+09,4241.34,,25.17,17.28,4.153262E+08,549.48,,25.17,17.28
,Maximum of Months,5.488513E+09,6822.25,,35.85,22.72,4.196942E+08,567.04,,35.85,22.72


----------------------------------------------------------------------------------------------------
REPORT:,ZoneCoolingSummaryMonthly
FOR:,PERIMETER_BOT_ZN_2
Custom Monthly Report

,,ZONE AIR SYSTEM SENSIBLE COOLING ENERGY [J],ZONE AIR SYSTEM SENSIBLE COOLING RATE {Maximum} [W],ZONE AIR SYSTEM SENSIBLE COOLING RATE {TIMESTAMP},SITE OUTDOOR AIR DRYBULB TEMPERATURE {AT MAX/MIN} [C],SITE OUTDOOR AIR WETBULB TEMPERATURE {AT MAX/MIN} [C],ZONE TOTAL INTERNAL LATENT GAIN ENERGY [J],ZONE TOTAL INTERNAL LATENT GAIN RATE {Maximum} [W],ZONE TOTAL INTERNAL LATENT GAIN RATE {TIMESTAMP},SITE OUTDOOR AIR DRYBULB TEMPERATURE {AT MAX/MIN} [C],SITE OUTDOOR AIR WETBULB TEMPERATURE {AT MAX/MIN} [C]
,January,3.530947E+09,5791.33,30-JAN-10:30,24.40,15.22,2.657594E+08,347.88,31-JAN-10:15,25.60,15.02
,February,-,-,-,-,-,-,-,-,-,-
,March,-,-,-,-,-,-,-,-,-,-
,April,4.949897E+09,7351.15,30-APR-09:00,32.20,23.39,2.656951E+08,347.87,03-APR-09:30,32.20,23.39
,May,-,-,-,-,-,-,-,-,-,-
,June,-,-,-,-,-,-,-,-,-,-
,July,3.919629E+09,6224.77,02-JUL-10:15,25.07,20.83,2.663291E+08,366.90,02-JUL-09:15,25.07,20.83
,August,-,-,-,-,-,-,-,-,-,-
,September,-,-,-,-,-,-,-,-,-,-
,October,-,-,-,-,-,-,-,-,-,-
,November,-,-,-,-,-,-,-,-,-,-
,December,-,-,-,-,-,-,-,-,-,-
,,,,,,,,,,,
,Annual Sum or Average,1.240047E+10,,,,,7.977835E+08,,,,
,Minimum of Months,3.530947E+09,5791.33,,24.40,15.22,2.656951E+08,347.87,,25.07,15.02
,Maximum of Months,4.949897E+09,7351.15,,32.20,23.39,2.663291E+08,366.90,,32.20,23.39


----------------------------------------------------------------------------------------------------
REPORT:,ZoneCoolingSummaryMonthly
FOR:,PERIMETER_BOT_ZN_1
Custom Monthly Report

,,ZONE AIR SYSTEM SENSIBLE COOLING ENERGY [J],ZONE AIR SYSTEM SENSIBLE COOLING RATE {Maximum} [W],ZONE AIR SYSTEM SENSIBLE COOLING RATE {TIMESTAMP},SITE OUTDOOR AIR DRYBULB TEMPERATURE {AT MAX/MIN} [C],SITE OUTDOOR AIR WETBULB TEMPERATURE {AT MAX/MIN} [C],ZONE TOTAL INTERNAL LATENT GAIN ENERGY [J],ZONE TOTAL INTERNAL LATENT GAIN RATE {Maximum} [W],ZONE TOTAL INTERNAL LATENT GAIN RATE {TIMESTAMP},SITE OUTDOOR AIR DRYBULB TEMPERATURE {AT MAX/MIN} [C],SITE OUTDOOR AIR WETBULB TEMPERATURE {AT MAX/MIN} [C]
,January,7.286631E+09,8036.37,30-JAN-12:00,28.60,14.11,4.410597E+08,682.45,30-JAN-14:30,28.78,14.85
,February,-,-,-,-,-,-,-,-,-,-
,March,-,-,-,-,-,-,-,-,-,-
,April,5.907267E+09,8081.25,30-APR-11:00,35.50,23.57,4.238426E+08,674.82,30-APR-12:30,35.62,23.48
,May,-,-,-,-,-,-,-,-,-,-
,June,-,-,-,-,-,-,-,-,-,-
,July,4.612569E+09,6875.84,06-JUL-16:30,29.80,19.36,4.180468E+08,563.63,02-JUL-09:15,29.80,19.36
,August,-,-,-,-,-,-,-,-,-,-
,September,-,-,-,-,-,-,-,-,-,-
,October,-,-,-,-,-,-,-,-,-,-
,November,-,-,-,-,-,-,-,-,-,-
,December,-,-,-,-,-,-,-,-,-,-
,,,,,,,,,,,
,Annual Sum or Average,1.780647E+10,,,,,1.282949E+09,,,,
,Minimum of Months,4.612569E+09,6875.84,,28.60,14.11,4.180468E+08,563.63,,28.78,14.85
,Maximum of Months,7.286631E+09,8081.25,,35.50,23.57,4.410597E+08,682.45,,35.62,23.48


----------------------------------------------------------------------------------------------------
REPORT:,ZoneCoolingSummaryMonthly
FOR:,PERIMETER_BOT_ZN_4
Custom Monthly Report

,,ZONE AIR SYSTEM SENSIBLE COOLING ENERGY [J],ZONE AIR SYSTEM SENSIBLE COOLING RATE {Maximum} [W],ZONE AIR SYSTEM SENSIBLE COOLING RATE {TIMESTAMP},SITE OUTDOOR AIR DRYBULB TEMPERATURE {AT MAX/MIN} [C],SITE OUTDOOR AIR WETBULB TEMPERATURE {AT MAX/MIN} [C],ZONE TOTAL INTERNAL LATENT GAIN ENERGY [J],ZONE TOTAL INTERNAL LATENT GAIN RATE {Maximum} [W],ZONE TOTAL INTERNAL LATENT GAIN RATE {TIMESTAMP},SITE OUTDOOR AIR DRYBULB TEMPERATURE {AT MAX/MIN} [C],SITE OUTDOOR AIR WETBULB TEMPERATURE {AT MAX/MIN} [C]
,January,3.341573E+09,5775.05,30-JAN-16:30,27.05,13.81,2.655870E+08,347.84,19-JAN-14:15,27.05,13.81
,February,-,-,-,-,-,-,-,-,-,-
,March,-,-,-,-,-,-,-,-,-,-
,April,4.681880E+09,7476.64,09-APR-15:00,35.10,18.86,2.657274E+08,347.84,03-APR-09:30,35.10,18.86
,May,-,-,-,-,-,-,-,-,-,-
,June,-,-,-,-,-,-,-,-,-,-
,July,3.845431E+09,6121.03,06-JUL-15:00,30.20,19.56,2.662562E+08,350.08,02-JUL-09:15,30.20,19.56
,August,-,-,-,-,-,-,-,-,-,-
,September,-,-,-,-,-,-,-,-,-,-
,October,-,-,-,-,-,-,-,-,-,-
,November,-,-,-,-,-,-,-,-,-,-
,December,-,-,-,-,-,-,-,-,-,-
,,,,,,,,,,,
,Annual Sum or Average,1.186888E+10,,,,,7.975706E+08,,,,
,Minimum of Months,3.341573E+09,5775.05,,27.05,13.81,2.655870E+08,347.84,,27.05,13.81
,Maximum of Months,4.681880E+09,7476.64,,35.10,19.56,2.662562E+08,350.08,,35.10,19.56


----------------------------------------------------------------------------------------------------
REPORT:,ZoneCoolingSummaryMonthly
FOR:,PERIMETER_MID_ZN_3
Custom Monthly Report

,,ZONE AIR SYSTEM SENSIBLE COOLING ENERGY [J],ZONE AIR SYSTEM SENSIBLE COOLING RATE {Maximum} [W],ZONE AIR SYSTEM SENSIBLE COOLING RATE {TIMESTAMP},SITE OUTDOOR AIR DRYBULB TEMPERATURE {AT MAX/MIN} [C],SITE OUTDOOR AIR WETBULB TEMPERATURE {AT MAX/MIN} [C],ZONE TOTAL INTERNAL LATENT GAIN ENERGY [J],ZONE TOTAL INTERNAL LATENT GAIN RATE {Maximum} [W],ZONE TOTAL INTERNAL LATENT GAIN RATE {TIMESTAMP},SITE OUTDOOR AIR DRYBULB TEMPERATURE {AT MAX/MIN} [C],SITE OUTDOOR AIR WETBULB TEMPERATURE {AT MAX/MIN} [C]
,January,4.657081E+09,5625.12,17-JAN-14:15,25.17,17.28,4.184794E+08,549.49,02-JAN-14:30,25.17,17.28
,February,-,-,-,-,-,-,-,-,-,-
,March,-,-,-,-,-,-,-,-,-,-
,April,6.380113E+09,7339.16,30-APR-13:45,35.85,22.72,4.194717E+08,549.48,12-APR-13:15,35.85,22.72
,May,-,-,-,-,-,-,-,-,-,-
,June,-,-,-,-,-,-,-,-,-,-
,July,6.457658E+09,7777.33,02-JUL-14:30,27.75,20.73,4.209052E+08,579.89,02-JUL-09:15,27.75,20.73
,August,-,-,-,-,-,-,-,-,-,-
,September,-,-,-,-,-,-,-,-,-,-
,October,-,-,-,-,-,-,-,-,-,-
,November,-,-,-,-,-,-,-,-,-,-
,December,-,-,-,-,-,-,-,-,-,-
,,,,,,,,,,,
,Annual Sum or Average,1.749485E+10,,,,,1.258856E+09,,,,
,Minimum of Months,4.657081E+09,5625.12,,25.17,17.28,4.184794E+08,549.48,,25.17,17.28
,Maximum of Months,6.457658E+09,7777.33,,35.85,22.72,4.209052E+08,579.89,,35.85,22.72


----------------------------------------------------------------------------------------------------
REPORT:,ZoneCoolingSummaryMonthly
FOR:,PERIMETER_MID_ZN_2
Custom Monthly Report

,,ZONE AIR SYSTEM SENSIBLE COOLING ENERGY [J],ZONE AIR SYSTEM SENSIBLE COOLING RATE {Maximum} [W],ZONE AIR SYSTEM SENSIBLE COOLING RATE {TIMESTAMP},SITE OUTDOOR AIR DRYBULB TEMPERATURE {AT MAX/MIN} [C],SITE OUTDOOR AIR WETBULB TEMPERATURE {AT MAX/MIN} [C],ZONE TOTAL INTERNAL LATENT GAIN ENERGY [J],ZONE TOTAL INTERNAL LATENT GAIN RATE {Maximum} [W],ZONE TOTAL INTERNAL LATENT GAIN RATE {TIMESTAMP},SITE OUTDOOR AIR DRYBULB TEMPERATURE {AT MAX/MIN} [C],SITE OUTDOOR AIR WETBULB TEMPERATURE {AT MAX/MIN} [C]
,January,3.979453E+09,7727.83,30-JAN-09:00,23.00,15.77,1.983176E+08,356.47,30-JAN-11:30,26.20,14.38
,February,-,-,-,-,-,-,-,-,-,-
,March,-,-,-,-,-,-,-,-,-,-
,April,5.644905E+09,9442.76,30-APR-08:45,29.25,22.62,1.982086E+08,356.45,12-APR-14:30,29.25,22.62
,May,-,-,-,-,-,-,-,-,-,-
,June,-,-,-,-,-,-,-,-,-,-
,July,4.382215E+09,7292.73,18-JUL-10:15,26.80,20.85,1.988453E+08,363.78,02-JUL-10:45,26.80,20.85
,August,-,-,-,-,-,-,-,-,-,-
,September,-,-,-,-,-,-,-,-,-,-
,October,-,-,-,-,-,-,-,-,-,-
,November,-,-,-,-,-,-,-,-,-,-
,December,-,-,-,-,-,-,-,-,-,-
,,,,,,,,,,,
,Annual Sum or Average,1.400657E+10,,,,,5.953715E+08,,,,
,Minimum of Months,3.979453E+09,7292.73,,23.00,15.77,1.982086E+08,356.45,,26.20,14.38
,Maximum of Months,5.644905E+09,9442.76,,29.25,22.62,1.988453E+08,363.78,,29.25,22.62


----------------------------------------------------------------------------------------------------
REPORT:,ZoneCoolingSummaryMonthly
FOR:,PERIMETER_MID_ZN_1
Custom Monthly Report

,,ZONE AIR SYSTEM SENSIBLE COOLING ENERGY [J],ZONE AIR SYSTEM SENSIBLE COOLING RATE {Maximum} [W],ZONE AIR SYSTEM SENSIBLE COOLING RATE {TIMESTAMP},SITE OUTDOOR AIR DRYBULB TEMPERATURE {AT MAX/MIN} [C],SITE OUTDOOR AIR WETBULB TEMPERATURE {AT MAX/MIN} [C],ZONE TOTAL INTERNAL LATENT GAIN ENERGY [J],ZONE TOTAL INTERNAL LATENT GAIN RATE {Maximum} [W],ZONE TOTAL INTERNAL LATENT GAIN RATE {TIMESTAMP},SITE OUTDOOR AIR DRYBULB TEMPERATURE {AT MAX/MIN} [C],SITE OUTDOOR AIR WETBULB TEMPERATURE {AT MAX/MIN} [C]
,January,8.146930E+09,9426.22,29-JAN-12:45,27.77,14.92,4.478925E+08,701.17,30-JAN-14:30,28.78,14.85
,February,-,-,-,-,-,-,-,-,-,-
,March,-,-,-,-,-,-,-,-,-,-
,April,6.304904E+09,7320.84,30-APR-13:45,35.85,22.72,4.198062E+08,551.06,30-APR-13:15,35.80,22.55
,May,-,-,-,-,-,-,-,-,-,-
,June,-,-,-,-,-,-,-,-,-,-
,July,5.436723E+09,6681.68,02-JUL-14:30,27.75,20.73,4.210132E+08,575.64,02-JUL-09:15,27.75,20.73
,August,-,-,-,-,-,-,-,-,-,-
,September,-,-,-,-,-,-,-,-,-,-
,October,-,-,-,-,-,-,-,-,-,-
,November,-,-,-,-,-,-,-,-,-,-
,December,-,-,-,-,-,-,-,-,-,-
,,,,,,,,,,,
,Annual Sum or Average,1.988856E+10,,,,,1.288712E+09,,,,
,Minimum of Months,5.436723E+09,6681.68,,27.75,14.92,4.198062E+08,551.06,,27.75,14.85
,Maximum of Months,8.146930E+09,9426.22,,35.85,22.72,4.478925E+08,701.17,,35.80,22.55


----------------------------------------------------------------------------------------------------
REPORT:,ZoneCoolingSummaryMonthly
FOR:,PERIMETER_MID_ZN_4
Custom Monthly Report

,,ZONE AIR SYSTEM SENSIBLE COOLING ENERGY [J],ZONE AIR SYSTEM SENSIBLE COOLING RATE {Maximum} [W],ZONE AIR SYSTEM SENSIBLE COOLING RATE {TIMESTAMP},SITE OUTDOOR AIR DRYBULB TEMPERATURE {AT MAX/MIN} [C],SITE OUTDOOR AIR WETBULB TEMPERATURE {AT MAX/MIN} [C],ZONE TOTAL INTERNAL LATENT GAIN ENERGY [J],ZONE TOTAL INTERNAL LATENT GAIN RATE {Maximum} [W],ZONE TOTAL INTERNAL LATENT GAIN RATE {TIMESTAMP},SITE OUTDOOR AIR DRYBULB TEMPERATURE {AT MAX/MIN} [C],SITE OUTDOOR AIR WETBULB TEMPERATURE {AT MAX/MIN} [C]
,January,4.017052E+09,7665.33,30-JAN-16:30,27.05,13.81,2.659172E+08,347.85,02-JAN-14:30,27.05,13.81
,February,-,-,-,-,-,-,-,-,-,-
,March,-,-,-,-,-,-,-,-,-,-
,April,5.580687E+09,9445.66,09-APR-15:45,35.20,18.86,2.659765E+08,347.84,03-APR-09:30,35.20,18.86
,May,-,-,-,-,-,-,-,-,-,-
,June,-,-,-,-,-,-,-,-,-,-
,July,4.527035E+09,7904.61,06-JUL-15:00,30.20,19.56,2.665421E+08,351.44,02-JUL-09:15,30.20,19.56
,August,-,-,-,-,-,-,-,-,-,-
,September,-,-,-,-,-,-,-,-,-,-
,October,-,-,-,-,-,-,-,-,-,-
,November,-,-,-,-,-,-,-,-,-,-
,December,-,-,-,-,-,-,-,-,-,-
,,,,,,,,,,,
,Annual Sum or Average,1.412477E+10,,,,,7.984358E+08,,,,
,Minimum of Months,4.017052E+09,7665.33,,27.05,13.81,2.659172E+08,347.84,,27.05,13.81
,Maximum of Months,5.580687E+09,9445.66,,35.20,19.56,2.665421E+08,351.44,,35.20,19.56


----------------------------------------------------------------------------------------------------
REPORT:,ZoneHeatingSummaryMonthly
FOR:,CORE_BOTTOM
Custom Monthly Report

,,ZONE AIR SYSTEM SENSIBLE HEATING ENERGY [J],ZONE AIR SYSTEM SENSIBLE HEATING RATE {Maximum} [W],ZONE AIR SYSTEM SENSIBLE HEATING RATE {TIMESTAMP},SITE OUTDOOR AIR DRYBULB TEMPERATURE {AT MAX/MIN} [C]
,January,0.00,0.00,01-JAN-00:15,18.35
,February,-,-,-,-
,March,-,-,-,-
,April,0.00,0.00,01-APR-00:15,21.75
,May,-,-,-,-
,June,-,-,-,-
,July,0.00,0.00,01-JUL-00:15,22.28
,August,-,-,-,-
,September,-,-,-,-
,October,-,-,-,-
,November,-,-,-,-
,December,-,-,-,-
,,,,,
,Annual Sum or Average,0.00,,,
,Minimum of Months,0.00,0.00,,18.35
,Maximum of Months,0.00,0.00,,22.28


----------------------------------------------------------------------------------------------------
REPORT:,ZoneHeatingSummaryMonthly
FOR:,TOPFLOOR_PLENUM
Custom Monthly Report

,,ZONE AIR SYSTEM SENSIBLE HEATING ENERGY [J],ZONE AIR SYSTEM SENSIBLE HEATING RATE {Maximum} [W],ZONE AIR SYSTEM SENSIBLE HEATING RATE {TIMESTAMP},SITE OUTDOOR AIR DRYBULB TEMPERATURE {AT MAX/MIN} [C]
,January,80311482.22,1574.83,29-JAN-09:15,18.92
,February,-,-,-,-
,March,-,-,-,-
,April,40656888.17,1902.80,09-APR-05:15,23.95
,May,-,-,-,-
,June,-,-,-,-
,July,35851170.32,1105.57,26-JUL-05:15,19.35
,August,-,-,-,-
,September,-,-,-,-
,October,-,-,-,-
,November,-,-,-,-
,December,-,-,-,-
,,,,,
,Annual Sum or Average,1.568195E+08,,,
,Minimum of Months,35851170.32,1105.57,,18.92
,Maximum of Months,80311482.22,1902.80,,23.95


----------------------------------------------------------------------------------------------------
REPORT:,ZoneHeatingSummaryMonthly
FOR:,MIDFLOOR_PLENUM
Custom Monthly Report

,,ZONE AIR SYSTEM SENSIBLE HEATING ENERGY [J],ZONE AIR SYSTEM SENSIBLE HEATING RATE {Maximum} [W],ZONE AIR SYSTEM SENSIBLE HEATING RATE {TIMESTAMP},SITE OUTDOOR AIR DRYBULB TEMPERATURE {AT MAX/MIN} [C]
,January,50953358.20,1554.93,29-JAN-10:30,22.75
,February,-,-,-,-
,March,-,-,-,-
,April,25153869.51,916.08,29-APR-09:45,32.05
,May,-,-,-,-
,June,-,-,-,-
,July,22370666.41,812.76,04-JUL-09:00,22.70
,August,-,-,-,-
,September,-,-,-,-
,October,-,-,-,-
,November,-,-,-,-
,December,-,-,-,-
,,,,,
,Annual Sum or Average,98477894.11,,,
,Minimum of Months,22370666.41,812.76,,22.70
,Maximum of Months,50953358.20,1554.93,,32.05


----------------------------------------------------------------------------------------------------
REPORT:,ZoneHeatingSummaryMonthly
FOR:,FIRSTFLOOR_PLENUM
Custom Monthly Report

,,ZONE AIR SYSTEM SENSIBLE HEATING ENERGY [J],ZONE AIR SYSTEM SENSIBLE HEATING RATE {Maximum} [W],ZONE AIR SYSTEM SENSIBLE HEATING RATE {TIMESTAMP},SITE OUTDOOR AIR DRYBULB TEMPERATURE {AT MAX/MIN} [C]
,January,19062836.73,1086.95,22-JAN-10:30,23.05
,February,-,-,-,-
,March,-,-,-,-
,April,10649320.55,646.06,09-APR-05:15,23.95
,May,-,-,-,-
,June,-,-,-,-
,July,22266662.70,798.64,04-JUL-12:45,24.62
,August,-,-,-,-
,September,-,-,-,-
,October,-,-,-,-
,November,-,-,-,-
,December,-,-,-,-
,,,,,
,Annual Sum or Average,51978819.98,,,
,Minimum of Months,10649320.55,646.06,,23.05
,Maximum of Months,22266662.70,1086.95,,24.62


----------------------------------------------------------------------------------------------------
REPORT:,ZoneHeatingSummaryMonthly
FOR:,CORE_MID
Custom Monthly Report

,,ZONE AIR SYSTEM SENSIBLE HEATING ENERGY [J],ZONE AIR SYSTEM SENSIBLE HEATING RATE {Maximum} [W],ZONE AIR SYSTEM SENSIBLE HEATING RATE {TIMESTAMP},SITE OUTDOOR AIR DRYBULB TEMPERATURE {AT MAX/MIN} [C]
,January,0.00,0.00,01-JAN-00:15,18.35
,February,-,-,-,-
,March,-,-,-,-
,April,0.00,0.00,01-APR-00:15,21.75
,May,-,-,-,-
,June,-,-,-,-
,July,0.00,0.00,01-JUL-00:15,22.28
,August,-,-,-,-
,September,-,-,-,-
,October,-,-,-,-
,November,-,-,-,-
,December,-,-,-,-
,,,,,
,Annual Sum or Average,0.00,,,
,Minimum of Months,0.00,0.00,,18.35
,Maximum of Months,0.00,0.00,,22.28


----------------------------------------------------------------------------------------------------
REPORT:,ZoneHeatingSummaryMonthly
FOR:,CORE_TOP
Custom Monthly Report

,,ZONE AIR SYSTEM SENSIBLE HEATING ENERGY [J],ZONE AIR SYSTEM SENSIBLE HEATING RATE {Maximum} [W],ZONE AIR SYSTEM SENSIBLE HEATING RATE {TIMESTAMP},SITE OUTDOOR AIR DRYBULB TEMPERATURE {AT MAX/MIN} [C]
,January,0.00,0.00,01-JAN-00:15,18.35
,February,-,-,-,-
,March,-,-,-,-
,April,0.00,0.00,01-APR-00:15,21.75
,May,-,-,-,-
,June,-,-,-,-
,July,0.00,0.00,01-JUL-00:15,22.28
,August,-,-,-,-
,September,-,-,-,-
,October,-,-,-,-
,November,-,-,-,-
,December,-,-,-,-
,,,,,
,Annual Sum or Average,0.00,,,
,Minimum of Months,0.00,0.00,,18.35
,Maximum of Months,0.00,0.00,,22.28


----------------------------------------------------------------------------------------------------
REPORT:,ZoneHeatingSummaryMonthly
FOR:,PERIMETER_TOP_ZN_3
Custom Monthly Report

,,ZONE AIR SYSTEM SENSIBLE HEATING ENERGY [J],ZONE AIR SYSTEM SENSIBLE HEATING RATE {Maximum} [W],ZONE AIR SYSTEM SENSIBLE HEATING RATE {TIMESTAMP},SITE OUTDOOR AIR DRYBULB TEMPERATURE {AT MAX/MIN} [C]
,January,0.00,0.00,01-JAN-00:15,18.35
,February,-,-,-,-
,March,-,-,-,-
,April,0.00,0.00,01-APR-00:15,21.75
,May,-,-,-,-
,June,-,-,-,-
,July,0.00,0.00,01-JUL-00:15,22.28
,August,-,-,-,-
,September,-,-,-,-
,October,-,-,-,-
,November,-,-,-,-
,December,-,-,-,-
,,,,,
,Annual Sum or Average,0.00,,,
,Minimum of Months,0.00,0.00,,18.35
,Maximum of Months,0.00,0.00,,22.28


----------------------------------------------------------------------------------------------------
REPORT:,ZoneHeatingSummaryMonthly
FOR:,PERIMETER_TOP_ZN_2
Custom Monthly Report

,,ZONE AIR SYSTEM SENSIBLE HEATING ENERGY [J],ZONE AIR SYSTEM SENSIBLE HEATING RATE {Maximum} [W],ZONE AIR SYSTEM SENSIBLE HEATING RATE {TIMESTAMP},SITE OUTDOOR AIR DRYBULB TEMPERATURE {AT MAX/MIN} [C]
,January,0.00,0.00,01-JAN-00:15,18.35
,February,-,-,-,-
,March,-,-,-,-
,April,0.00,0.00,01-APR-00:15,21.75
,May,-,-,-,-
,June,-,-,-,-
,July,0.00,0.00,01-JUL-00:15,22.28
,August,-,-,-,-
,September,-,-,-,-
,October,-,-,-,-
,November,-,-,-,-
,December,-,-,-,-
,,,,,
,Annual Sum or Average,0.00,,,
,Minimum of Months,0.00,0.00,,18.35
,Maximum of Months,0.00,0.00,,22.28


----------------------------------------------------------------------------------------------------
REPORT:,ZoneHeatingSummaryMonthly
FOR:,PERIMETER_TOP_ZN_1
Custom Monthly Report

,,ZONE AIR SYSTEM SENSIBLE HEATING ENERGY [J],ZONE AIR SYSTEM SENSIBLE HEATING RATE {Maximum} [W],ZONE AIR SYSTEM SENSIBLE HEATING RATE {TIMESTAMP},SITE OUTDOOR AIR DRYBULB TEMPERATURE {AT MAX/MIN} [C]
,January,0.00,0.00,01-JAN-00:15,18.35
,February,-,-,-,-
,March,-,-,-,-
,April,0.00,0.00,01-APR-00:15,21.75
,May,-,-,-,-
,June,-,-,-,-
,July,0.00,0.00,01-JUL-00:15,22.28
,August,-,-,-,-
,September,-,-,-,-
,October,-,-,-,-
,November,-,-,-,-
,December,-,-,-,-
,,,,,
,Annual Sum or Average,0.00,,,
,Minimum of Months,0.00,0.00,,18.35
,Maximum of Months,0.00,0.00,,22.28


----------------------------------------------------------------------------------------------------
REPORT:,ZoneHeatingSummaryMonthly
FOR:,PERIMETER_TOP_ZN_4
Custom Monthly Report

,,ZONE AIR SYSTEM SENSIBLE HEATING ENERGY [J],ZONE AIR SYSTEM SENSIBLE HEATING RATE {Maximum} [W],ZONE AIR SYSTEM SENSIBLE HEATING RATE {TIMESTAMP},SITE OUTDOOR AIR DRYBULB TEMPERATURE {AT MAX/MIN} [C]
,January,0.00,0.00,01-JAN-00:15,18.35
,February,-,-,-,-
,March,-,-,-,-
,April,0.00,0.00,01-APR-00:15,21.75
,May,-,-,-,-
,June,-,-,-,-
,July,0.00,0.00,01-JUL-00:15,22.28
,August,-,-,-,-
,September,-,-,-,-
,October,-,-,-,-
,November,-,-,-,-
,December,-,-,-,-
,,,,,
,Annual Sum or Average,0.00,,,
,Minimum of Months,0.00,0.00,,18.35
,Maximum of Months,0.00,0.00,,22.28


----------------------------------------------------------------------------------------------------
REPORT:,ZoneHeatingSummaryMonthly
FOR:,PERIMETER_BOT_ZN_3
Custom Monthly Report

,,ZONE AIR SYSTEM SENSIBLE HEATING ENERGY [J],ZONE AIR SYSTEM SENSIBLE HEATING RATE {Maximum} [W],ZONE AIR SYSTEM SENSIBLE HEATING RATE {TIMESTAMP},SITE OUTDOOR AIR DRYBULB TEMPERATURE {AT MAX/MIN} [C]
,January,0.00,0.00,01-JAN-00:15,18.35
,February,-,-,-,-
,March,-,-,-,-
,April,0.00,0.00,01-APR-00:15,21.75
,May,-,-,-,-
,June,-,-,-,-
,July,0.00,0.00,01-JUL-00:15,22.28
,August,-,-,-,-
,September,-,-,-,-
,October,-,-,-,-
,November,-,-,-,-
,December,-,-,-,-
,,,,,
,Annual Sum or Average,0.00,,,
,Minimum of Months,0.00,0.00,,18.35
,Maximum of Months,0.00,0.00,,22.28


----------------------------------------------------------------------------------------------------
REPORT:,ZoneHeatingSummaryMonthly
FOR:,PERIMETER_BOT_ZN_2
Custom Monthly Report

,,ZONE AIR SYSTEM SENSIBLE HEATING ENERGY [J],ZONE AIR SYSTEM SENSIBLE HEATING RATE {Maximum} [W],ZONE AIR SYSTEM SENSIBLE HEATING RATE {TIMESTAMP},SITE OUTDOOR AIR DRYBULB TEMPERATURE {AT MAX/MIN} [C]
,January,0.00,0.00,01-JAN-00:15,18.35
,February,-,-,-,-
,March,-,-,-,-
,April,0.00,0.00,01-APR-00:15,21.75
,May,-,-,-,-
,June,-,-,-,-
,July,0.00,0.00,01-JUL-00:15,22.28
,August,-,-,-,-
,September,-,-,-,-
,October,-,-,-,-
,November,-,-,-,-
,December,-,-,-,-
,,,,,
,Annual Sum or Average,0.00,,,
,Minimum of Months,0.00,0.00,,18.35
,Maximum of Months,0.00,0.00,,22.28


----------------------------------------------------------------------------------------------------
REPORT:,ZoneHeatingSummaryMonthly
FOR:,PERIMETER_BOT_ZN_1
Custom Monthly Report

,,ZONE AIR SYSTEM SENSIBLE HEATING ENERGY [J],ZONE AIR SYSTEM SENSIBLE HEATING RATE {Maximum} [W],ZONE AIR SYSTEM SENSIBLE HEATING RATE {TIMESTAMP},SITE OUTDOOR AIR DRYBULB TEMPERATURE {AT MAX/MIN} [C]
,January,0.00,0.00,01-JAN-00:15,18.35
,February,-,-,-,-
,March,-,-,-,-
,April,0.00,0.00,01-APR-00:15,21.75
,May,-,-,-,-
,June,-,-,-,-
,July,0.00,0.00,01-JUL-00:15,22.28
,August,-,-,-,-
,September,-,-,-,-
,October,-,-,-,-
,November,-,-,-,-
,December,-,-,-,-
,,,,,
,Annual Sum or Average,0.00,,,
,Minimum of Months,0.00,0.00,,18.35
,Maximum of Months,0.00,0.00,,22.28


----------------------------------------------------------------------------------------------------
REPORT:,ZoneHeatingSummaryMonthly
FOR:,PERIMETER_BOT_ZN_4
Custom Monthly Report

,,ZONE AIR SYSTEM SENSIBLE HEATING ENERGY [J],ZONE AIR SYSTEM SENSIBLE HEATING RATE {Maximum} [W],ZONE AIR SYSTEM SENSIBLE HEATING RATE {TIMESTAMP},SITE OUTDOOR AIR DRYBULB TEMPERATURE {AT MAX/MIN} [C]
,January,0.00,0.00,01-JAN-00:15,18.35
,February,-,-,-,-
,March,-,-,-,-
,April,0.00,0.00,01-APR-00:15,21.75
,May,-,-,-,-
,June,-,-,-,-
,July,0.00,0.00,01-JUL-00:15,22.28
,August,-,-,-,-
,September,-,-,-,-
,October,-,-,-,-
,November,-,-,-,-
,December,-,-,-,-
,,,,,
,Annual Sum or Average,0.00,,,
,Minimum of Months,0.00,0.00,,18.35
,Maximum of Months,0.00,0.00,,22.28


----------------------------------------------------------------------------------------------------
REPORT:,ZoneHeatingSummaryMonthly
FOR:,PERIMETER_MID_ZN_3
Custom Monthly Report

,,ZONE AIR SYSTEM SENSIBLE HEATING ENERGY [J],ZONE AIR SYSTEM SENSIBLE HEATING RATE {Maximum} [W],ZONE AIR SYSTEM SENSIBLE HEATING RATE {TIMESTAMP},SITE OUTDOOR AIR DRYBULB TEMPERATURE {AT MAX/MIN} [C]
,January,0.00,0.00,01-JAN-00:15,18.35
,February,-,-,-,-
,March,-,-,-,-
,April,0.00,0.00,01-APR-00:15,21.75
,May,-,-,-,-
,June,-,-,-,-
,July,0.00,0.00,01-JUL-00:15,22.28
,August,-,-,-,-
,September,-,-,-,-
,October,-,-,-,-
,November,-,-,-,-
,December,-,-,-,-
,,,,,
,Annual Sum or Average,0.00,,,
,Minimum of Months,0.00,0.00,,18.35
,Maximum of Months,0.00,0.00,,22.28


----------------------------------------------------------------------------------------------------
REPORT:,ZoneHeatingSummaryMonthly
FOR:,PERIMETER_MID_ZN_2
Custom Monthly Report

,,ZONE AIR SYSTEM SENSIBLE HEATING ENERGY [J],ZONE AIR SYSTEM SENSIBLE HEATING RATE {Maximum} [W],ZONE AIR SYSTEM SENSIBLE HEATING RATE {TIMESTAMP},SITE OUTDOOR AIR DRYBULB TEMPERATURE {AT MAX/MIN} [C]
,January,0.00,0.00,01-JAN-00:15,18.35
,February,-,-,-,-
,March,-,-,-,-
,April,0.00,0.00,01-APR-00:15,21.75
,May,-,-,-,-
,June,-,-,-,-
,July,0.00,0.00,01-JUL-00:15,22.28
,August,-,-,-,-
,September,-,-,-,-
,October,-,-,-,-
,November,-,-,-,-
,December,-,-,-,-
,,,,,
,Annual Sum or Average,0.00,,,
,Minimum of Months,0.00,0.00,,18.35
,Maximum of Months,0.00,0.00,,22.28


----------------------------------------------------------------------------------------------------
REPORT:,ZoneHeatingSummaryMonthly
FOR:,PERIMETER_MID_ZN_1
Custom Monthly Report

,,ZONE AIR SYSTEM SENSIBLE HEATING ENERGY [J],ZONE AIR SYSTEM SENSIBLE HEATING RATE {Maximum} [W],ZONE AIR SYSTEM SENSIBLE HEATING RATE {TIMESTAMP},SITE OUTDOOR AIR DRYBULB TEMPERATURE {AT MAX/MIN} [C]
,January,0.00,0.00,01-JAN-00:15,18.35
,February,-,-,-,-
,March,-,-,-,-
,April,0.00,0.00,01-APR-00:15,21.75
,May,-,-,-,-
,June,-,-,-,-
,July,0.00,0.00,01-JUL-00:15,22.28
,August,-,-,-,-
,September,-,-,-,-
,October,-,-,-,-
,November,-,-,-,-
,December,-,-,-,-
,,,,,
,Annual Sum or Average,0.00,,,
,Minimum of Months,0.00,0.00,,18.35
,Maximum of Months,0.00,0.00,,22.28


----------------------------------------------------------------------------------------------------
REPORT:,ZoneHeatingSummaryMonthly
FOR:,PERIMETER_MID_ZN_4
Custom Monthly Report

,,ZONE AIR SYSTEM SENSIBLE HEATING ENERGY [J],ZONE AIR SYSTEM SENSIBLE HEATING RATE {Maximum} [W],ZONE AIR SYSTEM SENSIBLE HEATING RATE {TIMESTAMP},SITE OUTDOOR AIR DRYBULB TEMPERATURE {AT MAX/MIN} [C]
,January,0.00,0.00,01-JAN-00:15,18.35
,February,-,-,-,-
,March,-,-,-,-
,April,0.00,0.00,01-APR-00:15,21.75
,May,-,-,-,-
,June,-,-,-,-
,July,0.00,0.00,01-JUL-00:15,22.28
,August,-,-,-,-
,September,-,-,-,-
,October,-,-,-,-
,November,-,-,-,-
,December,-,-,-,-
,,,,,
,Annual Sum or Average,0.00,,,
,Minimum of Months,0.00,0.00,,18.35
,Maximum of Months,0.00,0.00,,22.28


----------------------------------------------------------------------------------------------------
REPORT:,ZoneElectricSummaryMonthly
FOR:,CORE_BOTTOM
Custom Monthly Report

,,ZONE LIGHTS ELECTRICITY ENERGY [J],ZONE LIGHTS ELECTRICITY ENERGY {Maximum} [W],ZONE LIGHTS ELECTRICITY ENERGY {TIMESTAMP},ZONE ELECTRIC EQUIPMENT ELECTRICITY ENERGY [J],ZONE ELECTRIC EQUIPMENT ELECTRICITY ENERGY {Maximum} [W],ZONE ELECTRIC EQUIPMENT ELECTRICITY ENERGY {TIMESTAMP}
,January,4.927420E+09,5258.41,02-JAN-08:30,2.345167E+10,29050.39,02-JAN-08:30
,February,-,-,-,-,-,-
,March,-,-,-,-,-,-
,April,4.905725E+09,5258.41,02-APR-07:30,2.327670E+10,29050.39,02-APR-07:30
,May,-,-,-,-,-,-
,June,-,-,-,-,-,-
,July,4.927534E+09,5258.41,02-JUL-07:30,2.345387E+10,29050.39,02-JUL-07:30
,August,-,-,-,-,-,-
,September,-,-,-,-,-,-
,October,-,-,-,-,-,-
,November,-,-,-,-,-,-
,December,-,-,-,-,-,-
,,,,,,,
,Annual Sum or Average,1.476068E+10,,,7.018224E+10,,
,Minimum of Months,4.905725E+09,5258.41,,2.327670E+10,29050.39,
,Maximum of Months,4.927534E+09,5258.41,,2.345387E+10,29050.39,


----------------------------------------------------------------------------------------------------
REPORT:,ZoneElectricSummaryMonthly
FOR:,CORE_MID
Custom Monthly Report

,,ZONE LIGHTS ELECTRICITY ENERGY [J],ZONE LIGHTS ELECTRICITY ENERGY {Maximum} [W],ZONE LIGHTS ELECTRICITY ENERGY {TIMESTAMP},ZONE ELECTRIC EQUIPMENT ELECTRICITY ENERGY [J],ZONE ELECTRIC EQUIPMENT ELECTRICITY ENERGY {Maximum} [W],ZONE ELECTRIC EQUIPMENT ELECTRICITY ENERGY {TIMESTAMP}
,January,4.927420E+09,5258.41,02-JAN-08:30,9.713029E+09,6808.32,02-JAN-08:30
,February,-,-,-,-,-,-
,March,-,-,-,-,-,-
,April,4.905725E+09,5258.41,02-APR-07:30,9.538065E+09,6808.32,02-APR-07:30
,May,-,-,-,-,-,-
,June,-,-,-,-,-,-
,July,4.927534E+09,5258.41,02-JUL-07:30,9.715227E+09,6808.32,02-JUL-07:30
,August,-,-,-,-,-,-
,September,-,-,-,-,-,-
,October,-,-,-,-,-,-
,November,-,-,-,-,-,-
,December,-,-,-,-,-,-
,,,,,,,
,Annual Sum or Average,1.476068E+10,,,2.896632E+10,,
,Minimum of Months,4.905725E+09,5258.41,,9.538065E+09,6808.32,
,Maximum of Months,4.927534E+09,5258.41,,9.715227E+09,6808.32,


----------------------------------------------------------------------------------------------------
REPORT:,ZoneElectricSummaryMonthly
FOR:,CORE_TOP
Custom Monthly Report

,,ZONE LIGHTS ELECTRICITY ENERGY [J],ZONE LIGHTS ELECTRICITY ENERGY {Maximum} [W],ZONE LIGHTS ELECTRICITY ENERGY {TIMESTAMP},ZONE ELECTRIC EQUIPMENT ELECTRICITY ENERGY [J],ZONE ELECTRIC EQUIPMENT ELECTRICITY ENERGY {Maximum} [W],ZONE ELECTRIC EQUIPMENT ELECTRICITY ENERGY {TIMESTAMP}
,January,4.927420E+09,5258.41,02-JAN-08:30,9.713029E+09,6808.32,02-JAN-08:30
,February,-,-,-,-,-,-
,March,-,-,-,-,-,-
,April,4.905725E+09,5258.41,02-APR-07:30,9.538065E+09,6808.32,02-APR-07:30
,May,-,-,-,-,-,-
,June,-,-,-,-,-,-
,July,4.927534E+09,5258.41,02-JUL-07:30,9.715227E+09,6808.32,02-JUL-07:30
,August,-,-,-,-,-,-
,September,-,-,-,-,-,-
,October,-,-,-,-,-,-
,November,-,-,-,-,-,-
,December,-,-,-,-,-,-
,,,,,,,
,Annual Sum or Average,1.476068E+10,,,2.896632E+10,,
,Minimum of Months,4.905725E+09,5258.41,,9.538065E+09,6808.32,
,Maximum of Months,4.927534E+09,5258.41,,9.715227E+09,6808.32,


----------------------------------------------------------------------------------------------------
REPORT:,ZoneElectricSummaryMonthly
FOR:,PERIMETER_TOP_ZN_3
Custom Monthly Report

,,ZONE LIGHTS ELECTRICITY ENERGY [J],ZONE LIGHTS ELECTRICITY ENERGY {Maximum} [W],ZONE LIGHTS ELECTRICITY ENERGY {TIMESTAMP},ZONE ELECTRIC EQUIPMENT ELECTRICITY ENERGY [J],ZONE ELECTRIC EQUIPMENT ELECTRICITY ENERGY {Maximum} [W],ZONE ELECTRIC EQUIPMENT ELECTRICITY ENERGY {TIMESTAMP}
,January,5.927378E+08,599.83,05-JAN-08:30,2.047582E+09,1435.25,02-JAN-08:30
,February,-,-,-,-,-,-
,March,-,-,-,-,-,-
,April,5.720536E+08,995.08,17-APR-15:15,2.010698E+09,1435.25,02-APR-07:30
,May,-,-,-,-,-,-
,June,-,-,-,-,-,-
,July,5.710824E+08,993.03,25-JUL-07:30,2.048045E+09,1435.25,02-JUL-07:30
,August,-,-,-,-,-,-
,September,-,-,-,-,-,-
,October,-,-,-,-,-,-
,November,-,-,-,-,-,-
,December,-,-,-,-,-,-
,,,,,,,
,Annual Sum or Average,1.735874E+09,,,6.106324E+09,,
,Minimum of Months,5.710824E+08,599.83,,2.010698E+09,1435.25,
,Maximum of Months,5.927378E+08,995.08,,2.048045E+09,1435.25,


----------------------------------------------------------------------------------------------------
REPORT:,ZoneElectricSummaryMonthly
FOR:,PERIMETER_TOP_ZN_2
Custom Monthly Report

,,ZONE LIGHTS ELECTRICITY ENERGY [J],ZONE LIGHTS ELECTRICITY ENERGY {Maximum} [W],ZONE LIGHTS ELECTRICITY ENERGY {TIMESTAMP},ZONE ELECTRIC EQUIPMENT ELECTRICITY ENERGY [J],ZONE ELECTRIC EQUIPMENT ELECTRICITY ENERGY {Maximum} [W],ZONE ELECTRIC EQUIPMENT ELECTRICITY ENERGY {TIMESTAMP}
,January,3.745949E+08,375.37,12-JAN-16:15,1.296208E+09,908.57,02-JAN-08:30
,February,-,-,-,-,-,-
,March,-,-,-,-,-,-
,April,3.611154E+08,629.15,17-APR-15:15,1.272859E+09,908.57,02-APR-07:30
,May,-,-,-,-,-,-
,June,-,-,-,-,-,-
,July,3.614987E+08,620.86,25-JUL-07:30,1.296501E+09,908.57,02-JUL-07:30
,August,-,-,-,-,-,-
,September,-,-,-,-,-,-
,October,-,-,-,-,-,-
,November,-,-,-,-,-,-
,December,-,-,-,-,-,-
,,,,,,,
,Annual Sum or Average,1.097209E+09,,,3.865569E+09,,
,Minimum of Months,3.611154E+08,375.37,,1.272859E+09,908.57,
,Maximum of Months,3.745949E+08,629.15,,1.296501E+09,908.57,


----------------------------------------------------------------------------------------------------
REPORT:,ZoneElectricSummaryMonthly
FOR:,PERIMETER_TOP_ZN_1
Custom Monthly Report

,,ZONE LIGHTS ELECTRICITY ENERGY [J],ZONE LIGHTS ELECTRICITY ENERGY {Maximum} [W],ZONE LIGHTS ELECTRICITY ENERGY {TIMESTAMP},ZONE ELECTRIC EQUIPMENT ELECTRICITY ENERGY [J],ZONE ELECTRIC EQUIPMENT ELECTRICITY ENERGY {Maximum} [W],ZONE ELECTRIC EQUIPMENT ELECTRICITY ENERGY {TIMESTAMP}
,January,5.882963E+08,528.76,02-JAN-08:30,2.047568E+09,1435.24,02-JAN-08:30
,February,-,-,-,-,-,-
,March,-,-,-,-,-,-
,April,5.737514E+08,995.08,17-APR-15:15,2.010685E+09,1435.24,02-APR-07:30
,May,-,-,-,-,-,-
,June,-,-,-,-,-,-
,July,5.761450E+08,1000.50,25-JUL-07:30,2.048031E+09,1435.24,02-JUL-07:30
,August,-,-,-,-,-,-
,September,-,-,-,-,-,-
,October,-,-,-,-,-,-
,November,-,-,-,-,-,-
,December,-,-,-,-,-,-
,,,,,,,
,Annual Sum or Average,1.738193E+09,,,6.106284E+09,,
,Minimum of Months,5.737514E+08,528.76,,2.010685E+09,1435.24,
,Maximum of Months,5.882963E+08,1000.50,,2.048031E+09,1435.24,


----------------------------------------------------------------------------------------------------
REPORT:,ZoneElectricSummaryMonthly
FOR:,PERIMETER_TOP_ZN_4
Custom Monthly Report

,,ZONE LIGHTS ELECTRICITY ENERGY [J],ZONE LIGHTS ELECTRICITY ENERGY {Maximum} [W],ZONE LIGHTS ELECTRICITY ENERGY {TIMESTAMP},ZONE ELECTRIC EQUIPMENT ELECTRICITY ENERGY [J],ZONE ELECTRIC EQUIPMENT ELECTRICITY ENERGY {Maximum} [W],ZONE ELECTRIC EQUIPMENT ELECTRICITY ENERGY {TIMESTAMP}
,January,3.739178E+08,388.98,05-JAN-08:30,1.296200E+09,908.57,02-JAN-08:30
,February,-,-,-,-,-,-
,March,-,-,-,-,-,-
,April,3.649149E+08,629.11,17-APR-15:15,1.272851E+09,908.57,02-APR-07:30
,May,-,-,-,-,-,-
,June,-,-,-,-,-,-
,July,3.658619E+08,635.67,25-JUL-07:30,1.296493E+09,908.57,02-JUL-07:30
,August,-,-,-,-,-,-
,September,-,-,-,-,-,-
,October,-,-,-,-,-,-
,November,-,-,-,-,-,-
,December,-,-,-,-,-,-
,,,,,,,
,Annual Sum or Average,1.104695E+09,,,3.865543E+09,,
,Minimum of Months,3.649149E+08,388.98,,1.272851E+09,908.57,
,Maximum of Months,3.739178E+08,635.67,,1.296493E+09,908.57,


----------------------------------------------------------------------------------------------------
REPORT:,ZoneElectricSummaryMonthly
FOR:,PERIMETER_BOT_ZN_3
Custom Monthly Report

,,ZONE LIGHTS ELECTRICITY ENERGY [J],ZONE LIGHTS ELECTRICITY ENERGY {Maximum} [W],ZONE LIGHTS ELECTRICITY ENERGY {TIMESTAMP},ZONE ELECTRIC EQUIPMENT ELECTRICITY ENERGY [J],ZONE ELECTRIC EQUIPMENT ELECTRICITY ENERGY {Maximum} [W],ZONE ELECTRIC EQUIPMENT ELECTRICITY ENERGY {TIMESTAMP}
,January,5.921912E+08,596.22,05-JAN-08:30,2.047582E+09,1435.25,02-JAN-08:30
,February,-,-,-,-,-,-
,March,-,-,-,-,-,-
,April,5.717535E+08,990.82,17-APR-15:15,2.010698E+09,1435.25,02-APR-07:30
,May,-,-,-,-,-,-
,June,-,-,-,-,-,-
,July,5.706343E+08,988.58,25-JUL-07:30,2.048045E+09,1435.25,02-JUL-07:30
,August,-,-,-,-,-,-
,September,-,-,-,-,-,-
,October,-,-,-,-,-,-
,November,-,-,-,-,-,-
,December,-,-,-,-,-,-
,,,,,,,
,Annual Sum or Average,1.734579E+09,,,6.106324E+09,,
,Minimum of Months,5.706343E+08,596.22,,2.010698E+09,1435.25,
,Maximum of Months,5.921912E+08,990.82,,2.048045E+09,1435.25,


----------------------------------------------------------------------------------------------------
REPORT:,ZoneElectricSummaryMonthly
FOR:,PERIMETER_BOT_ZN_2
Custom Monthly Report

,,ZONE LIGHTS ELECTRICITY ENERGY [J],ZONE LIGHTS ELECTRICITY ENERGY {Maximum} [W],ZONE LIGHTS ELECTRICITY ENERGY {TIMESTAMP},ZONE ELECTRIC EQUIPMENT ELECTRICITY ENERGY [J],ZONE ELECTRIC EQUIPMENT ELECTRICITY ENERGY {Maximum} [W],ZONE ELECTRIC EQUIPMENT ELECTRICITY ENERGY {TIMESTAMP}
,January,3.743725E+08,372.98,12-JAN-16:15,1.296208E+09,908.57,02-JAN-08:30
,February,-,-,-,-,-,-
,March,-,-,-,-,-,-
,April,3.610106E+08,626.94,17-APR-15:15,1.272859E+09,908.57,02-APR-07:30
,May,-,-,-,-,-,-
,June,-,-,-,-,-,-
,July,3.613563E+08,618.31,25-JUL-07:30,1.296501E+09,908.57,02-JUL-07:30
,August,-,-,-,-,-,-
,September,-,-,-,-,-,-
,October,-,-,-,-,-,-
,November,-,-,-,-,-,-
,December,-,-,-,-,-,-
,,,,,,,
,Annual Sum or Average,1.096739E+09,,,3.865569E+09,,
,Minimum of Months,3.610106E+08,372.98,,1.272859E+09,908.57,
,Maximum of Months,3.743725E+08,626.94,,1.296501E+09,908.57,


----------------------------------------------------------------------------------------------------
REPORT:,ZoneElectricSummaryMonthly
FOR:,PERIMETER_BOT_ZN_1
Custom Monthly Report

,,ZONE LIGHTS ELECTRICITY ENERGY [J],ZONE LIGHTS ELECTRICITY ENERGY {Maximum} [W],ZONE LIGHTS ELECTRICITY ENERGY {TIMESTAMP},ZONE ELECTRIC EQUIPMENT ELECTRICITY ENERGY [J],ZONE ELECTRIC EQUIPMENT ELECTRICITY ENERGY {Maximum} [W],ZONE ELECTRIC EQUIPMENT ELECTRICITY ENERGY {TIMESTAMP}
,January,5.880630E+08,528.76,02-JAN-08:30,2.047568E+09,1435.24,02-JAN-08:30
,February,-,-,-,-,-,-
,March,-,-,-,-,-,-
,April,5.731750E+08,990.82,17-APR-15:15,2.010685E+09,1435.24,02-APR-07:30
,May,-,-,-,-,-,-
,June,-,-,-,-,-,-
,July,5.755614E+08,996.39,25-JUL-07:30,2.048031E+09,1435.24,02-JUL-07:30
,August,-,-,-,-,-,-
,September,-,-,-,-,-,-
,October,-,-,-,-,-,-
,November,-,-,-,-,-,-
,December,-,-,-,-,-,-
,,,,,,,
,Annual Sum or Average,1.736799E+09,,,6.106284E+09,,
,Minimum of Months,5.731750E+08,528.76,,2.010685E+09,1435.24,
,Maximum of Months,5.880630E+08,996.39,,2.048031E+09,1435.24,


----------------------------------------------------------------------------------------------------
REPORT:,ZoneElectricSummaryMonthly
FOR:,PERIMETER_BOT_ZN_4
Custom Monthly Report

,,ZONE LIGHTS ELECTRICITY ENERGY [J],ZONE LIGHTS ELECTRICITY ENERGY {Maximum} [W],ZONE LIGHTS ELECTRICITY ENERGY {TIMESTAMP},ZONE ELECTRIC EQUIPMENT ELECTRICITY ENERGY [J],ZONE ELECTRIC EQUIPMENT ELECTRICITY ENERGY {Maximum} [W],ZONE ELECTRIC EQUIPMENT ELECTRICITY ENERGY {TIMESTAMP}
,January,3.737167E+08,387.37,05-JAN-08:30,1.296200E+09,908.57,02-JAN-08:30
,February,-,-,-,-,-,-
,March,-,-,-,-,-,-
,April,3.645933E+08,626.90,17-APR-15:15,1.272851E+09,908.57,02-APR-07:30
,May,-,-,-,-,-,-
,June,-,-,-,-,-,-
,July,3.652259E+08,633.66,25-JUL-07:30,1.296493E+09,908.57,02-JUL-07:30
,August,-,-,-,-,-,-
,September,-,-,-,-,-,-
,October,-,-,-,-,-,-
,November,-,-,-,-,-,-
,December,-,-,-,-,-,-
,,,,,,,
,Annual Sum or Average,1.103536E+09,,,3.865543E+09,,
,Minimum of Months,3.645933E+08,387.37,,1.272851E+09,908.57,
,Maximum of Months,3.737167E+08,633.66,,1.296493E+09,908.57,


----------------------------------------------------------------------------------------------------
REPORT:,ZoneElectricSummaryMonthly
FOR:,PERIMETER_MID_ZN_3
Custom Monthly Report

,,ZONE LIGHTS ELECTRICITY ENERGY [J],ZONE LIGHTS ELECTRICITY ENERGY {Maximum} [W],ZONE LIGHTS ELECTRICITY ENERGY {TIMESTAMP},ZONE ELECTRIC EQUIPMENT ELECTRICITY ENERGY [J],ZONE ELECTRIC EQUIPMENT ELECTRICITY ENERGY {Maximum} [W],ZONE ELECTRIC EQUIPMENT ELECTRICITY ENERGY {TIMESTAMP}
,January,5.927372E+08,599.82,05-JAN-08:30,2.047582E+09,1435.25,02-JAN-08:30
,February,-,-,-,-,-,-
,March,-,-,-,-,-,-
,April,5.720532E+08,995.07,17-APR-15:15,2.010698E+09,1435.25,02-APR-07:30
,May,-,-,-,-,-,-
,June,-,-,-,-,-,-
,July,5.710819E+08,993.01,25-JUL-07:30,2.048045E+09,1435.25,02-JUL-07:30
,August,-,-,-,-,-,-
,September,-,-,-,-,-,-
,October,-,-,-,-,-,-
,November,-,-,-,-,-,-
,December,-,-,-,-,-,-
,,,,,,,
,Annual Sum or Average,1.735872E+09,,,6.106324E+09,,
,Minimum of Months,5.710819E+08,599.82,,2.010698E+09,1435.25,
,Maximum of Months,5.927372E+08,995.07,,2.048045E+09,1435.25,


----------------------------------------------------------------------------------------------------
REPORT:,ZoneElectricSummaryMonthly
FOR:,PERIMETER_MID_ZN_2
Custom Monthly Report

,,ZONE LIGHTS ELECTRICITY ENERGY [J],ZONE LIGHTS ELECTRICITY ENERGY {Maximum} [W],ZONE LIGHTS ELECTRICITY ENERGY {TIMESTAMP},ZONE ELECTRIC EQUIPMENT ELECTRICITY ENERGY [J],ZONE ELECTRIC EQUIPMENT ELECTRICITY ENERGY {Maximum} [W],ZONE ELECTRIC EQUIPMENT ELECTRICITY ENERGY {TIMESTAMP}
,January,3.745945E+08,375.36,12-JAN-16:15,1.296208E+09,908.57,02-JAN-08:30
,February,-,-,-,-,-,-
,March,-,-,-,-,-,-
,April,3.611152E+08,629.15,17-APR-15:15,1.272859E+09,908.57,02-APR-07:30
,May,-,-,-,-,-,-
,June,-,-,-,-,-,-
,July,3.614985E+08,620.85,25-JUL-07:30,1.296501E+09,908.57,02-JUL-07:30
,August,-,-,-,-,-,-
,September,-,-,-,-,-,-
,October,-,-,-,-,-,-
,November,-,-,-,-,-,-
,December,-,-,-,-,-,-
,,,,,,,
,Annual Sum or Average,1.097208E+09,,,3.865569E+09,,
,Minimum of Months,3.611152E+08,375.36,,1.272859E+09,908.57,
,Maximum of Months,3.745945E+08,629.15,,1.296501E+09,908.57,


----------------------------------------------------------------------------------------------------
REPORT:,ZoneElectricSummaryMonthly
FOR:,PERIMETER_MID_ZN_1
Custom Monthly Report

,,ZONE LIGHTS ELECTRICITY ENERGY [J],ZONE LIGHTS ELECTRICITY ENERGY {Maximum} [W],ZONE LIGHTS ELECTRICITY ENERGY {TIMESTAMP},ZONE ELECTRIC EQUIPMENT ELECTRICITY ENERGY [J],ZONE ELECTRIC EQUIPMENT ELECTRICITY ENERGY {Maximum} [W],ZONE ELECTRIC EQUIPMENT ELECTRICITY ENERGY {TIMESTAMP}
,January,5.882960E+08,528.76,02-JAN-08:30,2.047568E+09,1435.24,02-JAN-08:30
,February,-,-,-,-,-,-
,March,-,-,-,-,-,-
,April,5.737509E+08,995.07,17-APR-15:15,2.010685E+09,1435.24,02-APR-07:30
,May,-,-,-,-,-,-
,June,-,-,-,-,-,-
,July,5.761441E+08,1000.49,25-JUL-07:30,2.048031E+09,1435.24,02-JUL-07:30
,August,-,-,-,-,-,-
,September,-,-,-,-,-,-
,October,-,-,-,-,-,-
,November,-,-,-,-,-,-
,December,-,-,-,-,-,-
,,,,,,,
,Annual Sum or Average,1.738191E+09,,,6.106284E+09,,
,Minimum of Months,5.737509E+08,528.76,,2.010685E+09,1435.24,
,Maximum of Months,5.882960E+08,1000.49,,2.048031E+09,1435.24,


----------------------------------------------------------------------------------------------------
REPORT:,ZoneElectricSummaryMonthly
FOR:,PERIMETER_MID_ZN_4
Custom Monthly Report

,,ZONE LIGHTS ELECTRICITY ENERGY [J],ZONE LIGHTS ELECTRICITY ENERGY {Maximum} [W],ZONE LIGHTS ELECTRICITY ENERGY {TIMESTAMP},ZONE ELECTRIC EQUIPMENT ELECTRICITY ENERGY [J],ZONE ELECTRIC EQUIPMENT ELECTRICITY ENERGY {Maximum} [W],ZONE ELECTRIC EQUIPMENT ELECTRICITY ENERGY {TIMESTAMP}
,January,3.739176E+08,388.97,05-JAN-08:30,1.296200E+09,908.57,02-JAN-08:30
,February,-,-,-,-,-,-
,March,-,-,-,-,-,-
,April,3.649146E+08,629.11,17-APR-15:15,1.272851E+09,908.57,02-APR-07:30
,May,-,-,-,-,-,-
,June,-,-,-,-,-,-
,July,3.658613E+08,635.67,25-JUL-07:30,1.296493E+09,908.57,02-JUL-07:30
,August,-,-,-,-,-,-
,September,-,-,-,-,-,-
,October,-,-,-,-,-,-
,November,-,-,-,-,-,-
,December,-,-,-,-,-,-
,,,,,,,
,Annual Sum or Average,1.104693E+09,,,3.865543E+09,,
,Minimum of Months,3.649146E+08,388.97,,1.272851E+09,908.57,
,Maximum of Months,3.739176E+08,635.67,,1.296493E+09,908.57,


----------------------------------------------------------------------------------------------------
REPORT:,SpaceGainsMonthly
FOR:,CORE_BOTTOM
Custom Monthly Report

,,ZONE PEOPLE TOTAL HEATING ENERGY [J],ZONE LIGHTS TOTAL HEATING ENERGY [J],ZONE ELECTRIC EQUIPMENT TOTAL HEATING ENERGY [J],ZONE GAS EQUIPMENT TOTAL HEATING ENERGY [],ZONE HOT WATER EQUIPMENT TOTAL HEATING ENERGY [],ZONE STEAM EQUIPMENT TOTAL HEATING ENERGY [],ZONE OTHER EQUIPMENT TOTAL HEATING ENERGY [],ZONE INFILTRATION SENSIBLE HEAT GAIN ENERGY [],ZONE INFILTRATION SENSIBLE HEAT LOSS ENERGY []
,January,4.716097E+09,4.927420E+09,2.345167E+10,0.00,0.00,0.00,0.00,0.00,0.00
,February,-,-,-,-,-,-,-,-,-
,March,-,-,-,-,-,-,-,-,-
,April,4.702376E+09,4.905725E+09,2.327670E+10,0.00,0.00,0.00,0.00,0.00,0.00
,May,-,-,-,-,-,-,-,-,-
,June,-,-,-,-,-,-,-,-,-
,July,4.716097E+09,4.927534E+09,2.345387E+10,0.00,0.00,0.00,0.00,0.00,0.00
,August,-,-,-,-,-,-,-,-,-
,September,-,-,-,-,-,-,-,-,-
,October,-,-,-,-,-,-,-,-,-
,November,-,-,-,-,-,-,-,-,-
,December,-,-,-,-,-,-,-,-,-
,,,,,,,,,,
,Annual Sum or Average,1.413457E+10,1.476068E+10,7.018224E+10,0.00,0.00,0.00,0.00,0.00,0.00
,Minimum of Months,4.702376E+09,4.905725E+09,2.327670E+10,0.00,0.00,0.00,0.00,0.00,0.00
,Maximum of Months,4.716097E+09,4.927534E+09,2.345387E+10,0.00,0.00,0.00,0.00,0.00,0.00


----------------------------------------------------------------------------------------------------
REPORT:,SpaceGainsMonthly
FOR:,CORE_MID
Custom Monthly Report

,,ZONE PEOPLE TOTAL HEATING ENERGY [J],ZONE LIGHTS TOTAL HEATING ENERGY [J],ZONE ELECTRIC EQUIPMENT TOTAL HEATING ENERGY [J],ZONE GAS EQUIPMENT TOTAL HEATING ENERGY [],ZONE HOT WATER EQUIPMENT TOTAL HEATING ENERGY [],ZONE STEAM EQUIPMENT TOTAL HEATING ENERGY [],ZONE OTHER EQUIPMENT TOTAL HEATING ENERGY [],ZONE INFILTRATION SENSIBLE HEAT GAIN ENERGY [],ZONE INFILTRATION SENSIBLE HEAT LOSS ENERGY []
,January,4.716097E+09,4.927420E+09,9.713029E+09,0.00,0.00,0.00,0.00,0.00,0.00
,February,-,-,-,-,-,-,-,-,-
,March,-,-,-,-,-,-,-,-,-
,April,4.702376E+09,4.905725E+09,9.538065E+09,0.00,0.00,0.00,0.00,0.00,0.00
,May,-,-,-,-,-,-,-,-,-
,June,-,-,-,-,-,-,-,-,-
,July,4.716097E+09,4.927534E+09,9.715227E+09,0.00,0.00,0.00,0.00,0.00,0.00
,August,-,-,-,-,-,-,-,-,-
,September,-,-,-,-,-,-,-,-,-
,October,-,-,-,-,-,-,-,-,-
,November,-,-,-,-,-,-,-,-,-
,December,-,-,-,-,-,-,-,-,-
,,,,,,,,,,
,Annual Sum or Average,1.413457E+10,1.476068E+10,2.896632E+10,0.00,0.00,0.00,0.00,0.00,0.00
,Minimum of Months,4.702376E+09,4.905725E+09,9.538065E+09,0.00,0.00,0.00,0.00,0.00,0.00
,Maximum of Months,4.716097E+09,4.927534E+09,9.715227E+09,0.00,0.00,0.00,0.00,0.00,0.00


----------------------------------------------------------------------------------------------------
REPORT:,SpaceGainsMonthly
FOR:,CORE_TOP
Custom Monthly Report

,,ZONE PEOPLE TOTAL HEATING ENERGY [J],ZONE LIGHTS TOTAL HEATING ENERGY [J],ZONE ELECTRIC EQUIPMENT TOTAL HEATING ENERGY [J],ZONE GAS EQUIPMENT TOTAL HEATING ENERGY [],ZONE HOT WATER EQUIPMENT TOTAL HEATING ENERGY [],ZONE STEAM EQUIPMENT TOTAL HEATING ENERGY [],ZONE OTHER EQUIPMENT TOTAL HEATING ENERGY [],ZONE INFILTRATION SENSIBLE HEAT GAIN ENERGY [],ZONE INFILTRATION SENSIBLE HEAT LOSS ENERGY []
,January,4.716097E+09,4.927420E+09,9.713029E+09,0.00,0.00,0.00,0.00,0.00,0.00
,February,-,-,-,-,-,-,-,-,-
,March,-,-,-,-,-,-,-,-,-
,April,4.702376E+09,4.905725E+09,9.538065E+09,0.00,0.00,0.00,0.00,0.00,0.00
,May,-,-,-,-,-,-,-,-,-
,June,-,-,-,-,-,-,-,-,-
,July,4.716097E+09,4.927534E+09,9.715227E+09,0.00,0.00,0.00,0.00,0.00,0.00
,August,-,-,-,-,-,-,-,-,-
,September,-,-,-,-,-,-,-,-,-
,October,-,-,-,-,-,-,-,-,-
,November,-,-,-,-,-,-,-,-,-
,December,-,-,-,-,-,-,-,-,-
,,,,,,,,,,
,Annual Sum or Average,1.413457E+10,1.476068E+10,2.896632E+10,0.00,0.00,0.00,0.00,0.00,0.00
,Minimum of Months,4.702376E+09,4.905725E+09,9.538065E+09,0.00,0.00,0.00,0.00,0.00,0.00
,Maximum of Months,4.716097E+09,4.927534E+09,9.715227E+09,0.00,0.00,0.00,0.00,0.00,0.00


----------------------------------------------------------------------------------------------------
REPORT:,SpaceGainsMonthly
FOR:,PERIMETER_TOP_ZN_3
Custom Monthly Report

,,ZONE PEOPLE TOTAL HEATING ENERGY [J],ZONE LIGHTS TOTAL HEATING ENERGY [J],ZONE ELECTRIC EQUIPMENT TOTAL HEATING ENERGY [J],ZONE GAS EQUIPMENT TOTAL HEATING ENERGY [],ZONE HOT WATER EQUIPMENT TOTAL HEATING ENERGY [],ZONE STEAM EQUIPMENT TOTAL HEATING ENERGY [],ZONE OTHER EQUIPMENT TOTAL HEATING ENERGY [],ZONE INFILTRATION SENSIBLE HEAT GAIN ENERGY [J],ZONE INFILTRATION SENSIBLE HEAT LOSS ENERGY [J]
,January,9.941947E+08,5.927378E+08,2.047582E+09,0.00,0.00,0.00,0.00,7247745.13,1.745268E+08
,February,-,-,-,-,-,-,-,-,-
,March,-,-,-,-,-,-,-,-,-
,April,9.913020E+08,5.720536E+08,2.010698E+09,0.00,0.00,0.00,0.00,31882356.92,15610988.80
,May,-,-,-,-,-,-,-,-,-
,June,-,-,-,-,-,-,-,-,-
,July,9.941947E+08,5.710824E+08,2.048045E+09,0.00,0.00,0.00,0.00,16988246.32,1.309293E+08
,August,-,-,-,-,-,-,-,-,-
,September,-,-,-,-,-,-,-,-,-
,October,-,-,-,-,-,-,-,-,-
,November,-,-,-,-,-,-,-,-,-
,December,-,-,-,-,-,-,-,-,-
,,,,,,,,,,
,Annual Sum or Average,2.979691E+09,1.735874E+09,6.106324E+09,0.00,0.00,0.00,0.00,56118348.36,3.210672E+08
,Minimum of Months,9.913020E+08,5.710824E+08,2.010698E+09,0.00,0.00,0.00,0.00,7247745.13,15610988.80
,Maximum of Months,9.941947E+08,5.927378E+08,2.048045E+09,0.00,0.00,0.00,0.00,31882356.92,1.745268E+08


----------------------------------------------------------------------------------------------------
REPORT:,SpaceGainsMonthly
FOR:,PERIMETER_TOP_ZN_2
Custom Monthly Report

,,ZONE PEOPLE TOTAL HEATING ENERGY [J],ZONE LIGHTS TOTAL HEATING ENERGY [J],ZONE ELECTRIC EQUIPMENT TOTAL HEATING ENERGY [J],ZONE GAS EQUIPMENT TOTAL HEATING ENERGY [],ZONE HOT WATER EQUIPMENT TOTAL HEATING ENERGY [],ZONE STEAM EQUIPMENT TOTAL HEATING ENERGY [],ZONE OTHER EQUIPMENT TOTAL HEATING ENERGY [],ZONE INFILTRATION SENSIBLE HEAT GAIN ENERGY [J],ZONE INFILTRATION SENSIBLE HEAT LOSS ENERGY [J]
,January,6.294075E+08,3.745949E+08,1.296208E+09,0.00,0.00,0.00,0.00,4452327.57,1.237434E+08
,February,-,-,-,-,-,-,-,-,-
,March,-,-,-,-,-,-,-,-,-
,April,6.275762E+08,3.611154E+08,1.272859E+09,0.00,0.00,0.00,0.00,20271556.30,11185266.22
,May,-,-,-,-,-,-,-,-,-
,June,-,-,-,-,-,-,-,-,-
,July,6.294075E+08,3.614987E+08,1.296501E+09,0.00,0.00,0.00,0.00,11281263.53,88460503.96
,August,-,-,-,-,-,-,-,-,-
,September,-,-,-,-,-,-,-,-,-
,October,-,-,-,-,-,-,-,-,-
,November,-,-,-,-,-,-,-,-,-
,December,-,-,-,-,-,-,-,-,-
,,,,,,,,,,
,Annual Sum or Average,1.886391E+09,1.097209E+09,3.865569E+09,0.00,0.00,0.00,0.00,36005147.39,2.233892E+08
,Minimum of Months,6.275762E+08,3.611154E+08,1.272859E+09,0.00,0.00,0.00,0.00,4452327.57,11185266.22
,Maximum of Months,6.294075E+08,3.745949E+08,1.296501E+09,0.00,0.00,0.00,0.00,20271556.30,1.237434E+08


----------------------------------------------------------------------------------------------------
REPORT:,SpaceGainsMonthly
FOR:,PERIMETER_TOP_ZN_1
Custom Monthly Report

,,ZONE PEOPLE TOTAL HEATING ENERGY [J],ZONE LIGHTS TOTAL HEATING ENERGY [J],ZONE ELECTRIC EQUIPMENT TOTAL HEATING ENERGY [J],ZONE GAS EQUIPMENT TOTAL HEATING ENERGY [],ZONE HOT WATER EQUIPMENT TOTAL HEATING ENERGY [],ZONE STEAM EQUIPMENT TOTAL HEATING ENERGY [],ZONE OTHER EQUIPMENT TOTAL HEATING ENERGY [],ZONE INFILTRATION SENSIBLE HEAT GAIN ENERGY [J],ZONE INFILTRATION SENSIBLE HEAT LOSS ENERGY [J]
,January,9.941947E+08,5.882963E+08,2.047568E+09,0.00,0.00,0.00,0.00,3956301.97,1.941937E+08
,February,-,-,-,-,-,-,-,-,-
,March,-,-,-,-,-,-,-,-,-
,April,9.913020E+08,5.737514E+08,2.010685E+09,0.00,0.00,0.00,0.00,31509483.19,15922732.95
,May,-,-,-,-,-,-,-,-,-
,June,-,-,-,-,-,-,-,-,-
,July,9.941947E+08,5.761450E+08,2.048031E+09,0.00,0.00,0.00,0.00,17345423.74,1.277573E+08
,August,-,-,-,-,-,-,-,-,-
,September,-,-,-,-,-,-,-,-,-
,October,-,-,-,-,-,-,-,-,-
,November,-,-,-,-,-,-,-,-,-
,December,-,-,-,-,-,-,-,-,-
,,,,,,,,,,
,Annual Sum or Average,2.979691E+09,1.738193E+09,6.106284E+09,0.00,0.00,0.00,0.00,52811208.91,3.378737E+08
,Minimum of Months,9.913020E+08,5.737514E+08,2.010685E+09,0.00,0.00,0.00,0.00,3956301.97,15922732.95
,Maximum of Months,9.941947E+08,5.882963E+08,2.048031E+09,0.00,0.00,0.00,0.00,31509483.19,1.941937E+08


----------------------------------------------------------------------------------------------------
REPORT:,SpaceGainsMonthly
FOR:,PERIMETER_TOP_ZN_4
Custom Monthly Report

,,ZONE PEOPLE TOTAL HEATING ENERGY [J],ZONE LIGHTS TOTAL HEATING ENERGY [J],ZONE ELECTRIC EQUIPMENT TOTAL HEATING ENERGY [J],ZONE GAS EQUIPMENT TOTAL HEATING ENERGY [],ZONE HOT WATER EQUIPMENT TOTAL HEATING ENERGY [],ZONE STEAM EQUIPMENT TOTAL HEATING ENERGY [],ZONE OTHER EQUIPMENT TOTAL HEATING ENERGY [],ZONE INFILTRATION SENSIBLE HEAT GAIN ENERGY [J],ZONE INFILTRATION SENSIBLE HEAT LOSS ENERGY [J]
,January,6.293662E+08,3.739178E+08,1.296200E+09,0.00,0.00,0.00,0.00,4501922.22,1.229306E+08
,February,-,-,-,-,-,-,-,-,-
,March,-,-,-,-,-,-,-,-,-
,April,6.275350E+08,3.649149E+08,1.272851E+09,0.00,0.00,0.00,0.00,20266864.05,11874508.85
,May,-,-,-,-,-,-,-,-,-
,June,-,-,-,-,-,-,-,-,-
,July,6.293662E+08,3.658619E+08,1.296493E+09,0.00,0.00,0.00,0.00,11260470.49,90153338.10
,August,-,-,-,-,-,-,-,-,-
,September,-,-,-,-,-,-,-,-,-
,October,-,-,-,-,-,-,-,-,-
,November,-,-,-,-,-,-,-,-,-
,December,-,-,-,-,-,-,-,-,-
,,,,,,,,,,
,Annual Sum or Average,1.886267E+09,1.104695E+09,3.865543E+09,0.00,0.00,0.00,0.00,36029256.76,2.249584E+08
,Minimum of Months,6.275350E+08,3.649149E+08,1.272851E+09,0.00,0.00,0.00,0.00,4501922.22,11874508.85
,Maximum of Months,6.293662E+08,3.739178E+08,1.296493E+09,0.00,0.00,0.00,0.00,20266864.05,1.229306E+08


----------------------------------------------------------------------------------------------------
REPORT:,SpaceGainsMonthly
FOR:,PERIMETER_BOT_ZN_3
Custom Monthly Report

,,ZONE PEOPLE TOTAL HEATING ENERGY [J],ZONE LIGHTS TOTAL HEATING ENERGY [J],ZONE ELECTRIC EQUIPMENT TOTAL HEATING ENERGY [J],ZONE GAS EQUIPMENT TOTAL HEATING ENERGY [],ZONE HOT WATER EQUIPMENT TOTAL HEATING ENERGY [],ZONE STEAM EQUIPMENT TOTAL HEATING ENERGY [],ZONE OTHER EQUIPMENT TOTAL HEATING ENERGY [],ZONE INFILTRATION SENSIBLE HEAT GAIN ENERGY [J],ZONE INFILTRATION SENSIBLE HEAT LOSS ENERGY [J]
,January,9.941947E+08,5.921912E+08,2.047582E+09,0.00,0.00,0.00,0.00,5293038.07,88766428.22
,February,-,-,-,-,-,-,-,-,-
,March,-,-,-,-,-,-,-,-,-
,April,9.913020E+08,5.717535E+08,2.010698E+09,0.00,0.00,0.00,0.00,19378021.15,6519787.12
,May,-,-,-,-,-,-,-,-,-
,June,-,-,-,-,-,-,-,-,-
,July,9.941947E+08,5.706343E+08,2.048045E+09,0.00,0.00,0.00,0.00,10257613.36,66674352.54
,August,-,-,-,-,-,-,-,-,-
,September,-,-,-,-,-,-,-,-,-
,October,-,-,-,-,-,-,-,-,-
,November,-,-,-,-,-,-,-,-,-
,December,-,-,-,-,-,-,-,-,-
,,,,,,,,,,
,Annual Sum or Average,2.979691E+09,1.734579E+09,6.106324E+09,0.00,0.00,0.00,0.00,34928672.58,1.619606E+08
,Minimum of Months,9.913020E+08,5.706343E+08,2.010698E+09,0.00,0.00,0.00,0.00,5293038.07,6519787.12
,Maximum of Months,9.941947E+08,5.921912E+08,2.048045E+09,0.00,0.00,0.00,0.00,19378021.15,88766428.22


----------------------------------------------------------------------------------------------------
REPORT:,SpaceGainsMonthly
FOR:,PERIMETER_BOT_ZN_2
Custom Monthly Report

,,ZONE PEOPLE TOTAL HEATING ENERGY [J],ZONE LIGHTS TOTAL HEATING ENERGY [J],ZONE ELECTRIC EQUIPMENT TOTAL HEATING ENERGY [J],ZONE GAS EQUIPMENT TOTAL HEATING ENERGY [],ZONE HOT WATER EQUIPMENT TOTAL HEATING ENERGY [],ZONE STEAM EQUIPMENT TOTAL HEATING ENERGY [],ZONE OTHER EQUIPMENT TOTAL HEATING ENERGY [],ZONE INFILTRATION SENSIBLE HEAT GAIN ENERGY [J],ZONE INFILTRATION SENSIBLE HEAT LOSS ENERGY [J]
,January,6.294075E+08,3.743725E+08,1.296208E+09,0.00,0.00,0.00,0.00,2589313.84,66389550.69
,February,-,-,-,-,-,-,-,-,-
,March,-,-,-,-,-,-,-,-,-
,April,6.275762E+08,3.610106E+08,1.272859E+09,0.00,0.00,0.00,0.00,11509597.71,5633007.20
,May,-,-,-,-,-,-,-,-,-
,June,-,-,-,-,-,-,-,-,-
,July,6.294075E+08,3.613563E+08,1.296501E+09,0.00,0.00,0.00,0.00,6525393.36,46036892.17
,August,-,-,-,-,-,-,-,-,-
,September,-,-,-,-,-,-,-,-,-
,October,-,-,-,-,-,-,-,-,-
,November,-,-,-,-,-,-,-,-,-
,December,-,-,-,-,-,-,-,-,-
,,,,,,,,,,
,Annual Sum or Average,1.886391E+09,1.096739E+09,3.865569E+09,0.00,0.00,0.00,0.00,20624304.92,1.180595E+08
,Minimum of Months,6.275762E+08,3.610106E+08,1.272859E+09,0.00,0.00,0.00,0.00,2589313.84,5633007.20
,Maximum of Months,6.294075E+08,3.743725E+08,1.296501E+09,0.00,0.00,0.00,0.00,11509597.71,66389550.69


----------------------------------------------------------------------------------------------------
REPORT:,SpaceGainsMonthly
FOR:,PERIMETER_BOT_ZN_1
Custom Monthly Report

,,ZONE PEOPLE TOTAL HEATING ENERGY [J],ZONE LIGHTS TOTAL HEATING ENERGY [J],ZONE ELECTRIC EQUIPMENT TOTAL HEATING ENERGY [J],ZONE GAS EQUIPMENT TOTAL HEATING ENERGY [],ZONE HOT WATER EQUIPMENT TOTAL HEATING ENERGY [],ZONE STEAM EQUIPMENT TOTAL HEATING ENERGY [],ZONE OTHER EQUIPMENT TOTAL HEATING ENERGY [],ZONE INFILTRATION SENSIBLE HEAT GAIN ENERGY [J],ZONE INFILTRATION SENSIBLE HEAT LOSS ENERGY [J]
,January,9.941947E+08,5.880630E+08,2.047568E+09,0.00,0.00,0.00,0.00,1.094928E+08,6.284386E+08
,February,-,-,-,-,-,-,-,-,-
,March,-,-,-,-,-,-,-,-,-
,April,9.913020E+08,5.731750E+08,2.010685E+09,0.00,0.00,0.00,0.00,1.251576E+09,60360637.52
,May,-,-,-,-,-,-,-,-,-
,June,-,-,-,-,-,-,-,-,-
,July,9.941947E+08,5.755614E+08,2.048031E+09,0.00,0.00,0.00,0.00,4.072410E+08,3.076340E+08
,August,-,-,-,-,-,-,-,-,-
,September,-,-,-,-,-,-,-,-,-
,October,-,-,-,-,-,-,-,-,-
,November,-,-,-,-,-,-,-,-,-
,December,-,-,-,-,-,-,-,-,-
,,,,,,,,,,
,Annual Sum or Average,2.979691E+09,1.736799E+09,6.106284E+09,0.00,0.00,0.00,0.00,1.768310E+09,9.964333E+08
,Minimum of Months,9.913020E+08,5.731750E+08,2.010685E+09,0.00,0.00,0.00,0.00,1.094928E+08,60360637.52
,Maximum of Months,9.941947E+08,5.880630E+08,2.048031E+09,0.00,0.00,0.00,0.00,1.251576E+09,6.284386E+08


----------------------------------------------------------------------------------------------------
REPORT:,SpaceGainsMonthly
FOR:,PERIMETER_BOT_ZN_4
Custom Monthly Report

,,ZONE PEOPLE TOTAL HEATING ENERGY [J],ZONE LIGHTS TOTAL HEATING ENERGY [J],ZONE ELECTRIC EQUIPMENT TOTAL HEATING ENERGY [J],ZONE GAS EQUIPMENT TOTAL HEATING ENERGY [],ZONE HOT WATER EQUIPMENT TOTAL HEATING ENERGY [],ZONE STEAM EQUIPMENT TOTAL HEATING ENERGY [],ZONE OTHER EQUIPMENT TOTAL HEATING ENERGY [],ZONE INFILTRATION SENSIBLE HEAT GAIN ENERGY [J],ZONE INFILTRATION SENSIBLE HEAT LOSS ENERGY [J]
,January,6.293662E+08,3.737167E+08,1.296200E+09,0.00,0.00,0.00,0.00,2697892.62,66148174.52
,February,-,-,-,-,-,-,-,-,-
,March,-,-,-,-,-,-,-,-,-
,April,6.275350E+08,3.645933E+08,1.272851E+09,0.00,0.00,0.00,0.00,11546467.37,6095761.63
,May,-,-,-,-,-,-,-,-,-
,June,-,-,-,-,-,-,-,-,-
,July,6.293662E+08,3.652259E+08,1.296493E+09,0.00,0.00,0.00,0.00,6516223.67,47125811.11
,August,-,-,-,-,-,-,-,-,-
,September,-,-,-,-,-,-,-,-,-
,October,-,-,-,-,-,-,-,-,-
,November,-,-,-,-,-,-,-,-,-
,December,-,-,-,-,-,-,-,-,-
,,,,,,,,,,
,Annual Sum or Average,1.886267E+09,1.103536E+09,3.865543E+09,0.00,0.00,0.00,0.00,20760583.66,1.193697E+08
,Minimum of Months,6.275350E+08,3.645933E+08,1.272851E+09,0.00,0.00,0.00,0.00,2697892.62,6095761.63
,Maximum of Months,6.293662E+08,3.737167E+08,1.296493E+09,0.00,0.00,0.00,0.00,11546467.37,66148174.52


----------------------------------------------------------------------------------------------------
REPORT:,SpaceGainsMonthly
FOR:,PERIMETER_MID_ZN_3
Custom Monthly Report

,,ZONE PEOPLE TOTAL HEATING ENERGY [J],ZONE LIGHTS TOTAL HEATING ENERGY [J],ZONE ELECTRIC EQUIPMENT TOTAL HEATING ENERGY [J],ZONE GAS EQUIPMENT TOTAL HEATING ENERGY [],ZONE HOT WATER EQUIPMENT TOTAL HEATING ENERGY [],ZONE STEAM EQUIPMENT TOTAL HEATING ENERGY [],ZONE OTHER EQUIPMENT TOTAL HEATING ENERGY [],ZONE INFILTRATION SENSIBLE HEAT GAIN ENERGY [J],ZONE INFILTRATION SENSIBLE HEAT LOSS ENERGY [J]
,January,9.941947E+08,5.927372E+08,2.047582E+09,0.00,0.00,0.00,0.00,6512605.38,1.495693E+08
,February,-,-,-,-,-,-,-,-,-
,March,-,-,-,-,-,-,-,-,-
,April,9.913020E+08,5.720532E+08,2.010698E+09,0.00,0.00,0.00,0.00,27276450.99,13312137.07
,May,-,-,-,-,-,-,-,-,-
,June,-,-,-,-,-,-,-,-,-
,July,9.941947E+08,5.710819E+08,2.048045E+09,0.00,0.00,0.00,0.00,14577106.17,1.107226E+08
,August,-,-,-,-,-,-,-,-,-
,September,-,-,-,-,-,-,-,-,-
,October,-,-,-,-,-,-,-,-,-
,November,-,-,-,-,-,-,-,-,-
,December,-,-,-,-,-,-,-,-,-
,,,,,,,,,,
,Annual Sum or Average,2.979691E+09,1.735872E+09,6.106324E+09,0.00,0.00,0.00,0.00,48366162.54,2.736040E+08
,Minimum of Months,9.913020E+08,5.710819E+08,2.010698E+09,0.00,0.00,0.00,0.00,6512605.38,13312137.07
,Maximum of Months,9.941947E+08,5.927372E+08,2.048045E+09,0.00,0.00,0.00,0.00,27276450.99,1.495693E+08


----------------------------------------------------------------------------------------------------
REPORT:,SpaceGainsMonthly
FOR:,PERIMETER_MID_ZN_2
Custom Monthly Report

,,ZONE PEOPLE TOTAL HEATING ENERGY [J],ZONE LIGHTS TOTAL HEATING ENERGY [J],ZONE ELECTRIC EQUIPMENT TOTAL HEATING ENERGY [J],ZONE GAS EQUIPMENT TOTAL HEATING ENERGY [],ZONE HOT WATER EQUIPMENT TOTAL HEATING ENERGY [],ZONE STEAM EQUIPMENT TOTAL HEATING ENERGY [],ZONE OTHER EQUIPMENT TOTAL HEATING ENERGY [],ZONE INFILTRATION SENSIBLE HEAT GAIN ENERGY [J],ZONE INFILTRATION SENSIBLE HEAT LOSS ENERGY [J]
,January,4.651477E+08,3.745945E+08,1.296208E+09,0.00,0.00,0.00,0.00,3395460.73,1.062555E+08
,February,-,-,-,-,-,-,-,-,-
,March,-,-,-,-,-,-,-,-,-
,April,4.633164E+08,3.611152E+08,1.272859E+09,0.00,0.00,0.00,0.00,16881475.66,9586142.42
,May,-,-,-,-,-,-,-,-,-
,June,-,-,-,-,-,-,-,-,-
,July,4.651477E+08,3.614985E+08,1.296501E+09,0.00,0.00,0.00,0.00,9177406.23,75272971.97
,August,-,-,-,-,-,-,-,-,-
,September,-,-,-,-,-,-,-,-,-
,October,-,-,-,-,-,-,-,-,-
,November,-,-,-,-,-,-,-,-,-
,December,-,-,-,-,-,-,-,-,-
,,,,,,,,,,
,Annual Sum or Average,1.393612E+09,1.097208E+09,3.865569E+09,0.00,0.00,0.00,0.00,29454342.62,1.911146E+08
,Minimum of Months,4.633164E+08,3.611152E+08,1.272859E+09,0.00,0.00,0.00,0.00,3395460.73,9586142.42
,Maximum of Months,4.651477E+08,3.745945E+08,1.296501E+09,0.00,0.00,0.00,0.00,16881475.66,1.062555E+08


----------------------------------------------------------------------------------------------------
REPORT:,SpaceGainsMonthly
FOR:,PERIMETER_MID_ZN_1
Custom Monthly Report

,,ZONE PEOPLE TOTAL HEATING ENERGY [J],ZONE LIGHTS TOTAL HEATING ENERGY [J],ZONE ELECTRIC EQUIPMENT TOTAL HEATING ENERGY [J],ZONE GAS EQUIPMENT TOTAL HEATING ENERGY [],ZONE HOT WATER EQUIPMENT TOTAL HEATING ENERGY [],ZONE STEAM EQUIPMENT TOTAL HEATING ENERGY [],ZONE OTHER EQUIPMENT TOTAL HEATING ENERGY [],ZONE INFILTRATION SENSIBLE HEAT GAIN ENERGY [J],ZONE INFILTRATION SENSIBLE HEAT LOSS ENERGY [J]
,January,9.941947E+08,5.882960E+08,2.047568E+09,0.00,0.00,0.00,0.00,2620716.57,1.675091E+08
,February,-,-,-,-,-,-,-,-,-
,March,-,-,-,-,-,-,-,-,-
,April,9.913020E+08,5.737509E+08,2.010685E+09,0.00,0.00,0.00,0.00,26783298.28,13582530.44
,May,-,-,-,-,-,-,-,-,-
,June,-,-,-,-,-,-,-,-,-
,July,9.941947E+08,5.761441E+08,2.048031E+09,0.00,0.00,0.00,0.00,15000866.57,1.080408E+08
,August,-,-,-,-,-,-,-,-,-
,September,-,-,-,-,-,-,-,-,-
,October,-,-,-,-,-,-,-,-,-
,November,-,-,-,-,-,-,-,-,-
,December,-,-,-,-,-,-,-,-,-
,,,,,,,,,,
,Annual Sum or Average,2.979691E+09,1.738191E+09,6.106284E+09,0.00,0.00,0.00,0.00,44404881.41,2.891324E+08
,Minimum of Months,9.913020E+08,5.737509E+08,2.010685E+09,0.00,0.00,0.00,0.00,2620716.57,13582530.44
,Maximum of Months,9.941947E+08,5.882960E+08,2.048031E+09,0.00,0.00,0.00,0.00,26783298.28,1.675091E+08


----------------------------------------------------------------------------------------------------
REPORT:,SpaceGainsMonthly
FOR:,PERIMETER_MID_ZN_4
Custom Monthly Report

,,ZONE PEOPLE TOTAL HEATING ENERGY [J],ZONE LIGHTS TOTAL HEATING ENERGY [J],ZONE ELECTRIC EQUIPMENT TOTAL HEATING ENERGY [J],ZONE GAS EQUIPMENT TOTAL HEATING ENERGY [],ZONE HOT WATER EQUIPMENT TOTAL HEATING ENERGY [],ZONE STEAM EQUIPMENT TOTAL HEATING ENERGY [],ZONE OTHER EQUIPMENT TOTAL HEATING ENERGY [],ZONE INFILTRATION SENSIBLE HEAT GAIN ENERGY [J],ZONE INFILTRATION SENSIBLE HEAT LOSS ENERGY [J]
,January,6.293662E+08,3.739176E+08,1.296200E+09,0.00,0.00,0.00,0.00,3852043.21,1.056292E+08
,February,-,-,-,-,-,-,-,-,-
,March,-,-,-,-,-,-,-,-,-
,April,6.275350E+08,3.649146E+08,1.272851E+09,0.00,0.00,0.00,0.00,17122554.63,10152291.50
,May,-,-,-,-,-,-,-,-,-
,June,-,-,-,-,-,-,-,-,-
,July,6.293662E+08,3.658613E+08,1.296493E+09,0.00,0.00,0.00,0.00,9621690.75,76513062.17
,August,-,-,-,-,-,-,-,-,-
,September,-,-,-,-,-,-,-,-,-
,October,-,-,-,-,-,-,-,-,-
,November,-,-,-,-,-,-,-,-,-
,December,-,-,-,-,-,-,-,-,-
,,,,,,,,,,
,Annual Sum or Average,1.886267E+09,1.104693E+09,3.865543E+09,0.00,0.00,0.00,0.00,30596288.58,1.922946E+08
,Minimum of Months,6.275350E+08,3.649146E+08,1.272851E+09,0.00,0.00,0.00,0.00,3852043.21,10152291.50
,Maximum of Months,6.293662E+08,3.739176E+08,1.296493E+09,0.00,0.00,0.00,0.00,17122554.63,1.056292E+08


----------------------------------------------------------------------------------------------------
REPORT:,SpaceGainsMonthly
FOR:,FIRSTFLOOR_PLENUM
Custom Monthly Report

,,ZONE PEOPLE TOTAL HEATING ENERGY [],ZONE LIGHTS TOTAL HEATING ENERGY [],ZONE ELECTRIC EQUIPMENT TOTAL HEATING ENERGY [],ZONE GAS EQUIPMENT TOTAL HEATING ENERGY [],ZONE HOT WATER EQUIPMENT TOTAL HEATING ENERGY [],ZONE STEAM EQUIPMENT TOTAL HEATING ENERGY [],ZONE OTHER EQUIPMENT TOTAL HEATING ENERGY [],ZONE INFILTRATION SENSIBLE HEAT GAIN ENERGY [J],ZONE INFILTRATION SENSIBLE HEAT LOSS ENERGY [J]
,January,0.00,0.00,0.00,0.00,0.00,0.00,0.00,4602997.13,2.101172E+08
,February,-,-,-,-,-,-,-,-,-
,March,-,-,-,-,-,-,-,-,-
,April,0.00,0.00,0.00,0.00,0.00,0.00,0.00,32114177.75,16450831.62
,May,-,-,-,-,-,-,-,-,-
,June,-,-,-,-,-,-,-,-,-
,July,0.00,0.00,0.00,0.00,0.00,0.00,0.00,14928072.58,1.407839E+08
,August,-,-,-,-,-,-,-,-,-
,September,-,-,-,-,-,-,-,-,-
,October,-,-,-,-,-,-,-,-,-
,November,-,-,-,-,-,-,-,-,-
,December,-,-,-,-,-,-,-,-,-
,,,,,,,,,,
,Annual Sum or Average,0.00,0.00,0.00,0.00,0.00,0.00,0.00,51645247.45,3.673519E+08
,Minimum of Months,0.00,0.00,0.00,0.00,0.00,0.00,0.00,4602997.13,16450831.62
,Maximum of Months,0.00,0.00,0.00,0.00,0.00,0.00,0.00,32114177.75,2.101172E+08


----------------------------------------------------------------------------------------------------
REPORT:,SpaceGainsMonthly
FOR:,MIDFLOOR_PLENUM
Custom Monthly Report

,,ZONE PEOPLE TOTAL HEATING ENERGY [],ZONE LIGHTS TOTAL HEATING ENERGY [],ZONE ELECTRIC EQUIPMENT TOTAL HEATING ENERGY [],ZONE GAS EQUIPMENT TOTAL HEATING ENERGY [],ZONE HOT WATER EQUIPMENT TOTAL HEATING ENERGY [],ZONE STEAM EQUIPMENT TOTAL HEATING ENERGY [],ZONE OTHER EQUIPMENT TOTAL HEATING ENERGY [],ZONE INFILTRATION SENSIBLE HEAT GAIN ENERGY [J],ZONE INFILTRATION SENSIBLE HEAT LOSS ENERGY [J]
,January,0.00,0.00,0.00,0.00,0.00,0.00,0.00,5519307.38,2.715402E+08
,February,-,-,-,-,-,-,-,-,-
,March,-,-,-,-,-,-,-,-,-
,April,0.00,0.00,0.00,0.00,0.00,0.00,0.00,40209835.23,22284928.94
,May,-,-,-,-,-,-,-,-,-
,June,-,-,-,-,-,-,-,-,-
,July,0.00,0.00,0.00,0.00,0.00,0.00,0.00,18212125.72,1.839979E+08
,August,-,-,-,-,-,-,-,-,-
,September,-,-,-,-,-,-,-,-,-
,October,-,-,-,-,-,-,-,-,-
,November,-,-,-,-,-,-,-,-,-
,December,-,-,-,-,-,-,-,-,-
,,,,,,,,,,
,Annual Sum or Average,0.00,0.00,0.00,0.00,0.00,0.00,0.00,63941268.33,4.778230E+08
,Minimum of Months,0.00,0.00,0.00,0.00,0.00,0.00,0.00,5519307.38,22284928.94
,Maximum of Months,0.00,0.00,0.00,0.00,0.00,0.00,0.00,40209835.23,2.715402E+08


----------------------------------------------------------------------------------------------------
REPORT:,SpaceGainsMonthly
FOR:,TOPFLOOR_PLENUM
Custom Monthly Report

,,ZONE PEOPLE TOTAL HEATING ENERGY [],ZONE LIGHTS TOTAL HEATING ENERGY [],ZONE ELECTRIC EQUIPMENT TOTAL HEATING ENERGY [],ZONE GAS EQUIPMENT TOTAL HEATING ENERGY [],ZONE HOT WATER EQUIPMENT TOTAL HEATING ENERGY [],ZONE STEAM EQUIPMENT TOTAL HEATING ENERGY [],ZONE OTHER EQUIPMENT TOTAL HEATING ENERGY [],ZONE INFILTRATION SENSIBLE HEAT GAIN ENERGY [J],ZONE INFILTRATION SENSIBLE HEAT LOSS ENERGY [J]
,January,0.00,0.00,0.00,0.00,0.00,0.00,0.00,2034384.50,2.821332E+08
,February,-,-,-,-,-,-,-,-,-
,March,-,-,-,-,-,-,-,-,-
,April,0.00,0.00,0.00,0.00,0.00,0.00,0.00,37654079.03,19718507.60
,May,-,-,-,-,-,-,-,-,-
,June,-,-,-,-,-,-,-,-,-
,July,0.00,0.00,0.00,0.00,0.00,0.00,0.00,9903732.41,1.971645E+08
,August,-,-,-,-,-,-,-,-,-
,September,-,-,-,-,-,-,-,-,-
,October,-,-,-,-,-,-,-,-,-
,November,-,-,-,-,-,-,-,-,-
,December,-,-,-,-,-,-,-,-,-
,,,,,,,,,,
,Annual Sum or Average,0.00,0.00,0.00,0.00,0.00,0.00,0.00,49592195.94,4.990163E+08
,Minimum of Months,0.00,0.00,0.00,0.00,0.00,0.00,0.00,2034384.50,19718507.60
,Maximum of Months,0.00,0.00,0.00,0.00,0.00,0.00,0.00,37654079.03,2.821332E+08


----------------------------------------------------------------------------------------------------
REPORT:,PeakSpaceGainsMonthly
FOR:,CORE_BOTTOM
Custom Monthly Report

,,ZONE PEOPLE TOTAL HEATING ENERGY {Maximum} [W],ZONE PEOPLE TOTAL HEATING ENERGY {TIMESTAMP},ZONE LIGHTS TOTAL HEATING ENERGY {Maximum} [W],ZONE LIGHTS TOTAL HEATING ENERGY {TIMESTAMP},ZONE ELECTRIC EQUIPMENT TOTAL HEATING ENERGY {Maximum} [W],ZONE ELECTRIC EQUIPMENT TOTAL HEATING ENERGY {TIMESTAMP},ZONE GAS EQUIPMENT TOTAL HEATING ENERGY [],ZONE HOT WATER EQUIPMENT TOTAL HEATING ENERGY [],ZONE STEAM EQUIPMENT TOTAL HEATING ENERGY [],ZONE OTHER EQUIPMENT TOTAL HEATING ENERGY [],ZONE INFILTRATION SENSIBLE HEAT GAIN ENERGY [],ZONE INFILTRATION SENSIBLE HEAT LOSS ENERGY []
,January,6198.29,02-JAN-10:30,5258.41,02-JAN-08:30,29050.39,02-JAN-08:30,0.00,0.00,0.00,0.00,0.00,0.00
,February,-,-,-,-,-,-,-,-,-,-,-,-
,March,-,-,-,-,-,-,-,-,-,-,-,-
,April,6198.29,02-APR-09:30,5258.41,02-APR-07:30,29050.39,02-APR-07:30,0.00,0.00,0.00,0.00,0.00,0.00
,May,-,-,-,-,-,-,-,-,-,-,-,-
,June,-,-,-,-,-,-,-,-,-,-,-,-
,July,6198.29,02-JUL-09:30,5258.41,02-JUL-07:30,29050.39,02-JUL-07:30,0.00,0.00,0.00,0.00,0.00,0.00
,August,-,-,-,-,-,-,-,-,-,-,-,-
,September,-,-,-,-,-,-,-,-,-,-,-,-
,October,-,-,-,-,-,-,-,-,-,-,-,-
,November,-,-,-,-,-,-,-,-,-,-,-,-
,December,-,-,-,-,-,-,-,-,-,-,-,-
,,,,,,,,,,,,,
,Annual Sum or Average,,,,,,,0.00,0.00,0.00,0.00,0.00,0.00
,Minimum of Months,6198.29,,5258.41,,29050.39,,0.00,0.00,0.00,0.00,0.00,0.00
,Maximum of Months,6198.29,,5258.41,,29050.39,,0.00,0.00,0.00,0.00,0.00,0.00


----------------------------------------------------------------------------------------------------
REPORT:,PeakSpaceGainsMonthly
FOR:,CORE_MID
Custom Monthly Report

,,ZONE PEOPLE TOTAL HEATING ENERGY {Maximum} [W],ZONE PEOPLE TOTAL HEATING ENERGY {TIMESTAMP},ZONE LIGHTS TOTAL HEATING ENERGY {Maximum} [W],ZONE LIGHTS TOTAL HEATING ENERGY {TIMESTAMP},ZONE ELECTRIC EQUIPMENT TOTAL HEATING ENERGY {Maximum} [W],ZONE ELECTRIC EQUIPMENT TOTAL HEATING ENERGY {TIMESTAMP},ZONE GAS EQUIPMENT TOTAL HEATING ENERGY [],ZONE HOT WATER EQUIPMENT TOTAL HEATING ENERGY [],ZONE STEAM EQUIPMENT TOTAL HEATING ENERGY [],ZONE OTHER EQUIPMENT TOTAL HEATING ENERGY [],ZONE INFILTRATION SENSIBLE HEAT GAIN ENERGY [],ZONE INFILTRATION SENSIBLE HEAT LOSS ENERGY []
,January,6198.29,02-JAN-10:30,5258.41,02-JAN-08:30,6808.32,02-JAN-08:30,0.00,0.00,0.00,0.00,0.00,0.00
,February,-,-,-,-,-,-,-,-,-,-,-,-
,March,-,-,-,-,-,-,-,-,-,-,-,-
,April,6198.29,02-APR-09:30,5258.41,02-APR-07:30,6808.32,02-APR-07:30,0.00,0.00,0.00,0.00,0.00,0.00
,May,-,-,-,-,-,-,-,-,-,-,-,-
,June,-,-,-,-,-,-,-,-,-,-,-,-
,July,6198.29,02-JUL-09:30,5258.41,02-JUL-07:30,6808.32,02-JUL-07:30,0.00,0.00,0.00,0.00,0.00,0.00
,August,-,-,-,-,-,-,-,-,-,-,-,-
,September,-,-,-,-,-,-,-,-,-,-,-,-
,October,-,-,-,-,-,-,-,-,-,-,-,-
,November,-,-,-,-,-,-,-,-,-,-,-,-
,December,-,-,-,-,-,-,-,-,-,-,-,-
,,,,,,,,,,,,,
,Annual Sum or Average,,,,,,,0.00,0.00,0.00,0.00,0.00,0.00
,Minimum of Months,6198.29,,5258.41,,6808.32,,0.00,0.00,0.00,0.00,0.00,0.00
,Maximum of Months,6198.29,,5258.41,,6808.32,,0.00,0.00,0.00,0.00,0.00,0.00


----------------------------------------------------------------------------------------------------
REPORT:,PeakSpaceGainsMonthly
FOR:,CORE_TOP
Custom Monthly Report

,,ZONE PEOPLE TOTAL HEATING ENERGY {Maximum} [W],ZONE PEOPLE TOTAL HEATING ENERGY {TIMESTAMP},ZONE LIGHTS TOTAL HEATING ENERGY {Maximum} [W],ZONE LIGHTS TOTAL HEATING ENERGY {TIMESTAMP},ZONE ELECTRIC EQUIPMENT TOTAL HEATING ENERGY {Maximum} [W],ZONE ELECTRIC EQUIPMENT TOTAL HEATING ENERGY {TIMESTAMP},ZONE GAS EQUIPMENT TOTAL HEATING ENERGY [],ZONE HOT WATER EQUIPMENT TOTAL HEATING ENERGY [],ZONE STEAM EQUIPMENT TOTAL HEATING ENERGY [],ZONE OTHER EQUIPMENT TOTAL HEATING ENERGY [],ZONE INFILTRATION SENSIBLE HEAT GAIN ENERGY [],ZONE INFILTRATION SENSIBLE HEAT LOSS ENERGY []
,January,6198.29,02-JAN-10:30,5258.41,02-JAN-08:30,6808.32,02-JAN-08:30,0.00,0.00,0.00,0.00,0.00,0.00
,February,-,-,-,-,-,-,-,-,-,-,-,-
,March,-,-,-,-,-,-,-,-,-,-,-,-
,April,6198.29,02-APR-09:30,5258.41,02-APR-07:30,6808.32,02-APR-07:30,0.00,0.00,0.00,0.00,0.00,0.00
,May,-,-,-,-,-,-,-,-,-,-,-,-
,June,-,-,-,-,-,-,-,-,-,-,-,-
,July,6198.29,02-JUL-09:30,5258.41,02-JUL-07:30,6808.32,02-JUL-07:30,0.00,0.00,0.00,0.00,0.00,0.00
,August,-,-,-,-,-,-,-,-,-,-,-,-
,September,-,-,-,-,-,-,-,-,-,-,-,-
,October,-,-,-,-,-,-,-,-,-,-,-,-
,November,-,-,-,-,-,-,-,-,-,-,-,-
,December,-,-,-,-,-,-,-,-,-,-,-,-
,,,,,,,,,,,,,
,Annual Sum or Average,,,,,,,0.00,0.00,0.00,0.00,0.00,0.00
,Minimum of Months,6198.29,,5258.41,,6808.32,,0.00,0.00,0.00,0.00,0.00,0.00
,Maximum of Months,6198.29,,5258.41,,6808.32,,0.00,0.00,0.00,0.00,0.00,0.00


----------------------------------------------------------------------------------------------------
REPORT:,PeakSpaceGainsMonthly
FOR:,PERIMETER_TOP_ZN_3
Custom Monthly Report

,,ZONE PEOPLE TOTAL HEATING ENERGY {Maximum} [W],ZONE PEOPLE TOTAL HEATING ENERGY {TIMESTAMP},ZONE LIGHTS TOTAL HEATING ENERGY {Maximum} [W],ZONE LIGHTS TOTAL HEATING ENERGY {TIMESTAMP},ZONE ELECTRIC EQUIPMENT TOTAL HEATING ENERGY {Maximum} [W],ZONE ELECTRIC EQUIPMENT TOTAL HEATING ENERGY {TIMESTAMP},ZONE GAS EQUIPMENT TOTAL HEATING ENERGY [],ZONE HOT WATER EQUIPMENT TOTAL HEATING ENERGY [],ZONE STEAM EQUIPMENT TOTAL HEATING ENERGY [],ZONE OTHER EQUIPMENT TOTAL HEATING ENERGY [],ZONE INFILTRATION SENSIBLE HEAT GAIN ENERGY {Maximum} [W],ZONE INFILTRATION SENSIBLE HEAT GAIN ENERGY {TIMESTAMP},ZONE INFILTRATION SENSIBLE HEAT LOSS ENERGY {Maximum} [W],ZONE INFILTRATION SENSIBLE HEAT LOSS ENERGY {TIMESTAMP}
,January,1306.65,02-JAN-10:30,599.83,05-JAN-08:30,1435.25,02-JAN-08:30,0.00,0.00,0.00,0.00,56.75,29-JAN-13:15,298.40,16-JAN-02:00
,February,-,-,-,-,-,-,-,-,-,-,-,-,-,-
,March,-,-,-,-,-,-,-,-,-,-,-,-,-,-
,April,1306.65,02-APR-09:30,995.08,17-APR-15:15,1435.25,02-APR-07:30,0.00,0.00,0.00,0.00,144.62,29-APR-10:45,147.83,09-APR-21:00
,May,-,-,-,-,-,-,-,-,-,-,-,-,-,-
,June,-,-,-,-,-,-,-,-,-,-,-,-,-,-
,July,1306.65,02-JUL-09:30,993.03,25-JUL-07:30,1435.25,02-JUL-07:30,0.00,0.00,0.00,0.00,97.52,01-JUL-13:30,313.91,05-JUL-02:00
,August,-,-,-,-,-,-,-,-,-,-,-,-,-,-
,September,-,-,-,-,-,-,-,-,-,-,-,-,-,-
,October,-,-,-,-,-,-,-,-,-,-,-,-,-,-
,November,-,-,-,-,-,-,-,-,-,-,-,-,-,-
,December,-,-,-,-,-,-,-,-,-,-,-,-,-,-
,,,,,,,,,,,,,,,
,Annual Sum or Average,,,,,,,0.00,0.00,0.00,0.00,,,,
,Minimum of Months,1306.65,,599.83,,1435.25,,0.00,0.00,0.00,0.00,56.75,,147.83,
,Maximum of Months,1306.65,,995.08,,1435.25,,0.00,0.00,0.00,0.00,144.62,,313.91,


----------------------------------------------------------------------------------------------------
REPORT:,PeakSpaceGainsMonthly
FOR:,PERIMETER_TOP_ZN_2
Custom Monthly Report

,,ZONE PEOPLE TOTAL HEATING ENERGY {Maximum} [W],ZONE PEOPLE TOTAL HEATING ENERGY {TIMESTAMP},ZONE LIGHTS TOTAL HEATING ENERGY {Maximum} [W],ZONE LIGHTS TOTAL HEATING ENERGY {TIMESTAMP},ZONE ELECTRIC EQUIPMENT TOTAL HEATING ENERGY {Maximum} [W],ZONE ELECTRIC EQUIPMENT TOTAL HEATING ENERGY {TIMESTAMP},ZONE GAS EQUIPMENT TOTAL HEATING ENERGY [],ZONE HOT WATER EQUIPMENT TOTAL HEATING ENERGY [],ZONE STEAM EQUIPMENT TOTAL HEATING ENERGY [],ZONE OTHER EQUIPMENT TOTAL HEATING ENERGY [],ZONE INFILTRATION SENSIBLE HEAT GAIN ENERGY {Maximum} [W],ZONE INFILTRATION SENSIBLE HEAT GAIN ENERGY {TIMESTAMP},ZONE INFILTRATION SENSIBLE HEAT LOSS ENERGY {Maximum} [W],ZONE INFILTRATION SENSIBLE HEAT LOSS ENERGY {TIMESTAMP}
,January,827.22,02-JAN-10:30,375.37,12-JAN-16:15,908.57,02-JAN-08:30,0.00,0.00,0.00,0.00,31.91,31-JAN-12:00,205.60,16-JAN-09:00
,February,-,-,-,-,-,-,-,-,-,-,-,-,-,-
,March,-,-,-,-,-,-,-,-,-,-,-,-,-,-
,April,827.22,02-APR-09:30,629.15,17-APR-15:15,908.57,02-APR-07:30,0.00,0.00,0.00,0.00,92.50,29-APR-10:45,100.70,09-APR-21:00
,May,-,-,-,-,-,-,-,-,-,-,-,-,-,-
,June,-,-,-,-,-,-,-,-,-,-,-,-,-,-
,July,827.22,02-JUL-09:30,620.86,25-JUL-07:30,908.57,02-JUL-07:30,0.00,0.00,0.00,0.00,64.99,01-JUL-13:30,208.87,05-JUL-02:00
,August,-,-,-,-,-,-,-,-,-,-,-,-,-,-
,September,-,-,-,-,-,-,-,-,-,-,-,-,-,-
,October,-,-,-,-,-,-,-,-,-,-,-,-,-,-
,November,-,-,-,-,-,-,-,-,-,-,-,-,-,-
,December,-,-,-,-,-,-,-,-,-,-,-,-,-,-
,,,,,,,,,,,,,,,
,Annual Sum or Average,,,,,,,0.00,0.00,0.00,0.00,,,,
,Minimum of Months,827.22,,375.37,,908.57,,0.00,0.00,0.00,0.00,31.91,,100.70,
,Maximum of Months,827.22,,629.15,,908.57,,0.00,0.00,0.00,0.00,92.50,,208.87,


----------------------------------------------------------------------------------------------------
REPORT:,PeakSpaceGainsMonthly
FOR:,PERIMETER_TOP_ZN_1
Custom Monthly Report

,,ZONE PEOPLE TOTAL HEATING ENERGY {Maximum} [W],ZONE PEOPLE TOTAL HEATING ENERGY {TIMESTAMP},ZONE LIGHTS TOTAL HEATING ENERGY {Maximum} [W],ZONE LIGHTS TOTAL HEATING ENERGY {TIMESTAMP},ZONE ELECTRIC EQUIPMENT TOTAL HEATING ENERGY {Maximum} [W],ZONE ELECTRIC EQUIPMENT TOTAL HEATING ENERGY {TIMESTAMP},ZONE GAS EQUIPMENT TOTAL HEATING ENERGY [],ZONE HOT WATER EQUIPMENT TOTAL HEATING ENERGY [],ZONE STEAM EQUIPMENT TOTAL HEATING ENERGY [],ZONE OTHER EQUIPMENT TOTAL HEATING ENERGY [],ZONE INFILTRATION SENSIBLE HEAT GAIN ENERGY {Maximum} [W],ZONE INFILTRATION SENSIBLE HEAT GAIN ENERGY {TIMESTAMP},ZONE INFILTRATION SENSIBLE HEAT LOSS ENERGY {Maximum} [W],ZONE INFILTRATION SENSIBLE HEAT LOSS ENERGY {TIMESTAMP}
,January,1306.65,02-JAN-10:30,528.76,02-JAN-08:30,1435.24,02-JAN-08:30,0.00,0.00,0.00,0.00,39.90,29-JAN-14:45,318.81,16-JAN-02:00
,February,-,-,-,-,-,-,-,-,-,-,-,-,-,-
,March,-,-,-,-,-,-,-,-,-,-,-,-,-,-
,April,1306.65,02-APR-09:30,995.08,17-APR-15:15,1435.24,02-APR-07:30,0.00,0.00,0.00,0.00,141.16,29-APR-10:45,148.05,09-APR-21:00
,May,-,-,-,-,-,-,-,-,-,-,-,-,-,-
,June,-,-,-,-,-,-,-,-,-,-,-,-,-,-
,July,1306.65,02-JUL-09:30,1000.50,25-JUL-07:30,1435.24,02-JUL-07:30,0.00,0.00,0.00,0.00,97.89,01-JUL-13:30,310.64,05-JUL-02:00
,August,-,-,-,-,-,-,-,-,-,-,-,-,-,-
,September,-,-,-,-,-,-,-,-,-,-,-,-,-,-
,October,-,-,-,-,-,-,-,-,-,-,-,-,-,-
,November,-,-,-,-,-,-,-,-,-,-,-,-,-,-
,December,-,-,-,-,-,-,-,-,-,-,-,-,-,-
,,,,,,,,,,,,,,,
,Annual Sum or Average,,,,,,,0.00,0.00,0.00,0.00,,,,
,Minimum of Months,1306.65,,528.76,,1435.24,,0.00,0.00,0.00,0.00,39.90,,148.05,
,Maximum of Months,1306.65,,1000.50,,1435.24,,0.00,0.00,0.00,0.00,141.16,,318.81,


----------------------------------------------------------------------------------------------------
REPORT:,PeakSpaceGainsMonthly
FOR:,PERIMETER_TOP_ZN_4
Custom Monthly Report

,,ZONE PEOPLE TOTAL HEATING ENERGY {Maximum} [W],ZONE PEOPLE TOTAL HEATING ENERGY {TIMESTAMP},ZONE LIGHTS TOTAL HEATING ENERGY {Maximum} [W],ZONE LIGHTS TOTAL HEATING ENERGY {TIMESTAMP},ZONE ELECTRIC EQUIPMENT TOTAL HEATING ENERGY {Maximum} [W],ZONE ELECTRIC EQUIPMENT TOTAL HEATING ENERGY {TIMESTAMP},ZONE GAS EQUIPMENT TOTAL HEATING ENERGY [],ZONE HOT WATER EQUIPMENT TOTAL HEATING ENERGY [],ZONE STEAM EQUIPMENT TOTAL HEATING ENERGY [],ZONE OTHER EQUIPMENT TOTAL HEATING ENERGY [],ZONE INFILTRATION SENSIBLE HEAT GAIN ENERGY {Maximum} [W],ZONE INFILTRATION SENSIBLE HEAT GAIN ENERGY {TIMESTAMP},ZONE INFILTRATION SENSIBLE HEAT LOSS ENERGY {Maximum} [W],ZONE INFILTRATION SENSIBLE HEAT LOSS ENERGY {TIMESTAMP}
,January,827.17,02-JAN-10:30,388.98,05-JAN-08:30,908.57,02-JAN-08:30,0.00,0.00,0.00,0.00,31.91,31-JAN-12:00,206.86,16-JAN-02:00
,February,-,-,-,-,-,-,-,-,-,-,-,-,-,-
,March,-,-,-,-,-,-,-,-,-,-,-,-,-,-
,April,827.17,02-APR-09:30,629.11,17-APR-15:15,908.57,02-APR-07:30,0.00,0.00,0.00,0.00,93.98,29-APR-10:45,105.42,09-APR-21:45
,May,-,-,-,-,-,-,-,-,-,-,-,-,-,-
,June,-,-,-,-,-,-,-,-,-,-,-,-,-,-
,July,827.17,02-JUL-09:30,635.67,25-JUL-07:30,908.57,02-JUL-07:30,0.00,0.00,0.00,0.00,65.04,01-JUL-13:30,208.86,05-JUL-02:00
,August,-,-,-,-,-,-,-,-,-,-,-,-,-,-
,September,-,-,-,-,-,-,-,-,-,-,-,-,-,-
,October,-,-,-,-,-,-,-,-,-,-,-,-,-,-
,November,-,-,-,-,-,-,-,-,-,-,-,-,-,-
,December,-,-,-,-,-,-,-,-,-,-,-,-,-,-
,,,,,,,,,,,,,,,
,Annual Sum or Average,,,,,,,0.00,0.00,0.00,0.00,,,,
,Minimum of Months,827.17,,388.98,,908.57,,0.00,0.00,0.00,0.00,31.91,,105.42,
,Maximum of Months,827.17,,635.67,,908.57,,0.00,0.00,0.00,0.00,93.98,,208.86,


----------------------------------------------------------------------------------------------------
REPORT:,PeakSpaceGainsMonthly
FOR:,PERIMETER_BOT_ZN_3
Custom Monthly Report

,,ZONE PEOPLE TOTAL HEATING ENERGY {Maximum} [W],ZONE PEOPLE TOTAL HEATING ENERGY {TIMESTAMP},ZONE LIGHTS TOTAL HEATING ENERGY {Maximum} [W],ZONE LIGHTS TOTAL HEATING ENERGY {TIMESTAMP},ZONE ELECTRIC EQUIPMENT TOTAL HEATING ENERGY {Maximum} [W],ZONE ELECTRIC EQUIPMENT TOTAL HEATING ENERGY {TIMESTAMP},ZONE GAS EQUIPMENT TOTAL HEATING ENERGY [],ZONE HOT WATER EQUIPMENT TOTAL HEATING ENERGY [],ZONE STEAM EQUIPMENT TOTAL HEATING ENERGY [],ZONE OTHER EQUIPMENT TOTAL HEATING ENERGY [],ZONE INFILTRATION SENSIBLE HEAT GAIN ENERGY {Maximum} [W],ZONE INFILTRATION SENSIBLE HEAT GAIN ENERGY {TIMESTAMP},ZONE INFILTRATION SENSIBLE HEAT LOSS ENERGY {Maximum} [W],ZONE INFILTRATION SENSIBLE HEAT LOSS ENERGY {TIMESTAMP}
,January,1306.65,02-JAN-10:30,596.22,05-JAN-08:30,1435.25,02-JAN-08:30,0.00,0.00,0.00,0.00,46.56,29-JAN-14:00,155.74,05-JAN-04:15
,February,-,-,-,-,-,-,-,-,-,-,-,-,-,-
,March,-,-,-,-,-,-,-,-,-,-,-,-,-,-
,April,1306.65,02-APR-09:30,990.82,17-APR-15:15,1435.25,02-APR-07:30,0.00,0.00,0.00,0.00,96.71,29-APR-10:00,76.49,09-APR-21:00
,May,-,-,-,-,-,-,-,-,-,-,-,-,-,-
,June,-,-,-,-,-,-,-,-,-,-,-,-,-,-
,July,1306.65,02-JUL-09:30,988.58,25-JUL-07:30,1435.25,02-JUL-07:30,0.00,0.00,0.00,0.00,63.04,01-JUL-12:00,167.22,05-JUL-02:00
,August,-,-,-,-,-,-,-,-,-,-,-,-,-,-
,September,-,-,-,-,-,-,-,-,-,-,-,-,-,-
,October,-,-,-,-,-,-,-,-,-,-,-,-,-,-
,November,-,-,-,-,-,-,-,-,-,-,-,-,-,-
,December,-,-,-,-,-,-,-,-,-,-,-,-,-,-
,,,,,,,,,,,,,,,
,Annual Sum or Average,,,,,,,0.00,0.00,0.00,0.00,,,,
,Minimum of Months,1306.65,,596.22,,1435.25,,0.00,0.00,0.00,0.00,46.56,,76.49,
,Maximum of Months,1306.65,,990.82,,1435.25,,0.00,0.00,0.00,0.00,96.71,,167.22,


----------------------------------------------------------------------------------------------------
REPORT:,PeakSpaceGainsMonthly
FOR:,PERIMETER_BOT_ZN_2
Custom Monthly Report

,,ZONE PEOPLE TOTAL HEATING ENERGY {Maximum} [W],ZONE PEOPLE TOTAL HEATING ENERGY {TIMESTAMP},ZONE LIGHTS TOTAL HEATING ENERGY {Maximum} [W],ZONE LIGHTS TOTAL HEATING ENERGY {TIMESTAMP},ZONE ELECTRIC EQUIPMENT TOTAL HEATING ENERGY {Maximum} [W],ZONE ELECTRIC EQUIPMENT TOTAL HEATING ENERGY {TIMESTAMP},ZONE GAS EQUIPMENT TOTAL HEATING ENERGY [],ZONE HOT WATER EQUIPMENT TOTAL HEATING ENERGY [],ZONE STEAM EQUIPMENT TOTAL HEATING ENERGY [],ZONE OTHER EQUIPMENT TOTAL HEATING ENERGY [],ZONE INFILTRATION SENSIBLE HEAT GAIN ENERGY {Maximum} [W],ZONE INFILTRATION SENSIBLE HEAT GAIN ENERGY {TIMESTAMP},ZONE INFILTRATION SENSIBLE HEAT LOSS ENERGY {Maximum} [W],ZONE INFILTRATION SENSIBLE HEAT LOSS ENERGY {TIMESTAMP}
,January,827.22,02-JAN-10:30,372.98,12-JAN-16:15,908.57,02-JAN-08:30,0.00,0.00,0.00,0.00,18.93,29-JAN-14:00,110.38,16-JAN-02:00
,February,-,-,-,-,-,-,-,-,-,-,-,-,-,-
,March,-,-,-,-,-,-,-,-,-,-,-,-,-,-
,April,827.22,02-APR-09:30,626.94,17-APR-15:15,908.57,02-APR-07:30,0.00,0.00,0.00,0.00,53.37,29-APR-10:00,56.89,09-APR-21:00
,May,-,-,-,-,-,-,-,-,-,-,-,-,-,-
,June,-,-,-,-,-,-,-,-,-,-,-,-,-,-
,July,827.22,02-JUL-09:30,618.31,25-JUL-07:30,908.57,02-JUL-07:30,0.00,0.00,0.00,0.00,37.70,01-JUL-12:00,112.14,05-JUL-02:00
,August,-,-,-,-,-,-,-,-,-,-,-,-,-,-
,September,-,-,-,-,-,-,-,-,-,-,-,-,-,-
,October,-,-,-,-,-,-,-,-,-,-,-,-,-,-
,November,-,-,-,-,-,-,-,-,-,-,-,-,-,-
,December,-,-,-,-,-,-,-,-,-,-,-,-,-,-
,,,,,,,,,,,,,,,
,Annual Sum or Average,,,,,,,0.00,0.00,0.00,0.00,,,,
,Minimum of Months,827.22,,372.98,,908.57,,0.00,0.00,0.00,0.00,18.93,,56.89,
,Maximum of Months,827.22,,626.94,,908.57,,0.00,0.00,0.00,0.00,53.37,,112.14,


----------------------------------------------------------------------------------------------------
REPORT:,PeakSpaceGainsMonthly
FOR:,PERIMETER_BOT_ZN_1
Custom Monthly Report

,,ZONE PEOPLE TOTAL HEATING ENERGY {Maximum} [W],ZONE PEOPLE TOTAL HEATING ENERGY {TIMESTAMP},ZONE LIGHTS TOTAL HEATING ENERGY {Maximum} [W],ZONE LIGHTS TOTAL HEATING ENERGY {TIMESTAMP},ZONE ELECTRIC EQUIPMENT TOTAL HEATING ENERGY {Maximum} [W],ZONE ELECTRIC EQUIPMENT TOTAL HEATING ENERGY {TIMESTAMP},ZONE GAS EQUIPMENT TOTAL HEATING ENERGY [],ZONE HOT WATER EQUIPMENT TOTAL HEATING ENERGY [],ZONE STEAM EQUIPMENT TOTAL HEATING ENERGY [],ZONE OTHER EQUIPMENT TOTAL HEATING ENERGY [],ZONE INFILTRATION SENSIBLE HEAT GAIN ENERGY {Maximum} [W],ZONE INFILTRATION SENSIBLE HEAT GAIN ENERGY {TIMESTAMP},ZONE INFILTRATION SENSIBLE HEAT LOSS ENERGY {Maximum} [W],ZONE INFILTRATION SENSIBLE HEAT LOSS ENERGY {TIMESTAMP}
,January,1306.65,02-JAN-10:30,528.76,02-JAN-08:30,1435.24,02-JAN-08:30,0.00,0.00,0.00,0.00,1994.94,31-JAN-12:00,6136.96,19-JAN-07:15
,February,-,-,-,-,-,-,-,-,-,-,-,-,-,-
,March,-,-,-,-,-,-,-,-,-,-,-,-,-,-
,April,1306.65,02-APR-09:30,990.82,17-APR-15:15,1435.24,02-APR-07:30,0.00,0.00,0.00,0.00,7236.11,09-APR-16:15,2274.29,17-APR-16:00
,May,-,-,-,-,-,-,-,-,-,-,-,-,-,-
,June,-,-,-,-,-,-,-,-,-,-,-,-,-,-
,July,1306.65,02-JUL-09:30,996.39,25-JUL-07:30,1435.24,02-JUL-07:30,0.00,0.00,0.00,0.00,4379.69,06-JUL-16:15,2767.07,26-JUL-06:15
,August,-,-,-,-,-,-,-,-,-,-,-,-,-,-
,September,-,-,-,-,-,-,-,-,-,-,-,-,-,-
,October,-,-,-,-,-,-,-,-,-,-,-,-,-,-
,November,-,-,-,-,-,-,-,-,-,-,-,-,-,-
,December,-,-,-,-,-,-,-,-,-,-,-,-,-,-
,,,,,,,,,,,,,,,
,Annual Sum or Average,,,,,,,0.00,0.00,0.00,0.00,,,,
,Minimum of Months,1306.65,,528.76,,1435.24,,0.00,0.00,0.00,0.00,1994.94,,2274.29,
,Maximum of Months,1306.65,,996.39,,1435.24,,0.00,0.00,0.00,0.00,7236.11,,6136.96,


----------------------------------------------------------------------------------------------------
REPORT:,PeakSpaceGainsMonthly
FOR:,PERIMETER_BOT_ZN_4
Custom Monthly Report

,,ZONE PEOPLE TOTAL HEATING ENERGY {Maximum} [W],ZONE PEOPLE TOTAL HEATING ENERGY {TIMESTAMP},ZONE LIGHTS TOTAL HEATING ENERGY {Maximum} [W],ZONE LIGHTS TOTAL HEATING ENERGY {TIMESTAMP},ZONE ELECTRIC EQUIPMENT TOTAL HEATING ENERGY {Maximum} [W],ZONE ELECTRIC EQUIPMENT TOTAL HEATING ENERGY {TIMESTAMP},ZONE GAS EQUIPMENT TOTAL HEATING ENERGY [],ZONE HOT WATER EQUIPMENT TOTAL HEATING ENERGY [],ZONE STEAM EQUIPMENT TOTAL HEATING ENERGY [],ZONE OTHER EQUIPMENT TOTAL HEATING ENERGY [],ZONE INFILTRATION SENSIBLE HEAT GAIN ENERGY {Maximum} [W],ZONE INFILTRATION SENSIBLE HEAT GAIN ENERGY {TIMESTAMP},ZONE INFILTRATION SENSIBLE HEAT LOSS ENERGY {Maximum} [W],ZONE INFILTRATION SENSIBLE HEAT LOSS ENERGY {TIMESTAMP}
,January,827.17,02-JAN-10:30,387.37,05-JAN-08:30,908.57,02-JAN-08:30,0.00,0.00,0.00,0.00,20.32,29-JAN-12:45,109.93,16-JAN-02:00
,February,-,-,-,-,-,-,-,-,-,-,-,-,-,-
,March,-,-,-,-,-,-,-,-,-,-,-,-,-,-
,April,827.17,02-APR-09:30,626.90,17-APR-15:15,908.57,02-APR-07:30,0.00,0.00,0.00,0.00,58.21,29-APR-10:00,59.74,09-APR-21:45
,May,-,-,-,-,-,-,-,-,-,-,-,-,-,-
,June,-,-,-,-,-,-,-,-,-,-,-,-,-,-
,July,827.17,02-JUL-09:30,633.66,25-JUL-07:30,908.57,02-JUL-07:30,0.00,0.00,0.00,0.00,39.38,01-JUL-12:00,110.68,05-JUL-02:00
,August,-,-,-,-,-,-,-,-,-,-,-,-,-,-
,September,-,-,-,-,-,-,-,-,-,-,-,-,-,-
,October,-,-,-,-,-,-,-,-,-,-,-,-,-,-
,November,-,-,-,-,-,-,-,-,-,-,-,-,-,-
,December,-,-,-,-,-,-,-,-,-,-,-,-,-,-
,,,,,,,,,,,,,,,
,Annual Sum or Average,,,,,,,0.00,0.00,0.00,0.00,,,,
,Minimum of Months,827.17,,387.37,,908.57,,0.00,0.00,0.00,0.00,20.32,,59.74,
,Maximum of Months,827.17,,633.66,,908.57,,0.00,0.00,0.00,0.00,58.21,,110.68,


----------------------------------------------------------------------------------------------------
REPORT:,PeakSpaceGainsMonthly
FOR:,PERIMETER_MID_ZN_3
Custom Monthly Report

,,ZONE PEOPLE TOTAL HEATING ENERGY {Maximum} [W],ZONE PEOPLE TOTAL HEATING ENERGY {TIMESTAMP},ZONE LIGHTS TOTAL HEATING ENERGY {Maximum} [W],ZONE LIGHTS TOTAL HEATING ENERGY {TIMESTAMP},ZONE ELECTRIC EQUIPMENT TOTAL HEATING ENERGY {Maximum} [W],ZONE ELECTRIC EQUIPMENT TOTAL HEATING ENERGY {TIMESTAMP},ZONE GAS EQUIPMENT TOTAL HEATING ENERGY [],ZONE HOT WATER EQUIPMENT TOTAL HEATING ENERGY [],ZONE STEAM EQUIPMENT TOTAL HEATING ENERGY [],ZONE OTHER EQUIPMENT TOTAL HEATING ENERGY [],ZONE INFILTRATION SENSIBLE HEAT GAIN ENERGY {Maximum} [W],ZONE INFILTRATION SENSIBLE HEAT GAIN ENERGY {TIMESTAMP},ZONE INFILTRATION SENSIBLE HEAT LOSS ENERGY {Maximum} [W],ZONE INFILTRATION SENSIBLE HEAT LOSS ENERGY {TIMESTAMP}
,January,1306.65,02-JAN-10:30,599.82,05-JAN-08:30,1435.25,02-JAN-08:30,0.00,0.00,0.00,0.00,54.90,29-JAN-12:00,254.48,16-JAN-02:00
,February,-,-,-,-,-,-,-,-,-,-,-,-,-,-
,March,-,-,-,-,-,-,-,-,-,-,-,-,-,-
,April,1306.65,02-APR-09:30,995.07,17-APR-15:15,1435.25,02-APR-07:30,0.00,0.00,0.00,0.00,127.78,29-APR-10:45,126.42,09-APR-21:00
,May,-,-,-,-,-,-,-,-,-,-,-,-,-,-
,June,-,-,-,-,-,-,-,-,-,-,-,-,-,-
,July,1306.65,02-JUL-09:30,993.01,25-JUL-07:30,1435.25,02-JUL-07:30,0.00,0.00,0.00,0.00,85.62,01-JUL-12:00,273.10,05-JUL-02:00
,August,-,-,-,-,-,-,-,-,-,-,-,-,-,-
,September,-,-,-,-,-,-,-,-,-,-,-,-,-,-
,October,-,-,-,-,-,-,-,-,-,-,-,-,-,-
,November,-,-,-,-,-,-,-,-,-,-,-,-,-,-
,December,-,-,-,-,-,-,-,-,-,-,-,-,-,-
,,,,,,,,,,,,,,,
,Annual Sum or Average,,,,,,,0.00,0.00,0.00,0.00,,,,
,Minimum of Months,1306.65,,599.82,,1435.25,,0.00,0.00,0.00,0.00,54.90,,126.42,
,Maximum of Months,1306.65,,995.07,,1435.25,,0.00,0.00,0.00,0.00,127.78,,273.10,


----------------------------------------------------------------------------------------------------
REPORT:,PeakSpaceGainsMonthly
FOR:,PERIMETER_MID_ZN_2
Custom Monthly Report

,,ZONE PEOPLE TOTAL HEATING ENERGY {Maximum} [W],ZONE PEOPLE TOTAL HEATING ENERGY {TIMESTAMP},ZONE LIGHTS TOTAL HEATING ENERGY {Maximum} [W],ZONE LIGHTS TOTAL HEATING ENERGY {TIMESTAMP},ZONE ELECTRIC EQUIPMENT TOTAL HEATING ENERGY {Maximum} [W],ZONE ELECTRIC EQUIPMENT TOTAL HEATING ENERGY {TIMESTAMP},ZONE GAS EQUIPMENT TOTAL HEATING ENERGY [],ZONE HOT WATER EQUIPMENT TOTAL HEATING ENERGY [],ZONE STEAM EQUIPMENT TOTAL HEATING ENERGY [],ZONE OTHER EQUIPMENT TOTAL HEATING ENERGY [],ZONE INFILTRATION SENSIBLE HEAT GAIN ENERGY {Maximum} [W],ZONE INFILTRATION SENSIBLE HEAT GAIN ENERGY {TIMESTAMP},ZONE INFILTRATION SENSIBLE HEAT LOSS ENERGY {Maximum} [W],ZONE INFILTRATION SENSIBLE HEAT LOSS ENERGY {TIMESTAMP}
,January,805.43,02-JAN-08:30,375.36,12-JAN-16:15,908.57,02-JAN-08:30,0.00,0.00,0.00,0.00,25.60,31-JAN-13:15,175.16,16-JAN-02:00
,February,-,-,-,-,-,-,-,-,-,-,-,-,-,-
,March,-,-,-,-,-,-,-,-,-,-,-,-,-,-
,April,805.43,02-APR-07:30,629.15,17-APR-15:15,908.57,02-APR-07:30,0.00,0.00,0.00,0.00,77.45,29-APR-10:45,86.36,09-APR-21:00
,May,-,-,-,-,-,-,-,-,-,-,-,-,-,-
,June,-,-,-,-,-,-,-,-,-,-,-,-,-,-
,July,805.43,02-JUL-07:30,620.85,25-JUL-07:30,908.57,02-JUL-07:30,0.00,0.00,0.00,0.00,57.04,01-JUL-12:00,181.69,05-JUL-02:00
,August,-,-,-,-,-,-,-,-,-,-,-,-,-,-
,September,-,-,-,-,-,-,-,-,-,-,-,-,-,-
,October,-,-,-,-,-,-,-,-,-,-,-,-,-,-
,November,-,-,-,-,-,-,-,-,-,-,-,-,-,-
,December,-,-,-,-,-,-,-,-,-,-,-,-,-,-
,,,,,,,,,,,,,,,
,Annual Sum or Average,,,,,,,0.00,0.00,0.00,0.00,,,,
,Minimum of Months,805.43,,375.36,,908.57,,0.00,0.00,0.00,0.00,25.60,,86.36,
,Maximum of Months,805.43,,629.15,,908.57,,0.00,0.00,0.00,0.00,77.45,,181.69,


----------------------------------------------------------------------------------------------------
REPORT:,PeakSpaceGainsMonthly
FOR:,PERIMETER_MID_ZN_1
Custom Monthly Report

,,ZONE PEOPLE TOTAL HEATING ENERGY {Maximum} [W],ZONE PEOPLE TOTAL HEATING ENERGY {TIMESTAMP},ZONE LIGHTS TOTAL HEATING ENERGY {Maximum} [W],ZONE LIGHTS TOTAL HEATING ENERGY {TIMESTAMP},ZONE ELECTRIC EQUIPMENT TOTAL HEATING ENERGY {Maximum} [W],ZONE ELECTRIC EQUIPMENT TOTAL HEATING ENERGY {TIMESTAMP},ZONE GAS EQUIPMENT TOTAL HEATING ENERGY [],ZONE HOT WATER EQUIPMENT TOTAL HEATING ENERGY [],ZONE STEAM EQUIPMENT TOTAL HEATING ENERGY [],ZONE OTHER EQUIPMENT TOTAL HEATING ENERGY [],ZONE INFILTRATION SENSIBLE HEAT GAIN ENERGY {Maximum} [W],ZONE INFILTRATION SENSIBLE HEAT GAIN ENERGY {TIMESTAMP},ZONE INFILTRATION SENSIBLE HEAT LOSS ENERGY {Maximum} [W],ZONE INFILTRATION SENSIBLE HEAT LOSS ENERGY {TIMESTAMP}
,January,1306.65,02-JAN-10:30,528.76,02-JAN-08:30,1435.24,02-JAN-08:30,0.00,0.00,0.00,0.00,32.48,29-JAN-14:30,272.93,16-JAN-02:00
,February,-,-,-,-,-,-,-,-,-,-,-,-,-,-
,March,-,-,-,-,-,-,-,-,-,-,-,-,-,-
,April,1306.65,02-APR-09:30,995.07,17-APR-15:15,1435.24,02-APR-07:30,0.00,0.00,0.00,0.00,120.99,29-APR-10:45,126.62,09-APR-21:00
,May,-,-,-,-,-,-,-,-,-,-,-,-,-,-
,June,-,-,-,-,-,-,-,-,-,-,-,-,-,-
,July,1306.65,02-JUL-09:30,1000.49,25-JUL-07:30,1435.24,02-JUL-07:30,0.00,0.00,0.00,0.00,85.81,01-JUL-12:00,269.97,05-JUL-02:00
,August,-,-,-,-,-,-,-,-,-,-,-,-,-,-
,September,-,-,-,-,-,-,-,-,-,-,-,-,-,-
,October,-,-,-,-,-,-,-,-,-,-,-,-,-,-
,November,-,-,-,-,-,-,-,-,-,-,-,-,-,-
,December,-,-,-,-,-,-,-,-,-,-,-,-,-,-
,,,,,,,,,,,,,,,
,Annual Sum or Average,,,,,,,0.00,0.00,0.00,0.00,,,,
,Minimum of Months,1306.65,,528.76,,1435.24,,0.00,0.00,0.00,0.00,32.48,,126.62,
,Maximum of Months,1306.65,,1000.49,,1435.24,,0.00,0.00,0.00,0.00,120.99,,272.93,


----------------------------------------------------------------------------------------------------
REPORT:,PeakSpaceGainsMonthly
FOR:,PERIMETER_MID_ZN_4
Custom Monthly Report

,,ZONE PEOPLE TOTAL HEATING ENERGY {Maximum} [W],ZONE PEOPLE TOTAL HEATING ENERGY {TIMESTAMP},ZONE LIGHTS TOTAL HEATING ENERGY {Maximum} [W],ZONE LIGHTS TOTAL HEATING ENERGY {TIMESTAMP},ZONE ELECTRIC EQUIPMENT TOTAL HEATING ENERGY {Maximum} [W],ZONE ELECTRIC EQUIPMENT TOTAL HEATING ENERGY {TIMESTAMP},ZONE GAS EQUIPMENT TOTAL HEATING ENERGY [],ZONE HOT WATER EQUIPMENT TOTAL HEATING ENERGY [],ZONE STEAM EQUIPMENT TOTAL HEATING ENERGY [],ZONE OTHER EQUIPMENT TOTAL HEATING ENERGY [],ZONE INFILTRATION SENSIBLE HEAT GAIN ENERGY {Maximum} [W],ZONE INFILTRATION SENSIBLE HEAT GAIN ENERGY {TIMESTAMP},ZONE INFILTRATION SENSIBLE HEAT LOSS ENERGY {Maximum} [W],ZONE INFILTRATION SENSIBLE HEAT LOSS ENERGY {TIMESTAMP}
,January,827.17,02-JAN-10:30,388.97,05-JAN-08:30,908.57,02-JAN-08:30,0.00,0.00,0.00,0.00,28.32,29-JAN-12:00,177.05,16-JAN-02:00
,February,-,-,-,-,-,-,-,-,-,-,-,-,-,-
,March,-,-,-,-,-,-,-,-,-,-,-,-,-,-
,April,827.17,02-APR-09:30,629.11,17-APR-15:15,908.57,02-APR-07:30,0.00,0.00,0.00,0.00,80.73,29-APR-10:45,90.10,09-APR-21:00
,May,-,-,-,-,-,-,-,-,-,-,-,-,-,-
,June,-,-,-,-,-,-,-,-,-,-,-,-,-,-
,July,827.17,02-JUL-09:30,635.67,25-JUL-07:30,908.57,02-JUL-07:30,0.00,0.00,0.00,0.00,57.16,01-JUL-12:00,181.66,05-JUL-02:00
,August,-,-,-,-,-,-,-,-,-,-,-,-,-,-
,September,-,-,-,-,-,-,-,-,-,-,-,-,-,-
,October,-,-,-,-,-,-,-,-,-,-,-,-,-,-
,November,-,-,-,-,-,-,-,-,-,-,-,-,-,-
,December,-,-,-,-,-,-,-,-,-,-,-,-,-,-
,,,,,,,,,,,,,,,
,Annual Sum or Average,,,,,,,0.00,0.00,0.00,0.00,,,,
,Minimum of Months,827.17,,388.97,,908.57,,0.00,0.00,0.00,0.00,28.32,,90.10,
,Maximum of Months,827.17,,635.67,,908.57,,0.00,0.00,0.00,0.00,80.73,,181.66,


----------------------------------------------------------------------------------------------------
REPORT:,PeakSpaceGainsMonthly
FOR:,FIRSTFLOOR_PLENUM
Custom Monthly Report

,,ZONE PEOPLE TOTAL HEATING ENERGY [],ZONE LIGHTS TOTAL HEATING ENERGY [],ZONE ELECTRIC EQUIPMENT TOTAL HEATING ENERGY [],ZONE GAS EQUIPMENT TOTAL HEATING ENERGY [],ZONE HOT WATER EQUIPMENT TOTAL HEATING ENERGY [],ZONE STEAM EQUIPMENT TOTAL HEATING ENERGY [],ZONE OTHER EQUIPMENT TOTAL HEATING ENERGY [],ZONE INFILTRATION SENSIBLE HEAT GAIN ENERGY {Maximum} [W],ZONE INFILTRATION SENSIBLE HEAT GAIN ENERGY {TIMESTAMP},ZONE INFILTRATION SENSIBLE HEAT LOSS ENERGY {Maximum} [W],ZONE INFILTRATION SENSIBLE HEAT LOSS ENERGY {TIMESTAMP}
,January,0.00,0.00,0.00,0.00,0.00,0.00,0.00,58.32,29-JAN-14:00,345.06,16-JAN-02:00
,February,-,-,-,-,-,-,-,-,-,-,-
,March,-,-,-,-,-,-,-,-,-,-,-
,April,0.00,0.00,0.00,0.00,0.00,0.00,0.00,168.07,29-APR-10:00,160.89,09-APR-21:00
,May,-,-,-,-,-,-,-,-,-,-,-
,June,-,-,-,-,-,-,-,-,-,-,-
,July,0.00,0.00,0.00,0.00,0.00,0.00,0.00,102.94,22-JUL-13:00,354.74,05-JUL-02:00
,August,-,-,-,-,-,-,-,-,-,-,-
,September,-,-,-,-,-,-,-,-,-,-,-
,October,-,-,-,-,-,-,-,-,-,-,-
,November,-,-,-,-,-,-,-,-,-,-,-
,December,-,-,-,-,-,-,-,-,-,-,-
,,,,,,,,,,,,
,Annual Sum or Average,0.00,0.00,0.00,0.00,0.00,0.00,0.00,,,,
,Minimum of Months,0.00,0.00,0.00,0.00,0.00,0.00,0.00,58.32,,160.89,
,Maximum of Months,0.00,0.00,0.00,0.00,0.00,0.00,0.00,168.07,,354.74,


----------------------------------------------------------------------------------------------------
REPORT:,PeakSpaceGainsMonthly
FOR:,MIDFLOOR_PLENUM
Custom Monthly Report

,,ZONE PEOPLE TOTAL HEATING ENERGY [],ZONE LIGHTS TOTAL HEATING ENERGY [],ZONE ELECTRIC EQUIPMENT TOTAL HEATING ENERGY [],ZONE GAS EQUIPMENT TOTAL HEATING ENERGY [],ZONE HOT WATER EQUIPMENT TOTAL HEATING ENERGY [],ZONE STEAM EQUIPMENT TOTAL HEATING ENERGY [],ZONE OTHER EQUIPMENT TOTAL HEATING ENERGY [],ZONE INFILTRATION SENSIBLE HEAT GAIN ENERGY {Maximum} [W],ZONE INFILTRATION SENSIBLE HEAT GAIN ENERGY {TIMESTAMP},ZONE INFILTRATION SENSIBLE HEAT LOSS ENERGY {Maximum} [W],ZONE INFILTRATION SENSIBLE HEAT LOSS ENERGY {TIMESTAMP}
,January,0.00,0.00,0.00,0.00,0.00,0.00,0.00,71.84,29-JAN-14:45,450.66,16-JAN-02:00
,February,-,-,-,-,-,-,-,-,-,-,-
,March,-,-,-,-,-,-,-,-,-,-,-
,April,0.00,0.00,0.00,0.00,0.00,0.00,0.00,209.05,29-APR-10:00,211.13,09-APR-21:45
,May,-,-,-,-,-,-,-,-,-,-,-
,June,-,-,-,-,-,-,-,-,-,-,-
,July,0.00,0.00,0.00,0.00,0.00,0.00,0.00,126.09,22-JUL-13:00,456.78,05-JUL-02:00
,August,-,-,-,-,-,-,-,-,-,-,-
,September,-,-,-,-,-,-,-,-,-,-,-
,October,-,-,-,-,-,-,-,-,-,-,-
,November,-,-,-,-,-,-,-,-,-,-,-
,December,-,-,-,-,-,-,-,-,-,-,-
,,,,,,,,,,,,
,Annual Sum or Average,0.00,0.00,0.00,0.00,0.00,0.00,0.00,,,,
,Minimum of Months,0.00,0.00,0.00,0.00,0.00,0.00,0.00,71.84,,211.13,
,Maximum of Months,0.00,0.00,0.00,0.00,0.00,0.00,0.00,209.05,,456.78,


----------------------------------------------------------------------------------------------------
REPORT:,PeakSpaceGainsMonthly
FOR:,TOPFLOOR_PLENUM
Custom Monthly Report

,,ZONE PEOPLE TOTAL HEATING ENERGY [],ZONE LIGHTS TOTAL HEATING ENERGY [],ZONE ELECTRIC EQUIPMENT TOTAL HEATING ENERGY [],ZONE GAS EQUIPMENT TOTAL HEATING ENERGY [],ZONE HOT WATER EQUIPMENT TOTAL HEATING ENERGY [],ZONE STEAM EQUIPMENT TOTAL HEATING ENERGY [],ZONE OTHER EQUIPMENT TOTAL HEATING ENERGY [],ZONE INFILTRATION SENSIBLE HEAT GAIN ENERGY {Maximum} [W],ZONE INFILTRATION SENSIBLE HEAT GAIN ENERGY {TIMESTAMP},ZONE INFILTRATION SENSIBLE HEAT LOSS ENERGY {Maximum} [W],ZONE INFILTRATION SENSIBLE HEAT LOSS ENERGY {TIMESTAMP}
,January,0.00,0.00,0.00,0.00,0.00,0.00,0.00,36.39,31-JAN-12:00,446.15,16-JAN-02:00
,February,-,-,-,-,-,-,-,-,-,-,-
,March,-,-,-,-,-,-,-,-,-,-,-
,April,0.00,0.00,0.00,0.00,0.00,0.00,0.00,159.92,29-APR-10:45,195.24,09-APR-21:15
,May,-,-,-,-,-,-,-,-,-,-,-
,June,-,-,-,-,-,-,-,-,-,-,-
,July,0.00,0.00,0.00,0.00,0.00,0.00,0.00,78.30,06-JUL-14:00,445.85,05-JUL-02:00
,August,-,-,-,-,-,-,-,-,-,-,-
,September,-,-,-,-,-,-,-,-,-,-,-
,October,-,-,-,-,-,-,-,-,-,-,-
,November,-,-,-,-,-,-,-,-,-,-,-
,December,-,-,-,-,-,-,-,-,-,-,-
,,,,,,,,,,,,
,Annual Sum or Average,0.00,0.00,0.00,0.00,0.00,0.00,0.00,,,,
,Minimum of Months,0.00,0.00,0.00,0.00,0.00,0.00,0.00,36.39,,195.24,
,Maximum of Months,0.00,0.00,0.00,0.00,0.00,0.00,0.00,159.92,,446.15,


----------------------------------------------------------------------------------------------------
REPORT:,SpaceGainComponentsAtCoolingPeakMonthly
FOR:,CORE_BOTTOM
Custom Monthly Report

,,ZONE AIR SYSTEM SENSIBLE COOLING RATE {Maximum} [W],ZONE AIR SYSTEM SENSIBLE COOLING RATE {TIMESTAMP},ZONE PEOPLE TOTAL HEATING ENERGY {AT MAX/MIN} [W],ZONE LIGHTS TOTAL HEATING ENERGY {AT MAX/MIN} [W],ZONE ELECTRIC EQUIPMENT TOTAL HEATING ENERGY {AT MAX/MIN} [W],ZONE GAS EQUIPMENT TOTAL HEATING ENERGY [],ZONE HOT WATER EQUIPMENT TOTAL HEATING ENERGY [],ZONE STEAM EQUIPMENT TOTAL HEATING ENERGY [],ZONE OTHER EQUIPMENT TOTAL HEATING ENERGY [],ZONE INFILTRATION SENSIBLE HEAT GAIN ENERGY [],ZONE INFILTRATION SENSIBLE HEAT LOSS ENERGY []
,January,35631.78,02-JAN-08:00,6035.01,5258.41,29050.39,0.00,0.00,0.00,0.00,0.00,0.00
,February,-,-,-,-,-,-,-,-,-,-,-
,March,-,-,-,-,-,-,-,-,-,-,-
,April,36146.58,02-APR-07:00,6035.01,5258.41,29050.39,0.00,0.00,0.00,0.00,0.00,0.00
,May,-,-,-,-,-,-,-,-,-,-,-
,June,-,-,-,-,-,-,-,-,-,-,-
,July,35631.21,02-JUL-07:30,6035.01,5258.41,29050.39,0.00,0.00,0.00,0.00,0.00,0.00
,August,-,-,-,-,-,-,-,-,-,-,-
,September,-,-,-,-,-,-,-,-,-,-,-
,October,-,-,-,-,-,-,-,-,-,-,-
,November,-,-,-,-,-,-,-,-,-,-,-
,December,-,-,-,-,-,-,-,-,-,-,-
,,,,,,,,,,,,
,Annual Sum or Average,,,,,,0.00,0.00,0.00,0.00,0.00,0.00
,Minimum of Months,35631.21,,6035.01,5258.41,29050.39,0.00,0.00,0.00,0.00,0.00,0.00
,Maximum of Months,36146.58,,6035.01,5258.41,29050.39,0.00,0.00,0.00,0.00,0.00,0.00


----------------------------------------------------------------------------------------------------
REPORT:,SpaceGainComponentsAtCoolingPeakMonthly
FOR:,TOPFLOOR_PLENUM
Custom Monthly Report

,,ZONE AIR SYSTEM SENSIBLE COOLING RATE {Maximum} [W],ZONE AIR SYSTEM SENSIBLE COOLING RATE {TIMESTAMP},ZONE PEOPLE TOTAL HEATING ENERGY [],ZONE LIGHTS TOTAL HEATING ENERGY [],ZONE ELECTRIC EQUIPMENT TOTAL HEATING ENERGY [],ZONE GAS EQUIPMENT TOTAL HEATING ENERGY [],ZONE HOT WATER EQUIPMENT TOTAL HEATING ENERGY [],ZONE STEAM EQUIPMENT TOTAL HEATING ENERGY [],ZONE OTHER EQUIPMENT TOTAL HEATING ENERGY [],ZONE INFILTRATION SENSIBLE HEAT GAIN ENERGY {AT MAX/MIN} [W],ZONE INFILTRATION SENSIBLE HEAT LOSS ENERGY {AT MAX/MIN} [W]
,January,8321.12,30-JAN-13:00,0.00,0.00,0.00,0.00,0.00,0.00,0.00,30.32,0.00
,February,-,-,-,-,-,-,-,-,-,-,-
,March,-,-,-,-,-,-,-,-,-,-,-
,April,10570.30,30-APR-13:30,0.00,0.00,0.00,0.00,0.00,0.00,0.00,52.52,0.00
,May,-,-,-,-,-,-,-,-,-,-,-
,June,-,-,-,-,-,-,-,-,-,-,-
,July,8773.99,23-JUL-12:15,0.00,0.00,0.00,0.00,0.00,0.00,0.00,0.00,1.52
,August,-,-,-,-,-,-,-,-,-,-,-
,September,-,-,-,-,-,-,-,-,-,-,-
,October,-,-,-,-,-,-,-,-,-,-,-
,November,-,-,-,-,-,-,-,-,-,-,-
,December,-,-,-,-,-,-,-,-,-,-,-
,,,,,,,,,,,,
,Annual Sum or Average,,,0.00,0.00,0.00,0.00,0.00,0.00,0.00,,
,Minimum of Months,8321.12,,0.00,0.00,0.00,0.00,0.00,0.00,0.00,0.00,0.00
,Maximum of Months,10570.30,,0.00,0.00,0.00,0.00,0.00,0.00,0.00,52.52,1.52


----------------------------------------------------------------------------------------------------
REPORT:,SpaceGainComponentsAtCoolingPeakMonthly
FOR:,MIDFLOOR_PLENUM
Custom Monthly Report

,,ZONE AIR SYSTEM SENSIBLE COOLING RATE {Maximum} [W],ZONE AIR SYSTEM SENSIBLE COOLING RATE {TIMESTAMP},ZONE PEOPLE TOTAL HEATING ENERGY [],ZONE LIGHTS TOTAL HEATING ENERGY [],ZONE ELECTRIC EQUIPMENT TOTAL HEATING ENERGY [],ZONE GAS EQUIPMENT TOTAL HEATING ENERGY [],ZONE HOT WATER EQUIPMENT TOTAL HEATING ENERGY [],ZONE STEAM EQUIPMENT TOTAL HEATING ENERGY [],ZONE OTHER EQUIPMENT TOTAL HEATING ENERGY [],ZONE INFILTRATION SENSIBLE HEAT GAIN ENERGY {AT MAX/MIN} [W],ZONE INFILTRATION SENSIBLE HEAT LOSS ENERGY {AT MAX/MIN} [W]
,January,4568.07,02-JAN-08:15,0.00,0.00,0.00,0.00,0.00,0.00,0.00,0.00,59.04
,February,-,-,-,-,-,-,-,-,-,-,-
,March,-,-,-,-,-,-,-,-,-,-,-
,April,5007.57,16-APR-07:15,0.00,0.00,0.00,0.00,0.00,0.00,0.00,0.00,3.34
,May,-,-,-,-,-,-,-,-,-,-,-
,June,-,-,-,-,-,-,-,-,-,-,-
,July,5543.09,02-JUL-07:45,0.00,0.00,0.00,0.00,0.00,0.00,0.00,0.00,42.09
,August,-,-,-,-,-,-,-,-,-,-,-
,September,-,-,-,-,-,-,-,-,-,-,-
,October,-,-,-,-,-,-,-,-,-,-,-
,November,-,-,-,-,-,-,-,-,-,-,-
,December,-,-,-,-,-,-,-,-,-,-,-
,,,,,,,,,,,,
,Annual Sum or Average,,,0.00,0.00,0.00,0.00,0.00,0.00,0.00,,
,Minimum of Months,4568.07,,0.00,0.00,0.00,0.00,0.00,0.00,0.00,0.00,3.34
,Maximum of Months,5543.09,,0.00,0.00,0.00,0.00,0.00,0.00,0.00,0.00,59.04


----------------------------------------------------------------------------------------------------
REPORT:,SpaceGainComponentsAtCoolingPeakMonthly
FOR:,FIRSTFLOOR_PLENUM
Custom Monthly Report

,,ZONE AIR SYSTEM SENSIBLE COOLING RATE {Maximum} [W],ZONE AIR SYSTEM SENSIBLE COOLING RATE {TIMESTAMP},ZONE PEOPLE TOTAL HEATING ENERGY [],ZONE LIGHTS TOTAL HEATING ENERGY [],ZONE ELECTRIC EQUIPMENT TOTAL HEATING ENERGY [],ZONE GAS EQUIPMENT TOTAL HEATING ENERGY [],ZONE HOT WATER EQUIPMENT TOTAL HEATING ENERGY [],ZONE STEAM EQUIPMENT TOTAL HEATING ENERGY [],ZONE OTHER EQUIPMENT TOTAL HEATING ENERGY [],ZONE INFILTRATION SENSIBLE HEAT GAIN ENERGY {AT MAX/MIN} [W],ZONE INFILTRATION SENSIBLE HEAT LOSS ENERGY {AT MAX/MIN} [W]
,January,5230.16,02-JAN-08:15,0.00,0.00,0.00,0.00,0.00,0.00,0.00,0.00,44.37
,February,-,-,-,-,-,-,-,-,-,-,-
,March,-,-,-,-,-,-,-,-,-,-,-
,April,5385.37,02-APR-07:15,0.00,0.00,0.00,0.00,0.00,0.00,0.00,0.00,0.00
,May,-,-,-,-,-,-,-,-,-,-,-
,June,-,-,-,-,-,-,-,-,-,-,-
,July,6003.60,02-JUL-07:30,0.00,0.00,0.00,0.00,0.00,0.00,0.00,0.00,32.61
,August,-,-,-,-,-,-,-,-,-,-,-
,September,-,-,-,-,-,-,-,-,-,-,-
,October,-,-,-,-,-,-,-,-,-,-,-
,November,-,-,-,-,-,-,-,-,-,-,-
,December,-,-,-,-,-,-,-,-,-,-,-
,,,,,,,,,,,,
,Annual Sum or Average,,,0.00,0.00,0.00,0.00,0.00,0.00,0.00,,
,Minimum of Months,5230.16,,0.00,0.00,0.00,0.00,0.00,0.00,0.00,0.00,0.00
,Maximum of Months,6003.60,,0.00,0.00,0.00,0.00,0.00,0.00,0.00,0.00,44.37


----------------------------------------------------------------------------------------------------
REPORT:,SpaceGainComponentsAtCoolingPeakMonthly
FOR:,CORE_MID
Custom Monthly Report

,,ZONE AIR SYSTEM SENSIBLE COOLING RATE {Maximum} [W],ZONE AIR SYSTEM SENSIBLE COOLING RATE {TIMESTAMP},ZONE PEOPLE TOTAL HEATING ENERGY {AT MAX/MIN} [W],ZONE LIGHTS TOTAL HEATING ENERGY {AT MAX/MIN} [W],ZONE ELECTRIC EQUIPMENT TOTAL HEATING ENERGY {AT MAX/MIN} [W],ZONE GAS EQUIPMENT TOTAL HEATING ENERGY [],ZONE HOT WATER EQUIPMENT TOTAL HEATING ENERGY [],ZONE STEAM EQUIPMENT TOTAL HEATING ENERGY [],ZONE OTHER EQUIPMENT TOTAL HEATING ENERGY [],ZONE INFILTRATION SENSIBLE HEAT GAIN ENERGY [],ZONE INFILTRATION SENSIBLE HEAT LOSS ENERGY []
,January,20907.64,02-JAN-07:15,1270.53,1752.80,3025.92,0.00,0.00,0.00,0.00,0.00,0.00
,February,-,-,-,-,-,-,-,-,-,-,-
,March,-,-,-,-,-,-,-,-,-,-,-
,April,21780.00,02-APR-06:15,1270.53,1752.80,3025.92,0.00,0.00,0.00,0.00,0.00,0.00
,May,-,-,-,-,-,-,-,-,-,-,-
,June,-,-,-,-,-,-,-,-,-,-,-
,July,21116.70,02-JUL-06:15,1270.53,1752.80,3025.92,0.00,0.00,0.00,0.00,0.00,0.00
,August,-,-,-,-,-,-,-,-,-,-,-
,September,-,-,-,-,-,-,-,-,-,-,-
,October,-,-,-,-,-,-,-,-,-,-,-
,November,-,-,-,-,-,-,-,-,-,-,-
,December,-,-,-,-,-,-,-,-,-,-,-
,,,,,,,,,,,,
,Annual Sum or Average,,,,,,0.00,0.00,0.00,0.00,0.00,0.00
,Minimum of Months,20907.64,,1270.53,1752.80,3025.92,0.00,0.00,0.00,0.00,0.00,0.00
,Maximum of Months,21780.00,,1270.53,1752.80,3025.92,0.00,0.00,0.00,0.00,0.00,0.00


----------------------------------------------------------------------------------------------------
REPORT:,SpaceGainComponentsAtCoolingPeakMonthly
FOR:,CORE_TOP
Custom Monthly Report

,,ZONE AIR SYSTEM SENSIBLE COOLING RATE {Maximum} [W],ZONE AIR SYSTEM SENSIBLE COOLING RATE {TIMESTAMP},ZONE PEOPLE TOTAL HEATING ENERGY {AT MAX/MIN} [W],ZONE LIGHTS TOTAL HEATING ENERGY {AT MAX/MIN} [W],ZONE ELECTRIC EQUIPMENT TOTAL HEATING ENERGY {AT MAX/MIN} [W],ZONE GAS EQUIPMENT TOTAL HEATING ENERGY [],ZONE HOT WATER EQUIPMENT TOTAL HEATING ENERGY [],ZONE STEAM EQUIPMENT TOTAL HEATING ENERGY [],ZONE OTHER EQUIPMENT TOTAL HEATING ENERGY [],ZONE INFILTRATION SENSIBLE HEAT GAIN ENERGY [],ZONE INFILTRATION SENSIBLE HEAT LOSS ENERGY []
,January,21409.04,02-JAN-14:15,6198.29,5258.41,6808.32,0.00,0.00,0.00,0.00,0.00,0.00
,February,-,-,-,-,-,-,-,-,-,-,-
,March,-,-,-,-,-,-,-,-,-,-,-
,April,22105.68,02-APR-13:15,6198.29,5258.41,6808.32,0.00,0.00,0.00,0.00,0.00,0.00
,May,-,-,-,-,-,-,-,-,-,-,-
,June,-,-,-,-,-,-,-,-,-,-,-
,July,22449.06,02-JUL-10:30,6035.01,5258.41,6808.32,0.00,0.00,0.00,0.00,0.00,0.00
,August,-,-,-,-,-,-,-,-,-,-,-
,September,-,-,-,-,-,-,-,-,-,-,-
,October,-,-,-,-,-,-,-,-,-,-,-
,November,-,-,-,-,-,-,-,-,-,-,-
,December,-,-,-,-,-,-,-,-,-,-,-
,,,,,,,,,,,,
,Annual Sum or Average,,,,,,0.00,0.00,0.00,0.00,0.00,0.00
,Minimum of Months,21409.04,,6035.01,5258.41,6808.32,0.00,0.00,0.00,0.00,0.00,0.00
,Maximum of Months,22449.06,,6198.29,5258.41,6808.32,0.00,0.00,0.00,0.00,0.00,0.00


----------------------------------------------------------------------------------------------------
REPORT:,SpaceGainComponentsAtCoolingPeakMonthly
FOR:,PERIMETER_TOP_ZN_3
Custom Monthly Report

,,ZONE AIR SYSTEM SENSIBLE COOLING RATE {Maximum} [W],ZONE AIR SYSTEM SENSIBLE COOLING RATE {TIMESTAMP},ZONE PEOPLE TOTAL HEATING ENERGY {AT MAX/MIN} [W],ZONE LIGHTS TOTAL HEATING ENERGY {AT MAX/MIN} [W],ZONE ELECTRIC EQUIPMENT TOTAL HEATING ENERGY {AT MAX/MIN} [W],ZONE GAS EQUIPMENT TOTAL HEATING ENERGY [],ZONE HOT WATER EQUIPMENT TOTAL HEATING ENERGY [],ZONE STEAM EQUIPMENT TOTAL HEATING ENERGY [],ZONE OTHER EQUIPMENT TOTAL HEATING ENERGY [],ZONE INFILTRATION SENSIBLE HEAT GAIN ENERGY {AT MAX/MIN} [W],ZONE INFILTRATION SENSIBLE HEAT LOSS ENERGY {AT MAX/MIN} [W]
,January,5940.24,17-JAN-14:15,1306.65,528.76,1435.25,0.00,0.00,0.00,0.00,8.49,0.00
,February,-,-,-,-,-,-,-,-,-,-,-
,March,-,-,-,-,-,-,-,-,-,-,-
,April,8032.11,30-APR-13:45,1306.65,528.76,1435.25,0.00,0.00,0.00,0.00,34.57,0.00
,May,-,-,-,-,-,-,-,-,-,-,-
,June,-,-,-,-,-,-,-,-,-,-,-
,July,8175.96,02-JUL-14:30,1272.23,528.76,1435.25,0.00,0.00,0.00,0.00,28.04,0.00
,August,-,-,-,-,-,-,-,-,-,-,-
,September,-,-,-,-,-,-,-,-,-,-,-
,October,-,-,-,-,-,-,-,-,-,-,-
,November,-,-,-,-,-,-,-,-,-,-,-
,December,-,-,-,-,-,-,-,-,-,-,-
,,,,,,,,,,,,
,Annual Sum or Average,,,,,,0.00,0.00,0.00,0.00,,
,Minimum of Months,5940.24,,1272.23,528.76,1435.25,0.00,0.00,0.00,0.00,8.49,0.00
,Maximum of Months,8175.96,,1306.65,528.76,1435.25,0.00,0.00,0.00,0.00,34.57,0.00


----------------------------------------------------------------------------------------------------
REPORT:,SpaceGainComponentsAtCoolingPeakMonthly
FOR:,PERIMETER_TOP_ZN_2
Custom Monthly Report

,,ZONE AIR SYSTEM SENSIBLE COOLING RATE {Maximum} [W],ZONE AIR SYSTEM SENSIBLE COOLING RATE {TIMESTAMP},ZONE PEOPLE TOTAL HEATING ENERGY {AT MAX/MIN} [W],ZONE LIGHTS TOTAL HEATING ENERGY {AT MAX/MIN} [W],ZONE ELECTRIC EQUIPMENT TOTAL HEATING ENERGY {AT MAX/MIN} [W],ZONE GAS EQUIPMENT TOTAL HEATING ENERGY [],ZONE HOT WATER EQUIPMENT TOTAL HEATING ENERGY [],ZONE STEAM EQUIPMENT TOTAL HEATING ENERGY [],ZONE OTHER EQUIPMENT TOTAL HEATING ENERGY [],ZONE INFILTRATION SENSIBLE HEAT GAIN ENERGY {AT MAX/MIN} [W],ZONE INFILTRATION SENSIBLE HEAT LOSS ENERGY {AT MAX/MIN} [W]
,January,7597.62,30-JAN-10:15,827.22,334.75,908.57,0.00,0.00,0.00,0.00,0.00,1.66
,February,-,-,-,-,-,-,-,-,-,-,-
,March,-,-,-,-,-,-,-,-,-,-,-
,April,9483.57,30-APR-08:00,805.43,334.75,908.57,0.00,0.00,0.00,0.00,28.02,0.00
,May,-,-,-,-,-,-,-,-,-,-,-
,June,-,-,-,-,-,-,-,-,-,-,-
,July,7319.47,02-JUL-10:30,805.43,334.75,908.57,0.00,0.00,0.00,0.00,6.63,0.00
,August,-,-,-,-,-,-,-,-,-,-,-
,September,-,-,-,-,-,-,-,-,-,-,-
,October,-,-,-,-,-,-,-,-,-,-,-
,November,-,-,-,-,-,-,-,-,-,-,-
,December,-,-,-,-,-,-,-,-,-,-,-
,,,,,,,,,,,,
,Annual Sum or Average,,,,,,0.00,0.00,0.00,0.00,,
,Minimum of Months,7319.47,,805.43,334.75,908.57,0.00,0.00,0.00,0.00,0.00,0.00
,Maximum of Months,9483.57,,827.22,334.75,908.57,0.00,0.00,0.00,0.00,28.02,1.66


----------------------------------------------------------------------------------------------------
REPORT:,SpaceGainComponentsAtCoolingPeakMonthly
FOR:,PERIMETER_TOP_ZN_1
Custom Monthly Report

,,ZONE AIR SYSTEM SENSIBLE COOLING RATE {Maximum} [W],ZONE AIR SYSTEM SENSIBLE COOLING RATE {TIMESTAMP},ZONE PEOPLE TOTAL HEATING ENERGY {AT MAX/MIN} [W],ZONE LIGHTS TOTAL HEATING ENERGY {AT MAX/MIN} [W],ZONE ELECTRIC EQUIPMENT TOTAL HEATING ENERGY {AT MAX/MIN} [W],ZONE GAS EQUIPMENT TOTAL HEATING ENERGY [],ZONE HOT WATER EQUIPMENT TOTAL HEATING ENERGY [],ZONE STEAM EQUIPMENT TOTAL HEATING ENERGY [],ZONE OTHER EQUIPMENT TOTAL HEATING ENERGY [],ZONE INFILTRATION SENSIBLE HEAT GAIN ENERGY {AT MAX/MIN} [W],ZONE INFILTRATION SENSIBLE HEAT LOSS ENERGY {AT MAX/MIN} [W]
,January,10544.76,29-JAN-12:00,66.96,29.38,478.41,0.00,0.00,0.00,0.00,9.36,0.00
,February,-,-,-,-,-,-,-,-,-,-,-
,March,-,-,-,-,-,-,-,-,-,-,-
,April,7888.56,30-APR-14:45,1272.23,528.76,1435.24,0.00,0.00,0.00,0.00,22.30,0.00
,May,-,-,-,-,-,-,-,-,-,-,-
,June,-,-,-,-,-,-,-,-,-,-,-
,July,7068.10,02-JUL-14:30,1272.23,528.76,1435.24,0.00,0.00,0.00,0.00,28.04,0.00
,August,-,-,-,-,-,-,-,-,-,-,-
,September,-,-,-,-,-,-,-,-,-,-,-
,October,-,-,-,-,-,-,-,-,-,-,-
,November,-,-,-,-,-,-,-,-,-,-,-
,December,-,-,-,-,-,-,-,-,-,-,-
,,,,,,,,,,,,
,Annual Sum or Average,,,,,,0.00,0.00,0.00,0.00,,
,Minimum of Months,7068.10,,66.96,29.38,478.41,0.00,0.00,0.00,0.00,9.36,0.00
,Maximum of Months,10544.76,,1272.23,528.76,1435.24,0.00,0.00,0.00,0.00,28.04,0.00


----------------------------------------------------------------------------------------------------
REPORT:,SpaceGainComponentsAtCoolingPeakMonthly
FOR:,PERIMETER_TOP_ZN_4
Custom Monthly Report

,,ZONE AIR SYSTEM SENSIBLE COOLING RATE {Maximum} [W],ZONE AIR SYSTEM SENSIBLE COOLING RATE {TIMESTAMP},ZONE PEOPLE TOTAL HEATING ENERGY {AT MAX/MIN} [W],ZONE LIGHTS TOTAL HEATING ENERGY {AT MAX/MIN} [W],ZONE ELECTRIC EQUIPMENT TOTAL HEATING ENERGY {AT MAX/MIN} [W],ZONE GAS EQUIPMENT TOTAL HEATING ENERGY [],ZONE HOT WATER EQUIPMENT TOTAL HEATING ENERGY [],ZONE STEAM EQUIPMENT TOTAL HEATING ENERGY [],ZONE OTHER EQUIPMENT TOTAL HEATING ENERGY [],ZONE INFILTRATION SENSIBLE HEAT GAIN ENERGY {AT MAX/MIN} [W],ZONE INFILTRATION SENSIBLE HEAT LOSS ENERGY {AT MAX/MIN} [W]
,January,7899.23,30-JAN-16:30,805.38,334.73,908.57,0.00,0.00,0.00,0.00,15.99,0.00
,February,-,-,-,-,-,-,-,-,-,-,-
,March,-,-,-,-,-,-,-,-,-,-,-
,April,9918.25,09-APR-15:45,805.38,334.73,908.57,0.00,0.00,0.00,0.00,0.00,0.00
,May,-,-,-,-,-,-,-,-,-,-,-
,June,-,-,-,-,-,-,-,-,-,-,-
,July,8252.79,06-JUL-15:00,805.38,334.73,908.57,0.00,0.00,0.00,0.00,42.58,0.00
,August,-,-,-,-,-,-,-,-,-,-,-
,September,-,-,-,-,-,-,-,-,-,-,-
,October,-,-,-,-,-,-,-,-,-,-,-
,November,-,-,-,-,-,-,-,-,-,-,-
,December,-,-,-,-,-,-,-,-,-,-,-
,,,,,,,,,,,,
,Annual Sum or Average,,,,,,0.00,0.00,0.00,0.00,,
,Minimum of Months,7899.23,,805.38,334.73,908.57,0.00,0.00,0.00,0.00,0.00,0.00
,Maximum of Months,9918.25,,805.38,334.73,908.57,0.00,0.00,0.00,0.00,42.58,0.00


----------------------------------------------------------------------------------------------------
REPORT:,SpaceGainComponentsAtCoolingPeakMonthly
FOR:,PERIMETER_BOT_ZN_3
Custom Monthly Report

,,ZONE AIR SYSTEM SENSIBLE COOLING RATE {Maximum} [W],ZONE AIR SYSTEM SENSIBLE COOLING RATE {TIMESTAMP},ZONE PEOPLE TOTAL HEATING ENERGY {AT MAX/MIN} [W],ZONE LIGHTS TOTAL HEATING ENERGY {AT MAX/MIN} [W],ZONE ELECTRIC EQUIPMENT TOTAL HEATING ENERGY {AT MAX/MIN} [W],ZONE GAS EQUIPMENT TOTAL HEATING ENERGY [],ZONE HOT WATER EQUIPMENT TOTAL HEATING ENERGY [],ZONE STEAM EQUIPMENT TOTAL HEATING ENERGY [],ZONE OTHER EQUIPMENT TOTAL HEATING ENERGY [],ZONE INFILTRATION SENSIBLE HEAT GAIN ENERGY {AT MAX/MIN} [W],ZONE INFILTRATION SENSIBLE HEAT LOSS ENERGY {AT MAX/MIN} [W]
,January,4241.34,17-JAN-14:15,1306.65,528.76,1435.25,0.00,0.00,0.00,0.00,4.86,0.00
,February,-,-,-,-,-,-,-,-,-,-,-
,March,-,-,-,-,-,-,-,-,-,-,-
,April,6010.04,30-APR-13:45,1306.65,528.76,1435.25,0.00,0.00,0.00,0.00,18.99,0.00
,May,-,-,-,-,-,-,-,-,-,-,-
,June,-,-,-,-,-,-,-,-,-,-,-
,July,6822.25,02-JUL-14:30,1272.23,528.76,1435.25,0.00,0.00,0.00,0.00,15.55,0.00
,August,-,-,-,-,-,-,-,-,-,-,-
,September,-,-,-,-,-,-,-,-,-,-,-
,October,-,-,-,-,-,-,-,-,-,-,-
,November,-,-,-,-,-,-,-,-,-,-,-
,December,-,-,-,-,-,-,-,-,-,-,-
,,,,,,,,,,,,
,Annual Sum or Average,,,,,,0.00,0.00,0.00,0.00,,
,Minimum of Months,4241.34,,1272.23,528.76,1435.25,0.00,0.00,0.00,0.00,4.86,0.00
,Maximum of Months,6822.25,,1306.65,528.76,1435.25,0.00,0.00,0.00,0.00,18.99,0.00


----------------------------------------------------------------------------------------------------
REPORT:,SpaceGainComponentsAtCoolingPeakMonthly
FOR:,PERIMETER_BOT_ZN_2
Custom Monthly Report

,,ZONE AIR SYSTEM SENSIBLE COOLING RATE {Maximum} [W],ZONE AIR SYSTEM SENSIBLE COOLING RATE {TIMESTAMP},ZONE PEOPLE TOTAL HEATING ENERGY {AT MAX/MIN} [W],ZONE LIGHTS TOTAL HEATING ENERGY {AT MAX/MIN} [W],ZONE ELECTRIC EQUIPMENT TOTAL HEATING ENERGY {AT MAX/MIN} [W],ZONE GAS EQUIPMENT TOTAL HEATING ENERGY [],ZONE HOT WATER EQUIPMENT TOTAL HEATING ENERGY [],ZONE STEAM EQUIPMENT TOTAL HEATING ENERGY [],ZONE OTHER EQUIPMENT TOTAL HEATING ENERGY [],ZONE INFILTRATION SENSIBLE HEAT GAIN ENERGY {AT MAX/MIN} [W],ZONE INFILTRATION SENSIBLE HEAT LOSS ENERGY {AT MAX/MIN} [W]
,January,5791.33,30-JAN-10:30,827.22,334.75,908.57,0.00,0.00,0.00,0.00,1.06,0.00
,February,-,-,-,-,-,-,-,-,-,-,-
,March,-,-,-,-,-,-,-,-,-,-,-
,April,7351.15,30-APR-09:00,827.22,334.75,908.57,0.00,0.00,0.00,0.00,20.23,0.00
,May,-,-,-,-,-,-,-,-,-,-,-
,June,-,-,-,-,-,-,-,-,-,-,-
,July,6224.77,02-JUL-10:15,805.43,334.75,908.57,0.00,0.00,0.00,0.00,2.75,0.00
,August,-,-,-,-,-,-,-,-,-,-,-
,September,-,-,-,-,-,-,-,-,-,-,-
,October,-,-,-,-,-,-,-,-,-,-,-
,November,-,-,-,-,-,-,-,-,-,-,-
,December,-,-,-,-,-,-,-,-,-,-,-
,,,,,,,,,,,,
,Annual Sum or Average,,,,,,0.00,0.00,0.00,0.00,,
,Minimum of Months,5791.33,,805.43,334.75,908.57,0.00,0.00,0.00,0.00,1.06,0.00
,Maximum of Months,7351.15,,827.22,334.75,908.57,0.00,0.00,0.00,0.00,20.23,0.00


----------------------------------------------------------------------------------------------------
REPORT:,SpaceGainComponentsAtCoolingPeakMonthly
FOR:,PERIMETER_BOT_ZN_1
Custom Monthly Report

,,ZONE AIR SYSTEM SENSIBLE COOLING RATE {Maximum} [W],ZONE AIR SYSTEM SENSIBLE COOLING RATE {TIMESTAMP},ZONE PEOPLE TOTAL HEATING ENERGY {AT MAX/MIN} [W],ZONE LIGHTS TOTAL HEATING ENERGY {AT MAX/MIN} [W],ZONE ELECTRIC EQUIPMENT TOTAL HEATING ENERGY {AT MAX/MIN} [W],ZONE GAS EQUIPMENT TOTAL HEATING ENERGY [],ZONE HOT WATER EQUIPMENT TOTAL HEATING ENERGY [],ZONE STEAM EQUIPMENT TOTAL HEATING ENERGY [],ZONE OTHER EQUIPMENT TOTAL HEATING ENERGY [],ZONE INFILTRATION SENSIBLE HEAT GAIN ENERGY {AT MAX/MIN} [W],ZONE INFILTRATION SENSIBLE HEAT LOSS ENERGY {AT MAX/MIN} [W]
,January,8036.37,30-JAN-12:00,687.71,528.76,1275.77,0.00,0.00,0.00,0.00,1481.97,0.00
,February,-,-,-,-,-,-,-,-,-,-,-
,March,-,-,-,-,-,-,-,-,-,-,-
,April,8081.25,30-APR-11:00,687.71,528.76,1275.77,0.00,0.00,0.00,0.00,6864.14,0.00
,May,-,-,-,-,-,-,-,-,-,-,-
,June,-,-,-,-,-,-,-,-,-,-,-
,July,6875.84,06-JUL-16:30,401.76,293.76,797.35,0.00,0.00,0.00,0.00,4089.37,0.00
,August,-,-,-,-,-,-,-,-,-,-,-
,September,-,-,-,-,-,-,-,-,-,-,-
,October,-,-,-,-,-,-,-,-,-,-,-
,November,-,-,-,-,-,-,-,-,-,-,-
,December,-,-,-,-,-,-,-,-,-,-,-
,,,,,,,,,,,,
,Annual Sum or Average,,,,,,0.00,0.00,0.00,0.00,,
,Minimum of Months,6875.84,,401.76,293.76,797.35,0.00,0.00,0.00,0.00,1481.97,0.00
,Maximum of Months,8081.25,,687.71,528.76,1275.77,0.00,0.00,0.00,0.00,6864.14,0.00


----------------------------------------------------------------------------------------------------
REPORT:,SpaceGainComponentsAtCoolingPeakMonthly
FOR:,PERIMETER_BOT_ZN_4
Custom Monthly Report

,,ZONE AIR SYSTEM SENSIBLE COOLING RATE {Maximum} [W],ZONE AIR SYSTEM SENSIBLE COOLING RATE {TIMESTAMP},ZONE PEOPLE TOTAL HEATING ENERGY {AT MAX/MIN} [W],ZONE LIGHTS TOTAL HEATING ENERGY {AT MAX/MIN} [W],ZONE ELECTRIC EQUIPMENT TOTAL HEATING ENERGY {AT MAX/MIN} [W],ZONE GAS EQUIPMENT TOTAL HEATING ENERGY [],ZONE HOT WATER EQUIPMENT TOTAL HEATING ENERGY [],ZONE STEAM EQUIPMENT TOTAL HEATING ENERGY [],ZONE OTHER EQUIPMENT TOTAL HEATING ENERGY [],ZONE INFILTRATION SENSIBLE HEAT GAIN ENERGY {AT MAX/MIN} [W],ZONE INFILTRATION SENSIBLE HEAT LOSS ENERGY {AT MAX/MIN} [W]
,January,5775.05,30-JAN-16:30,805.38,334.73,908.57,0.00,0.00,0.00,0.00,8.83,0.00
,February,-,-,-,-,-,-,-,-,-,-,-
,March,-,-,-,-,-,-,-,-,-,-,-
,April,7476.64,09-APR-15:00,805.38,334.73,908.57,0.00,0.00,0.00,0.00,0.00,0.00
,May,-,-,-,-,-,-,-,-,-,-,-
,June,-,-,-,-,-,-,-,-,-,-,-
,July,6121.03,06-JUL-15:00,805.38,334.73,908.57,0.00,0.00,0.00,0.00,23.32,0.00
,August,-,-,-,-,-,-,-,-,-,-,-
,September,-,-,-,-,-,-,-,-,-,-,-
,October,-,-,-,-,-,-,-,-,-,-,-
,November,-,-,-,-,-,-,-,-,-,-,-
,December,-,-,-,-,-,-,-,-,-,-,-
,,,,,,,,,,,,
,Annual Sum or Average,,,,,,0.00,0.00,0.00,0.00,,
,Minimum of Months,5775.05,,805.38,334.73,908.57,0.00,0.00,0.00,0.00,0.00,0.00
,Maximum of Months,7476.64,,805.38,334.73,908.57,0.00,0.00,0.00,0.00,23.32,0.00


----------------------------------------------------------------------------------------------------
REPORT:,SpaceGainComponentsAtCoolingPeakMonthly
FOR:,PERIMETER_MID_ZN_3
Custom Monthly Report

,,ZONE AIR SYSTEM SENSIBLE COOLING RATE {Maximum} [W],ZONE AIR SYSTEM SENSIBLE COOLING RATE {TIMESTAMP},ZONE PEOPLE TOTAL HEATING ENERGY {AT MAX/MIN} [W],ZONE LIGHTS TOTAL HEATING ENERGY {AT MAX/MIN} [W],ZONE ELECTRIC EQUIPMENT TOTAL HEATING ENERGY {AT MAX/MIN} [W],ZONE GAS EQUIPMENT TOTAL HEATING ENERGY [],ZONE HOT WATER EQUIPMENT TOTAL HEATING ENERGY [],ZONE STEAM EQUIPMENT TOTAL HEATING ENERGY [],ZONE OTHER EQUIPMENT TOTAL HEATING ENERGY [],ZONE INFILTRATION SENSIBLE HEAT GAIN ENERGY {AT MAX/MIN} [W],ZONE INFILTRATION SENSIBLE HEAT LOSS ENERGY {AT MAX/MIN} [W]
,January,5625.12,17-JAN-14:15,1306.65,528.76,1435.25,0.00,0.00,0.00,0.00,7.23,0.00
,February,-,-,-,-,-,-,-,-,-,-,-
,March,-,-,-,-,-,-,-,-,-,-,-
,April,7339.16,30-APR-13:45,1306.65,528.76,1435.25,0.00,0.00,0.00,0.00,28.84,0.00
,May,-,-,-,-,-,-,-,-,-,-,-
,June,-,-,-,-,-,-,-,-,-,-,-
,July,7777.33,02-JUL-14:30,1272.23,528.76,1435.25,0.00,0.00,0.00,0.00,23.51,0.00
,August,-,-,-,-,-,-,-,-,-,-,-
,September,-,-,-,-,-,-,-,-,-,-,-
,October,-,-,-,-,-,-,-,-,-,-,-
,November,-,-,-,-,-,-,-,-,-,-,-
,December,-,-,-,-,-,-,-,-,-,-,-
,,,,,,,,,,,,
,Annual Sum or Average,,,,,,0.00,0.00,0.00,0.00,,
,Minimum of Months,5625.12,,1272.23,528.76,1435.25,0.00,0.00,0.00,0.00,7.23,0.00
,Maximum of Months,7777.33,,1306.65,528.76,1435.25,0.00,0.00,0.00,0.00,28.84,0.00


----------------------------------------------------------------------------------------------------
REPORT:,SpaceGainComponentsAtCoolingPeakMonthly
FOR:,PERIMETER_MID_ZN_2
Custom Monthly Report

,,ZONE AIR SYSTEM SENSIBLE COOLING RATE {Maximum} [W],ZONE AIR SYSTEM SENSIBLE COOLING RATE {TIMESTAMP},ZONE PEOPLE TOTAL HEATING ENERGY {AT MAX/MIN} [W],ZONE LIGHTS TOTAL HEATING ENERGY {AT MAX/MIN} [W],ZONE ELECTRIC EQUIPMENT TOTAL HEATING ENERGY {AT MAX/MIN} [W],ZONE GAS EQUIPMENT TOTAL HEATING ENERGY [],ZONE HOT WATER EQUIPMENT TOTAL HEATING ENERGY [],ZONE STEAM EQUIPMENT TOTAL HEATING ENERGY [],ZONE OTHER EQUIPMENT TOTAL HEATING ENERGY [],ZONE INFILTRATION SENSIBLE HEAT GAIN ENERGY {AT MAX/MIN} [W],ZONE INFILTRATION SENSIBLE HEAT LOSS ENERGY {AT MAX/MIN} [W]
,January,7727.83,30-JAN-09:00,805.43,334.75,908.57,0.00,0.00,0.00,0.00,0.00,4.02
,February,-,-,-,-,-,-,-,-,-,-,-
,March,-,-,-,-,-,-,-,-,-,-,-
,April,9442.76,30-APR-08:45,805.43,334.75,908.57,0.00,0.00,0.00,0.00,20.43,0.00
,May,-,-,-,-,-,-,-,-,-,-,-
,June,-,-,-,-,-,-,-,-,-,-,-
,July,7292.73,18-JUL-10:15,805.43,334.75,908.57,0.00,0.00,0.00,0.00,9.87,0.00
,August,-,-,-,-,-,-,-,-,-,-,-
,September,-,-,-,-,-,-,-,-,-,-,-
,October,-,-,-,-,-,-,-,-,-,-,-
,November,-,-,-,-,-,-,-,-,-,-,-
,December,-,-,-,-,-,-,-,-,-,-,-
,,,,,,,,,,,,
,Annual Sum or Average,,,,,,0.00,0.00,0.00,0.00,,
,Minimum of Months,7292.73,,805.43,334.75,908.57,0.00,0.00,0.00,0.00,0.00,0.00
,Maximum of Months,9442.76,,805.43,334.75,908.57,0.00,0.00,0.00,0.00,20.43,4.02


----------------------------------------------------------------------------------------------------
REPORT:,SpaceGainComponentsAtCoolingPeakMonthly
FOR:,PERIMETER_MID_ZN_1
Custom Monthly Report

,,ZONE AIR SYSTEM SENSIBLE COOLING RATE {Maximum} [W],ZONE AIR SYSTEM SENSIBLE COOLING RATE {TIMESTAMP},ZONE PEOPLE TOTAL HEATING ENERGY {AT MAX/MIN} [W],ZONE LIGHTS TOTAL HEATING ENERGY {AT MAX/MIN} [W],ZONE ELECTRIC EQUIPMENT TOTAL HEATING ENERGY {AT MAX/MIN} [W],ZONE GAS EQUIPMENT TOTAL HEATING ENERGY [],ZONE HOT WATER EQUIPMENT TOTAL HEATING ENERGY [],ZONE STEAM EQUIPMENT TOTAL HEATING ENERGY [],ZONE OTHER EQUIPMENT TOTAL HEATING ENERGY [],ZONE INFILTRATION SENSIBLE HEAT GAIN ENERGY {AT MAX/MIN} [W],ZONE INFILTRATION SENSIBLE HEAT LOSS ENERGY {AT MAX/MIN} [W]
,January,9426.22,29-JAN-12:45,66.96,29.38,478.41,0.00,0.00,0.00,0.00,0.00,2.58
,February,-,-,-,-,-,-,-,-,-,-,-
,March,-,-,-,-,-,-,-,-,-,-,-
,April,7320.84,30-APR-13:45,1306.65,528.76,1435.24,0.00,0.00,0.00,0.00,28.77,0.00
,May,-,-,-,-,-,-,-,-,-,-,-
,June,-,-,-,-,-,-,-,-,-,-,-
,July,6681.68,02-JUL-14:30,1272.23,528.76,1435.24,0.00,0.00,0.00,0.00,23.51,0.00
,August,-,-,-,-,-,-,-,-,-,-,-
,September,-,-,-,-,-,-,-,-,-,-,-
,October,-,-,-,-,-,-,-,-,-,-,-
,November,-,-,-,-,-,-,-,-,-,-,-
,December,-,-,-,-,-,-,-,-,-,-,-
,,,,,,,,,,,,
,Annual Sum or Average,,,,,,0.00,0.00,0.00,0.00,,
,Minimum of Months,6681.68,,66.96,29.38,478.41,0.00,0.00,0.00,0.00,0.00,0.00
,Maximum of Months,9426.22,,1306.65,528.76,1435.24,0.00,0.00,0.00,0.00,28.77,2.58


----------------------------------------------------------------------------------------------------
REPORT:,SpaceGainComponentsAtCoolingPeakMonthly
FOR:,PERIMETER_MID_ZN_4
Custom Monthly Report

,,ZONE AIR SYSTEM SENSIBLE COOLING RATE {Maximum} [W],ZONE AIR SYSTEM SENSIBLE COOLING RATE {TIMESTAMP},ZONE PEOPLE TOTAL HEATING ENERGY {AT MAX/MIN} [W],ZONE LIGHTS TOTAL HEATING ENERGY {AT MAX/MIN} [W],ZONE ELECTRIC EQUIPMENT TOTAL HEATING ENERGY {AT MAX/MIN} [W],ZONE GAS EQUIPMENT TOTAL HEATING ENERGY [],ZONE HOT WATER EQUIPMENT TOTAL HEATING ENERGY [],ZONE STEAM EQUIPMENT TOTAL HEATING ENERGY [],ZONE OTHER EQUIPMENT TOTAL HEATING ENERGY [],ZONE INFILTRATION SENSIBLE HEAT GAIN ENERGY {AT MAX/MIN} [W],ZONE INFILTRATION SENSIBLE HEAT LOSS ENERGY {AT MAX/MIN} [W]
,January,7665.33,30-JAN-16:30,805.38,334.73,908.57,0.00,0.00,0.00,0.00,13.43,0.00
,February,-,-,-,-,-,-,-,-,-,-,-
,March,-,-,-,-,-,-,-,-,-,-,-
,April,9445.66,09-APR-15:45,805.38,334.73,908.57,0.00,0.00,0.00,0.00,0.00,0.00
,May,-,-,-,-,-,-,-,-,-,-,-
,June,-,-,-,-,-,-,-,-,-,-,-
,July,7904.61,06-JUL-15:00,805.38,334.73,908.57,0.00,0.00,0.00,0.00,35.60,0.00
,August,-,-,-,-,-,-,-,-,-,-,-
,September,-,-,-,-,-,-,-,-,-,-,-
,October,-,-,-,-,-,-,-,-,-,-,-
,November,-,-,-,-,-,-,-,-,-,-,-
,December,-,-,-,-,-,-,-,-,-,-,-
,,,,,,,,,,,,
,Annual Sum or Average,,,,,,0.00,0.00,0.00,0.00,,
,Minimum of Months,7665.33,,805.38,334.73,908.57,0.00,0.00,0.00,0.00,0.00,0.00
,Maximum of Months,9445.66,,805.38,334.73,908.57,0.00,0.00,0.00,0.00,35.60,0.00


----------------------------------------------------------------------------------------------------
REPORT:,EnergyConsumptionElectricityNaturalGasMonthly
FOR:,Meter
Custom Monthly Report

,,ELECTRICITY:FACILITY [J],ELECTRICITY:FACILITY {Maximum} [W],ELECTRICITY:FACILITY {TIMESTAMP},NATURALGAS:FACILITY [J],NATURALGAS:FACILITY {Maximum} [W],NATURALGAS:FACILITY {TIMESTAMP}
,January,1.342967E+11,132053.27,13-JAN-16:30,8.060597E+09,13025.09,20-JAN-12:15
,February,-,-,-,-,-,-
,March,-,-,-,-,-,-
,April,1.568352E+11,164014.77,17-APR-08:00,7.664214E+09,12945.32,02-APR-11:15
,May,-,-,-,-,-,-
,June,-,-,-,-,-,-
,July,1.526184E+11,168662.53,02-JUL-09:15,7.049884E+09,7184.90,03-JUL-11:15
,August,-,-,-,-,-,-
,September,-,-,-,-,-,-
,October,-,-,-,-,-,-
,November,-,-,-,-,-,-
,December,-,-,-,-,-,-
,,,,,,,
,Annual Sum or Average,4.437503E+11,,,2.277469E+10,,
,Minimum of Months,1.342967E+11,132053.27,,7.049884E+09,7184.90,
,Maximum of Months,1.568352E+11,168662.53,,8.060597E+09,13025.09,


----------------------------------------------------------------------------------------------------
REPORT:,EndUseEnergyConsumptionElectricityMonthly
FOR:,Meter
Custom Monthly Report

,,INTERIORLIGHTS:ELECTRICITY [J],EXTERIORLIGHTS:ELECTRICITY [J],INTERIOREQUIPMENT:ELECTRICITY [J],EXTERIOREQUIPMENT:ELECTRICITY [J],FANS:ELECTRICITY [J],PUMPS:ELECTRICITY [J],HEATING:ELECTRICITY [J],COOLING:ELECTRICITY [J],HEATREJECTION:ELECTRICITY [],HUMIDIFIER:ELECTRICITY [],HEATRECOVERY:ELECTRICITY [],WATERSYSTEMS:ELECTRICITY [],REFRIGERATION:ELECTRICITY [],COGENERATION:ELECTRICITY []
,January,2.056969E+10,4.298563E+09,6.294040E+10,9.835991E+08,9.151001E+09,12379738.55,0.00,3.634103E+10,0.00,0.00,0.00,0.00,0.00,0.00
,February,-,-,-,-,-,-,-,-,-,-,-,-,-,-
,March,-,-,-,-,-,-,-,-,-,-,-,-,-,-
,April,2.033138E+10,3.690558E+09,6.205411E+10,9.681425E+08,1.103221E+10,12083808.55,0.00,5.874677E+10,0.00,0.00,0.00,0.00,0.00,0.00
,May,-,-,-,-,-,-,-,-,-,-,-,-,-,-
,June,-,-,-,-,-,-,-,-,-,-,-,-,-,-
,July,2.040455E+10,3.634362E+09,6.295153E+10,9.836781E+08,9.803352E+09,12379738.55,0.00,5.482851E+10,0.00,0.00,0.00,0.00,0.00,0.00
,August,-,-,-,-,-,-,-,-,-,-,-,-,-,-
,September,-,-,-,-,-,-,-,-,-,-,-,-,-,-
,October,-,-,-,-,-,-,-,-,-,-,-,-,-,-
,November,-,-,-,-,-,-,-,-,-,-,-,-,-,-
,December,-,-,-,-,-,-,-,-,-,-,-,-,-,-
,,,,,,,,,,,,,,,
,Annual Sum or Average,6.130563E+10,1.162348E+10,1.879460E+11,2.935420E+09,2.998656E+10,36843285.65,0.00,1.499163E+11,0.00,0.00,0.00,0.00,0.00,0.00
,Minimum of Months,2.033138E+10,3.634362E+09,6.205411E+10,9.681425E+08,9.151001E+09,12083808.55,0.00,3.634103E+10,0.00,0.00,0.00,0.00,0.00,0.00
,Maximum of Months,2.056969E+10,4.298563E+09,6.295153E+10,9.836781E+08,1.103221E+10,12379738.55,0.00,5.874677E+10,0.00,0.00,0.00,0.00,0.00,0.00


----------------------------------------------------------------------------------------------------
REPORT:,EndUseEnergyConsumptionNaturalGasMonthly
FOR:,Meter
Custom Monthly Report

,,INTERIOREQUIPMENT:NATURALGAS [],EXTERIOREQUIPMENT:NATURALGAS [],HEATING:NATURALGAS [J],COOLING:NATURALGAS [],WATERSYSTEMS:NATURALGAS [J],COGENERATION:NATURALGAS [],HUMIDIFIER:NATURALGAS []
,January,0.00,0.00,0.00,0.00,8.060597E+09,0.00,0.00
,February,-,-,-,-,-,-,-
,March,-,-,-,-,-,-,-
,April,0.00,0.00,0.00,0.00,7.664214E+09,0.00,0.00
,May,-,-,-,-,-,-,-
,June,-,-,-,-,-,-,-
,July,0.00,0.00,0.00,0.00,7.049884E+09,0.00,0.00
,August,-,-,-,-,-,-,-
,September,-,-,-,-,-,-,-
,October,-,-,-,-,-,-,-
,November,-,-,-,-,-,-,-
,December,-,-,-,-,-,-,-
,,,,,,,,
,Annual Sum or Average,0.00,0.00,0.00,0.00,2.277469E+10,0.00,0.00
,Minimum of Months,0.00,0.00,0.00,0.00,7.049884E+09,0.00,0.00
,Maximum of Months,0.00,0.00,0.00,0.00,8.060597E+09,0.00,0.00


----------------------------------------------------------------------------------------------------
REPORT:,PeakEnergyEndUseElectricityPart1Monthly
FOR:,Meter
Custom Monthly Report

,,INTERIORLIGHTS:ELECTRICITY {Maximum} [W],INTERIORLIGHTS:ELECTRICITY {TIMESTAMP},EXTERIORLIGHTS:ELECTRICITY {Maximum} [W],EXTERIORLIGHTS:ELECTRICITY {TIMESTAMP},INTERIOREQUIPMENT:ELECTRICITY {Maximum} [W],INTERIOREQUIPMENT:ELECTRICITY {TIMESTAMP},EXTERIOREQUIPMENT:ELECTRICITY {Maximum} [W],EXTERIOREQUIPMENT:ELECTRICITY {TIMESTAMP},FANS:ELECTRICITY {Maximum} [W],FANS:ELECTRICITY {TIMESTAMP},PUMPS:ELECTRICITY {Maximum} [W],PUMPS:ELECTRICITY {TIMESTAMP},HEATING:ELECTRICITY {Maximum} [W],HEATING:ELECTRICITY {TIMESTAMP}
,January,21326.95,05-JAN-08:30,5236.50,01-JAN-06:30,56729.91,02-JAN-08:30,835.26,05-JAN-08:45,14463.71,02-JAN-15:30,6.85,01-JAN-06:30,0.00,01-JAN-00:30
,February,-,-,-,-,-,-,-,-,-,-,-,-,-,-
,March,-,-,-,-,-,-,-,-,-,-,-,-,-,-
,April,25507.54,17-APR-15:15,5236.50,01-APR-05:30,56729.91,02-APR-07:30,838.75,17-APR-15:15,22948.11,16-APR-07:45,6.85,01-APR-05:30,0.00,01-APR-00:30
,May,-,-,-,-,-,-,-,-,-,-,-,-,-,-
,June,-,-,-,-,-,-,-,-,-,-,-,-,-,-
,July,25512.23,25-JUL-07:30,5236.50,01-JUL-05:30,56729.91,02-JUL-07:30,840.83,25-JUL-07:45,33301.11,02-JUL-09:15,6.85,01-JUL-05:30,0.00,01-JUL-00:30
,August,-,-,-,-,-,-,-,-,-,-,-,-,-,-
,September,-,-,-,-,-,-,-,-,-,-,-,-,-,-
,October,-,-,-,-,-,-,-,-,-,-,-,-,-,-
,November,-,-,-,-,-,-,-,-,-,-,-,-,-,-
,December,-,-,-,-,-,-,-,-,-,-,-,-,-,-
,,,,,,,,,,,,,,,
,Annual Sum or Average,,,,,,,,,,,,,,
,Minimum of Months,21326.95,,5236.50,,56729.91,,835.26,,14463.71,,6.85,,0.00,
,Maximum of Months,25512.23,,5236.50,,56729.91,,840.83,,33301.11,,6.85,,0.00,


----------------------------------------------------------------------------------------------------
REPORT:,PeakEnergyEndUseElectricityPart2Monthly
FOR:,Meter
Custom Monthly Report

,,COOLING:ELECTRICITY {Maximum} [W],COOLING:ELECTRICITY {TIMESTAMP},HEATREJECTION:ELECTRICITY [],HUMIDIFIER:ELECTRICITY [],HEATRECOVERY:ELECTRICITY [],WATERSYSTEMS:ELECTRICITY [],REFRIGERATION:ELECTRICITY [],COGENERATION:ELECTRICITY []
,January,53288.96,13-JAN-15:30,0.00,0.00,0.00,0.00,0.00,0.00
,February,-,-,-,-,-,-,-,-
,March,-,-,-,-,-,-,-,-
,April,75474.82,30-APR-12:15,0.00,0.00,0.00,0.00,0.00,0.00
,May,-,-,-,-,-,-,-,-
,June,-,-,-,-,-,-,-,-
,July,67150.69,02-JUL-09:15,0.00,0.00,0.00,0.00,0.00,0.00
,August,-,-,-,-,-,-,-,-
,September,-,-,-,-,-,-,-,-
,October,-,-,-,-,-,-,-,-
,November,-,-,-,-,-,-,-,-
,December,-,-,-,-,-,-,-,-
,,,,,,,,,
,Annual Sum or Average,,,0.00,0.00,0.00,0.00,0.00,0.00
,Minimum of Months,53288.96,,0.00,0.00,0.00,0.00,0.00,0.00
,Maximum of Months,75474.82,,0.00,0.00,0.00,0.00,0.00,0.00


----------------------------------------------------------------------------------------------------
REPORT:,ElectricComponentsOfPeakDemandMonthly
FOR:,Meter
Custom Monthly Report

,,ELECTRICITY:FACILITY {Maximum} [W],ELECTRICITY:FACILITY {TIMESTAMP},INTERIORLIGHTS:ELECTRICITY {AT MAX/MIN} [W],INTERIOREQUIPMENT:ELECTRICITY {AT MAX/MIN} [W],EXTERIORLIGHTS:ELECTRICITY {AT MAX/MIN} [W],EXTERIOREQUIPMENT:ELECTRICITY {AT MAX/MIN} [W],FANS:ELECTRICITY {AT MAX/MIN} [W],PUMPS:ELECTRICITY {AT MAX/MIN} [W],HEATING:ELECTRICITY {AT MAX/MIN} [W],COOLING:ELECTRICITY {AT MAX/MIN} [W],HEATREJECTION:ELECTRICITY [],HUMIDIFIER:ELECTRICITY [],HEATRECOVERY:ELECTRICITY [],WATERSYSTEMS:ELECTRICITY [],REFRIGERATION:ELECTRICITY [],COGENERATION:ELECTRICITY []
,January,132053.27,13-JAN-16:30,20956.25,49315.88,0.00,833.42,10079.20,6.85,0.00,50861.68,0.00,0.00,0.00,0.00,0.00,0.00
,February,-,-,-,-,-,-,-,-,-,-,-,-,-,-,-,-
,March,-,-,-,-,-,-,-,-,-,-,-,-,-,-,-,-
,April,164014.77,17-APR-08:00,20956.25,56729.91,0.00,834.88,22737.56,6.85,0.00,62749.33,0.00,0.00,0.00,0.00,0.00,0.00
,May,-,-,-,-,-,-,-,-,-,-,-,-,-,-,-,-
,June,-,-,-,-,-,-,-,-,-,-,-,-,-,-,-,-
,July,168662.53,02-JUL-09:15,20956.25,46414.74,0.00,832.89,33301.11,6.85,0.00,67150.69,0.00,0.00,0.00,0.00,0.00,0.00
,August,-,-,-,-,-,-,-,-,-,-,-,-,-,-,-,-
,September,-,-,-,-,-,-,-,-,-,-,-,-,-,-,-,-
,October,-,-,-,-,-,-,-,-,-,-,-,-,-,-,-,-
,November,-,-,-,-,-,-,-,-,-,-,-,-,-,-,-,-
,December,-,-,-,-,-,-,-,-,-,-,-,-,-,-,-,-
,,,,,,,,,,,,,,,,,
,Annual Sum or Average,,,,,,,,,,,0.00,0.00,0.00,0.00,0.00,0.00
,Minimum of Months,132053.27,,20956.25,46414.74,0.00,832.89,10079.20,6.85,0.00,50861.68,0.00,0.00,0.00,0.00,0.00,0.00
,Maximum of Months,168662.53,,20956.25,56729.91,0.00,834.88,33301.11,6.85,0.00,67150.69,0.00,0.00,0.00,0.00,0.00,0.00


----------------------------------------------------------------------------------------------------
REPORT:,PeakEnergyEndUseNaturalGasMonthly
FOR:,Meter
Custom Monthly Report

,,INTERIOREQUIPMENT:NATURALGAS [],EXTERIOREQUIPMENT:NATURALGAS [],HEATING:NATURALGAS {Maximum} [W],HEATING:NATURALGAS {TIMESTAMP},COOLING:NATURALGAS [],WATERSYSTEMS:NATURALGAS {Maximum} [W],WATERSYSTEMS:NATURALGAS {TIMESTAMP},COGENERATION:NATURALGAS []
,January,0.00,0.00,0.00,01-JAN-00:30,0.00,13025.09,20-JAN-12:15,0.00
,February,-,-,-,-,-,-,-,-
,March,-,-,-,-,-,-,-,-
,April,0.00,0.00,0.00,01-APR-00:30,0.00,12945.32,02-APR-11:15,0.00
,May,-,-,-,-,-,-,-,-
,June,-,-,-,-,-,-,-,-
,July,0.00,0.00,0.00,01-JUL-00:30,0.00,7184.90,03-JUL-11:15,0.00
,August,-,-,-,-,-,-,-,-
,September,-,-,-,-,-,-,-,-
,October,-,-,-,-,-,-,-,-
,November,-,-,-,-,-,-,-,-
,December,-,-,-,-,-,-,-,-
,,,,,,,,,
,Annual Sum or Average,0.00,0.00,,,0.00,,,0.00
,Minimum of Months,0.00,0.00,0.00,,0.00,7184.90,,0.00
,Maximum of Months,0.00,0.00,0.00,,0.00,13025.09,,0.00


----------------------------------------------------------------------------------------------------
REPORT:,SetpointsNotMetWithTemperaturesMonthly
FOR:,CORE_BOTTOM
Custom Monthly Report

,,ZONE HEATING SETPOINT NOT MET TIME {HOURS NON-ZERO} [HOURS],ZONE MEAN AIR TEMPERATURE {FOR HOURS SHOWN} [C],ZONE HEATING SETPOINT NOT MET WHILE OCCUPIED TIME {HOURS NON-ZERO} [HOURS],ZONE MEAN AIR TEMPERATURE {FOR HOURS SHOWN} [C],ZONE COOLING SETPOINT NOT MET TIME {HOURS NON-ZERO} [HOURS],ZONE MEAN AIR TEMPERATURE {FOR HOURS SHOWN} [C],ZONE COOLING SETPOINT NOT MET WHILE OCCUPIED TIME {HOURS NON-ZERO} [HOURS],ZONE MEAN AIR TEMPERATURE {FOR HOURS SHOWN} [C]
,January,0.00,0.00,0.00,0.00,0.75,27.33,0.00,0.00
,February,-,-,-,-,-,-,-,-
,March,-,-,-,-,-,-,-,-
,April,0.00,0.00,0.00,0.00,1.50,27.29,0.00,0.00
,May,-,-,-,-,-,-,-,-
,June,-,-,-,-,-,-,-,-
,July,0.00,0.00,0.00,0.00,2.25,27.29,0.00,0.00
,August,-,-,-,-,-,-,-,-
,September,-,-,-,-,-,-,-,-
,October,-,-,-,-,-,-,-,-
,November,-,-,-,-,-,-,-,-
,December,-,-,-,-,-,-,-,-
,,,,,,,,,
,Annual Sum or Average,0.00,,0.00,,4.50,27.30,0.00,
,Minimum of Months,0.00,0.00,0.00,0.00,0.75,27.29,0.00,0.00
,Maximum of Months,0.00,0.00,0.00,0.00,2.25,27.33,0.00,0.00


----------------------------------------------------------------------------------------------------
REPORT:,SetpointsNotMetWithTemperaturesMonthly
FOR:,TOPFLOOR_PLENUM
Custom Monthly Report

,,ZONE HEATING SETPOINT NOT MET TIME {HOURS NON-ZERO} [HOURS],ZONE MEAN AIR TEMPERATURE {FOR HOURS SHOWN} [C],ZONE HEATING SETPOINT NOT MET WHILE OCCUPIED TIME {HOURS NON-ZERO} [HOURS],ZONE MEAN AIR TEMPERATURE {FOR HOURS SHOWN} [C],ZONE COOLING SETPOINT NOT MET TIME {HOURS NON-ZERO} [HOURS],ZONE MEAN AIR TEMPERATURE {FOR HOURS SHOWN} [C],ZONE COOLING SETPOINT NOT MET WHILE OCCUPIED TIME {HOURS NON-ZERO} [HOURS],ZONE MEAN AIR TEMPERATURE {FOR HOURS SHOWN} [C]
,January,0.00,0.00,0.00,0.00,0.00,0.00,0.00,0.00
,February,-,-,-,-,-,-,-,-
,March,-,-,-,-,-,-,-,-
,April,0.00,0.00,0.00,0.00,0.00,0.00,0.00,0.00
,May,-,-,-,-,-,-,-,-
,June,-,-,-,-,-,-,-,-
,July,0.00,0.00,0.00,0.00,0.00,0.00,0.00,0.00
,August,-,-,-,-,-,-,-,-
,September,-,-,-,-,-,-,-,-
,October,-,-,-,-,-,-,-,-
,November,-,-,-,-,-,-,-,-
,December,-,-,-,-,-,-,-,-
,,,,,,,,,
,Annual Sum or Average,0.00,,0.00,,0.00,,0.00,
,Minimum of Months,0.00,0.00,0.00,0.00,0.00,0.00,0.00,0.00
,Maximum of Months,0.00,0.00,0.00,0.00,0.00,0.00,0.00,0.00


----------------------------------------------------------------------------------------------------
REPORT:,SetpointsNotMetWithTemperaturesMonthly
FOR:,MIDFLOOR_PLENUM
Custom Monthly Report

,,ZONE HEATING SETPOINT NOT MET TIME {HOURS NON-ZERO} [HOURS],ZONE MEAN AIR TEMPERATURE {FOR HOURS SHOWN} [C],ZONE HEATING SETPOINT NOT MET WHILE OCCUPIED TIME {HOURS NON-ZERO} [HOURS],ZONE MEAN AIR TEMPERATURE {FOR HOURS SHOWN} [C],ZONE COOLING SETPOINT NOT MET TIME {HOURS NON-ZERO} [HOURS],ZONE MEAN AIR TEMPERATURE {FOR HOURS SHOWN} [C],ZONE COOLING SETPOINT NOT MET WHILE OCCUPIED TIME {HOURS NON-ZERO} [HOURS],ZONE MEAN AIR TEMPERATURE {FOR HOURS SHOWN} [C]
,January,0.00,0.00,0.00,0.00,0.00,0.00,0.00,0.00
,February,-,-,-,-,-,-,-,-
,March,-,-,-,-,-,-,-,-
,April,0.00,0.00,0.00,0.00,0.00,0.00,0.00,0.00
,May,-,-,-,-,-,-,-,-
,June,-,-,-,-,-,-,-,-
,July,0.00,0.00,0.00,0.00,0.00,0.00,0.00,0.00
,August,-,-,-,-,-,-,-,-
,September,-,-,-,-,-,-,-,-
,October,-,-,-,-,-,-,-,-
,November,-,-,-,-,-,-,-,-
,December,-,-,-,-,-,-,-,-
,,,,,,,,,
,Annual Sum or Average,0.00,,0.00,,0.00,,0.00,
,Minimum of Months,0.00,0.00,0.00,0.00,0.00,0.00,0.00,0.00
,Maximum of Months,0.00,0.00,0.00,0.00,0.00,0.00,0.00,0.00


----------------------------------------------------------------------------------------------------
REPORT:,SetpointsNotMetWithTemperaturesMonthly
FOR:,FIRSTFLOOR_PLENUM
Custom Monthly Report

,,ZONE HEATING SETPOINT NOT MET TIME {HOURS NON-ZERO} [HOURS],ZONE MEAN AIR TEMPERATURE {FOR HOURS SHOWN} [C],ZONE HEATING SETPOINT NOT MET WHILE OCCUPIED TIME {HOURS NON-ZERO} [HOURS],ZONE MEAN AIR TEMPERATURE {FOR HOURS SHOWN} [C],ZONE COOLING SETPOINT NOT MET TIME {HOURS NON-ZERO} [HOURS],ZONE MEAN AIR TEMPERATURE {FOR HOURS SHOWN} [C],ZONE COOLING SETPOINT NOT MET WHILE OCCUPIED TIME {HOURS NON-ZERO} [HOURS],ZONE MEAN AIR TEMPERATURE {FOR HOURS SHOWN} [C]
,January,0.00,0.00,0.00,0.00,0.00,0.00,0.00,0.00
,February,-,-,-,-,-,-,-,-
,March,-,-,-,-,-,-,-,-
,April,0.00,0.00,0.00,0.00,0.00,0.00,0.00,0.00
,May,-,-,-,-,-,-,-,-
,June,-,-,-,-,-,-,-,-
,July,0.00,0.00,0.00,0.00,0.00,0.00,0.00,0.00
,August,-,-,-,-,-,-,-,-
,September,-,-,-,-,-,-,-,-
,October,-,-,-,-,-,-,-,-
,November,-,-,-,-,-,-,-,-
,December,-,-,-,-,-,-,-,-
,,,,,,,,,
,Annual Sum or Average,0.00,,0.00,,0.00,,0.00,
,Minimum of Months,0.00,0.00,0.00,0.00,0.00,0.00,0.00,0.00
,Maximum of Months,0.00,0.00,0.00,0.00,0.00,0.00,0.00,0.00


----------------------------------------------------------------------------------------------------
REPORT:,SetpointsNotMetWithTemperaturesMonthly
FOR:,CORE_MID
Custom Monthly Report

,,ZONE HEATING SETPOINT NOT MET TIME {HOURS NON-ZERO} [HOURS],ZONE MEAN AIR TEMPERATURE {FOR HOURS SHOWN} [C],ZONE HEATING SETPOINT NOT MET WHILE OCCUPIED TIME {HOURS NON-ZERO} [HOURS],ZONE MEAN AIR TEMPERATURE {FOR HOURS SHOWN} [C],ZONE COOLING SETPOINT NOT MET TIME {HOURS NON-ZERO} [HOURS],ZONE MEAN AIR TEMPERATURE {FOR HOURS SHOWN} [C],ZONE COOLING SETPOINT NOT MET WHILE OCCUPIED TIME {HOURS NON-ZERO} [HOURS],ZONE MEAN AIR TEMPERATURE {FOR HOURS SHOWN} [C]
,January,0.00,0.00,0.00,0.00,0.00,0.00,0.00,0.00
,February,-,-,-,-,-,-,-,-
,March,-,-,-,-,-,-,-,-
,April,0.00,0.00,0.00,0.00,0.75,27.26,0.25,27.26
,May,-,-,-,-,-,-,-,-
,June,-,-,-,-,-,-,-,-
,July,0.00,0.00,0.00,0.00,0.50,25.92,0.25,24.56
,August,-,-,-,-,-,-,-,-
,September,-,-,-,-,-,-,-,-
,October,-,-,-,-,-,-,-,-
,November,-,-,-,-,-,-,-,-
,December,-,-,-,-,-,-,-,-
,,,,,,,,,
,Annual Sum or Average,0.00,,0.00,,1.25,26.73,0.50,25.91
,Minimum of Months,0.00,0.00,0.00,0.00,0.00,0.00,0.00,0.00
,Maximum of Months,0.00,0.00,0.00,0.00,0.75,27.26,0.25,27.26


----------------------------------------------------------------------------------------------------
REPORT:,SetpointsNotMetWithTemperaturesMonthly
FOR:,CORE_TOP
Custom Monthly Report

,,ZONE HEATING SETPOINT NOT MET TIME {HOURS NON-ZERO} [HOURS],ZONE MEAN AIR TEMPERATURE {FOR HOURS SHOWN} [C],ZONE HEATING SETPOINT NOT MET WHILE OCCUPIED TIME {HOURS NON-ZERO} [HOURS],ZONE MEAN AIR TEMPERATURE {FOR HOURS SHOWN} [C],ZONE COOLING SETPOINT NOT MET TIME {HOURS NON-ZERO} [HOURS],ZONE MEAN AIR TEMPERATURE {FOR HOURS SHOWN} [C],ZONE COOLING SETPOINT NOT MET WHILE OCCUPIED TIME {HOURS NON-ZERO} [HOURS],ZONE MEAN AIR TEMPERATURE {FOR HOURS SHOWN} [C]
,January,0.00,0.00,0.00,0.00,0.00,0.00,0.00,0.00
,February,-,-,-,-,-,-,-,-
,March,-,-,-,-,-,-,-,-
,April,0.00,0.00,0.00,0.00,0.25,27.28,0.00,0.00
,May,-,-,-,-,-,-,-,-
,June,-,-,-,-,-,-,-,-
,July,0.00,0.00,0.00,0.00,0.00,0.00,0.00,0.00
,August,-,-,-,-,-,-,-,-
,September,-,-,-,-,-,-,-,-
,October,-,-,-,-,-,-,-,-
,November,-,-,-,-,-,-,-,-
,December,-,-,-,-,-,-,-,-
,,,,,,,,,
,Annual Sum or Average,0.00,,0.00,,0.25,27.28,0.00,
,Minimum of Months,0.00,0.00,0.00,0.00,0.00,0.00,0.00,0.00
,Maximum of Months,0.00,0.00,0.00,0.00,0.25,27.28,0.00,0.00


----------------------------------------------------------------------------------------------------
REPORT:,SetpointsNotMetWithTemperaturesMonthly
FOR:,PERIMETER_TOP_ZN_3
Custom Monthly Report

,,ZONE HEATING SETPOINT NOT MET TIME {HOURS NON-ZERO} [HOURS],ZONE MEAN AIR TEMPERATURE {FOR HOURS SHOWN} [C],ZONE HEATING SETPOINT NOT MET WHILE OCCUPIED TIME {HOURS NON-ZERO} [HOURS],ZONE MEAN AIR TEMPERATURE {FOR HOURS SHOWN} [C],ZONE COOLING SETPOINT NOT MET TIME {HOURS NON-ZERO} [HOURS],ZONE MEAN AIR TEMPERATURE {FOR HOURS SHOWN} [C],ZONE COOLING SETPOINT NOT MET WHILE OCCUPIED TIME {HOURS NON-ZERO} [HOURS],ZONE MEAN AIR TEMPERATURE {FOR HOURS SHOWN} [C]
,January,0.00,0.00,0.00,0.00,0.50,27.35,0.50,27.35
,February,-,-,-,-,-,-,-,-
,March,-,-,-,-,-,-,-,-
,April,0.00,0.00,0.00,0.00,11.50,27.75,9.50,27.81
,May,-,-,-,-,-,-,-,-
,June,-,-,-,-,-,-,-,-
,July,0.00,0.00,0.00,0.00,9.00,27.75,7.75,27.80
,August,-,-,-,-,-,-,-,-
,September,-,-,-,-,-,-,-,-
,October,-,-,-,-,-,-,-,-
,November,-,-,-,-,-,-,-,-
,December,-,-,-,-,-,-,-,-
,,,,,,,,,
,Annual Sum or Average,0.00,,0.00,,21.00,27.74,17.75,27.79
,Minimum of Months,0.00,0.00,0.00,0.00,0.50,27.35,0.50,27.35
,Maximum of Months,0.00,0.00,0.00,0.00,11.50,27.75,9.50,27.81


----------------------------------------------------------------------------------------------------
REPORT:,SetpointsNotMetWithTemperaturesMonthly
FOR:,PERIMETER_TOP_ZN_2
Custom Monthly Report

,,ZONE HEATING SETPOINT NOT MET TIME {HOURS NON-ZERO} [HOURS],ZONE MEAN AIR TEMPERATURE {FOR HOURS SHOWN} [C],ZONE HEATING SETPOINT NOT MET WHILE OCCUPIED TIME {HOURS NON-ZERO} [HOURS],ZONE MEAN AIR TEMPERATURE {FOR HOURS SHOWN} [C],ZONE COOLING SETPOINT NOT MET TIME {HOURS NON-ZERO} [HOURS],ZONE MEAN AIR TEMPERATURE {FOR HOURS SHOWN} [C],ZONE COOLING SETPOINT NOT MET WHILE OCCUPIED TIME {HOURS NON-ZERO} [HOURS],ZONE MEAN AIR TEMPERATURE {FOR HOURS SHOWN} [C]
,January,0.00,0.00,0.00,0.00,14.75,27.68,14.75,27.68
,February,-,-,-,-,-,-,-,-
,March,-,-,-,-,-,-,-,-
,April,0.00,0.00,0.00,0.00,22.00,28.07,17.00,28.23
,May,-,-,-,-,-,-,-,-
,June,-,-,-,-,-,-,-,-
,July,0.00,0.00,0.00,0.00,18.75,27.64,17.00,27.66
,August,-,-,-,-,-,-,-,-
,September,-,-,-,-,-,-,-,-
,October,-,-,-,-,-,-,-,-
,November,-,-,-,-,-,-,-,-
,December,-,-,-,-,-,-,-,-
,,,,,,,,,
,Annual Sum or Average,0.00,,0.00,,55.50,27.82,48.75,27.87
,Minimum of Months,0.00,0.00,0.00,0.00,14.75,27.64,14.75,27.66
,Maximum of Months,0.00,0.00,0.00,0.00,22.00,28.07,17.00,28.23


----------------------------------------------------------------------------------------------------
REPORT:,SetpointsNotMetWithTemperaturesMonthly
FOR:,PERIMETER_TOP_ZN_1
Custom Monthly Report

,,ZONE HEATING SETPOINT NOT MET TIME {HOURS NON-ZERO} [HOURS],ZONE MEAN AIR TEMPERATURE {FOR HOURS SHOWN} [C],ZONE HEATING SETPOINT NOT MET WHILE OCCUPIED TIME {HOURS NON-ZERO} [HOURS],ZONE MEAN AIR TEMPERATURE {FOR HOURS SHOWN} [C],ZONE COOLING SETPOINT NOT MET TIME {HOURS NON-ZERO} [HOURS],ZONE MEAN AIR TEMPERATURE {FOR HOURS SHOWN} [C],ZONE COOLING SETPOINT NOT MET WHILE OCCUPIED TIME {HOURS NON-ZERO} [HOURS],ZONE MEAN AIR TEMPERATURE {FOR HOURS SHOWN} [C]
,January,0.00,0.00,0.00,0.00,98.00,25.77,96.00,25.74
,February,-,-,-,-,-,-,-,-
,March,-,-,-,-,-,-,-,-
,April,0.00,0.00,0.00,0.00,13.25,27.77,10.75,27.83
,May,-,-,-,-,-,-,-,-
,June,-,-,-,-,-,-,-,-
,July,0.00,0.00,0.00,0.00,6.25,27.58,6.00,27.59
,August,-,-,-,-,-,-,-,-
,September,-,-,-,-,-,-,-,-
,October,-,-,-,-,-,-,-,-
,November,-,-,-,-,-,-,-,-
,December,-,-,-,-,-,-,-,-
,,,,,,,,,
,Annual Sum or Average,0.00,,0.00,,117.50,26.09,112.75,26.04
,Minimum of Months,0.00,0.00,0.00,0.00,6.25,25.77,6.00,25.74
,Maximum of Months,0.00,0.00,0.00,0.00,98.00,27.77,96.00,27.83


----------------------------------------------------------------------------------------------------
REPORT:,SetpointsNotMetWithTemperaturesMonthly
FOR:,PERIMETER_TOP_ZN_4
Custom Monthly Report

,,ZONE HEATING SETPOINT NOT MET TIME {HOURS NON-ZERO} [HOURS],ZONE MEAN AIR TEMPERATURE {FOR HOURS SHOWN} [C],ZONE HEATING SETPOINT NOT MET WHILE OCCUPIED TIME {HOURS NON-ZERO} [HOURS],ZONE MEAN AIR TEMPERATURE {FOR HOURS SHOWN} [C],ZONE COOLING SETPOINT NOT MET TIME {HOURS NON-ZERO} [HOURS],ZONE MEAN AIR TEMPERATURE {FOR HOURS SHOWN} [C],ZONE COOLING SETPOINT NOT MET WHILE OCCUPIED TIME {HOURS NON-ZERO} [HOURS],ZONE MEAN AIR TEMPERATURE {FOR HOURS SHOWN} [C]
,January,0.00,0.00,0.00,0.00,9.00,27.92,8.75,27.94
,February,-,-,-,-,-,-,-,-
,March,-,-,-,-,-,-,-,-
,April,0.00,0.00,0.00,0.00,24.75,28.00,14.00,28.24
,May,-,-,-,-,-,-,-,-
,June,-,-,-,-,-,-,-,-
,July,0.00,0.00,0.00,0.00,13.50,27.95,9.25,28.04
,August,-,-,-,-,-,-,-,-
,September,-,-,-,-,-,-,-,-
,October,-,-,-,-,-,-,-,-
,November,-,-,-,-,-,-,-,-
,December,-,-,-,-,-,-,-,-
,,,,,,,,,
,Annual Sum or Average,0.00,,0.00,,47.25,27.97,32.00,28.10
,Minimum of Months,0.00,0.00,0.00,0.00,9.00,27.92,8.75,27.94
,Maximum of Months,0.00,0.00,0.00,0.00,24.75,28.00,14.00,28.24


----------------------------------------------------------------------------------------------------
REPORT:,SetpointsNotMetWithTemperaturesMonthly
FOR:,PERIMETER_BOT_ZN_3
Custom Monthly Report

,,ZONE HEATING SETPOINT NOT MET TIME {HOURS NON-ZERO} [HOURS],ZONE MEAN AIR TEMPERATURE {FOR HOURS SHOWN} [C],ZONE HEATING SETPOINT NOT MET WHILE OCCUPIED TIME {HOURS NON-ZERO} [HOURS],ZONE MEAN AIR TEMPERATURE {FOR HOURS SHOWN} [C],ZONE COOLING SETPOINT NOT MET TIME {HOURS NON-ZERO} [HOURS],ZONE MEAN AIR TEMPERATURE {FOR HOURS SHOWN} [C],ZONE COOLING SETPOINT NOT MET WHILE OCCUPIED TIME {HOURS NON-ZERO} [HOURS],ZONE MEAN AIR TEMPERATURE {FOR HOURS SHOWN} [C]
,January,0.00,0.00,0.00,0.00,0.00,0.00,0.00,0.00
,February,-,-,-,-,-,-,-,-
,March,-,-,-,-,-,-,-,-
,April,0.00,0.00,0.00,0.00,0.00,0.00,0.00,0.00
,May,-,-,-,-,-,-,-,-
,June,-,-,-,-,-,-,-,-
,July,0.00,0.00,0.00,0.00,1.25,27.30,1.25,27.30
,August,-,-,-,-,-,-,-,-
,September,-,-,-,-,-,-,-,-
,October,-,-,-,-,-,-,-,-
,November,-,-,-,-,-,-,-,-
,December,-,-,-,-,-,-,-,-
,,,,,,,,,
,Annual Sum or Average,0.00,,0.00,,1.25,27.30,1.25,27.30
,Minimum of Months,0.00,0.00,0.00,0.00,0.00,0.00,0.00,0.00
,Maximum of Months,0.00,0.00,0.00,0.00,1.25,27.30,1.25,27.30


----------------------------------------------------------------------------------------------------
REPORT:,SetpointsNotMetWithTemperaturesMonthly
FOR:,PERIMETER_BOT_ZN_2
Custom Monthly Report

,,ZONE HEATING SETPOINT NOT MET TIME {HOURS NON-ZERO} [HOURS],ZONE MEAN AIR TEMPERATURE {FOR HOURS SHOWN} [C],ZONE HEATING SETPOINT NOT MET WHILE OCCUPIED TIME {HOURS NON-ZERO} [HOURS],ZONE MEAN AIR TEMPERATURE {FOR HOURS SHOWN} [C],ZONE COOLING SETPOINT NOT MET TIME {HOURS NON-ZERO} [HOURS],ZONE MEAN AIR TEMPERATURE {FOR HOURS SHOWN} [C],ZONE COOLING SETPOINT NOT MET WHILE OCCUPIED TIME {HOURS NON-ZERO} [HOURS],ZONE MEAN AIR TEMPERATURE {FOR HOURS SHOWN} [C]
,January,0.00,0.00,0.00,0.00,2.50,27.63,2.50,27.63
,February,-,-,-,-,-,-,-,-
,March,-,-,-,-,-,-,-,-
,April,0.00,0.00,0.00,0.00,11.75,27.68,11.50,27.68
,May,-,-,-,-,-,-,-,-
,June,-,-,-,-,-,-,-,-
,July,0.00,0.00,0.00,0.00,9.00,27.42,8.75,27.43
,August,-,-,-,-,-,-,-,-
,September,-,-,-,-,-,-,-,-
,October,-,-,-,-,-,-,-,-
,November,-,-,-,-,-,-,-,-
,December,-,-,-,-,-,-,-,-
,,,,,,,,,
,Annual Sum or Average,0.00,,0.00,,23.25,27.57,22.75,27.58
,Minimum of Months,0.00,0.00,0.00,0.00,2.50,27.42,2.50,27.43
,Maximum of Months,0.00,0.00,0.00,0.00,11.75,27.68,11.50,27.68


----------------------------------------------------------------------------------------------------
REPORT:,SetpointsNotMetWithTemperaturesMonthly
FOR:,PERIMETER_BOT_ZN_1
Custom Monthly Report

,,ZONE HEATING SETPOINT NOT MET TIME {HOURS NON-ZERO} [HOURS],ZONE MEAN AIR TEMPERATURE {FOR HOURS SHOWN} [C],ZONE HEATING SETPOINT NOT MET WHILE OCCUPIED TIME {HOURS NON-ZERO} [HOURS],ZONE MEAN AIR TEMPERATURE {FOR HOURS SHOWN} [C],ZONE COOLING SETPOINT NOT MET TIME {HOURS NON-ZERO} [HOURS],ZONE MEAN AIR TEMPERATURE {FOR HOURS SHOWN} [C],ZONE COOLING SETPOINT NOT MET WHILE OCCUPIED TIME {HOURS NON-ZERO} [HOURS],ZONE MEAN AIR TEMPERATURE {FOR HOURS SHOWN} [C]
,January,0.00,0.00,0.00,0.00,121.25,25.58,119.75,25.56
,February,-,-,-,-,-,-,-,-
,March,-,-,-,-,-,-,-,-
,April,0.00,0.00,0.00,0.00,40.00,25.34,40.00,25.34
,May,-,-,-,-,-,-,-,-
,June,-,-,-,-,-,-,-,-
,July,0.00,0.00,0.00,0.00,0.75,24.60,0.75,24.60
,August,-,-,-,-,-,-,-,-
,September,-,-,-,-,-,-,-,-
,October,-,-,-,-,-,-,-,-
,November,-,-,-,-,-,-,-,-
,December,-,-,-,-,-,-,-,-
,,,,,,,,,
,Annual Sum or Average,0.00,,0.00,,162.00,25.51,160.50,25.50
,Minimum of Months,0.00,0.00,0.00,0.00,0.75,24.60,0.75,24.60
,Maximum of Months,0.00,0.00,0.00,0.00,121.25,25.58,119.75,25.56


----------------------------------------------------------------------------------------------------
REPORT:,SetpointsNotMetWithTemperaturesMonthly
FOR:,PERIMETER_BOT_ZN_4
Custom Monthly Report

,,ZONE HEATING SETPOINT NOT MET TIME {HOURS NON-ZERO} [HOURS],ZONE MEAN AIR TEMPERATURE {FOR HOURS SHOWN} [C],ZONE HEATING SETPOINT NOT MET WHILE OCCUPIED TIME {HOURS NON-ZERO} [HOURS],ZONE MEAN AIR TEMPERATURE {FOR HOURS SHOWN} [C],ZONE COOLING SETPOINT NOT MET TIME {HOURS NON-ZERO} [HOURS],ZONE MEAN AIR TEMPERATURE {FOR HOURS SHOWN} [C],ZONE COOLING SETPOINT NOT MET WHILE OCCUPIED TIME {HOURS NON-ZERO} [HOURS],ZONE MEAN AIR TEMPERATURE {FOR HOURS SHOWN} [C]
,January,0.00,0.00,0.00,0.00,1.50,27.49,1.50,27.49
,February,-,-,-,-,-,-,-,-
,March,-,-,-,-,-,-,-,-
,April,0.00,0.00,0.00,0.00,12.75,27.75,8.00,27.82
,May,-,-,-,-,-,-,-,-
,June,-,-,-,-,-,-,-,-
,July,0.00,0.00,0.00,0.00,7.75,27.59,6.25,27.61
,August,-,-,-,-,-,-,-,-
,September,-,-,-,-,-,-,-,-
,October,-,-,-,-,-,-,-,-
,November,-,-,-,-,-,-,-,-
,December,-,-,-,-,-,-,-,-
,,,,,,,,,
,Annual Sum or Average,0.00,,0.00,,22.00,27.67,15.75,27.70
,Minimum of Months,0.00,0.00,0.00,0.00,1.50,27.49,1.50,27.49
,Maximum of Months,0.00,0.00,0.00,0.00,12.75,27.75,8.00,27.82


----------------------------------------------------------------------------------------------------
REPORT:,SetpointsNotMetWithTemperaturesMonthly
FOR:,PERIMETER_MID_ZN_3
Custom Monthly Report

,,ZONE HEATING SETPOINT NOT MET TIME {HOURS NON-ZERO} [HOURS],ZONE MEAN AIR TEMPERATURE {FOR HOURS SHOWN} [C],ZONE HEATING SETPOINT NOT MET WHILE OCCUPIED TIME {HOURS NON-ZERO} [HOURS],ZONE MEAN AIR TEMPERATURE {FOR HOURS SHOWN} [C],ZONE COOLING SETPOINT NOT MET TIME {HOURS NON-ZERO} [HOURS],ZONE MEAN AIR TEMPERATURE {FOR HOURS SHOWN} [C],ZONE COOLING SETPOINT NOT MET WHILE OCCUPIED TIME {HOURS NON-ZERO} [HOURS],ZONE MEAN AIR TEMPERATURE {FOR HOURS SHOWN} [C]
,January,0.00,0.00,0.00,0.00,0.00,0.00,0.00,0.00
,February,-,-,-,-,-,-,-,-
,March,-,-,-,-,-,-,-,-
,April,0.00,0.00,0.00,0.00,3.50,27.49,3.50,27.49
,May,-,-,-,-,-,-,-,-
,June,-,-,-,-,-,-,-,-
,July,0.00,0.00,0.00,0.00,7.50,27.24,7.25,27.24
,August,-,-,-,-,-,-,-,-
,September,-,-,-,-,-,-,-,-
,October,-,-,-,-,-,-,-,-
,November,-,-,-,-,-,-,-,-
,December,-,-,-,-,-,-,-,-
,,,,,,,,,
,Annual Sum or Average,0.00,,0.00,,11.00,27.32,10.75,27.32
,Minimum of Months,0.00,0.00,0.00,0.00,0.00,0.00,0.00,0.00
,Maximum of Months,0.00,0.00,0.00,0.00,7.50,27.49,7.25,27.49


----------------------------------------------------------------------------------------------------
REPORT:,SetpointsNotMetWithTemperaturesMonthly
FOR:,PERIMETER_MID_ZN_2
Custom Monthly Report

,,ZONE HEATING SETPOINT NOT MET TIME {HOURS NON-ZERO} [HOURS],ZONE MEAN AIR TEMPERATURE {FOR HOURS SHOWN} [C],ZONE HEATING SETPOINT NOT MET WHILE OCCUPIED TIME {HOURS NON-ZERO} [HOURS],ZONE MEAN AIR TEMPERATURE {FOR HOURS SHOWN} [C],ZONE COOLING SETPOINT NOT MET TIME {HOURS NON-ZERO} [HOURS],ZONE MEAN AIR TEMPERATURE {FOR HOURS SHOWN} [C],ZONE COOLING SETPOINT NOT MET WHILE OCCUPIED TIME {HOURS NON-ZERO} [HOURS],ZONE MEAN AIR TEMPERATURE {FOR HOURS SHOWN} [C]
,January,0.00,0.00,0.00,0.00,11.00,27.70,11.00,27.70
,February,-,-,-,-,-,-,-,-
,March,-,-,-,-,-,-,-,-
,April,0.00,0.00,0.00,0.00,19.25,27.92,17.25,27.99
,May,-,-,-,-,-,-,-,-
,June,-,-,-,-,-,-,-,-
,July,0.00,0.00,0.00,0.00,14.75,27.62,14.50,27.62
,August,-,-,-,-,-,-,-,-
,September,-,-,-,-,-,-,-,-
,October,-,-,-,-,-,-,-,-
,November,-,-,-,-,-,-,-,-
,December,-,-,-,-,-,-,-,-
,,,,,,,,,
,Annual Sum or Average,0.00,,0.00,,45.00,27.77,42.75,27.79
,Minimum of Months,0.00,0.00,0.00,0.00,11.00,27.62,11.00,27.62
,Maximum of Months,0.00,0.00,0.00,0.00,19.25,27.92,17.25,27.99


----------------------------------------------------------------------------------------------------
REPORT:,SetpointsNotMetWithTemperaturesMonthly
FOR:,PERIMETER_MID_ZN_1
Custom Monthly Report

,,ZONE HEATING SETPOINT NOT MET TIME {HOURS NON-ZERO} [HOURS],ZONE MEAN AIR TEMPERATURE {FOR HOURS SHOWN} [C],ZONE HEATING SETPOINT NOT MET WHILE OCCUPIED TIME {HOURS NON-ZERO} [HOURS],ZONE MEAN AIR TEMPERATURE {FOR HOURS SHOWN} [C],ZONE COOLING SETPOINT NOT MET TIME {HOURS NON-ZERO} [HOURS],ZONE MEAN AIR TEMPERATURE {FOR HOURS SHOWN} [C],ZONE COOLING SETPOINT NOT MET WHILE OCCUPIED TIME {HOURS NON-ZERO} [HOURS],ZONE MEAN AIR TEMPERATURE {FOR HOURS SHOWN} [C]
,January,0.00,0.00,0.00,0.00,136.50,25.72,134.75,25.70
,February,-,-,-,-,-,-,-,-
,March,-,-,-,-,-,-,-,-
,April,0.00,0.00,0.00,0.00,8.75,27.53,8.25,27.54
,May,-,-,-,-,-,-,-,-
,June,-,-,-,-,-,-,-,-
,July,0.00,0.00,0.00,0.00,2.25,26.91,2.00,26.86
,August,-,-,-,-,-,-,-,-
,September,-,-,-,-,-,-,-,-
,October,-,-,-,-,-,-,-,-
,November,-,-,-,-,-,-,-,-
,December,-,-,-,-,-,-,-,-
,,,,,,,,,
,Annual Sum or Average,0.00,,0.00,,147.50,25.84,145.00,25.82
,Minimum of Months,0.00,0.00,0.00,0.00,2.25,25.72,2.00,25.70
,Maximum of Months,0.00,0.00,0.00,0.00,136.50,27.53,134.75,27.54


----------------------------------------------------------------------------------------------------
REPORT:,SetpointsNotMetWithTemperaturesMonthly
FOR:,PERIMETER_MID_ZN_4
Custom Monthly Report

,,ZONE HEATING SETPOINT NOT MET TIME {HOURS NON-ZERO} [HOURS],ZONE MEAN AIR TEMPERATURE {FOR HOURS SHOWN} [C],ZONE HEATING SETPOINT NOT MET WHILE OCCUPIED TIME {HOURS NON-ZERO} [HOURS],ZONE MEAN AIR TEMPERATURE {FOR HOURS SHOWN} [C],ZONE COOLING SETPOINT NOT MET TIME {HOURS NON-ZERO} [HOURS],ZONE MEAN AIR TEMPERATURE {FOR HOURS SHOWN} [C],ZONE COOLING SETPOINT NOT MET WHILE OCCUPIED TIME {HOURS NON-ZERO} [HOURS],ZONE MEAN AIR TEMPERATURE {FOR HOURS SHOWN} [C]
,January,0.00,0.00,0.00,0.00,8.50,27.75,7.75,27.79
,February,-,-,-,-,-,-,-,-
,March,-,-,-,-,-,-,-,-
,April,0.00,0.00,0.00,0.00,18.25,27.96,10.50,28.18
,May,-,-,-,-,-,-,-,-
,June,-,-,-,-,-,-,-,-
,July,0.00,0.00,0.00,0.00,11.75,27.81,8.75,27.86
,August,-,-,-,-,-,-,-,-
,September,-,-,-,-,-,-,-,-
,October,-,-,-,-,-,-,-,-
,November,-,-,-,-,-,-,-,-
,December,-,-,-,-,-,-,-,-
,,,,,,,,,
,Annual Sum or Average,0.00,,0.00,,38.50,27.87,27.00,27.96
,Minimum of Months,0.00,0.00,0.00,0.00,8.50,27.75,7.75,27.79
,Maximum of Months,0.00,0.00,0.00,0.00,18.25,27.96,10.50,28.18


----------------------------------------------------------------------------------------------------
REPORT:,ComfortReportSimple55Monthly
FOR:,CORE_BOTTOM
Custom Monthly Report

,,ZONE THERMAL COMFORT ASHRAE 55 SIMPLE MODEL SUMMER CLOTHES NOT COMFORTABLE TIME {HOURS NON-ZERO} [HOURS],ZONE MEAN AIR TEMPERATURE {FOR HOURS SHOWN} [C],ZONE THERMAL COMFORT ASHRAE 55 SIMPLE MODEL WINTER CLOTHES NOT COMFORTABLE TIME {HOURS NON-ZERO} [HOURS],ZONE MEAN AIR TEMPERATURE {FOR HOURS SHOWN} [C],ZONE THERMAL COMFORT ASHRAE 55 SIMPLE MODEL SUMMER OR WINTER CLOTHES NOT COMFORTABLE TIME {HOURS NON-ZERO} [HOURS],ZONE MEAN AIR TEMPERATURE {FOR HOURS SHOWN} [C]
,January,0.00,0.00,464.00,24.48,0.00,0.00
,February,-,-,-,-,-,-
,March,-,-,-,-,-,-
,April,0.00,0.00,477.00,24.44,0.00,0.00
,May,-,-,-,-,-,-
,June,-,-,-,-,-,-
,July,0.00,0.00,502.00,24.49,0.00,0.00
,August,-,-,-,-,-,-
,September,-,-,-,-,-,-
,October,-,-,-,-,-,-
,November,-,-,-,-,-,-
,December,-,-,-,-,-,-
,,,,,,,
,Annual Sum or Average,0.00,,1443.00,24.47,0.00,
,Minimum of Months,0.00,0.00,464.00,24.44,0.00,0.00
,Maximum of Months,0.00,0.00,502.00,24.49,0.00,0.00


----------------------------------------------------------------------------------------------------
REPORT:,ComfortReportSimple55Monthly
FOR:,TOPFLOOR_PLENUM
Custom Monthly Report

,,ZONE THERMAL COMFORT ASHRAE 55 SIMPLE MODEL SUMMER CLOTHES NOT COMFORTABLE TIME {HOURS NON-ZERO} [HOURS],ZONE MEAN AIR TEMPERATURE {FOR HOURS SHOWN} [C],ZONE THERMAL COMFORT ASHRAE 55 SIMPLE MODEL WINTER CLOTHES NOT COMFORTABLE TIME {HOURS NON-ZERO} [HOURS],ZONE MEAN AIR TEMPERATURE {FOR HOURS SHOWN} [C],ZONE THERMAL COMFORT ASHRAE 55 SIMPLE MODEL SUMMER OR WINTER CLOTHES NOT COMFORTABLE TIME {HOURS NON-ZERO} [HOURS],ZONE MEAN AIR TEMPERATURE {FOR HOURS SHOWN} [C]
,January,0.00,0.00,0.00,0.00,0.00,0.00
,February,-,-,-,-,-,-
,March,-,-,-,-,-,-
,April,0.00,0.00,0.00,0.00,0.00,0.00
,May,-,-,-,-,-,-
,June,-,-,-,-,-,-
,July,0.00,0.00,0.00,0.00,0.00,0.00
,August,-,-,-,-,-,-
,September,-,-,-,-,-,-
,October,-,-,-,-,-,-
,November,-,-,-,-,-,-
,December,-,-,-,-,-,-
,,,,,,,
,Annual Sum or Average,0.00,,0.00,,0.00,
,Minimum of Months,0.00,0.00,0.00,0.00,0.00,0.00
,Maximum of Months,0.00,0.00,0.00,0.00,0.00,0.00


----------------------------------------------------------------------------------------------------
REPORT:,ComfortReportSimple55Monthly
FOR:,MIDFLOOR_PLENUM
Custom Monthly Report

,,ZONE THERMAL COMFORT ASHRAE 55 SIMPLE MODEL SUMMER CLOTHES NOT COMFORTABLE TIME {HOURS NON-ZERO} [HOURS],ZONE MEAN AIR TEMPERATURE {FOR HOURS SHOWN} [C],ZONE THERMAL COMFORT ASHRAE 55 SIMPLE MODEL WINTER CLOTHES NOT COMFORTABLE TIME {HOURS NON-ZERO} [HOURS],ZONE MEAN AIR TEMPERATURE {FOR HOURS SHOWN} [C],ZONE THERMAL COMFORT ASHRAE 55 SIMPLE MODEL SUMMER OR WINTER CLOTHES NOT COMFORTABLE TIME {HOURS NON-ZERO} [HOURS],ZONE MEAN AIR TEMPERATURE {FOR HOURS SHOWN} [C]
,January,0.00,0.00,0.00,0.00,0.00,0.00
,February,-,-,-,-,-,-
,March,-,-,-,-,-,-
,April,0.00,0.00,0.00,0.00,0.00,0.00
,May,-,-,-,-,-,-
,June,-,-,-,-,-,-
,July,0.00,0.00,0.00,0.00,0.00,0.00
,August,-,-,-,-,-,-
,September,-,-,-,-,-,-
,October,-,-,-,-,-,-
,November,-,-,-,-,-,-
,December,-,-,-,-,-,-
,,,,,,,
,Annual Sum or Average,0.00,,0.00,,0.00,
,Minimum of Months,0.00,0.00,0.00,0.00,0.00,0.00
,Maximum of Months,0.00,0.00,0.00,0.00,0.00,0.00


----------------------------------------------------------------------------------------------------
REPORT:,ComfortReportSimple55Monthly
FOR:,FIRSTFLOOR_PLENUM
Custom Monthly Report

,,ZONE THERMAL COMFORT ASHRAE 55 SIMPLE MODEL SUMMER CLOTHES NOT COMFORTABLE TIME {HOURS NON-ZERO} [HOURS],ZONE MEAN AIR TEMPERATURE {FOR HOURS SHOWN} [C],ZONE THERMAL COMFORT ASHRAE 55 SIMPLE MODEL WINTER CLOTHES NOT COMFORTABLE TIME {HOURS NON-ZERO} [HOURS],ZONE MEAN AIR TEMPERATURE {FOR HOURS SHOWN} [C],ZONE THERMAL COMFORT ASHRAE 55 SIMPLE MODEL SUMMER OR WINTER CLOTHES NOT COMFORTABLE TIME {HOURS NON-ZERO} [HOURS],ZONE MEAN AIR TEMPERATURE {FOR HOURS SHOWN} [C]
,January,0.00,0.00,0.00,0.00,0.00,0.00
,February,-,-,-,-,-,-
,March,-,-,-,-,-,-
,April,0.00,0.00,0.00,0.00,0.00,0.00
,May,-,-,-,-,-,-
,June,-,-,-,-,-,-
,July,0.00,0.00,0.00,0.00,0.00,0.00
,August,-,-,-,-,-,-
,September,-,-,-,-,-,-
,October,-,-,-,-,-,-
,November,-,-,-,-,-,-
,December,-,-,-,-,-,-
,,,,,,,
,Annual Sum or Average,0.00,,0.00,,0.00,
,Minimum of Months,0.00,0.00,0.00,0.00,0.00,0.00
,Maximum of Months,0.00,0.00,0.00,0.00,0.00,0.00


----------------------------------------------------------------------------------------------------
REPORT:,ComfortReportSimple55Monthly
FOR:,CORE_MID
Custom Monthly Report

,,ZONE THERMAL COMFORT ASHRAE 55 SIMPLE MODEL SUMMER CLOTHES NOT COMFORTABLE TIME {HOURS NON-ZERO} [HOURS],ZONE MEAN AIR TEMPERATURE {FOR HOURS SHOWN} [C],ZONE THERMAL COMFORT ASHRAE 55 SIMPLE MODEL WINTER CLOTHES NOT COMFORTABLE TIME {HOURS NON-ZERO} [HOURS],ZONE MEAN AIR TEMPERATURE {FOR HOURS SHOWN} [C],ZONE THERMAL COMFORT ASHRAE 55 SIMPLE MODEL SUMMER OR WINTER CLOTHES NOT COMFORTABLE TIME {HOURS NON-ZERO} [HOURS],ZONE MEAN AIR TEMPERATURE {FOR HOURS SHOWN} [C]
,January,0.00,0.00,412.00,24.45,0.00,0.00
,February,-,-,-,-,-,-
,March,-,-,-,-,-,-
,April,0.00,0.00,463.50,24.40,0.00,0.00
,May,-,-,-,-,-,-
,June,-,-,-,-,-,-
,July,0.00,0.00,498.25,24.40,0.00,0.00
,August,-,-,-,-,-,-
,September,-,-,-,-,-,-
,October,-,-,-,-,-,-
,November,-,-,-,-,-,-
,December,-,-,-,-,-,-
,,,,,,,
,Annual Sum or Average,0.00,,1373.75,24.41,0.00,
,Minimum of Months,0.00,0.00,412.00,24.40,0.00,0.00
,Maximum of Months,0.00,0.00,498.25,24.45,0.00,0.00


----------------------------------------------------------------------------------------------------
REPORT:,ComfortReportSimple55Monthly
FOR:,CORE_TOP
Custom Monthly Report

,,ZONE THERMAL COMFORT ASHRAE 55 SIMPLE MODEL SUMMER CLOTHES NOT COMFORTABLE TIME {HOURS NON-ZERO} [HOURS],ZONE MEAN AIR TEMPERATURE {FOR HOURS SHOWN} [C],ZONE THERMAL COMFORT ASHRAE 55 SIMPLE MODEL WINTER CLOTHES NOT COMFORTABLE TIME {HOURS NON-ZERO} [HOURS],ZONE MEAN AIR TEMPERATURE {FOR HOURS SHOWN} [C],ZONE THERMAL COMFORT ASHRAE 55 SIMPLE MODEL SUMMER OR WINTER CLOTHES NOT COMFORTABLE TIME {HOURS NON-ZERO} [HOURS],ZONE MEAN AIR TEMPERATURE {FOR HOURS SHOWN} [C]
,January,2.50,23.53,352.25,24.46,0.00,0.00
,February,-,-,-,-,-,-
,March,-,-,-,-,-,-
,April,2.75,26.87,464.50,24.46,2.75,26.87
,May,-,-,-,-,-,-
,June,-,-,-,-,-,-
,July,1.75,26.79,488.00,24.42,1.75,26.79
,August,-,-,-,-,-,-
,September,-,-,-,-,-,-
,October,-,-,-,-,-,-
,November,-,-,-,-,-,-
,December,-,-,-,-,-,-
,,,,,,,
,Annual Sum or Average,7.00,25.66,1304.75,24.44,4.50,26.84
,Minimum of Months,1.75,23.53,352.25,24.42,0.00,0.00
,Maximum of Months,2.75,26.87,488.00,24.46,2.75,26.87


----------------------------------------------------------------------------------------------------
REPORT:,ComfortReportSimple55Monthly
FOR:,PERIMETER_TOP_ZN_3
Custom Monthly Report

,,ZONE THERMAL COMFORT ASHRAE 55 SIMPLE MODEL SUMMER CLOTHES NOT COMFORTABLE TIME {HOURS NON-ZERO} [HOURS],ZONE MEAN AIR TEMPERATURE {FOR HOURS SHOWN} [C],ZONE THERMAL COMFORT ASHRAE 55 SIMPLE MODEL WINTER CLOTHES NOT COMFORTABLE TIME {HOURS NON-ZERO} [HOURS],ZONE MEAN AIR TEMPERATURE {FOR HOURS SHOWN} [C],ZONE THERMAL COMFORT ASHRAE 55 SIMPLE MODEL SUMMER OR WINTER CLOTHES NOT COMFORTABLE TIME {HOURS NON-ZERO} [HOURS],ZONE MEAN AIR TEMPERATURE {FOR HOURS SHOWN} [C]
,January,70.75,23.50,311.25,24.39,3.25,26.87
,February,-,-,-,-,-,-
,March,-,-,-,-,-,-
,April,29.25,27.12,462.25,24.54,29.25,27.12
,May,-,-,-,-,-,-
,June,-,-,-,-,-,-
,July,61.50,26.29,479.00,24.51,60.25,26.35
,August,-,-,-,-,-,-
,September,-,-,-,-,-,-
,October,-,-,-,-,-,-
,November,-,-,-,-,-,-
,December,-,-,-,-,-,-
,,,,,,,
,Annual Sum or Average,161.50,25.21,1252.50,24.49,92.75,26.61
,Minimum of Months,29.25,23.50,311.25,24.39,3.25,26.35
,Maximum of Months,70.75,27.12,479.00,24.54,60.25,27.12


----------------------------------------------------------------------------------------------------
REPORT:,ComfortReportSimple55Monthly
FOR:,PERIMETER_TOP_ZN_2
Custom Monthly Report

,,ZONE THERMAL COMFORT ASHRAE 55 SIMPLE MODEL SUMMER CLOTHES NOT COMFORTABLE TIME {HOURS NON-ZERO} [HOURS],ZONE MEAN AIR TEMPERATURE {FOR HOURS SHOWN} [C],ZONE THERMAL COMFORT ASHRAE 55 SIMPLE MODEL WINTER CLOTHES NOT COMFORTABLE TIME {HOURS NON-ZERO} [HOURS],ZONE MEAN AIR TEMPERATURE {FOR HOURS SHOWN} [C],ZONE THERMAL COMFORT ASHRAE 55 SIMPLE MODEL SUMMER OR WINTER CLOTHES NOT COMFORTABLE TIME {HOURS NON-ZERO} [HOURS],ZONE MEAN AIR TEMPERATURE {FOR HOURS SHOWN} [C]
,January,68.25,25.74,370.00,24.58,43.50,27.09
,February,-,-,-,-,-,-
,March,-,-,-,-,-,-
,April,48.00,27.33,476.75,24.62,48.00,27.33
,May,-,-,-,-,-,-
,June,-,-,-,-,-,-
,July,72.50,26.60,494.50,24.54,72.50,26.60
,August,-,-,-,-,-,-
,September,-,-,-,-,-,-
,October,-,-,-,-,-,-
,November,-,-,-,-,-,-
,December,-,-,-,-,-,-
,,,,,,,
,Annual Sum or Average,188.75,26.48,1341.25,24.58,164.00,26.94
,Minimum of Months,48.00,25.74,370.00,24.54,43.50,26.60
,Maximum of Months,72.50,27.33,494.50,24.62,72.50,27.33


----------------------------------------------------------------------------------------------------
REPORT:,ComfortReportSimple55Monthly
FOR:,PERIMETER_TOP_ZN_1
Custom Monthly Report

,,ZONE THERMAL COMFORT ASHRAE 55 SIMPLE MODEL SUMMER CLOTHES NOT COMFORTABLE TIME {HOURS NON-ZERO} [HOURS],ZONE MEAN AIR TEMPERATURE {FOR HOURS SHOWN} [C],ZONE THERMAL COMFORT ASHRAE 55 SIMPLE MODEL WINTER CLOTHES NOT COMFORTABLE TIME {HOURS NON-ZERO} [HOURS],ZONE MEAN AIR TEMPERATURE {FOR HOURS SHOWN} [C],ZONE THERMAL COMFORT ASHRAE 55 SIMPLE MODEL SUMMER OR WINTER CLOTHES NOT COMFORTABLE TIME {HOURS NON-ZERO} [HOURS],ZONE MEAN AIR TEMPERATURE {FOR HOURS SHOWN} [C]
,January,92.25,26.20,397.50,24.92,75.50,26.80
,February,-,-,-,-,-,-
,March,-,-,-,-,-,-
,April,32.50,27.13,468.75,24.56,32.50,27.13
,May,-,-,-,-,-,-
,June,-,-,-,-,-,-
,July,56.75,26.14,490.00,24.47,56.75,26.14
,August,-,-,-,-,-,-
,September,-,-,-,-,-,-
,October,-,-,-,-,-,-
,November,-,-,-,-,-,-
,December,-,-,-,-,-,-
,,,,,,,
,Annual Sum or Average,181.50,26.35,1356.25,24.63,164.75,26.64
,Minimum of Months,32.50,26.14,397.50,24.47,32.50,26.14
,Maximum of Months,92.25,27.13,490.00,24.92,75.50,27.13


----------------------------------------------------------------------------------------------------
REPORT:,ComfortReportSimple55Monthly
FOR:,PERIMETER_TOP_ZN_4
Custom Monthly Report

,,ZONE THERMAL COMFORT ASHRAE 55 SIMPLE MODEL SUMMER CLOTHES NOT COMFORTABLE TIME {HOURS NON-ZERO} [HOURS],ZONE MEAN AIR TEMPERATURE {FOR HOURS SHOWN} [C],ZONE THERMAL COMFORT ASHRAE 55 SIMPLE MODEL WINTER CLOTHES NOT COMFORTABLE TIME {HOURS NON-ZERO} [HOURS],ZONE MEAN AIR TEMPERATURE {FOR HOURS SHOWN} [C],ZONE THERMAL COMFORT ASHRAE 55 SIMPLE MODEL SUMMER OR WINTER CLOTHES NOT COMFORTABLE TIME {HOURS NON-ZERO} [HOURS],ZONE MEAN AIR TEMPERATURE {FOR HOURS SHOWN} [C]
,January,57.50,25.23,360.25,24.52,28.25,27.15
,February,-,-,-,-,-,-
,March,-,-,-,-,-,-
,April,40.25,27.31,478.50,24.62,40.25,27.31
,May,-,-,-,-,-,-
,June,-,-,-,-,-,-
,July,62.50,26.35,496.00,24.52,62.50,26.35
,August,-,-,-,-,-,-
,September,-,-,-,-,-,-
,October,-,-,-,-,-,-
,November,-,-,-,-,-,-
,December,-,-,-,-,-,-
,,,,,,,
,Annual Sum or Average,160.25,26.19,1334.75,24.56,131.00,26.82
,Minimum of Months,40.25,25.23,360.25,24.52,28.25,26.35
,Maximum of Months,62.50,27.31,496.00,24.62,62.50,27.31


----------------------------------------------------------------------------------------------------
REPORT:,ComfortReportSimple55Monthly
FOR:,PERIMETER_BOT_ZN_3
Custom Monthly Report

,,ZONE THERMAL COMFORT ASHRAE 55 SIMPLE MODEL SUMMER CLOTHES NOT COMFORTABLE TIME {HOURS NON-ZERO} [HOURS],ZONE MEAN AIR TEMPERATURE {FOR HOURS SHOWN} [C],ZONE THERMAL COMFORT ASHRAE 55 SIMPLE MODEL WINTER CLOTHES NOT COMFORTABLE TIME {HOURS NON-ZERO} [HOURS],ZONE MEAN AIR TEMPERATURE {FOR HOURS SHOWN} [C],ZONE THERMAL COMFORT ASHRAE 55 SIMPLE MODEL SUMMER OR WINTER CLOTHES NOT COMFORTABLE TIME {HOURS NON-ZERO} [HOURS],ZONE MEAN AIR TEMPERATURE {FOR HOURS SHOWN} [C]
,January,111.00,23.36,235.25,24.20,0.00,0.00
,February,-,-,-,-,-,-
,March,-,-,-,-,-,-
,April,7.50,23.52,398.25,24.39,0.00,0.00
,May,-,-,-,-,-,-
,June,-,-,-,-,-,-
,July,18.75,25.52,468.25,24.44,17.25,25.71
,August,-,-,-,-,-,-
,September,-,-,-,-,-,-
,October,-,-,-,-,-,-
,November,-,-,-,-,-,-
,December,-,-,-,-,-,-
,,,,,,,
,Annual Sum or Average,137.25,23.66,1101.75,24.37,17.25,25.71
,Minimum of Months,7.50,23.36,235.25,24.20,0.00,0.00
,Maximum of Months,111.00,25.52,468.25,24.44,17.25,25.71


----------------------------------------------------------------------------------------------------
REPORT:,ComfortReportSimple55Monthly
FOR:,PERIMETER_BOT_ZN_2
Custom Monthly Report

,,ZONE THERMAL COMFORT ASHRAE 55 SIMPLE MODEL SUMMER CLOTHES NOT COMFORTABLE TIME {HOURS NON-ZERO} [HOURS],ZONE MEAN AIR TEMPERATURE {FOR HOURS SHOWN} [C],ZONE THERMAL COMFORT ASHRAE 55 SIMPLE MODEL WINTER CLOTHES NOT COMFORTABLE TIME {HOURS NON-ZERO} [HOURS],ZONE MEAN AIR TEMPERATURE {FOR HOURS SHOWN} [C],ZONE THERMAL COMFORT ASHRAE 55 SIMPLE MODEL SUMMER OR WINTER CLOTHES NOT COMFORTABLE TIME {HOURS NON-ZERO} [HOURS],ZONE MEAN AIR TEMPERATURE {FOR HOURS SHOWN} [C]
,January,14.50,24.94,384.25,24.51,5.50,27.26
,February,-,-,-,-,-,-
,March,-,-,-,-,-,-
,April,19.25,27.29,471.50,24.55,19.25,27.29
,May,-,-,-,-,-,-
,June,-,-,-,-,-,-
,July,38.00,26.56,492.75,24.51,38.00,26.56
,August,-,-,-,-,-,-
,September,-,-,-,-,-,-
,October,-,-,-,-,-,-
,November,-,-,-,-,-,-
,December,-,-,-,-,-,-
,,,,,,,
,Annual Sum or Average,71.75,26.43,1348.50,24.53,62.75,26.85
,Minimum of Months,14.50,24.94,384.25,24.51,5.50,26.56
,Maximum of Months,38.00,27.29,492.75,24.55,38.00,27.29


----------------------------------------------------------------------------------------------------
REPORT:,ComfortReportSimple55Monthly
FOR:,PERIMETER_BOT_ZN_1
Custom Monthly Report

,,ZONE THERMAL COMFORT ASHRAE 55 SIMPLE MODEL SUMMER CLOTHES NOT COMFORTABLE TIME {HOURS NON-ZERO} [HOURS],ZONE MEAN AIR TEMPERATURE {FOR HOURS SHOWN} [C],ZONE THERMAL COMFORT ASHRAE 55 SIMPLE MODEL WINTER CLOTHES NOT COMFORTABLE TIME {HOURS NON-ZERO} [HOURS],ZONE MEAN AIR TEMPERATURE {FOR HOURS SHOWN} [C],ZONE THERMAL COMFORT ASHRAE 55 SIMPLE MODEL SUMMER OR WINTER CLOTHES NOT COMFORTABLE TIME {HOURS NON-ZERO} [HOURS],ZONE MEAN AIR TEMPERATURE {FOR HOURS SHOWN} [C]
,January,65.00,26.03,453.50,24.94,53.50,26.85
,February,-,-,-,-,-,-
,March,-,-,-,-,-,-
,April,24.75,23.92,441.50,24.55,23.75,23.95
,May,-,-,-,-,-,-
,June,-,-,-,-,-,-
,July,71.75,23.95,483.00,24.31,71.75,23.95
,August,-,-,-,-,-,-
,September,-,-,-,-,-,-
,October,-,-,-,-,-,-
,November,-,-,-,-,-,-
,December,-,-,-,-,-,-
,,,,,,,
,Annual Sum or Average,161.50,24.78,1378.00,24.59,149.00,24.99
,Minimum of Months,24.75,23.92,441.50,24.31,23.75,23.95
,Maximum of Months,71.75,26.03,483.00,24.94,71.75,26.85


----------------------------------------------------------------------------------------------------
REPORT:,ComfortReportSimple55Monthly
FOR:,PERIMETER_BOT_ZN_4
Custom Monthly Report

,,ZONE THERMAL COMFORT ASHRAE 55 SIMPLE MODEL SUMMER CLOTHES NOT COMFORTABLE TIME {HOURS NON-ZERO} [HOURS],ZONE MEAN AIR TEMPERATURE {FOR HOURS SHOWN} [C],ZONE THERMAL COMFORT ASHRAE 55 SIMPLE MODEL WINTER CLOTHES NOT COMFORTABLE TIME {HOURS NON-ZERO} [HOURS],ZONE MEAN AIR TEMPERATURE {FOR HOURS SHOWN} [C],ZONE THERMAL COMFORT ASHRAE 55 SIMPLE MODEL SUMMER OR WINTER CLOTHES NOT COMFORTABLE TIME {HOURS NON-ZERO} [HOURS],ZONE MEAN AIR TEMPERATURE {FOR HOURS SHOWN} [C]
,January,7.50,24.84,386.00,24.46,2.75,27.14
,February,-,-,-,-,-,-
,March,-,-,-,-,-,-
,April,16.00,27.30,477.75,24.55,16.00,27.30
,May,-,-,-,-,-,-
,June,-,-,-,-,-,-
,July,33.00,26.23,497.25,24.49,33.00,26.23
,August,-,-,-,-,-,-
,September,-,-,-,-,-,-
,October,-,-,-,-,-,-
,November,-,-,-,-,-,-
,December,-,-,-,-,-,-
,,,,,,,
,Annual Sum or Average,56.50,26.35,1361.00,24.50,51.75,26.61
,Minimum of Months,7.50,24.84,386.00,24.46,2.75,26.23
,Maximum of Months,33.00,27.30,497.25,24.55,33.00,27.30


----------------------------------------------------------------------------------------------------
REPORT:,ComfortReportSimple55Monthly
FOR:,PERIMETER_MID_ZN_3
Custom Monthly Report

,,ZONE THERMAL COMFORT ASHRAE 55 SIMPLE MODEL SUMMER CLOTHES NOT COMFORTABLE TIME {HOURS NON-ZERO} [HOURS],ZONE MEAN AIR TEMPERATURE {FOR HOURS SHOWN} [C],ZONE THERMAL COMFORT ASHRAE 55 SIMPLE MODEL WINTER CLOTHES NOT COMFORTABLE TIME {HOURS NON-ZERO} [HOURS],ZONE MEAN AIR TEMPERATURE {FOR HOURS SHOWN} [C],ZONE THERMAL COMFORT ASHRAE 55 SIMPLE MODEL SUMMER OR WINTER CLOTHES NOT COMFORTABLE TIME {HOURS NON-ZERO} [HOURS],ZONE MEAN AIR TEMPERATURE {FOR HOURS SHOWN} [C]
,January,17.75,23.62,358.75,24.37,0.75,26.87
,February,-,-,-,-,-,-
,March,-,-,-,-,-,-
,April,14.75,27.03,473.25,24.50,14.75,27.03
,May,-,-,-,-,-,-
,June,-,-,-,-,-,-
,July,46.75,26.37,495.75,24.50,46.75,26.37
,August,-,-,-,-,-,-
,September,-,-,-,-,-,-
,October,-,-,-,-,-,-
,November,-,-,-,-,-,-
,December,-,-,-,-,-,-
,,,,,,,
,Annual Sum or Average,79.25,25.87,1327.75,24.47,62.25,26.53
,Minimum of Months,14.75,23.62,358.75,24.37,0.75,26.37
,Maximum of Months,46.75,27.03,495.75,24.50,46.75,27.03


----------------------------------------------------------------------------------------------------
REPORT:,ComfortReportSimple55Monthly
FOR:,PERIMETER_MID_ZN_2
Custom Monthly Report

,,ZONE THERMAL COMFORT ASHRAE 55 SIMPLE MODEL SUMMER CLOTHES NOT COMFORTABLE TIME {HOURS NON-ZERO} [HOURS],ZONE MEAN AIR TEMPERATURE {FOR HOURS SHOWN} [C],ZONE THERMAL COMFORT ASHRAE 55 SIMPLE MODEL WINTER CLOTHES NOT COMFORTABLE TIME {HOURS NON-ZERO} [HOURS],ZONE MEAN AIR TEMPERATURE {FOR HOURS SHOWN} [C],ZONE THERMAL COMFORT ASHRAE 55 SIMPLE MODEL SUMMER OR WINTER CLOTHES NOT COMFORTABLE TIME {HOURS NON-ZERO} [HOURS],ZONE MEAN AIR TEMPERATURE {FOR HOURS SHOWN} [C]
,January,34.75,26.88,341.75,24.70,32.50,27.12
,February,-,-,-,-,-,-
,March,-,-,-,-,-,-
,April,46.75,27.24,403.25,24.73,46.75,27.24
,May,-,-,-,-,-,-
,June,-,-,-,-,-,-
,July,66.25,26.67,427.00,24.66,66.25,26.67
,August,-,-,-,-,-,-
,September,-,-,-,-,-,-
,October,-,-,-,-,-,-
,November,-,-,-,-,-,-
,December,-,-,-,-,-,-
,,,,,,,
,Annual Sum or Average,147.75,26.90,1172.00,24.70,145.50,26.95
,Minimum of Months,34.75,26.67,341.75,24.66,32.50,26.67
,Maximum of Months,66.25,27.24,427.00,24.73,66.25,27.24


----------------------------------------------------------------------------------------------------
REPORT:,ComfortReportSimple55Monthly
FOR:,PERIMETER_MID_ZN_1
Custom Monthly Report

,,ZONE THERMAL COMFORT ASHRAE 55 SIMPLE MODEL SUMMER CLOTHES NOT COMFORTABLE TIME {HOURS NON-ZERO} [HOURS],ZONE MEAN AIR TEMPERATURE {FOR HOURS SHOWN} [C],ZONE THERMAL COMFORT ASHRAE 55 SIMPLE MODEL WINTER CLOTHES NOT COMFORTABLE TIME {HOURS NON-ZERO} [HOURS],ZONE MEAN AIR TEMPERATURE {FOR HOURS SHOWN} [C],ZONE THERMAL COMFORT ASHRAE 55 SIMPLE MODEL SUMMER OR WINTER CLOTHES NOT COMFORTABLE TIME {HOURS NON-ZERO} [HOURS],ZONE MEAN AIR TEMPERATURE {FOR HOURS SHOWN} [C]
,January,90.25,26.72,443.00,25.02,90.25,26.72
,February,-,-,-,-,-,-
,March,-,-,-,-,-,-
,April,22.75,27.06,474.50,24.54,22.75,27.06
,May,-,-,-,-,-,-
,June,-,-,-,-,-,-
,July,36.25,26.02,501.75,24.48,36.25,26.02
,August,-,-,-,-,-,-
,September,-,-,-,-,-,-
,October,-,-,-,-,-,-
,November,-,-,-,-,-,-
,December,-,-,-,-,-,-
,,,,,,,
,Annual Sum or Average,149.25,26.60,1419.25,24.67,149.25,26.60
,Minimum of Months,22.75,26.02,443.00,24.48,22.75,26.02
,Maximum of Months,90.25,27.06,501.75,25.02,90.25,27.06


----------------------------------------------------------------------------------------------------
REPORT:,ComfortReportSimple55Monthly
FOR:,PERIMETER_MID_ZN_4
Custom Monthly Report

,,ZONE THERMAL COMFORT ASHRAE 55 SIMPLE MODEL SUMMER CLOTHES NOT COMFORTABLE TIME {HOURS NON-ZERO} [HOURS],ZONE MEAN AIR TEMPERATURE {FOR HOURS SHOWN} [C],ZONE THERMAL COMFORT ASHRAE 55 SIMPLE MODEL WINTER CLOTHES NOT COMFORTABLE TIME {HOURS NON-ZERO} [HOURS],ZONE MEAN AIR TEMPERATURE {FOR HOURS SHOWN} [C],ZONE THERMAL COMFORT ASHRAE 55 SIMPLE MODEL SUMMER OR WINTER CLOTHES NOT COMFORTABLE TIME {HOURS NON-ZERO} [HOURS],ZONE MEAN AIR TEMPERATURE {FOR HOURS SHOWN} [C]
,January,26.50,26.84,413.50,24.51,24.50,27.11
,February,-,-,-,-,-,-
,March,-,-,-,-,-,-
,April,33.50,27.25,482.00,24.61,33.50,27.25
,May,-,-,-,-,-,-
,June,-,-,-,-,-,-
,July,51.00,26.42,502.00,24.54,51.00,26.42
,August,-,-,-,-,-,-
,September,-,-,-,-,-,-
,October,-,-,-,-,-,-
,November,-,-,-,-,-,-
,December,-,-,-,-,-,-
,,,,,,,
,Annual Sum or Average,111.00,26.77,1397.50,24.55,109.00,26.83
,Minimum of Months,26.50,26.42,413.50,24.51,24.50,26.42
,Maximum of Months,51.00,27.25,502.00,24.61,51.00,27.25


----------------------------------------------------------------------------------------------------
REPORT:,OccupantComfortDataSummaryMonthly
FOR:,CORE_BOTTOM
Custom Monthly Report

,,PEOPLE OCCUPANT COUNT {HOURS NON-ZERO} [HOURS],PEOPLE AIR TEMPERATURE {FOR HOURS SHOWN} [C],PEOPLE AIR RELATIVE HUMIDITY {FOR HOURS SHOWN} [%],ZONE THERMAL COMFORT FANGER MODEL PMV {FOR HOURS SHOWN} [],ZONE THERMAL COMFORT FANGER MODEL PPD {FOR HOURS SHOWN} [%]
,January,502.00000,24.44961,43.13320,0.54421,11.41704
,February,-,-,-,-,-
,March,-,-,-,-,-
,April,490.00000,24.43095,44.15577,0.55360,11.61777
,May,-,-,-,-,-
,June,-,-,-,-,-
,July,502.00000,24.49136,46.90772,-0.2593,6.93320
,August,-,-,-,-,-
,September,-,-,-,-,-
,October,-,-,-,-,-
,November,-,-,-,-,-
,December,-,-,-,-,-
,,,,,,
,Annual Sum or Average,1494.00000,24.45752,44.73686,0.27731,9.97626
,Minimum of Months,490.00000,24.43095,43.13320,-0.2593,6.93320
,Maximum of Months,502.00000,24.49136,46.90772,0.55360,11.61777


----------------------------------------------------------------------------------------------------
REPORT:,OccupantComfortDataSummaryMonthly
FOR:,CORE_MID
Custom Monthly Report

,,PEOPLE OCCUPANT COUNT {HOURS NON-ZERO} [HOURS],PEOPLE AIR TEMPERATURE {FOR HOURS SHOWN} [C],PEOPLE AIR RELATIVE HUMIDITY {FOR HOURS SHOWN} [%],ZONE THERMAL COMFORT FANGER MODEL PMV {FOR HOURS SHOWN} [],ZONE THERMAL COMFORT FANGER MODEL PPD {FOR HOURS SHOWN} [%]
,January,502.00000,24.36731,44.82560,0.50988,10.66049
,February,-,-,-,-,-
,March,-,-,-,-,-
,April,490.00000,24.38223,46.06440,0.53212,11.16229
,May,-,-,-,-,-
,June,-,-,-,-,-
,July,502.00000,24.39685,48.38507,-0.3156,7.56525
,August,-,-,-,-,-
,September,-,-,-,-,-
,October,-,-,-,-,-
,November,-,-,-,-,-
,December,-,-,-,-,-
,,,,,,
,Annual Sum or Average,1494.00000,24.38213,46.42792,0.23982,9.78504
,Minimum of Months,490.00000,24.36731,44.82560,-0.3156,7.56525
,Maximum of Months,502.00000,24.39685,48.38507,0.53212,11.16229


----------------------------------------------------------------------------------------------------
REPORT:,OccupantComfortDataSummaryMonthly
FOR:,CORE_TOP
Custom Monthly Report

,,PEOPLE OCCUPANT COUNT {HOURS NON-ZERO} [HOURS],PEOPLE AIR TEMPERATURE {FOR HOURS SHOWN} [C],PEOPLE AIR RELATIVE HUMIDITY {FOR HOURS SHOWN} [%],ZONE THERMAL COMFORT FANGER MODEL PMV {FOR HOURS SHOWN} [],ZONE THERMAL COMFORT FANGER MODEL PPD {FOR HOURS SHOWN} [%]
,January,502.00000,24.32379,44.28555,0.49396,10.35806
,February,-,-,-,-,-
,March,-,-,-,-,-
,April,490.00000,24.43504,45.60004,0.55441,11.78233
,May,-,-,-,-,-
,June,-,-,-,-,-
,July,502.00000,24.40281,48.25359,-0.3065,7.54055
,August,-,-,-,-,-
,September,-,-,-,-,-
,October,-,-,-,-,-
,November,-,-,-,-,-
,December,-,-,-,-,-
,,,,,,
,Annual Sum or Average,1494.00000,24.38683,46.04998,0.24482,9.87848
,Minimum of Months,490.00000,24.32379,44.28555,-0.3065,7.54055
,Maximum of Months,502.00000,24.43504,48.25359,0.55441,11.78233


----------------------------------------------------------------------------------------------------
REPORT:,OccupantComfortDataSummaryMonthly
FOR:,PERIMETER_TOP_ZN_3
Custom Monthly Report

,,PEOPLE OCCUPANT COUNT {HOURS NON-ZERO} [HOURS],PEOPLE AIR TEMPERATURE {FOR HOURS SHOWN} [C],PEOPLE AIR RELATIVE HUMIDITY {FOR HOURS SHOWN} [%],ZONE THERMAL COMFORT FANGER MODEL PMV {FOR HOURS SHOWN} [],ZONE THERMAL COMFORT FANGER MODEL PPD {FOR HOURS SHOWN} [%]
,January,502.00000,24.15867,46.35989,0.47594,10.30515
,February,-,-,-,-,-
,March,-,-,-,-,-
,April,490.00000,24.50524,46.04035,0.61015,13.48451
,May,-,-,-,-,-
,June,-,-,-,-,-
,July,502.00000,24.46827,50.54796,-0.2018,7.43009
,August,-,-,-,-,-
,September,-,-,-,-,-
,October,-,-,-,-,-
,November,-,-,-,-,-
,December,-,-,-,-,-
,,,,,,
,Annual Sum or Average,1494.00000,24.37637,47.66232,0.29223,10.38186
,Minimum of Months,490.00000,24.15867,46.04035,-0.2018,7.43009
,Maximum of Months,502.00000,24.50524,50.54796,0.61015,13.48451


----------------------------------------------------------------------------------------------------
REPORT:,OccupantComfortDataSummaryMonthly
FOR:,PERIMETER_TOP_ZN_2
Custom Monthly Report

,,PEOPLE OCCUPANT COUNT {HOURS NON-ZERO} [HOURS],PEOPLE AIR TEMPERATURE {FOR HOURS SHOWN} [C],PEOPLE AIR RELATIVE HUMIDITY {FOR HOURS SHOWN} [%],ZONE THERMAL COMFORT FANGER MODEL PMV {FOR HOURS SHOWN} [],ZONE THERMAL COMFORT FANGER MODEL PPD {FOR HOURS SHOWN} [%]
,January,502.00000,24.40757,45.46902,0.57102,12.88734
,February,-,-,-,-,-
,March,-,-,-,-,-
,April,490.00000,24.60102,45.56457,0.68838,15.95629
,May,-,-,-,-,-
,June,-,-,-,-,-
,July,502.00000,24.53196,50.57182,-0.1604,7.47513
,August,-,-,-,-,-
,September,-,-,-,-,-
,October,-,-,-,-,-
,November,-,-,-,-,-
,December,-,-,-,-,-
,,,,,,
,Annual Sum or Average,1494.00000,24.51281,47.21495,0.36376,12.07533
,Minimum of Months,490.00000,24.40757,45.46902,-0.1604,7.47513
,Maximum of Months,502.00000,24.60102,50.57182,0.68838,15.95629


----------------------------------------------------------------------------------------------------
REPORT:,OccupantComfortDataSummaryMonthly
FOR:,PERIMETER_TOP_ZN_1
Custom Monthly Report

,,PEOPLE OCCUPANT COUNT {HOURS NON-ZERO} [HOURS],PEOPLE AIR TEMPERATURE {FOR HOURS SHOWN} [C],PEOPLE AIR RELATIVE HUMIDITY {FOR HOURS SHOWN} [%],ZONE THERMAL COMFORT FANGER MODEL PMV {FOR HOURS SHOWN} [],ZONE THERMAL COMFORT FANGER MODEL PPD {FOR HOURS SHOWN} [%]
,January,502.00000,24.70795,44.00167,0.67762,16.29550
,February,-,-,-,-,-
,March,-,-,-,-,-
,April,490.00000,24.53437,46.05647,0.61670,13.68987
,May,-,-,-,-,-
,June,-,-,-,-,-
,July,502.00000,24.45514,51.18017,-0.2356,7.47625
,August,-,-,-,-,-
,September,-,-,-,-,-
,October,-,-,-,-,-
,November,-,-,-,-,-
,December,-,-,-,-,-
,,,,,,
,Annual Sum or Average,1494.00000,24.56607,47.08765,0.35080,12.47755
,Minimum of Months,490.00000,24.45514,44.00167,-0.2356,7.47625
,Maximum of Months,502.00000,24.70795,51.18017,0.67762,16.29550


----------------------------------------------------------------------------------------------------
REPORT:,OccupantComfortDataSummaryMonthly
FOR:,PERIMETER_TOP_ZN_4
Custom Monthly Report

,,PEOPLE OCCUPANT COUNT {HOURS NON-ZERO} [HOURS],PEOPLE AIR TEMPERATURE {FOR HOURS SHOWN} [C],PEOPLE AIR RELATIVE HUMIDITY {FOR HOURS SHOWN} [%],ZONE THERMAL COMFORT FANGER MODEL PMV {FOR HOURS SHOWN} [],ZONE THERMAL COMFORT FANGER MODEL PPD {FOR HOURS SHOWN} [%]
,January,502.00000,24.34262,45.91941,0.55271,12.30248
,February,-,-,-,-,-
,March,-,-,-,-,-
,April,490.00000,24.60282,45.83746,0.68000,15.69294
,May,-,-,-,-,-
,June,-,-,-,-,-
,July,502.00000,24.51192,50.93855,-0.1687,7.33729
,August,-,-,-,-,-
,September,-,-,-,-,-
,October,-,-,-,-,-
,November,-,-,-,-,-
,December,-,-,-,-,-
,,,,,,
,Annual Sum or Average,1494.00000,24.48485,47.57902,0.35205,11.74612
,Minimum of Months,490.00000,24.34262,45.83746,-0.1687,7.33729
,Maximum of Months,502.00000,24.60282,50.93855,0.68000,15.69294


----------------------------------------------------------------------------------------------------
REPORT:,OccupantComfortDataSummaryMonthly
FOR:,PERIMETER_BOT_ZN_3
Custom Monthly Report

,,PEOPLE OCCUPANT COUNT {HOURS NON-ZERO} [HOURS],PEOPLE AIR TEMPERATURE {FOR HOURS SHOWN} [C],PEOPLE AIR RELATIVE HUMIDITY {FOR HOURS SHOWN} [%],ZONE THERMAL COMFORT FANGER MODEL PMV {FOR HOURS SHOWN} [],ZONE THERMAL COMFORT FANGER MODEL PPD {FOR HOURS SHOWN} [%]
,January,502.00000,23.95049,47.12971,0.40368,8.62235
,February,-,-,-,-,-
,March,-,-,-,-,-
,April,490.00000,24.28811,46.04530,0.51071,10.66638
,May,-,-,-,-,-
,June,-,-,-,-,-
,July,502.00000,24.38722,50.08875,-0.2759,7.43140
,August,-,-,-,-,-
,September,-,-,-,-,-
,October,-,-,-,-,-
,November,-,-,-,-,-
,December,-,-,-,-,-
,,,,,,
,Annual Sum or Average,1494.00000,24.20797,47.76832,0.21042,8.89258
,Minimum of Months,490.00000,23.95049,46.04530,-0.2759,7.43140
,Maximum of Months,502.00000,24.38722,50.08875,0.51071,10.66638


----------------------------------------------------------------------------------------------------
REPORT:,OccupantComfortDataSummaryMonthly
FOR:,PERIMETER_BOT_ZN_2
Custom Monthly Report

,,PEOPLE OCCUPANT COUNT {HOURS NON-ZERO} [HOURS],PEOPLE AIR TEMPERATURE {FOR HOURS SHOWN} [C],PEOPLE AIR RELATIVE HUMIDITY {FOR HOURS SHOWN} [%],ZONE THERMAL COMFORT FANGER MODEL PMV {FOR HOURS SHOWN} [],ZONE THERMAL COMFORT FANGER MODEL PPD {FOR HOURS SHOWN} [%]
,January,502.00000,24.38416,45.56590,0.54234,11.70482
,February,-,-,-,-,-
,March,-,-,-,-,-
,April,490.00000,24.53452,44.96963,0.62580,13.77354
,May,-,-,-,-,-
,June,-,-,-,-,-
,July,502.00000,24.49215,50.10340,-0.2211,7.27085
,August,-,-,-,-,-
,September,-,-,-,-,-
,October,-,-,-,-,-
,November,-,-,-,-,-
,December,-,-,-,-,-
,,,,,,
,Annual Sum or Average,1494.00000,24.46976,46.89499,0.31319,10.89346
,Minimum of Months,490.00000,24.38416,44.96963,-0.2211,7.27085
,Maximum of Months,502.00000,24.53452,50.10340,0.62580,13.77354


----------------------------------------------------------------------------------------------------
REPORT:,OccupantComfortDataSummaryMonthly
FOR:,PERIMETER_BOT_ZN_1
Custom Monthly Report

,,PEOPLE OCCUPANT COUNT {HOURS NON-ZERO} [HOURS],PEOPLE AIR TEMPERATURE {FOR HOURS SHOWN} [C],PEOPLE AIR RELATIVE HUMIDITY {FOR HOURS SHOWN} [%],ZONE THERMAL COMFORT FANGER MODEL PMV {FOR HOURS SHOWN} [],ZONE THERMAL COMFORT FANGER MODEL PPD {FOR HOURS SHOWN} [%]
,January,502.00000,24.78760,44.33124,0.68506,15.99963
,February,-,-,-,-,-
,March,-,-,-,-,-
,April,490.00000,24.48857,47.30859,0.56119,11.90134
,May,-,-,-,-,-
,June,-,-,-,-,-
,July,502.00000,24.29332,55.46340,-0.3069,7.58416
,August,-,-,-,-,-
,September,-,-,-,-,-
,October,-,-,-,-,-
,November,-,-,-,-,-
,December,-,-,-,-,-
,,,,,,
,Annual Sum or Average,1494.00000,24.52344,49.04827,0.31111,11.82779
,Minimum of Months,490.00000,24.29332,44.33124,-0.3069,7.58416
,Maximum of Months,502.00000,24.78760,55.46340,0.68506,15.99963


----------------------------------------------------------------------------------------------------
REPORT:,OccupantComfortDataSummaryMonthly
FOR:,PERIMETER_BOT_ZN_4
Custom Monthly Report

,,PEOPLE OCCUPANT COUNT {HOURS NON-ZERO} [HOURS],PEOPLE AIR TEMPERATURE {FOR HOURS SHOWN} [C],PEOPLE AIR RELATIVE HUMIDITY {FOR HOURS SHOWN} [%],ZONE THERMAL COMFORT FANGER MODEL PMV {FOR HOURS SHOWN} [],ZONE THERMAL COMFORT FANGER MODEL PPD {FOR HOURS SHOWN} [%]
,January,502.00000,24.34723,45.90870,0.52796,11.23492
,February,-,-,-,-,-
,March,-,-,-,-,-
,April,490.00000,24.54048,45.23321,0.61860,13.53032
,May,-,-,-,-,-
,June,-,-,-,-,-
,July,502.00000,24.47996,50.38839,-0.2275,7.09022
,August,-,-,-,-,-
,September,-,-,-,-,-
,October,-,-,-,-,-
,November,-,-,-,-,-
,December,-,-,-,-,-
,,,,,,
,Annual Sum or Average,1494.00000,24.45521,47.19238,0.30385,10.59510
,Minimum of Months,490.00000,24.34723,45.23321,-0.2275,7.09022
,Maximum of Months,502.00000,24.54048,50.38839,0.61860,13.53032


----------------------------------------------------------------------------------------------------
REPORT:,OccupantComfortDataSummaryMonthly
FOR:,PERIMETER_MID_ZN_3
Custom Monthly Report

,,PEOPLE OCCUPANT COUNT {HOURS NON-ZERO} [HOURS],PEOPLE AIR TEMPERATURE {FOR HOURS SHOWN} [C],PEOPLE AIR RELATIVE HUMIDITY {FOR HOURS SHOWN} [%],ZONE THERMAL COMFORT FANGER MODEL PMV {FOR HOURS SHOWN} [],ZONE THERMAL COMFORT FANGER MODEL PPD {FOR HOURS SHOWN} [%]
,January,502.00000,24.22626,46.46742,0.49386,10.42712
,February,-,-,-,-,-
,March,-,-,-,-,-
,April,490.00000,24.48463,46.18495,0.59480,12.91918
,May,-,-,-,-,-
,June,-,-,-,-,-
,July,502.00000,24.49139,50.15647,-0.2043,7.12693
,August,-,-,-,-,-
,September,-,-,-,-,-
,October,-,-,-,-,-
,November,-,-,-,-,-
,December,-,-,-,-,-
,,,,,,
,Annual Sum or Average,1494.00000,24.40009,47.61433,0.29236,10.13557
,Minimum of Months,490.00000,24.22626,46.18495,-0.2043,7.12693
,Maximum of Months,502.00000,24.49139,50.15647,0.59480,12.91918


----------------------------------------------------------------------------------------------------
REPORT:,OccupantComfortDataSummaryMonthly
FOR:,PERIMETER_MID_ZN_2
Custom Monthly Report

,,PEOPLE OCCUPANT COUNT {HOURS NON-ZERO} [HOURS],PEOPLE AIR TEMPERATURE {FOR HOURS SHOWN} [C],PEOPLE AIR RELATIVE HUMIDITY {FOR HOURS SHOWN} [%],ZONE THERMAL COMFORT FANGER MODEL PMV {FOR HOURS SHOWN} [],ZONE THERMAL COMFORT FANGER MODEL PPD {FOR HOURS SHOWN} [%]
,January,427.00000,24.55632,45.22049,0.59140,13.33142
,February,-,-,-,-,-
,March,-,-,-,-,-
,April,415.00000,24.71425,45.18888,0.68057,15.75206
,May,-,-,-,-,-
,June,-,-,-,-,-
,July,427.00000,24.66048,50.20870,-0.1517,7.44621
,August,-,-,-,-,-
,September,-,-,-,-,-
,October,-,-,-,-,-
,November,-,-,-,-,-
,December,-,-,-,-,-
,,,,,,
,Annual Sum or Average,1269.00000,24.64302,46.88861,0.37052,12.14275
,Minimum of Months,415.00000,24.55632,45.18888,-0.1517,7.44621
,Maximum of Months,427.00000,24.71425,50.20870,0.68057,15.75206


----------------------------------------------------------------------------------------------------
REPORT:,OccupantComfortDataSummaryMonthly
FOR:,PERIMETER_MID_ZN_1
Custom Monthly Report

,,PEOPLE OCCUPANT COUNT {HOURS NON-ZERO} [HOURS],PEOPLE AIR TEMPERATURE {FOR HOURS SHOWN} [C],PEOPLE AIR RELATIVE HUMIDITY {FOR HOURS SHOWN} [%],ZONE THERMAL COMFORT FANGER MODEL PMV {FOR HOURS SHOWN} [],ZONE THERMAL COMFORT FANGER MODEL PPD {FOR HOURS SHOWN} [%]
,January,502.00000,24.89968,43.87637,0.72011,17.41541
,February,-,-,-,-,-
,March,-,-,-,-,-
,April,490.00000,24.52607,46.18965,0.60369,13.21734
,May,-,-,-,-,-
,June,-,-,-,-,-
,July,502.00000,24.47518,50.80215,-0.2391,7.24972
,August,-,-,-,-,-
,September,-,-,-,-,-
,October,-,-,-,-,-
,November,-,-,-,-,-
,December,-,-,-,-,-
,,,,,,
,Annual Sum or Average,1494.00000,24.63451,46.96221,0.35962,12.62275
,Minimum of Months,490.00000,24.47518,43.87637,-0.2391,7.24972
,Maximum of Months,502.00000,24.89968,50.80215,0.72011,17.41541


----------------------------------------------------------------------------------------------------
REPORT:,OccupantComfortDataSummaryMonthly
FOR:,PERIMETER_MID_ZN_4
Custom Monthly Report

,,PEOPLE OCCUPANT COUNT {HOURS NON-ZERO} [HOURS],PEOPLE AIR TEMPERATURE {FOR HOURS SHOWN} [C],PEOPLE AIR RELATIVE HUMIDITY {FOR HOURS SHOWN} [%],ZONE THERMAL COMFORT FANGER MODEL PMV {FOR HOURS SHOWN} [],ZONE THERMAL COMFORT FANGER MODEL PPD {FOR HOURS SHOWN} [%]
,January,502.00000,24.41656,45.97137,0.57177,12.53105
,February,-,-,-,-,-
,March,-,-,-,-,-
,April,490.00000,24.59919,45.93374,0.66831,15.20608
,May,-,-,-,-,-
,June,-,-,-,-,-
,July,502.00000,24.53508,50.53026,-0.1712,7.05998
,August,-,-,-,-,-
,September,-,-,-,-,-
,October,-,-,-,-,-
,November,-,-,-,-,-
,December,-,-,-,-,-
,,,,,,
,Annual Sum or Average,1494.00000,24.51628,47.49087,0.35380,11.57006
,Minimum of Months,490.00000,24.41656,45.93374,-0.1712,7.05998
,Maximum of Months,502.00000,24.59919,50.53026,0.66831,15.20608


----------------------------------------------------------------------------------------------------
REPORT:,DXReportMonthly
FOR:,PACU_VAV_BOT_COOLC DXCOIL
Custom Monthly Report

,,COOLING COIL TOTAL COOLING ENERGY [J],COOLING COIL ELECTRICITY ENERGY [J],COOLING COIL TOTAL COOLING ENERGY {HOURS NON-ZERO} [HOURS],COOLING COIL SENSIBLE COOLING ENERGY [J],COOLING COIL LATENT COOLING ENERGY [J],COOLING COIL CRANKCASE HEATER ELECTRICITY ENERGY [],COOLING COIL RUNTIME FRACTION {Maximum} [],COOLING COIL RUNTIME FRACTION {TIMESTAMP},COOLING COIL RUNTIME FRACTION {MINIMUM} [],COOLING COIL RUNTIME FRACTION {TIMESTAMP},COOLING COIL TOTAL COOLING RATE {Maximum} [W],COOLING COIL TOTAL COOLING RATE {TIMESTAMP},COOLING COIL SENSIBLE COOLING RATE {Maximum} [W],COOLING COIL SENSIBLE COOLING RATE {TIMESTAMP},COOLING COIL LATENT COOLING RATE {Maximum} [W],COOLING COIL LATENT COOLING RATE {TIMESTAMP},COOLING COIL ELECTRICITY RATE {Maximum} [W],COOLING COIL ELECTRICITY RATE {TIMESTAMP},COOLING COIL CRANKCASE HEATER ELECTRICITY RATE []
,January,5.673851E+10,1.361301E+10,427.25,4.587473E+10,1.086378E+10,0.00,1.00,02-JAN-09:00,0.00,01-JAN-00:15,82786.81,13-JAN-15:15,61006.02,02-JAN-13:00,37208.74,12-JAN-08:00,19290.38,13-JAN-15:15,0.00
,February,-,-,-,-,-,-,-,-,-,-,-,-,-,-,-,-,-,-,-
,March,-,-,-,-,-,-,-,-,-,-,-,-,-,-,-,-,-,-,-
,April,7.800331E+10,2.085674E+10,434.25,6.388124E+10,1.412207E+10,0.00,1.00,02-APR-06:15,0.00,01-APR-00:15,114868.48,27-APR-07:15,71147.13,09-APR-15:45,68231.24,27-APR-07:15,26330.35,30-APR-12:15,0.00
,May,-,-,-,-,-,-,-,-,-,-,-,-,-,-,-,-,-,-,-
,June,-,-,-,-,-,-,-,-,-,-,-,-,-,-,-,-,-,-,-
,July,8.416740E+10,2.009540E+10,420.75,5.146222E+10,3.270518E+10,0.00,1.00,02-JUL-06:15,0.00,01-JUL-00:15,112605.33,26-JUL-12:30,66298.62,02-JUL-12:00,64271.34,02-JUL-07:30,25530.57,26-JUL-12:30,0.00
,August,-,-,-,-,-,-,-,-,-,-,-,-,-,-,-,-,-,-,-
,September,-,-,-,-,-,-,-,-,-,-,-,-,-,-,-,-,-,-,-
,October,-,-,-,-,-,-,-,-,-,-,-,-,-,-,-,-,-,-,-
,November,-,-,-,-,-,-,-,-,-,-,-,-,-,-,-,-,-,-,-
,December,-,-,-,-,-,-,-,-,-,-,-,-,-,-,-,-,-,-,-
,,,,,,,,,,,,,,,,,,,,
,Annual Sum or Average,2.189092E+11,5.456516E+10,1282.25,1.612182E+11,5.769103E+10,0.00,,,,,,,,,,,,,0.00
,Minimum of Months,5.673851E+10,1.361301E+10,420.75,4.587473E+10,1.086378E+10,0.00,1.00,,0.00,,82786.81,,61006.02,,37208.74,,19290.38,,0.00
,Maximum of Months,8.416740E+10,2.085674E+10,434.25,6.388124E+10,3.270518E+10,0.00,1.00,,0.00,,114868.48,,71147.13,,68231.24,,26330.35,,0.00


----------------------------------------------------------------------------------------------------
REPORT:,DXReportMonthly
FOR:,PACU_VAV_MID_COOLC DXCOIL
Custom Monthly Report

,,COOLING COIL TOTAL COOLING ENERGY [J],COOLING COIL ELECTRICITY ENERGY [J],COOLING COIL TOTAL COOLING ENERGY {HOURS NON-ZERO} [HOURS],COOLING COIL SENSIBLE COOLING ENERGY [J],COOLING COIL LATENT COOLING ENERGY [J],COOLING COIL CRANKCASE HEATER ELECTRICITY ENERGY [],COOLING COIL RUNTIME FRACTION {Maximum} [],COOLING COIL RUNTIME FRACTION {TIMESTAMP},COOLING COIL RUNTIME FRACTION {MINIMUM} [],COOLING COIL RUNTIME FRACTION {TIMESTAMP},COOLING COIL TOTAL COOLING RATE {Maximum} [W],COOLING COIL TOTAL COOLING RATE {TIMESTAMP},COOLING COIL SENSIBLE COOLING RATE {Maximum} [W],COOLING COIL SENSIBLE COOLING RATE {TIMESTAMP},COOLING COIL LATENT COOLING RATE {Maximum} [W],COOLING COIL LATENT COOLING RATE {TIMESTAMP},COOLING COIL ELECTRICITY RATE {Maximum} [W],COOLING COIL ELECTRICITY RATE {TIMESTAMP},COOLING COIL CRANKCASE HEATER ELECTRICITY RATE []
,January,4.622515E+10,1.106907E+10,428.25,3.753492E+10,8.690228E+09,0.00,1.00,01-JAN-13:00,0.00,01-JAN-00:15,71576.88,13-JAN-15:15,54349.80,30-JAN-15:15,29807.49,12-JAN-10:00,16671.14,13-JAN-15:15,0.00
,February,-,-,-,-,-,-,-,-,-,-,-,-,-,-,-,-,-,-,-
,March,-,-,-,-,-,-,-,-,-,-,-,-,-,-,-,-,-,-,-
,April,6.809740E+10,1.811150E+10,446.25,5.576552E+10,1.233188E+10,0.00,1.00,01-APR-08:00,0.00,01-APR-00:15,88893.94,27-APR-07:30,65510.75,30-APR-14:15,51408.93,27-APR-07:30,23268.75,30-APR-14:15,0.00
,May,-,-,-,-,-,-,-,-,-,-,-,-,-,-,-,-,-,-,-
,June,-,-,-,-,-,-,-,-,-,-,-,-,-,-,-,-,-,-,-
,July,7.073272E+10,1.683748E+10,431.25,4.275910E+10,2.797363E+10,0.00,1.00,01-JUL-09:15,0.00,01-JUL-00:15,87333.28,26-JUL-12:45,59445.67,02-JUL-10:00,49802.85,25-JUL-14:00,19846.90,26-JUL-12:45,0.00
,August,-,-,-,-,-,-,-,-,-,-,-,-,-,-,-,-,-,-,-
,September,-,-,-,-,-,-,-,-,-,-,-,-,-,-,-,-,-,-,-
,October,-,-,-,-,-,-,-,-,-,-,-,-,-,-,-,-,-,-,-
,November,-,-,-,-,-,-,-,-,-,-,-,-,-,-,-,-,-,-,-
,December,-,-,-,-,-,-,-,-,-,-,-,-,-,-,-,-,-,-,-
,,,,,,,,,,,,,,,,,,,,
,Annual Sum or Average,1.850553E+11,4.601805E+10,1305.75,1.360595E+11,4.899574E+10,0.00,,,,,,,,,,,,,0.00
,Minimum of Months,4.622515E+10,1.106907E+10,428.25,3.753492E+10,8.690228E+09,0.00,1.00,,0.00,,71576.88,,54349.80,,29807.49,,16671.14,,0.00
,Maximum of Months,7.073272E+10,1.811150E+10,446.25,5.576552E+10,2.797363E+10,0.00,1.00,,0.00,,88893.94,,65510.75,,51408.93,,23268.75,,0.00


----------------------------------------------------------------------------------------------------
REPORT:,DXReportMonthly
FOR:,PACU_VAV_TOP_COOLC DXCOIL
Custom Monthly Report

,,COOLING COIL TOTAL COOLING ENERGY [J],COOLING COIL ELECTRICITY ENERGY [J],COOLING COIL TOTAL COOLING ENERGY {HOURS NON-ZERO} [HOURS],COOLING COIL SENSIBLE COOLING ENERGY [J],COOLING COIL LATENT COOLING ENERGY [J],COOLING COIL CRANKCASE HEATER ELECTRICITY ENERGY [],COOLING COIL RUNTIME FRACTION {Maximum} [],COOLING COIL RUNTIME FRACTION {TIMESTAMP},COOLING COIL RUNTIME FRACTION {MINIMUM} [],COOLING COIL RUNTIME FRACTION {TIMESTAMP},COOLING COIL TOTAL COOLING RATE {Maximum} [W],COOLING COIL TOTAL COOLING RATE {TIMESTAMP},COOLING COIL SENSIBLE COOLING RATE {Maximum} [W],COOLING COIL SENSIBLE COOLING RATE {TIMESTAMP},COOLING COIL LATENT COOLING RATE {Maximum} [W],COOLING COIL LATENT COOLING RATE {TIMESTAMP},COOLING COIL ELECTRICITY RATE {Maximum} [W],COOLING COIL ELECTRICITY RATE {TIMESTAMP},COOLING COIL CRANKCASE HEATER ELECTRICITY RATE []
,January,4.838888E+10,1.165894E+10,426.25,3.913723E+10,9.251646E+09,0.00,1.00,01-JAN-14:15,0.00,01-JAN-00:15,77876.44,13-JAN-13:30,62566.69,30-JAN-14:45,33043.26,13-JAN-13:30,18199.49,13-JAN-13:30,0.00
,February,-,-,-,-,-,-,-,-,-,-,-,-,-,-,-,-,-,-,-
,March,-,-,-,-,-,-,-,-,-,-,-,-,-,-,-,-,-,-,-
,April,7.379609E+10,1.977853E+10,448.25,6.194509E+10,1.185100E+10,0.00,1.00,01-APR-09:45,0.00,01-APR-00:15,86520.12,30-APR-14:00,75611.67,30-APR-13:00,46841.49,09-APR-06:15,26373.79,30-APR-13:15,0.00
,May,-,-,-,-,-,-,-,-,-,-,-,-,-,-,-,-,-,-,-
,June,-,-,-,-,-,-,-,-,-,-,-,-,-,-,-,-,-,-,-
,July,7.494170E+10,1.789563E+10,431.50,4.563770E+10,2.930400E+10,0.00,1.00,01-JUL-10:15,0.00,01-JUL-00:15,97925.46,26-JUL-13:15,62822.42,02-JUL-14:30,51189.26,25-JUL-14:00,22331.78,26-JUL-13:15,0.00
,August,-,-,-,-,-,-,-,-,-,-,-,-,-,-,-,-,-,-,-
,September,-,-,-,-,-,-,-,-,-,-,-,-,-,-,-,-,-,-,-
,October,-,-,-,-,-,-,-,-,-,-,-,-,-,-,-,-,-,-,-
,November,-,-,-,-,-,-,-,-,-,-,-,-,-,-,-,-,-,-,-
,December,-,-,-,-,-,-,-,-,-,-,-,-,-,-,-,-,-,-,-
,,,,,,,,,,,,,,,,,,,,
,Annual Sum or Average,1.971267E+11,4.933310E+10,1306.00,1.467200E+11,5.040664E+10,0.00,,,,,,,,,,,,,0.00
,Minimum of Months,4.838888E+10,1.165894E+10,426.25,3.913723E+10,9.251646E+09,0.00,1.00,,0.00,,77876.44,,62566.69,,33043.26,,18199.49,,0.00
,Maximum of Months,7.494170E+10,1.977853E+10,448.25,6.194509E+10,2.930400E+10,0.00,1.00,,0.00,,97925.46,,75611.67,,51189.26,,26373.79,,0.00


----------------------------------------------------------------------------------------------------
REPORT:,WindowReportMonthly
FOR:,PERIMETER_TOP_ZN_3_WALL_NORTH_WINDOW
Custom Monthly Report

,,SURFACE WINDOW TRANSMITTED SOLAR RADIATION RATE [W],SURFACE WINDOW TRANSMITTED BEAM SOLAR RADIATION RATE [W],SURFACE WINDOW TRANSMITTED DIFFUSE SOLAR RADIATION RATE [W],SURFACE WINDOW HEAT GAIN RATE [W],SURFACE WINDOW HEAT LOSS RATE [W],SURFACE WINDOW INSIDE FACE GLAZING CONDENSATION STATUS {HOURS NON-ZERO} [HOURS],SURFACE SHADING DEVICE IS ON TIME FRACTION {HOURS NON-ZERO} [HOURS],SURFACE STORM WINDOW ON OFF STATUS {HOURS NON-ZERO} [HOURS]
,January,756.98,0.00,756.98,928.32,512.22,0.00,0.00,0.00
,February,-,-,-,-,-,-,-,-
,March,-,-,-,-,-,-,-,-
,April,968.99,7.19,961.80,1552.07,174.71,0.00,0.00,0.00
,May,-,-,-,-,-,-,-,-
,June,-,-,-,-,-,-,-,-
,July,1356.73,139.13,1217.60,1905.80,302.52,0.00,0.00,0.00
,August,-,-,-,-,-,-,-,-
,September,-,-,-,-,-,-,-,-
,October,-,-,-,-,-,-,-,-
,November,-,-,-,-,-,-,-,-
,December,-,-,-,-,-,-,-,-
,,,,,,,,,
,Annual Sum or Average,1028.21,49.23,978.98,1461.09,331.50,0.00,0.00,0.00
,Minimum of Months,756.98,0.00,756.98,928.32,174.71,0.00,0.00,0.00
,Maximum of Months,1356.73,139.13,1217.60,1905.80,512.22,0.00,0.00,0.00


----------------------------------------------------------------------------------------------------
REPORT:,WindowReportMonthly
FOR:,PERIMETER_TOP_ZN_2_WALL_EAST_WINDOW
Custom Monthly Report

,,SURFACE WINDOW TRANSMITTED SOLAR RADIATION RATE [W],SURFACE WINDOW TRANSMITTED BEAM SOLAR RADIATION RATE [W],SURFACE WINDOW TRANSMITTED DIFFUSE SOLAR RADIATION RATE [W],SURFACE WINDOW HEAT GAIN RATE [W],SURFACE WINDOW HEAT LOSS RATE [W],SURFACE WINDOW INSIDE FACE GLAZING CONDENSATION STATUS {HOURS NON-ZERO} [HOURS],SURFACE SHADING DEVICE IS ON TIME FRACTION {HOURS NON-ZERO} [HOURS],SURFACE STORM WINDOW ON OFF STATUS {HOURS NON-ZERO} [HOURS]
,January,1071.31,473.97,597.34,1416.13,342.53,0.00,0.00,0.00
,February,-,-,-,-,-,-,-,-
,March,-,-,-,-,-,-,-,-
,April,1398.67,638.50,760.16,2099.69,118.29,0.00,0.00,0.00
,May,-,-,-,-,-,-,-,-
,June,-,-,-,-,-,-,-,-
,July,1120.55,316.82,803.73,1519.02,202.81,0.00,0.00,0.00
,August,-,-,-,-,-,-,-,-
,September,-,-,-,-,-,-,-,-
,October,-,-,-,-,-,-,-,-
,November,-,-,-,-,-,-,-,-
,December,-,-,-,-,-,-,-,-
,,,,,,,,,
,Annual Sum or Average,1194.65,474.67,719.98,1673.70,222.33,0.00,0.00,0.00
,Minimum of Months,1071.31,316.82,597.34,1416.13,118.29,0.00,0.00,0.00
,Maximum of Months,1398.67,638.50,803.73,2099.69,342.53,0.00,0.00,0.00


----------------------------------------------------------------------------------------------------
REPORT:,WindowReportMonthly
FOR:,PERIMETER_TOP_ZN_1_WALL_SOUTH_WINDOW
Custom Monthly Report

,,SURFACE WINDOW TRANSMITTED SOLAR RADIATION RATE [W],SURFACE WINDOW TRANSMITTED BEAM SOLAR RADIATION RATE [W],SURFACE WINDOW TRANSMITTED DIFFUSE SOLAR RADIATION RATE [W],SURFACE WINDOW HEAT GAIN RATE [W],SURFACE WINDOW HEAT LOSS RATE [W],SURFACE WINDOW INSIDE FACE GLAZING CONDENSATION STATUS {HOURS NON-ZERO} [HOURS],SURFACE SHADING DEVICE IS ON TIME FRACTION {HOURS NON-ZERO} [HOURS],SURFACE STORM WINDOW ON OFF STATUS {HOURS NON-ZERO} [HOURS]
,January,2658.92,1494.50,1164.41,3651.91,532.92,0.00,0.00,0.00
,February,-,-,-,-,-,-,-,-
,March,-,-,-,-,-,-,-,-
,April,971.64,6.94,964.70,1559.12,175.96,0.00,0.00,0.00
,May,-,-,-,-,-,-,-,-
,June,-,-,-,-,-,-,-,-
,July,1004.45,0.00,1004.45,1315.58,302.73,0.00,0.00,0.00
,August,-,-,-,-,-,-,-,-
,September,-,-,-,-,-,-,-,-
,October,-,-,-,-,-,-,-,-
,November,-,-,-,-,-,-,-,-
,December,-,-,-,-,-,-,-,-
,,,,,,,,,
,Annual Sum or Average,1551.24,505.85,1045.39,2182.24,338.96,0.00,0.00,0.00
,Minimum of Months,971.64,0.00,964.70,1315.58,175.96,0.00,0.00,0.00
,Maximum of Months,2658.92,1494.50,1164.41,3651.91,532.92,0.00,0.00,0.00


----------------------------------------------------------------------------------------------------
REPORT:,WindowReportMonthly
FOR:,PERIMETER_TOP_ZN_4_WALL_WEST_WINDOW
Custom Monthly Report

,,SURFACE WINDOW TRANSMITTED SOLAR RADIATION RATE [W],SURFACE WINDOW TRANSMITTED BEAM SOLAR RADIATION RATE [W],SURFACE WINDOW TRANSMITTED DIFFUSE SOLAR RADIATION RATE [W],SURFACE WINDOW HEAT GAIN RATE [W],SURFACE WINDOW HEAT LOSS RATE [W],SURFACE WINDOW INSIDE FACE GLAZING CONDENSATION STATUS {HOURS NON-ZERO} [HOURS],SURFACE SHADING DEVICE IS ON TIME FRACTION {HOURS NON-ZERO} [HOURS],SURFACE STORM WINDOW ON OFF STATUS {HOURS NON-ZERO} [HOURS]
,January,1006.06,325.14,680.92,1340.42,354.07,0.00,0.00,0.00
,February,-,-,-,-,-,-,-,-
,March,-,-,-,-,-,-,-,-
,April,1343.24,485.52,857.72,2017.58,128.04,0.00,0.00,0.00
,May,-,-,-,-,-,-,-,-
,June,-,-,-,-,-,-,-,-
,July,1145.16,269.50,875.66,1544.18,207.69,0.00,0.00,0.00
,August,-,-,-,-,-,-,-,-
,September,-,-,-,-,-,-,-,-
,October,-,-,-,-,-,-,-,-
,November,-,-,-,-,-,-,-,-
,December,-,-,-,-,-,-,-,-
,,,,,,,,,
,Annual Sum or Average,1162.88,358.69,804.19,1629.89,231.04,0.00,0.00,0.00
,Minimum of Months,1006.06,269.50,680.92,1340.42,128.04,0.00,0.00,0.00
,Maximum of Months,1343.24,485.52,875.66,2017.58,354.07,0.00,0.00,0.00


----------------------------------------------------------------------------------------------------
REPORT:,WindowReportMonthly
FOR:,PERIMETER_BOT_ZN_3_WALL_NORTH_WINDOW1
Custom Monthly Report

,,SURFACE WINDOW TRANSMITTED SOLAR RADIATION RATE [W],SURFACE WINDOW TRANSMITTED BEAM SOLAR RADIATION RATE [W],SURFACE WINDOW TRANSMITTED DIFFUSE SOLAR RADIATION RATE [W],SURFACE WINDOW HEAT GAIN RATE [W],SURFACE WINDOW HEAT LOSS RATE [W],SURFACE WINDOW INSIDE FACE GLAZING CONDENSATION STATUS {HOURS NON-ZERO} [HOURS],SURFACE SHADING DEVICE IS ON TIME FRACTION {HOURS NON-ZERO} [HOURS],SURFACE STORM WINDOW ON OFF STATUS {HOURS NON-ZERO} [HOURS]
,January,252.31,0.00,252.31,317.93,163.00,0.00,0.00,0.00
,February,-,-,-,-,-,-,-,-
,March,-,-,-,-,-,-,-,-
,April,322.98,2.40,320.59,529.52,48.11,0.00,0.00,0.00
,May,-,-,-,-,-,-,-,-
,June,-,-,-,-,-,-,-,-
,July,452.22,46.37,405.85,644.78,96.60,0.00,0.00,0.00
,August,-,-,-,-,-,-,-,-
,September,-,-,-,-,-,-,-,-
,October,-,-,-,-,-,-,-,-
,November,-,-,-,-,-,-,-,-
,December,-,-,-,-,-,-,-,-
,,,,,,,,,
,Annual Sum or Average,342.72,16.41,326.31,497.06,103.16,0.00,0.00,0.00
,Minimum of Months,252.31,0.00,252.31,317.93,48.11,0.00,0.00,0.00
,Maximum of Months,452.22,46.37,405.85,644.78,163.00,0.00,0.00,0.00


----------------------------------------------------------------------------------------------------
REPORT:,WindowReportMonthly
FOR:,PERIMETER_BOT_ZN_3_WALL_NORTH_WINDOW2
Custom Monthly Report

,,SURFACE WINDOW TRANSMITTED SOLAR RADIATION RATE [W],SURFACE WINDOW TRANSMITTED BEAM SOLAR RADIATION RATE [W],SURFACE WINDOW TRANSMITTED DIFFUSE SOLAR RADIATION RATE [W],SURFACE WINDOW HEAT GAIN RATE [W],SURFACE WINDOW HEAT LOSS RATE [W],SURFACE WINDOW INSIDE FACE GLAZING CONDENSATION STATUS {HOURS NON-ZERO} [HOURS],SURFACE SHADING DEVICE IS ON TIME FRACTION {HOURS NON-ZERO} [HOURS],SURFACE STORM WINDOW ON OFF STATUS {HOURS NON-ZERO} [HOURS]
,January,252.33,0.00,252.33,317.94,163.01,0.00,0.00,0.00
,February,-,-,-,-,-,-,-,-
,March,-,-,-,-,-,-,-,-
,April,323.00,2.40,320.60,529.55,48.11,0.00,0.00,0.00
,May,-,-,-,-,-,-,-,-
,June,-,-,-,-,-,-,-,-
,July,452.24,46.38,405.86,644.80,96.60,0.00,0.00,0.00
,August,-,-,-,-,-,-,-,-
,September,-,-,-,-,-,-,-,-
,October,-,-,-,-,-,-,-,-
,November,-,-,-,-,-,-,-,-
,December,-,-,-,-,-,-,-,-
,,,,,,,,,
,Annual Sum or Average,342.73,16.41,326.32,497.08,103.17,0.00,0.00,0.00
,Minimum of Months,252.33,0.00,252.33,317.94,48.11,0.00,0.00,0.00
,Maximum of Months,452.24,46.38,405.86,644.80,163.01,0.00,0.00,0.00


----------------------------------------------------------------------------------------------------
REPORT:,WindowReportMonthly
FOR:,PERIMETER_BOT_ZN_3_WALL_NORTH_WINDOW3
Custom Monthly Report

,,SURFACE WINDOW TRANSMITTED SOLAR RADIATION RATE [W],SURFACE WINDOW TRANSMITTED BEAM SOLAR RADIATION RATE [W],SURFACE WINDOW TRANSMITTED DIFFUSE SOLAR RADIATION RATE [W],SURFACE WINDOW HEAT GAIN RATE [W],SURFACE WINDOW HEAT LOSS RATE [W],SURFACE WINDOW INSIDE FACE GLAZING CONDENSATION STATUS {HOURS NON-ZERO} [HOURS],SURFACE SHADING DEVICE IS ON TIME FRACTION {HOURS NON-ZERO} [HOURS],SURFACE STORM WINDOW ON OFF STATUS {HOURS NON-ZERO} [HOURS]
,January,252.33,0.00,252.33,317.94,163.01,0.00,0.00,0.00
,February,-,-,-,-,-,-,-,-
,March,-,-,-,-,-,-,-,-
,April,323.00,2.40,320.60,529.55,48.11,0.00,0.00,0.00
,May,-,-,-,-,-,-,-,-
,June,-,-,-,-,-,-,-,-
,July,452.24,46.38,405.86,644.80,96.60,0.00,0.00,0.00
,August,-,-,-,-,-,-,-,-
,September,-,-,-,-,-,-,-,-
,October,-,-,-,-,-,-,-,-
,November,-,-,-,-,-,-,-,-
,December,-,-,-,-,-,-,-,-
,,,,,,,,,
,Annual Sum or Average,342.73,16.41,326.32,497.08,103.17,0.00,0.00,0.00
,Minimum of Months,252.33,0.00,252.33,317.94,48.11,0.00,0.00,0.00
,Maximum of Months,452.24,46.38,405.86,644.80,163.01,0.00,0.00,0.00


----------------------------------------------------------------------------------------------------
REPORT:,WindowReportMonthly
FOR:,PERIMETER_BOT_ZN_2_WALL_EAST_WINDOW1
Custom Monthly Report

,,SURFACE WINDOW TRANSMITTED SOLAR RADIATION RATE [W],SURFACE WINDOW TRANSMITTED BEAM SOLAR RADIATION RATE [W],SURFACE WINDOW TRANSMITTED DIFFUSE SOLAR RADIATION RATE [W],SURFACE WINDOW HEAT GAIN RATE [W],SURFACE WINDOW HEAT LOSS RATE [W],SURFACE WINDOW INSIDE FACE GLAZING CONDENSATION STATUS {HOURS NON-ZERO} [HOURS],SURFACE SHADING DEVICE IS ON TIME FRACTION {HOURS NON-ZERO} [HOURS],SURFACE STORM WINDOW ON OFF STATUS {HOURS NON-ZERO} [HOURS]
,January,1030.54,455.93,574.61,1378.31,330.19,0.00,0.00,0.00
,February,-,-,-,-,-,-,-,-
,March,-,-,-,-,-,-,-,-
,April,1345.45,614.20,731.24,2038.48,106.17,0.00,0.00,0.00
,May,-,-,-,-,-,-,-,-
,June,-,-,-,-,-,-,-,-
,July,1077.92,304.76,773.15,1477.33,190.27,0.00,0.00,0.00
,August,-,-,-,-,-,-,-,-
,September,-,-,-,-,-,-,-,-
,October,-,-,-,-,-,-,-,-
,November,-,-,-,-,-,-,-,-
,December,-,-,-,-,-,-,-,-
,,,,,,,,,
,Annual Sum or Average,1149.19,456.61,692.59,1626.95,210.00,0.00,0.00,0.00
,Minimum of Months,1030.54,304.76,574.61,1378.31,106.17,0.00,0.00,0.00
,Maximum of Months,1345.45,614.20,773.15,2038.48,330.19,0.00,0.00,0.00


----------------------------------------------------------------------------------------------------
REPORT:,WindowReportMonthly
FOR:,PERIMETER_BOT_ZN_2_WALL_EAST_WINDOW2
Custom Monthly Report

,,SURFACE WINDOW TRANSMITTED SOLAR RADIATION RATE [W],SURFACE WINDOW TRANSMITTED BEAM SOLAR RADIATION RATE [W],SURFACE WINDOW TRANSMITTED DIFFUSE SOLAR RADIATION RATE [W],SURFACE WINDOW HEAT GAIN RATE [W],SURFACE WINDOW HEAT LOSS RATE [W],SURFACE WINDOW INSIDE FACE GLAZING CONDENSATION STATUS {HOURS NON-ZERO} [HOURS],SURFACE SHADING DEVICE IS ON TIME FRACTION {HOURS NON-ZERO} [HOURS],SURFACE STORM WINDOW ON OFF STATUS {HOURS NON-ZERO} [HOURS]
,January,40.75,18.03,22.72,54.50,13.06,0.00,0.00,0.00
,February,-,-,-,-,-,-,-,-
,March,-,-,-,-,-,-,-,-
,April,53.20,24.29,28.91,80.60,4.20,0.00,0.00,0.00
,May,-,-,-,-,-,-,-,-
,June,-,-,-,-,-,-,-,-
,July,42.62,12.05,30.57,58.41,7.52,0.00,0.00,0.00
,August,-,-,-,-,-,-,-,-
,September,-,-,-,-,-,-,-,-
,October,-,-,-,-,-,-,-,-
,November,-,-,-,-,-,-,-,-
,December,-,-,-,-,-,-,-,-
,,,,,,,,,
,Annual Sum or Average,45.44,18.05,27.38,64.33,8.30,0.00,0.00,0.00
,Minimum of Months,40.75,12.05,22.72,54.50,4.20,0.00,0.00,0.00
,Maximum of Months,53.20,24.29,30.57,80.60,13.06,0.00,0.00,0.00


----------------------------------------------------------------------------------------------------
REPORT:,WindowReportMonthly
FOR:,PERIMETER_BOT_ZN_1_WALL_SOUTH_WINDOW1
Custom Monthly Report

,,SURFACE WINDOW TRANSMITTED SOLAR RADIATION RATE [W],SURFACE WINDOW TRANSMITTED BEAM SOLAR RADIATION RATE [W],SURFACE WINDOW TRANSMITTED DIFFUSE SOLAR RADIATION RATE [W],SURFACE WINDOW HEAT GAIN RATE [W],SURFACE WINDOW HEAT LOSS RATE [W],SURFACE WINDOW INSIDE FACE GLAZING CONDENSATION STATUS {HOURS NON-ZERO} [HOURS],SURFACE SHADING DEVICE IS ON TIME FRACTION {HOURS NON-ZERO} [HOURS],SURFACE STORM WINDOW ON OFF STATUS {HOURS NON-ZERO} [HOURS]
,January,886.29,498.16,388.13,1224.76,186.32,0.00,0.00,0.00
,February,-,-,-,-,-,-,-,-
,March,-,-,-,-,-,-,-,-
,April,323.88,2.31,321.56,529.06,49.71,0.00,0.00,0.00
,May,-,-,-,-,-,-,-,-
,June,-,-,-,-,-,-,-,-
,July,334.82,0.00,334.82,447.83,93.84,0.00,0.00,0.00
,August,-,-,-,-,-,-,-,-
,September,-,-,-,-,-,-,-,-
,October,-,-,-,-,-,-,-,-
,November,-,-,-,-,-,-,-,-
,December,-,-,-,-,-,-,-,-
,,,,,,,,,
,Annual Sum or Average,517.07,168.61,348.46,736.11,110.61,0.00,0.00,0.00
,Minimum of Months,323.88,0.00,321.56,447.83,49.71,0.00,0.00,0.00
,Maximum of Months,886.29,498.16,388.13,1224.76,186.32,0.00,0.00,0.00


----------------------------------------------------------------------------------------------------
REPORT:,WindowReportMonthly
FOR:,PERIMETER_BOT_ZN_1_WALL_SOUTH_WINDOW2
Custom Monthly Report

,,SURFACE WINDOW TRANSMITTED SOLAR RADIATION RATE [W],SURFACE WINDOW TRANSMITTED BEAM SOLAR RADIATION RATE [W],SURFACE WINDOW TRANSMITTED DIFFUSE SOLAR RADIATION RATE [W],SURFACE WINDOW HEAT GAIN RATE [W],SURFACE WINDOW HEAT LOSS RATE [W],SURFACE WINDOW INSIDE FACE GLAZING CONDENSATION STATUS {HOURS NON-ZERO} [HOURS],SURFACE SHADING DEVICE IS ON TIME FRACTION {HOURS NON-ZERO} [HOURS],SURFACE STORM WINDOW ON OFF STATUS {HOURS NON-ZERO} [HOURS]
,January,886.29,498.16,388.13,1224.76,186.32,0.00,0.00,0.00
,February,-,-,-,-,-,-,-,-
,March,-,-,-,-,-,-,-,-
,April,323.88,2.31,321.56,529.06,49.71,0.00,0.00,0.00
,May,-,-,-,-,-,-,-,-
,June,-,-,-,-,-,-,-,-
,July,334.82,0.00,334.82,447.83,93.84,0.00,0.00,0.00
,August,-,-,-,-,-,-,-,-
,September,-,-,-,-,-,-,-,-
,October,-,-,-,-,-,-,-,-
,November,-,-,-,-,-,-,-,-
,December,-,-,-,-,-,-,-,-
,,,,,,,,,
,Annual Sum or Average,517.07,168.61,348.46,736.11,110.61,0.00,0.00,0.00
,Minimum of Months,323.88,0.00,321.56,447.83,49.71,0.00,0.00,0.00
,Maximum of Months,886.29,498.16,388.13,1224.76,186.32,0.00,0.00,0.00


----------------------------------------------------------------------------------------------------
REPORT:,WindowReportMonthly
FOR:,PERIMETER_BOT_ZN_1_WALL_SOUTH_WINDOW3
Custom Monthly Report

,,SURFACE WINDOW TRANSMITTED SOLAR RADIATION RATE [W],SURFACE WINDOW TRANSMITTED BEAM SOLAR RADIATION RATE [W],SURFACE WINDOW TRANSMITTED DIFFUSE SOLAR RADIATION RATE [W],SURFACE WINDOW HEAT GAIN RATE [W],SURFACE WINDOW HEAT LOSS RATE [W],SURFACE WINDOW INSIDE FACE GLAZING CONDENSATION STATUS {HOURS NON-ZERO} [HOURS],SURFACE SHADING DEVICE IS ON TIME FRACTION {HOURS NON-ZERO} [HOURS],SURFACE STORM WINDOW ON OFF STATUS {HOURS NON-ZERO} [HOURS]
,January,886.24,498.13,388.11,1224.68,186.31,0.00,0.00,0.00
,February,-,-,-,-,-,-,-,-
,March,-,-,-,-,-,-,-,-
,April,323.86,2.31,321.54,529.03,49.71,0.00,0.00,0.00
,May,-,-,-,-,-,-,-,-
,June,-,-,-,-,-,-,-,-
,July,334.79,0.00,334.79,447.80,93.83,0.00,0.00,0.00
,August,-,-,-,-,-,-,-,-
,September,-,-,-,-,-,-,-,-
,October,-,-,-,-,-,-,-,-
,November,-,-,-,-,-,-,-,-
,December,-,-,-,-,-,-,-,-
,,,,,,,,,
,Annual Sum or Average,517.04,168.60,348.44,736.06,110.61,0.00,0.00,0.00
,Minimum of Months,323.86,0.00,321.54,447.80,49.71,0.00,0.00,0.00
,Maximum of Months,886.24,498.13,388.11,1224.68,186.31,0.00,0.00,0.00


----------------------------------------------------------------------------------------------------
REPORT:,WindowReportMonthly
FOR:,PERIMETER_BOT_ZN_4_WALL_WEST_WINDOW1
Custom Monthly Report

,,SURFACE WINDOW TRANSMITTED SOLAR RADIATION RATE [W],SURFACE WINDOW TRANSMITTED BEAM SOLAR RADIATION RATE [W],SURFACE WINDOW TRANSMITTED DIFFUSE SOLAR RADIATION RATE [W],SURFACE WINDOW HEAT GAIN RATE [W],SURFACE WINDOW HEAT LOSS RATE [W],SURFACE WINDOW INSIDE FACE GLAZING CONDENSATION STATUS {HOURS NON-ZERO} [HOURS],SURFACE SHADING DEVICE IS ON TIME FRACTION {HOURS NON-ZERO} [HOURS],SURFACE STORM WINDOW ON OFF STATUS {HOURS NON-ZERO} [HOURS]
,January,967.79,312.77,655.02,1302.74,340.70,0.00,0.00,0.00
,February,-,-,-,-,-,-,-,-
,March,-,-,-,-,-,-,-,-
,April,1292.14,467.05,825.09,1958.89,115.58,0.00,0.00,0.00
,May,-,-,-,-,-,-,-,-
,June,-,-,-,-,-,-,-,-
,July,1101.59,259.25,842.35,1503.68,195.59,0.00,0.00,0.00
,August,-,-,-,-,-,-,-,-
,September,-,-,-,-,-,-,-,-
,October,-,-,-,-,-,-,-,-
,November,-,-,-,-,-,-,-,-
,December,-,-,-,-,-,-,-,-
,,,,,,,,,
,Annual Sum or Average,1118.64,345.04,773.60,1584.41,218.40,0.00,0.00,0.00
,Minimum of Months,967.79,259.25,655.02,1302.74,115.58,0.00,0.00,0.00
,Maximum of Months,1292.14,467.05,842.35,1958.89,340.70,0.00,0.00,0.00


----------------------------------------------------------------------------------------------------
REPORT:,WindowReportMonthly
FOR:,PERIMETER_BOT_ZN_4_WALL_WEST_WINDOW2
Custom Monthly Report

,,SURFACE WINDOW TRANSMITTED SOLAR RADIATION RATE [W],SURFACE WINDOW TRANSMITTED BEAM SOLAR RADIATION RATE [W],SURFACE WINDOW TRANSMITTED DIFFUSE SOLAR RADIATION RATE [W],SURFACE WINDOW HEAT GAIN RATE [W],SURFACE WINDOW HEAT LOSS RATE [W],SURFACE WINDOW INSIDE FACE GLAZING CONDENSATION STATUS {HOURS NON-ZERO} [HOURS],SURFACE SHADING DEVICE IS ON TIME FRACTION {HOURS NON-ZERO} [HOURS],SURFACE STORM WINDOW ON OFF STATUS {HOURS NON-ZERO} [HOURS]
,January,38.27,12.37,25.90,51.51,13.47,0.00,0.00,0.00
,February,-,-,-,-,-,-,-,-
,March,-,-,-,-,-,-,-,-
,April,51.09,18.47,32.62,77.45,4.57,0.00,0.00,0.00
,May,-,-,-,-,-,-,-,-
,June,-,-,-,-,-,-,-,-
,July,43.56,10.25,33.31,59.45,7.73,0.00,0.00,0.00
,August,-,-,-,-,-,-,-,-
,September,-,-,-,-,-,-,-,-
,October,-,-,-,-,-,-,-,-
,November,-,-,-,-,-,-,-,-
,December,-,-,-,-,-,-,-,-
,,,,,,,,,
,Annual Sum or Average,44.23,13.64,30.59,62.65,8.64,0.00,0.00,0.00
,Minimum of Months,38.27,10.25,25.90,51.51,4.57,0.00,0.00,0.00
,Maximum of Months,51.09,18.47,33.31,77.45,13.47,0.00,0.00,0.00


----------------------------------------------------------------------------------------------------
REPORT:,WindowReportMonthly
FOR:,PERIMETER_MID_ZN_3_WALL_NORTH_WINDOW
Custom Monthly Report

,,SURFACE WINDOW TRANSMITTED SOLAR RADIATION RATE [W],SURFACE WINDOW TRANSMITTED BEAM SOLAR RADIATION RATE [W],SURFACE WINDOW TRANSMITTED DIFFUSE SOLAR RADIATION RATE [W],SURFACE WINDOW HEAT GAIN RATE [W],SURFACE WINDOW HEAT LOSS RATE [W],SURFACE WINDOW INSIDE FACE GLAZING CONDENSATION STATUS {HOURS NON-ZERO} [HOURS],SURFACE SHADING DEVICE IS ON TIME FRACTION {HOURS NON-ZERO} [HOURS],SURFACE STORM WINDOW ON OFF STATUS {HOURS NON-ZERO} [HOURS]
,January,756.98,0.00,756.98,930.53,527.67,0.00,0.00,0.00
,February,-,-,-,-,-,-,-,-
,March,-,-,-,-,-,-,-,-
,April,968.99,7.19,961.80,1561.95,175.18,0.00,0.00,0.00
,May,-,-,-,-,-,-,-,-
,June,-,-,-,-,-,-,-,-
,July,1356.73,139.13,1217.60,1912.76,308.64,0.00,0.00,0.00
,August,-,-,-,-,-,-,-,-
,September,-,-,-,-,-,-,-,-
,October,-,-,-,-,-,-,-,-
,November,-,-,-,-,-,-,-,-
,December,-,-,-,-,-,-,-,-
,,,,,,,,,
,Annual Sum or Average,1028.21,49.23,978.98,1467.40,338.92,0.00,0.00,0.00
,Minimum of Months,756.98,0.00,756.98,930.53,175.18,0.00,0.00,0.00
,Maximum of Months,1356.73,139.13,1217.60,1912.76,527.67,0.00,0.00,0.00


----------------------------------------------------------------------------------------------------
REPORT:,WindowReportMonthly
FOR:,PERIMETER_MID_ZN_2_WALL_EAST_WINDOW
Custom Monthly Report

,,SURFACE WINDOW TRANSMITTED SOLAR RADIATION RATE [W],SURFACE WINDOW TRANSMITTED BEAM SOLAR RADIATION RATE [W],SURFACE WINDOW TRANSMITTED DIFFUSE SOLAR RADIATION RATE [W],SURFACE WINDOW HEAT GAIN RATE [W],SURFACE WINDOW HEAT LOSS RATE [W],SURFACE WINDOW INSIDE FACE GLAZING CONDENSATION STATUS {HOURS NON-ZERO} [HOURS],SURFACE SHADING DEVICE IS ON TIME FRACTION {HOURS NON-ZERO} [HOURS],SURFACE STORM WINDOW ON OFF STATUS {HOURS NON-ZERO} [HOURS]
,January,1071.31,473.97,597.34,1415.12,352.75,0.00,0.00,0.00
,February,-,-,-,-,-,-,-,-
,March,-,-,-,-,-,-,-,-
,April,1398.67,638.50,760.16,2102.52,119.45,0.00,0.00,0.00
,May,-,-,-,-,-,-,-,-
,June,-,-,-,-,-,-,-,-
,July,1120.55,316.82,803.73,1519.71,207.04,0.00,0.00,0.00
,August,-,-,-,-,-,-,-,-
,September,-,-,-,-,-,-,-,-
,October,-,-,-,-,-,-,-,-
,November,-,-,-,-,-,-,-,-
,December,-,-,-,-,-,-,-,-
,,,,,,,,,
,Annual Sum or Average,1194.65,474.67,719.98,1674.51,227.58,0.00,0.00,0.00
,Minimum of Months,1071.31,316.82,597.34,1415.12,119.45,0.00,0.00,0.00
,Maximum of Months,1398.67,638.50,803.73,2102.52,352.75,0.00,0.00,0.00


----------------------------------------------------------------------------------------------------
REPORT:,WindowReportMonthly
FOR:,PERIMETER_MID_ZN_1_WALL_SOUTH_WINDOW
Custom Monthly Report

,,SURFACE WINDOW TRANSMITTED SOLAR RADIATION RATE [W],SURFACE WINDOW TRANSMITTED BEAM SOLAR RADIATION RATE [W],SURFACE WINDOW TRANSMITTED DIFFUSE SOLAR RADIATION RATE [W],SURFACE WINDOW HEAT GAIN RATE [W],SURFACE WINDOW HEAT LOSS RATE [W],SURFACE WINDOW INSIDE FACE GLAZING CONDENSATION STATUS {HOURS NON-ZERO} [HOURS],SURFACE SHADING DEVICE IS ON TIME FRACTION {HOURS NON-ZERO} [HOURS],SURFACE STORM WINDOW ON OFF STATUS {HOURS NON-ZERO} [HOURS]
,January,2658.92,1494.50,1164.41,3649.29,549.34,0.00,0.00,0.00
,February,-,-,-,-,-,-,-,-
,March,-,-,-,-,-,-,-,-
,April,971.64,6.94,964.70,1568.46,176.90,0.00,0.00,0.00
,May,-,-,-,-,-,-,-,-
,June,-,-,-,-,-,-,-,-
,July,1004.45,0.00,1004.45,1321.58,308.77,0.00,0.00,0.00
,August,-,-,-,-,-,-,-,-
,September,-,-,-,-,-,-,-,-
,October,-,-,-,-,-,-,-,-
,November,-,-,-,-,-,-,-,-
,December,-,-,-,-,-,-,-,-
,,,,,,,,,
,Annual Sum or Average,1551.24,505.85,1045.39,2186.42,346.83,0.00,0.00,0.00
,Minimum of Months,971.64,0.00,964.70,1321.58,176.90,0.00,0.00,0.00
,Maximum of Months,2658.92,1494.50,1164.41,3649.29,549.34,0.00,0.00,0.00


----------------------------------------------------------------------------------------------------
REPORT:,WindowReportMonthly
FOR:,PERIMETER_MID_ZN_4_WALL_WEST_WINDOW
Custom Monthly Report

,,SURFACE WINDOW TRANSMITTED SOLAR RADIATION RATE [W],SURFACE WINDOW TRANSMITTED BEAM SOLAR RADIATION RATE [W],SURFACE WINDOW TRANSMITTED DIFFUSE SOLAR RADIATION RATE [W],SURFACE WINDOW HEAT GAIN RATE [W],SURFACE WINDOW HEAT LOSS RATE [W],SURFACE WINDOW INSIDE FACE GLAZING CONDENSATION STATUS {HOURS NON-ZERO} [HOURS],SURFACE SHADING DEVICE IS ON TIME FRACTION {HOURS NON-ZERO} [HOURS],SURFACE STORM WINDOW ON OFF STATUS {HOURS NON-ZERO} [HOURS]
,January,1006.06,325.14,680.92,1341.95,364.40,0.00,0.00,0.00
,February,-,-,-,-,-,-,-,-
,March,-,-,-,-,-,-,-,-
,April,1343.24,485.52,857.72,2023.71,128.96,0.00,0.00,0.00
,May,-,-,-,-,-,-,-,-
,June,-,-,-,-,-,-,-,-
,July,1145.16,269.50,875.66,1549.11,212.21,0.00,0.00,0.00
,August,-,-,-,-,-,-,-,-
,September,-,-,-,-,-,-,-,-
,October,-,-,-,-,-,-,-,-
,November,-,-,-,-,-,-,-,-
,December,-,-,-,-,-,-,-,-
,,,,,,,,,
,Annual Sum or Average,1162.88,358.69,804.19,1634.07,236.35,0.00,0.00,0.00
,Minimum of Months,1006.06,269.50,680.92,1341.95,128.96,0.00,0.00,0.00
,Maximum of Months,1343.24,485.52,875.66,2023.71,364.40,0.00,0.00,0.00


----------------------------------------------------------------------------------------------------
REPORT:,WindowEnergyReportMonthly
FOR:,PERIMETER_TOP_ZN_3_WALL_NORTH_WINDOW
Custom Monthly Report

,,SURFACE WINDOW TRANSMITTED SOLAR RADIATION ENERGY [J],SURFACE WINDOW TRANSMITTED BEAM SOLAR RADIATION ENERGY [J],SURFACE WINDOW TRANSMITTED DIFFUSE SOLAR RADIATION ENERGY [J],SURFACE WINDOW HEAT GAIN ENERGY [J],SURFACE WINDOW HEAT LOSS ENERGY [J]
,January,2.027493E+09,0.00,2.027493E+09,2.486421E+09,1.371936E+09
,February,-,-,-,-,-
,March,-,-,-,-,-
,April,2.511635E+09,18641342.84,2.492993E+09,4.022954E+09,4.528553E+08
,May,-,-,-,-,-
,June,-,-,-,-,-
,July,3.633874E+09,3.726424E+08,3.261231E+09,5.104498E+09,8.102728E+08
,August,-,-,-,-,-
,September,-,-,-,-,-
,October,-,-,-,-,-
,November,-,-,-,-,-
,December,-,-,-,-,-
,,,,,,
,Annual Sum or Average,8.173001E+09,3.912837E+08,7.781717E+09,1.161387E+10,2.635064E+09
,Minimum of Months,2.027493E+09,0.00,2.027493E+09,2.486421E+09,4.528553E+08
,Maximum of Months,3.633874E+09,3.726424E+08,3.261231E+09,5.104498E+09,1.371936E+09


----------------------------------------------------------------------------------------------------
REPORT:,WindowEnergyReportMonthly
FOR:,PERIMETER_TOP_ZN_2_WALL_EAST_WINDOW
Custom Monthly Report

,,SURFACE WINDOW TRANSMITTED SOLAR RADIATION ENERGY [J],SURFACE WINDOW TRANSMITTED BEAM SOLAR RADIATION ENERGY [J],SURFACE WINDOW TRANSMITTED DIFFUSE SOLAR RADIATION ENERGY [J],SURFACE WINDOW HEAT GAIN ENERGY [J],SURFACE WINDOW HEAT LOSS ENERGY [J]
,January,2.869384E+09,1.269473E+09,1.599911E+09,3.792964E+09,9.174325E+08
,February,-,-,-,-,-
,March,-,-,-,-,-
,April,3.625346E+09,1.654998E+09,1.970347E+09,5.442409E+09,3.066139E+08
,May,-,-,-,-,-
,June,-,-,-,-,-
,July,3.001287E+09,8.485722E+08,2.152715E+09,4.068537E+09,5.432180E+08
,August,-,-,-,-,-
,September,-,-,-,-,-
,October,-,-,-,-,-
,November,-,-,-,-,-
,December,-,-,-,-,-
,,,,,,
,Annual Sum or Average,9.496017E+09,3.773043E+09,5.722973E+09,1.330391E+10,1.767264E+09
,Minimum of Months,2.869384E+09,8.485722E+08,1.599911E+09,3.792964E+09,3.066139E+08
,Maximum of Months,3.625346E+09,1.654998E+09,2.152715E+09,5.442409E+09,9.174325E+08


----------------------------------------------------------------------------------------------------
REPORT:,WindowEnergyReportMonthly
FOR:,PERIMETER_TOP_ZN_1_WALL_SOUTH_WINDOW
Custom Monthly Report

,,SURFACE WINDOW TRANSMITTED SOLAR RADIATION ENERGY [J],SURFACE WINDOW TRANSMITTED BEAM SOLAR RADIATION ENERGY [J],SURFACE WINDOW TRANSMITTED DIFFUSE SOLAR RADIATION ENERGY [J],SURFACE WINDOW HEAT GAIN ENERGY [J],SURFACE WINDOW HEAT LOSS ENERGY [J]
,January,7.121648E+09,4.002880E+09,3.118768E+09,9.781274E+09,1.427375E+09
,February,-,-,-,-,-
,March,-,-,-,-,-
,April,2.518485E+09,17986878.53,2.500498E+09,4.041251E+09,4.560856E+08
,May,-,-,-,-,-
,June,-,-,-,-,-
,July,2.690328E+09,0.00,2.690328E+09,3.523641E+09,8.108316E+08
,August,-,-,-,-,-
,September,-,-,-,-,-
,October,-,-,-,-,-
,November,-,-,-,-,-
,December,-,-,-,-,-
,,,,,,
,Annual Sum or Average,1.233046E+10,4.020867E+09,8.309594E+09,1.734617E+10,2.694292E+09
,Minimum of Months,2.518485E+09,0.00,2.500498E+09,3.523641E+09,4.560856E+08
,Maximum of Months,7.121648E+09,4.002880E+09,3.118768E+09,9.781274E+09,1.427375E+09


----------------------------------------------------------------------------------------------------
REPORT:,WindowEnergyReportMonthly
FOR:,PERIMETER_TOP_ZN_4_WALL_WEST_WINDOW
Custom Monthly Report

,,SURFACE WINDOW TRANSMITTED SOLAR RADIATION ENERGY [J],SURFACE WINDOW TRANSMITTED BEAM SOLAR RADIATION ENERGY [J],SURFACE WINDOW TRANSMITTED DIFFUSE SOLAR RADIATION ENERGY [J],SURFACE WINDOW HEAT GAIN ENERGY [J],SURFACE WINDOW HEAT LOSS ENERGY [J]
,January,2.694638E+09,8.708489E+08,1.823789E+09,3.590188E+09,9.483423E+08
,February,-,-,-,-,-
,March,-,-,-,-,-
,April,3.481691E+09,1.258474E+09,2.223217E+09,5.229570E+09,3.318876E+08
,May,-,-,-,-,-
,June,-,-,-,-,-
,July,3.067208E+09,7.218363E+08,2.345372E+09,4.135922E+09,5.562840E+08
,August,-,-,-,-,-
,September,-,-,-,-,-
,October,-,-,-,-,-
,November,-,-,-,-,-
,December,-,-,-,-,-
,,,,,,
,Annual Sum or Average,9.243537E+09,2.851159E+09,6.392378E+09,1.295568E+10,1.836514E+09
,Minimum of Months,2.694638E+09,7.218363E+08,1.823789E+09,3.590188E+09,3.318876E+08
,Maximum of Months,3.481691E+09,1.258474E+09,2.345372E+09,5.229570E+09,9.483423E+08


----------------------------------------------------------------------------------------------------
REPORT:,WindowEnergyReportMonthly
FOR:,PERIMETER_BOT_ZN_3_WALL_NORTH_WINDOW1
Custom Monthly Report

,,SURFACE WINDOW TRANSMITTED SOLAR RADIATION ENERGY [J],SURFACE WINDOW TRANSMITTED BEAM SOLAR RADIATION ENERGY [J],SURFACE WINDOW TRANSMITTED DIFFUSE SOLAR RADIATION ENERGY [J],SURFACE WINDOW HEAT GAIN ENERGY [J],SURFACE WINDOW HEAT LOSS ENERGY [J]
,January,6.757989E+08,0.00,6.757989E+08,8.515433E+08,4.365775E+08
,February,-,-,-,-,-
,March,-,-,-,-,-
,April,8.371719E+08,6213486.96,8.309584E+08,1.372528E+09,1.247037E+08
,May,-,-,-,-,-
,June,-,-,-,-,-
,July,1.211234E+09,1.242083E+08,1.087026E+09,1.726973E+09,2.587319E+08
,August,-,-,-,-,-
,September,-,-,-,-,-
,October,-,-,-,-,-
,November,-,-,-,-,-
,December,-,-,-,-,-
,,,,,,
,Annual Sum or Average,2.724205E+09,1.304217E+08,2.593783E+09,3.951044E+09,8.200131E+08
,Minimum of Months,6.757989E+08,0.00,6.757989E+08,8.515433E+08,1.247037E+08
,Maximum of Months,1.211234E+09,1.242083E+08,1.087026E+09,1.726973E+09,4.365775E+08


----------------------------------------------------------------------------------------------------
REPORT:,WindowEnergyReportMonthly
FOR:,PERIMETER_BOT_ZN_3_WALL_NORTH_WINDOW2
Custom Monthly Report

,,SURFACE WINDOW TRANSMITTED SOLAR RADIATION ENERGY [J],SURFACE WINDOW TRANSMITTED BEAM SOLAR RADIATION ENERGY [J],SURFACE WINDOW TRANSMITTED DIFFUSE SOLAR RADIATION ENERGY [J],SURFACE WINDOW HEAT GAIN ENERGY [J],SURFACE WINDOW HEAT LOSS ENERGY [J]
,January,6.758274E+08,0.00,6.758274E+08,8.515801E+08,4.366010E+08
,February,-,-,-,-,-
,March,-,-,-,-,-
,April,8.372076E+08,6213653.98,8.309940E+08,1.372594E+09,1.247085E+08
,May,-,-,-,-,-
,June,-,-,-,-,-
,July,1.211278E+09,1.242116E+08,1.087066E+09,1.727035E+09,2.587451E+08
,August,-,-,-,-,-
,September,-,-,-,-,-
,October,-,-,-,-,-
,November,-,-,-,-,-
,December,-,-,-,-,-
,,,,,,
,Annual Sum or Average,2.724313E+09,1.304252E+08,2.593888E+09,3.951210E+09,8.200545E+08
,Minimum of Months,6.758274E+08,0.00,6.758274E+08,8.515801E+08,1.247085E+08
,Maximum of Months,1.211278E+09,1.242116E+08,1.087066E+09,1.727035E+09,4.366010E+08


----------------------------------------------------------------------------------------------------
REPORT:,WindowEnergyReportMonthly
FOR:,PERIMETER_BOT_ZN_3_WALL_NORTH_WINDOW3
Custom Monthly Report

,,SURFACE WINDOW TRANSMITTED SOLAR RADIATION ENERGY [J],SURFACE WINDOW TRANSMITTED BEAM SOLAR RADIATION ENERGY [J],SURFACE WINDOW TRANSMITTED DIFFUSE SOLAR RADIATION ENERGY [J],SURFACE WINDOW HEAT GAIN ENERGY [J],SURFACE WINDOW HEAT LOSS ENERGY [J]
,January,6.758274E+08,0.00,6.758274E+08,8.515801E+08,4.366010E+08
,February,-,-,-,-,-
,March,-,-,-,-,-
,April,8.372076E+08,6213653.98,8.309940E+08,1.372594E+09,1.247085E+08
,May,-,-,-,-,-
,June,-,-,-,-,-
,July,1.211278E+09,1.242116E+08,1.087066E+09,1.727035E+09,2.587451E+08
,August,-,-,-,-,-
,September,-,-,-,-,-
,October,-,-,-,-,-
,November,-,-,-,-,-
,December,-,-,-,-,-
,,,,,,
,Annual Sum or Average,2.724313E+09,1.304252E+08,2.593888E+09,3.951210E+09,8.200545E+08
,Minimum of Months,6.758274E+08,0.00,6.758274E+08,8.515801E+08,1.247085E+08
,Maximum of Months,1.211278E+09,1.242116E+08,1.087066E+09,1.727035E+09,4.366010E+08


----------------------------------------------------------------------------------------------------
REPORT:,WindowEnergyReportMonthly
FOR:,PERIMETER_BOT_ZN_2_WALL_EAST_WINDOW1
Custom Monthly Report

,,SURFACE WINDOW TRANSMITTED SOLAR RADIATION ENERGY [J],SURFACE WINDOW TRANSMITTED BEAM SOLAR RADIATION ENERGY [J],SURFACE WINDOW TRANSMITTED DIFFUSE SOLAR RADIATION ENERGY [J],SURFACE WINDOW HEAT GAIN ENERGY [J],SURFACE WINDOW HEAT LOSS ENERGY [J]
,January,2.760206E+09,1.221164E+09,1.539041E+09,3.691663E+09,8.843918E+08
,February,-,-,-,-,-
,March,-,-,-,-,-
,April,3.487404E+09,1.592019E+09,1.895384E+09,5.283745E+09,2.752053E+08
,May,-,-,-,-,-
,June,-,-,-,-,-
,July,2.887091E+09,8.162806E+08,2.070810E+09,3.956875E+09,5.096248E+08
,August,-,-,-,-,-
,September,-,-,-,-,-
,October,-,-,-,-,-
,November,-,-,-,-,-
,December,-,-,-,-,-
,,,,,,
,Annual Sum or Average,9.134700E+09,3.629464E+09,5.505236E+09,1.293228E+10,1.669222E+09
,Minimum of Months,2.760206E+09,8.162806E+08,1.539041E+09,3.691663E+09,2.752053E+08
,Maximum of Months,3.487404E+09,1.592019E+09,2.070810E+09,5.283745E+09,8.843918E+08


----------------------------------------------------------------------------------------------------
REPORT:,WindowEnergyReportMonthly
FOR:,PERIMETER_BOT_ZN_2_WALL_EAST_WINDOW2
Custom Monthly Report

,,SURFACE WINDOW TRANSMITTED SOLAR RADIATION ENERGY [J],SURFACE WINDOW TRANSMITTED BEAM SOLAR RADIATION ENERGY [J],SURFACE WINDOW TRANSMITTED DIFFUSE SOLAR RADIATION ENERGY [J],SURFACE WINDOW HEAT GAIN ENERGY [J],SURFACE WINDOW HEAT LOSS ENERGY [J]
,January,1.091360E+08,48283733.57,60852307.93,1.459650E+08,34968055.42
,February,-,-,-,-,-
,March,-,-,-,-,-
,April,1.378888E+08,62947002.19,74941796.53,2.089145E+08,10881370.16
,May,-,-,-,-,-
,June,-,-,-,-,-
,July,1.141530E+08,32275001.27,81877969.15,1.564513E+08,20150104.92
,August,-,-,-,-,-
,September,-,-,-,-,-
,October,-,-,-,-,-
,November,-,-,-,-,-
,December,-,-,-,-,-
,,,,,,
,Annual Sum or Average,3.611778E+08,1.435057E+08,2.176721E+08,5.113308E+08,65999530.50
,Minimum of Months,1.091360E+08,32275001.27,60852307.93,1.459650E+08,10881370.16
,Maximum of Months,1.378888E+08,62947002.19,81877969.15,2.089145E+08,34968055.42


----------------------------------------------------------------------------------------------------
REPORT:,WindowEnergyReportMonthly
FOR:,PERIMETER_BOT_ZN_1_WALL_SOUTH_WINDOW1
Custom Monthly Report

,,SURFACE WINDOW TRANSMITTED SOLAR RADIATION ENERGY [J],SURFACE WINDOW TRANSMITTED BEAM SOLAR RADIATION ENERGY [J],SURFACE WINDOW TRANSMITTED DIFFUSE SOLAR RADIATION ENERGY [J],SURFACE WINDOW HEAT GAIN ENERGY [J],SURFACE WINDOW HEAT LOSS ENERGY [J]
,January,2.373844E+09,1.334266E+09,1.039578E+09,3.280396E+09,4.990428E+08
,February,-,-,-,-,-
,March,-,-,-,-,-
,April,8.394911E+08,5995503.67,8.334956E+08,1.371330E+09,1.288558E+08
,May,-,-,-,-,-
,June,-,-,-,-,-
,July,8.967692E+08,0.00,8.967692E+08,1.199475E+09,2.513414E+08
,August,-,-,-,-,-
,September,-,-,-,-,-
,October,-,-,-,-,-
,November,-,-,-,-,-
,December,-,-,-,-,-
,,,,,,
,Annual Sum or Average,4.110105E+09,1.340262E+09,2.769843E+09,5.851201E+09,8.792400E+08
,Minimum of Months,8.394911E+08,0.00,8.334956E+08,1.199475E+09,1.288558E+08
,Maximum of Months,2.373844E+09,1.334266E+09,1.039578E+09,3.280396E+09,4.990428E+08


----------------------------------------------------------------------------------------------------
REPORT:,WindowEnergyReportMonthly
FOR:,PERIMETER_BOT_ZN_1_WALL_SOUTH_WINDOW2
Custom Monthly Report

,,SURFACE WINDOW TRANSMITTED SOLAR RADIATION ENERGY [J],SURFACE WINDOW TRANSMITTED BEAM SOLAR RADIATION ENERGY [J],SURFACE WINDOW TRANSMITTED DIFFUSE SOLAR RADIATION ENERGY [J],SURFACE WINDOW HEAT GAIN ENERGY [J],SURFACE WINDOW HEAT LOSS ENERGY [J]
,January,2.373844E+09,1.334266E+09,1.039578E+09,3.280396E+09,4.990428E+08
,February,-,-,-,-,-
,March,-,-,-,-,-
,April,8.394911E+08,5995503.67,8.334956E+08,1.371330E+09,1.288558E+08
,May,-,-,-,-,-
,June,-,-,-,-,-
,July,8.967692E+08,0.00,8.967692E+08,1.199475E+09,2.513414E+08
,August,-,-,-,-,-
,September,-,-,-,-,-
,October,-,-,-,-,-
,November,-,-,-,-,-
,December,-,-,-,-,-
,,,,,,
,Annual Sum or Average,4.110105E+09,1.340262E+09,2.769843E+09,5.851201E+09,8.792400E+08
,Minimum of Months,8.394911E+08,0.00,8.334956E+08,1.199475E+09,1.288558E+08
,Maximum of Months,2.373844E+09,1.334266E+09,1.039578E+09,3.280396E+09,4.990428E+08


----------------------------------------------------------------------------------------------------
REPORT:,WindowEnergyReportMonthly
FOR:,PERIMETER_BOT_ZN_1_WALL_SOUTH_WINDOW3
Custom Monthly Report

,,SURFACE WINDOW TRANSMITTED SOLAR RADIATION ENERGY [J],SURFACE WINDOW TRANSMITTED BEAM SOLAR RADIATION ENERGY [J],SURFACE WINDOW TRANSMITTED DIFFUSE SOLAR RADIATION ENERGY [J],SURFACE WINDOW HEAT GAIN ENERGY [J],SURFACE WINDOW HEAT LOSS ENERGY [J]
,January,2.373694E+09,1.334182E+09,1.039513E+09,3.280189E+09,4.990113E+08
,February,-,-,-,-,-
,March,-,-,-,-,-
,April,8.394380E+08,5995124.79,8.334429E+08,1.371243E+09,1.288477E+08
,May,-,-,-,-,-
,June,-,-,-,-,-
,July,8.967125E+08,0.00,8.967125E+08,1.199400E+09,2.513255E+08
,August,-,-,-,-,-
,September,-,-,-,-,-
,October,-,-,-,-,-
,November,-,-,-,-,-
,December,-,-,-,-,-
,,,,,,
,Annual Sum or Average,4.109845E+09,1.340177E+09,2.769668E+09,5.850831E+09,8.791844E+08
,Minimum of Months,8.394380E+08,0.00,8.334429E+08,1.199400E+09,1.288477E+08
,Maximum of Months,2.373694E+09,1.334182E+09,1.039513E+09,3.280189E+09,4.990113E+08


----------------------------------------------------------------------------------------------------
REPORT:,WindowEnergyReportMonthly
FOR:,PERIMETER_BOT_ZN_4_WALL_WEST_WINDOW1
Custom Monthly Report

,,SURFACE WINDOW TRANSMITTED SOLAR RADIATION ENERGY [J],SURFACE WINDOW TRANSMITTED BEAM SOLAR RADIATION ENERGY [J],SURFACE WINDOW TRANSMITTED DIFFUSE SOLAR RADIATION ENERGY [J],SURFACE WINDOW HEAT GAIN ENERGY [J],SURFACE WINDOW HEAT LOSS ENERGY [J]
,January,2.592116E+09,8.377123E+08,1.754404E+09,3.489248E+09,9.125274E+08
,February,-,-,-,-,-
,March,-,-,-,-,-
,April,3.349224E+09,1.210588E+09,2.138636E+09,5.077442E+09,2.995842E+08
,May,-,-,-,-,-
,June,-,-,-,-,-
,July,2.950511E+09,6.943698E+08,2.256141E+09,4.027454E+09,5.238815E+08
,August,-,-,-,-,-
,September,-,-,-,-,-
,October,-,-,-,-,-
,November,-,-,-,-,-
,December,-,-,-,-,-
,,,,,,
,Annual Sum or Average,8.891851E+09,2.742670E+09,6.149181E+09,1.259414E+10,1.735993E+09
,Minimum of Months,2.592116E+09,6.943698E+08,1.754404E+09,3.489248E+09,2.995842E+08
,Maximum of Months,3.349224E+09,1.210588E+09,2.256141E+09,5.077442E+09,9.125274E+08


----------------------------------------------------------------------------------------------------
REPORT:,WindowEnergyReportMonthly
FOR:,PERIMETER_BOT_ZN_4_WALL_WEST_WINDOW2
Custom Monthly Report

,,SURFACE WINDOW TRANSMITTED SOLAR RADIATION ENERGY [J],SURFACE WINDOW TRANSMITTED BEAM SOLAR RADIATION ENERGY [J],SURFACE WINDOW TRANSMITTED DIFFUSE SOLAR RADIATION ENERGY [J],SURFACE WINDOW HEAT GAIN ENERGY [J],SURFACE WINDOW HEAT LOSS ENERGY [J]
,January,1.024897E+08,33122281.92,69367394.56,1.379614E+08,36080481.70
,February,-,-,-,-,-
,March,-,-,-,-,-
,April,1.324250E+08,47865405.51,84559561.86,2.007570E+08,11845268.43
,May,-,-,-,-,-
,June,-,-,-,-,-
,July,1.166603E+08,27454667.40,89205585.64,1.592415E+08,20713782.02
,August,-,-,-,-,-
,September,-,-,-,-,-
,October,-,-,-,-,-
,November,-,-,-,-,-
,December,-,-,-,-,-
,,,,,,
,Annual Sum or Average,3.515749E+08,1.084424E+08,2.431325E+08,4.979599E+08,68639532.15
,Minimum of Months,1.024897E+08,27454667.40,69367394.56,1.379614E+08,11845268.43
,Maximum of Months,1.324250E+08,47865405.51,89205585.64,2.007570E+08,36080481.70


----------------------------------------------------------------------------------------------------
REPORT:,WindowEnergyReportMonthly
FOR:,PERIMETER_MID_ZN_3_WALL_NORTH_WINDOW
Custom Monthly Report

,,SURFACE WINDOW TRANSMITTED SOLAR RADIATION ENERGY [J],SURFACE WINDOW TRANSMITTED BEAM SOLAR RADIATION ENERGY [J],SURFACE WINDOW TRANSMITTED DIFFUSE SOLAR RADIATION ENERGY [J],SURFACE WINDOW HEAT GAIN ENERGY [J],SURFACE WINDOW HEAT LOSS ENERGY [J]
,January,2.027493E+09,0.00,2.027493E+09,2.492344E+09,1.413302E+09
,February,-,-,-,-,-
,March,-,-,-,-,-
,April,2.511635E+09,18641342.84,2.492993E+09,4.048570E+09,4.540630E+08
,May,-,-,-,-,-
,June,-,-,-,-,-
,July,3.633874E+09,3.726424E+08,3.261231E+09,5.123142E+09,8.266485E+08
,August,-,-,-,-,-
,September,-,-,-,-,-
,October,-,-,-,-,-
,November,-,-,-,-,-
,December,-,-,-,-,-
,,,,,,
,Annual Sum or Average,8.173001E+09,3.912837E+08,7.781717E+09,1.166406E+10,2.694014E+09
,Minimum of Months,2.027493E+09,0.00,2.027493E+09,2.492344E+09,4.540630E+08
,Maximum of Months,3.633874E+09,3.726424E+08,3.261231E+09,5.123142E+09,1.413302E+09


----------------------------------------------------------------------------------------------------
REPORT:,WindowEnergyReportMonthly
FOR:,PERIMETER_MID_ZN_2_WALL_EAST_WINDOW
Custom Monthly Report

,,SURFACE WINDOW TRANSMITTED SOLAR RADIATION ENERGY [J],SURFACE WINDOW TRANSMITTED BEAM SOLAR RADIATION ENERGY [J],SURFACE WINDOW TRANSMITTED DIFFUSE SOLAR RADIATION ENERGY [J],SURFACE WINDOW HEAT GAIN ENERGY [J],SURFACE WINDOW HEAT LOSS ENERGY [J]
,January,2.869384E+09,1.269473E+09,1.599911E+09,3.790253E+09,9.448103E+08
,February,-,-,-,-,-
,March,-,-,-,-,-
,April,3.625346E+09,1.654998E+09,1.970347E+09,5.449733E+09,3.096261E+08
,May,-,-,-,-,-
,June,-,-,-,-,-
,July,3.001287E+09,8.485722E+08,2.152715E+09,4.070397E+09,5.545412E+08
,August,-,-,-,-,-
,September,-,-,-,-,-
,October,-,-,-,-,-
,November,-,-,-,-,-
,December,-,-,-,-,-
,,,,,,
,Annual Sum or Average,9.496017E+09,3.773043E+09,5.722973E+09,1.331038E+10,1.808978E+09
,Minimum of Months,2.869384E+09,8.485722E+08,1.599911E+09,3.790253E+09,3.096261E+08
,Maximum of Months,3.625346E+09,1.654998E+09,2.152715E+09,5.449733E+09,9.448103E+08


----------------------------------------------------------------------------------------------------
REPORT:,WindowEnergyReportMonthly
FOR:,PERIMETER_MID_ZN_1_WALL_SOUTH_WINDOW
Custom Monthly Report

,,SURFACE WINDOW TRANSMITTED SOLAR RADIATION ENERGY [J],SURFACE WINDOW TRANSMITTED BEAM SOLAR RADIATION ENERGY [J],SURFACE WINDOW TRANSMITTED DIFFUSE SOLAR RADIATION ENERGY [J],SURFACE WINDOW HEAT GAIN ENERGY [J],SURFACE WINDOW HEAT LOSS ENERGY [J]
,January,7.121648E+09,4.002880E+09,3.118768E+09,9.774270E+09,1.471343E+09
,February,-,-,-,-,-
,March,-,-,-,-,-
,April,2.518485E+09,17986878.53,2.500498E+09,4.065454E+09,4.585175E+08
,May,-,-,-,-,-
,June,-,-,-,-,-
,July,2.690328E+09,0.00,2.690328E+09,3.539724E+09,8.270168E+08
,August,-,-,-,-,-
,September,-,-,-,-,-
,October,-,-,-,-,-
,November,-,-,-,-,-
,December,-,-,-,-,-
,,,,,,
,Annual Sum or Average,1.233046E+10,4.020867E+09,8.309594E+09,1.737945E+10,2.756877E+09
,Minimum of Months,2.518485E+09,0.00,2.500498E+09,3.539724E+09,4.585175E+08
,Maximum of Months,7.121648E+09,4.002880E+09,3.118768E+09,9.774270E+09,1.471343E+09


----------------------------------------------------------------------------------------------------
REPORT:,WindowEnergyReportMonthly
FOR:,PERIMETER_MID_ZN_4_WALL_WEST_WINDOW
Custom Monthly Report

,,SURFACE WINDOW TRANSMITTED SOLAR RADIATION ENERGY [J],SURFACE WINDOW TRANSMITTED BEAM SOLAR RADIATION ENERGY [J],SURFACE WINDOW TRANSMITTED DIFFUSE SOLAR RADIATION ENERGY [J],SURFACE WINDOW HEAT GAIN ENERGY [J],SURFACE WINDOW HEAT LOSS ENERGY [J]
,January,2.694638E+09,8.708489E+08,1.823789E+09,3.594288E+09,9.760167E+08
,February,-,-,-,-,-
,March,-,-,-,-,-
,April,3.481691E+09,1.258474E+09,2.223217E+09,5.245469E+09,3.342755E+08
,May,-,-,-,-,-
,June,-,-,-,-,-
,July,3.067208E+09,7.218363E+08,2.345372E+09,4.149136E+09,5.683856E+08
,August,-,-,-,-,-
,September,-,-,-,-,-
,October,-,-,-,-,-
,November,-,-,-,-,-
,December,-,-,-,-,-
,,,,,,
,Annual Sum or Average,9.243537E+09,2.851159E+09,6.392378E+09,1.298889E+10,1.878678E+09
,Minimum of Months,2.694638E+09,7.218363E+08,1.823789E+09,3.594288E+09,3.342755E+08
,Maximum of Months,3.481691E+09,1.258474E+09,2.345372E+09,5.245469E+09,9.760167E+08


----------------------------------------------------------------------------------------------------
REPORT:,WindowZoneSummaryMonthly
FOR:,CORE_BOTTOM
Custom Monthly Report

,,ZONE WINDOWS TOTAL HEAT GAIN RATE [W],ZONE WINDOWS TOTAL HEAT LOSS RATE [W],ENCLOSURE WINDOWS TOTAL TRANSMITTED SOLAR RADIATION RATE [W],ENCLOSURE EXTERIOR WINDOWS TOTAL TRANSMITTED BEAM SOLAR RADIATION RATE [W],ENCLOSURE EXTERIOR WINDOWS TOTAL TRANSMITTED DIFFUSE SOLAR RADIATION RATE [W],ENCLOSURE INTERIOR WINDOWS TOTAL TRANSMITTED DIFFUSE SOLAR RADIATION RATE [W],ENCLOSURE INTERIOR WINDOWS TOTAL TRANSMITTED BEAM SOLAR RADIATION RATE [W]
,January,0.00,0.00,0.00,0.00,0.00,0.00,0.00
,February,-,-,-,-,-,-,-
,March,-,-,-,-,-,-,-
,April,0.00,0.00,0.00,0.00,0.00,0.00,0.00
,May,-,-,-,-,-,-,-
,June,-,-,-,-,-,-,-
,July,0.00,0.00,0.00,0.00,0.00,0.00,0.00
,August,-,-,-,-,-,-,-
,September,-,-,-,-,-,-,-
,October,-,-,-,-,-,-,-
,November,-,-,-,-,-,-,-
,December,-,-,-,-,-,-,-
,,,,,,,,
,Annual Sum or Average,0.00,0.00,0.00,0.00,0.00,0.00,0.00
,Minimum of Months,0.00,0.00,0.00,0.00,0.00,0.00,0.00
,Maximum of Months,0.00,0.00,0.00,0.00,0.00,0.00,0.00


----------------------------------------------------------------------------------------------------
REPORT:,WindowZoneSummaryMonthly
FOR:,TOPFLOOR_PLENUM
Custom Monthly Report

,,ZONE WINDOWS TOTAL HEAT GAIN RATE [W],ZONE WINDOWS TOTAL HEAT LOSS RATE [W],ENCLOSURE WINDOWS TOTAL TRANSMITTED SOLAR RADIATION RATE [W],ENCLOSURE EXTERIOR WINDOWS TOTAL TRANSMITTED BEAM SOLAR RADIATION RATE [W],ENCLOSURE EXTERIOR WINDOWS TOTAL TRANSMITTED DIFFUSE SOLAR RADIATION RATE [W],ENCLOSURE INTERIOR WINDOWS TOTAL TRANSMITTED DIFFUSE SOLAR RADIATION RATE [W],ENCLOSURE INTERIOR WINDOWS TOTAL TRANSMITTED BEAM SOLAR RADIATION RATE [W]
,January,0.00,0.00,0.00,0.00,0.00,0.00,0.00
,February,-,-,-,-,-,-,-
,March,-,-,-,-,-,-,-
,April,0.00,0.00,0.00,0.00,0.00,0.00,0.00
,May,-,-,-,-,-,-,-
,June,-,-,-,-,-,-,-
,July,0.00,0.00,0.00,0.00,0.00,0.00,0.00
,August,-,-,-,-,-,-,-
,September,-,-,-,-,-,-,-
,October,-,-,-,-,-,-,-
,November,-,-,-,-,-,-,-
,December,-,-,-,-,-,-,-
,,,,,,,,
,Annual Sum or Average,0.00,0.00,0.00,0.00,0.00,0.00,0.00
,Minimum of Months,0.00,0.00,0.00,0.00,0.00,0.00,0.00
,Maximum of Months,0.00,0.00,0.00,0.00,0.00,0.00,0.00


----------------------------------------------------------------------------------------------------
REPORT:,WindowZoneSummaryMonthly
FOR:,MIDFLOOR_PLENUM
Custom Monthly Report

,,ZONE WINDOWS TOTAL HEAT GAIN RATE [W],ZONE WINDOWS TOTAL HEAT LOSS RATE [W],ENCLOSURE WINDOWS TOTAL TRANSMITTED SOLAR RADIATION RATE [W],ENCLOSURE EXTERIOR WINDOWS TOTAL TRANSMITTED BEAM SOLAR RADIATION RATE [W],ENCLOSURE EXTERIOR WINDOWS TOTAL TRANSMITTED DIFFUSE SOLAR RADIATION RATE [W],ENCLOSURE INTERIOR WINDOWS TOTAL TRANSMITTED DIFFUSE SOLAR RADIATION RATE [W],ENCLOSURE INTERIOR WINDOWS TOTAL TRANSMITTED BEAM SOLAR RADIATION RATE [W]
,January,0.00,0.00,0.00,0.00,0.00,0.00,0.00
,February,-,-,-,-,-,-,-
,March,-,-,-,-,-,-,-
,April,0.00,0.00,0.00,0.00,0.00,0.00,0.00
,May,-,-,-,-,-,-,-
,June,-,-,-,-,-,-,-
,July,0.00,0.00,0.00,0.00,0.00,0.00,0.00
,August,-,-,-,-,-,-,-
,September,-,-,-,-,-,-,-
,October,-,-,-,-,-,-,-
,November,-,-,-,-,-,-,-
,December,-,-,-,-,-,-,-
,,,,,,,,
,Annual Sum or Average,0.00,0.00,0.00,0.00,0.00,0.00,0.00
,Minimum of Months,0.00,0.00,0.00,0.00,0.00,0.00,0.00
,Maximum of Months,0.00,0.00,0.00,0.00,0.00,0.00,0.00


----------------------------------------------------------------------------------------------------
REPORT:,WindowZoneSummaryMonthly
FOR:,FIRSTFLOOR_PLENUM
Custom Monthly Report

,,ZONE WINDOWS TOTAL HEAT GAIN RATE [W],ZONE WINDOWS TOTAL HEAT LOSS RATE [W],ENCLOSURE WINDOWS TOTAL TRANSMITTED SOLAR RADIATION RATE [W],ENCLOSURE EXTERIOR WINDOWS TOTAL TRANSMITTED BEAM SOLAR RADIATION RATE [W],ENCLOSURE EXTERIOR WINDOWS TOTAL TRANSMITTED DIFFUSE SOLAR RADIATION RATE [W],ENCLOSURE INTERIOR WINDOWS TOTAL TRANSMITTED DIFFUSE SOLAR RADIATION RATE [W],ENCLOSURE INTERIOR WINDOWS TOTAL TRANSMITTED BEAM SOLAR RADIATION RATE [W]
,January,0.00,0.00,0.00,0.00,0.00,0.00,0.00
,February,-,-,-,-,-,-,-
,March,-,-,-,-,-,-,-
,April,0.00,0.00,0.00,0.00,0.00,0.00,0.00
,May,-,-,-,-,-,-,-
,June,-,-,-,-,-,-,-
,July,0.00,0.00,0.00,0.00,0.00,0.00,0.00
,August,-,-,-,-,-,-,-
,September,-,-,-,-,-,-,-
,October,-,-,-,-,-,-,-
,November,-,-,-,-,-,-,-
,December,-,-,-,-,-,-,-
,,,,,,,,
,Annual Sum or Average,0.00,0.00,0.00,0.00,0.00,0.00,0.00
,Minimum of Months,0.00,0.00,0.00,0.00,0.00,0.00,0.00
,Maximum of Months,0.00,0.00,0.00,0.00,0.00,0.00,0.00


----------------------------------------------------------------------------------------------------
REPORT:,WindowZoneSummaryMonthly
FOR:,CORE_MID
Custom Monthly Report

,,ZONE WINDOWS TOTAL HEAT GAIN RATE [W],ZONE WINDOWS TOTAL HEAT LOSS RATE [W],ENCLOSURE WINDOWS TOTAL TRANSMITTED SOLAR RADIATION RATE [W],ENCLOSURE EXTERIOR WINDOWS TOTAL TRANSMITTED BEAM SOLAR RADIATION RATE [W],ENCLOSURE EXTERIOR WINDOWS TOTAL TRANSMITTED DIFFUSE SOLAR RADIATION RATE [W],ENCLOSURE INTERIOR WINDOWS TOTAL TRANSMITTED DIFFUSE SOLAR RADIATION RATE [W],ENCLOSURE INTERIOR WINDOWS TOTAL TRANSMITTED BEAM SOLAR RADIATION RATE [W]
,January,0.00,0.00,0.00,0.00,0.00,0.00,0.00
,February,-,-,-,-,-,-,-
,March,-,-,-,-,-,-,-
,April,0.00,0.00,0.00,0.00,0.00,0.00,0.00
,May,-,-,-,-,-,-,-
,June,-,-,-,-,-,-,-
,July,0.00,0.00,0.00,0.00,0.00,0.00,0.00
,August,-,-,-,-,-,-,-
,September,-,-,-,-,-,-,-
,October,-,-,-,-,-,-,-
,November,-,-,-,-,-,-,-
,December,-,-,-,-,-,-,-
,,,,,,,,
,Annual Sum or Average,0.00,0.00,0.00,0.00,0.00,0.00,0.00
,Minimum of Months,0.00,0.00,0.00,0.00,0.00,0.00,0.00
,Maximum of Months,0.00,0.00,0.00,0.00,0.00,0.00,0.00


----------------------------------------------------------------------------------------------------
REPORT:,WindowZoneSummaryMonthly
FOR:,CORE_TOP
Custom Monthly Report

,,ZONE WINDOWS TOTAL HEAT GAIN RATE [W],ZONE WINDOWS TOTAL HEAT LOSS RATE [W],ENCLOSURE WINDOWS TOTAL TRANSMITTED SOLAR RADIATION RATE [W],ENCLOSURE EXTERIOR WINDOWS TOTAL TRANSMITTED BEAM SOLAR RADIATION RATE [W],ENCLOSURE EXTERIOR WINDOWS TOTAL TRANSMITTED DIFFUSE SOLAR RADIATION RATE [W],ENCLOSURE INTERIOR WINDOWS TOTAL TRANSMITTED DIFFUSE SOLAR RADIATION RATE [W],ENCLOSURE INTERIOR WINDOWS TOTAL TRANSMITTED BEAM SOLAR RADIATION RATE [W]
,January,0.00,0.00,0.00,0.00,0.00,0.00,0.00
,February,-,-,-,-,-,-,-
,March,-,-,-,-,-,-,-
,April,0.00,0.00,0.00,0.00,0.00,0.00,0.00
,May,-,-,-,-,-,-,-
,June,-,-,-,-,-,-,-
,July,0.00,0.00,0.00,0.00,0.00,0.00,0.00
,August,-,-,-,-,-,-,-
,September,-,-,-,-,-,-,-
,October,-,-,-,-,-,-,-
,November,-,-,-,-,-,-,-
,December,-,-,-,-,-,-,-
,,,,,,,,
,Annual Sum or Average,0.00,0.00,0.00,0.00,0.00,0.00,0.00
,Minimum of Months,0.00,0.00,0.00,0.00,0.00,0.00,0.00
,Maximum of Months,0.00,0.00,0.00,0.00,0.00,0.00,0.00


----------------------------------------------------------------------------------------------------
REPORT:,WindowZoneSummaryMonthly
FOR:,PERIMETER_TOP_ZN_3
Custom Monthly Report

,,ZONE WINDOWS TOTAL HEAT GAIN RATE [W],ZONE WINDOWS TOTAL HEAT LOSS RATE [W],ENCLOSURE WINDOWS TOTAL TRANSMITTED SOLAR RADIATION RATE [W],ENCLOSURE EXTERIOR WINDOWS TOTAL TRANSMITTED BEAM SOLAR RADIATION RATE [W],ENCLOSURE EXTERIOR WINDOWS TOTAL TRANSMITTED DIFFUSE SOLAR RADIATION RATE [W],ENCLOSURE INTERIOR WINDOWS TOTAL TRANSMITTED DIFFUSE SOLAR RADIATION RATE [W],ENCLOSURE INTERIOR WINDOWS TOTAL TRANSMITTED BEAM SOLAR RADIATION RATE [W]
,January,928.32,512.22,756.98,0.00,756.98,0.00,0.00
,February,-,-,-,-,-,-,-
,March,-,-,-,-,-,-,-
,April,1552.07,174.71,968.99,7.19,961.80,0.00,0.00
,May,-,-,-,-,-,-,-
,June,-,-,-,-,-,-,-
,July,1905.80,302.52,1356.73,139.13,1217.60,0.00,0.00
,August,-,-,-,-,-,-,-
,September,-,-,-,-,-,-,-
,October,-,-,-,-,-,-,-
,November,-,-,-,-,-,-,-
,December,-,-,-,-,-,-,-
,,,,,,,,
,Annual Sum or Average,1461.09,331.50,1028.21,49.23,978.98,0.00,0.00
,Minimum of Months,928.32,174.71,756.98,0.00,756.98,0.00,0.00
,Maximum of Months,1905.80,512.22,1356.73,139.13,1217.60,0.00,0.00


----------------------------------------------------------------------------------------------------
REPORT:,WindowZoneSummaryMonthly
FOR:,PERIMETER_TOP_ZN_2
Custom Monthly Report

,,ZONE WINDOWS TOTAL HEAT GAIN RATE [W],ZONE WINDOWS TOTAL HEAT LOSS RATE [W],ENCLOSURE WINDOWS TOTAL TRANSMITTED SOLAR RADIATION RATE [W],ENCLOSURE EXTERIOR WINDOWS TOTAL TRANSMITTED BEAM SOLAR RADIATION RATE [W],ENCLOSURE EXTERIOR WINDOWS TOTAL TRANSMITTED DIFFUSE SOLAR RADIATION RATE [W],ENCLOSURE INTERIOR WINDOWS TOTAL TRANSMITTED DIFFUSE SOLAR RADIATION RATE [W],ENCLOSURE INTERIOR WINDOWS TOTAL TRANSMITTED BEAM SOLAR RADIATION RATE [W]
,January,1416.13,342.53,1071.31,473.97,597.34,0.00,0.00
,February,-,-,-,-,-,-,-
,March,-,-,-,-,-,-,-
,April,2099.69,118.29,1398.67,638.50,760.16,0.00,0.00
,May,-,-,-,-,-,-,-
,June,-,-,-,-,-,-,-
,July,1519.02,202.81,1120.55,316.82,803.73,0.00,0.00
,August,-,-,-,-,-,-,-
,September,-,-,-,-,-,-,-
,October,-,-,-,-,-,-,-
,November,-,-,-,-,-,-,-
,December,-,-,-,-,-,-,-
,,,,,,,,
,Annual Sum or Average,1673.70,222.33,1194.65,474.67,719.98,0.00,0.00
,Minimum of Months,1416.13,118.29,1071.31,316.82,597.34,0.00,0.00
,Maximum of Months,2099.69,342.53,1398.67,638.50,803.73,0.00,0.00


----------------------------------------------------------------------------------------------------
REPORT:,WindowZoneSummaryMonthly
FOR:,PERIMETER_TOP_ZN_1
Custom Monthly Report

,,ZONE WINDOWS TOTAL HEAT GAIN RATE [W],ZONE WINDOWS TOTAL HEAT LOSS RATE [W],ENCLOSURE WINDOWS TOTAL TRANSMITTED SOLAR RADIATION RATE [W],ENCLOSURE EXTERIOR WINDOWS TOTAL TRANSMITTED BEAM SOLAR RADIATION RATE [W],ENCLOSURE EXTERIOR WINDOWS TOTAL TRANSMITTED DIFFUSE SOLAR RADIATION RATE [W],ENCLOSURE INTERIOR WINDOWS TOTAL TRANSMITTED DIFFUSE SOLAR RADIATION RATE [W],ENCLOSURE INTERIOR WINDOWS TOTAL TRANSMITTED BEAM SOLAR RADIATION RATE [W]
,January,3651.91,532.92,2658.92,1494.50,1164.41,0.00,0.00
,February,-,-,-,-,-,-,-
,March,-,-,-,-,-,-,-
,April,1559.12,175.96,971.64,6.94,964.70,0.00,0.00
,May,-,-,-,-,-,-,-
,June,-,-,-,-,-,-,-
,July,1315.58,302.73,1004.45,0.00,1004.45,0.00,0.00
,August,-,-,-,-,-,-,-
,September,-,-,-,-,-,-,-
,October,-,-,-,-,-,-,-
,November,-,-,-,-,-,-,-
,December,-,-,-,-,-,-,-
,,,,,,,,
,Annual Sum or Average,2182.24,338.96,1551.24,505.85,1045.39,0.00,0.00
,Minimum of Months,1315.58,175.96,971.64,0.00,964.70,0.00,0.00
,Maximum of Months,3651.91,532.92,2658.92,1494.50,1164.41,0.00,0.00


----------------------------------------------------------------------------------------------------
REPORT:,WindowZoneSummaryMonthly
FOR:,PERIMETER_TOP_ZN_4
Custom Monthly Report

,,ZONE WINDOWS TOTAL HEAT GAIN RATE [W],ZONE WINDOWS TOTAL HEAT LOSS RATE [W],ENCLOSURE WINDOWS TOTAL TRANSMITTED SOLAR RADIATION RATE [W],ENCLOSURE EXTERIOR WINDOWS TOTAL TRANSMITTED BEAM SOLAR RADIATION RATE [W],ENCLOSURE EXTERIOR WINDOWS TOTAL TRANSMITTED DIFFUSE SOLAR RADIATION RATE [W],ENCLOSURE INTERIOR WINDOWS TOTAL TRANSMITTED DIFFUSE SOLAR RADIATION RATE [W],ENCLOSURE INTERIOR WINDOWS TOTAL TRANSMITTED BEAM SOLAR RADIATION RATE [W]
,January,1340.42,354.07,1006.06,325.14,680.92,0.00,0.00
,February,-,-,-,-,-,-,-
,March,-,-,-,-,-,-,-
,April,2017.58,128.04,1343.24,485.52,857.72,0.00,0.00
,May,-,-,-,-,-,-,-
,June,-,-,-,-,-,-,-
,July,1544.18,207.69,1145.16,269.50,875.66,0.00,0.00
,August,-,-,-,-,-,-,-
,September,-,-,-,-,-,-,-
,October,-,-,-,-,-,-,-
,November,-,-,-,-,-,-,-
,December,-,-,-,-,-,-,-
,,,,,,,,
,Annual Sum or Average,1629.89,231.04,1162.88,358.69,804.19,0.00,0.00
,Minimum of Months,1340.42,128.04,1006.06,269.50,680.92,0.00,0.00
,Maximum of Months,2017.58,354.07,1343.24,485.52,875.66,0.00,0.00


----------------------------------------------------------------------------------------------------
REPORT:,WindowZoneSummaryMonthly
FOR:,PERIMETER_BOT_ZN_3
Custom Monthly Report

,,ZONE WINDOWS TOTAL HEAT GAIN RATE [W],ZONE WINDOWS TOTAL HEAT LOSS RATE [W],ENCLOSURE WINDOWS TOTAL TRANSMITTED SOLAR RADIATION RATE [W],ENCLOSURE EXTERIOR WINDOWS TOTAL TRANSMITTED BEAM SOLAR RADIATION RATE [W],ENCLOSURE EXTERIOR WINDOWS TOTAL TRANSMITTED DIFFUSE SOLAR RADIATION RATE [W],ENCLOSURE INTERIOR WINDOWS TOTAL TRANSMITTED DIFFUSE SOLAR RADIATION RATE [W],ENCLOSURE INTERIOR WINDOWS TOTAL TRANSMITTED BEAM SOLAR RADIATION RATE [W]
,January,953.82,489.02,756.96,0.00,756.96,0.00,0.00
,February,-,-,-,-,-,-,-
,March,-,-,-,-,-,-,-
,April,1588.63,144.34,968.98,7.19,961.78,0.00,0.00
,May,-,-,-,-,-,-,-
,June,-,-,-,-,-,-,-
,July,1934.38,289.81,1356.70,139.12,1217.58,0.00,0.00
,August,-,-,-,-,-,-,-
,September,-,-,-,-,-,-,-
,October,-,-,-,-,-,-,-
,November,-,-,-,-,-,-,-
,December,-,-,-,-,-,-,-
,,,,,,,,
,Annual Sum or Average,1491.23,309.50,1028.18,49.22,978.96,0.00,0.00
,Minimum of Months,953.82,144.34,756.96,0.00,756.96,0.00,0.00
,Maximum of Months,1934.38,489.02,1356.70,139.12,1217.58,0.00,0.00


----------------------------------------------------------------------------------------------------
REPORT:,WindowZoneSummaryMonthly
FOR:,PERIMETER_BOT_ZN_2
Custom Monthly Report

,,ZONE WINDOWS TOTAL HEAT GAIN RATE [W],ZONE WINDOWS TOTAL HEAT LOSS RATE [W],ENCLOSURE WINDOWS TOTAL TRANSMITTED SOLAR RADIATION RATE [W],ENCLOSURE EXTERIOR WINDOWS TOTAL TRANSMITTED BEAM SOLAR RADIATION RATE [W],ENCLOSURE EXTERIOR WINDOWS TOTAL TRANSMITTED DIFFUSE SOLAR RADIATION RATE [W],ENCLOSURE INTERIOR WINDOWS TOTAL TRANSMITTED DIFFUSE SOLAR RADIATION RATE [W],ENCLOSURE INTERIOR WINDOWS TOTAL TRANSMITTED BEAM SOLAR RADIATION RATE [W]
,January,1432.81,343.25,1071.29,473.96,597.33,0.00,0.00
,February,-,-,-,-,-,-,-
,March,-,-,-,-,-,-,-
,April,2119.08,110.37,1398.65,638.49,760.16,0.00,0.00
,May,-,-,-,-,-,-,-
,June,-,-,-,-,-,-,-
,July,1535.74,197.80,1120.54,316.81,803.72,0.00,0.00
,August,-,-,-,-,-,-,-
,September,-,-,-,-,-,-,-
,October,-,-,-,-,-,-,-
,November,-,-,-,-,-,-,-
,December,-,-,-,-,-,-,-
,,,,,,,,
,Annual Sum or Average,1691.28,218.30,1194.63,474.66,719.97,0.00,0.00
,Minimum of Months,1432.81,110.37,1071.29,316.81,597.33,0.00,0.00
,Maximum of Months,2119.08,343.25,1398.65,638.49,803.72,0.00,0.00


----------------------------------------------------------------------------------------------------
REPORT:,WindowZoneSummaryMonthly
FOR:,PERIMETER_BOT_ZN_1
Custom Monthly Report

,,ZONE WINDOWS TOTAL HEAT GAIN RATE [W],ZONE WINDOWS TOTAL HEAT LOSS RATE [W],ENCLOSURE WINDOWS TOTAL TRANSMITTED SOLAR RADIATION RATE [W],ENCLOSURE EXTERIOR WINDOWS TOTAL TRANSMITTED BEAM SOLAR RADIATION RATE [W],ENCLOSURE EXTERIOR WINDOWS TOTAL TRANSMITTED DIFFUSE SOLAR RADIATION RATE [W],ENCLOSURE INTERIOR WINDOWS TOTAL TRANSMITTED DIFFUSE SOLAR RADIATION RATE [W],ENCLOSURE INTERIOR WINDOWS TOTAL TRANSMITTED BEAM SOLAR RADIATION RATE [W]
,January,3674.20,558.95,2658.82,1494.44,1164.38,0.00,0.00
,February,-,-,-,-,-,-,-
,March,-,-,-,-,-,-,-
,April,1587.15,149.14,971.61,6.94,964.67,0.00,0.00
,May,-,-,-,-,-,-,-
,June,-,-,-,-,-,-,-
,July,1343.47,281.51,1004.42,0.00,1004.42,0.00,0.00
,August,-,-,-,-,-,-,-
,September,-,-,-,-,-,-,-
,October,-,-,-,-,-,-,-
,November,-,-,-,-,-,-,-
,December,-,-,-,-,-,-,-
,,,,,,,,
,Annual Sum or Average,2208.29,331.83,1551.18,505.82,1045.36,0.00,0.00
,Minimum of Months,1343.47,149.14,971.61,0.00,964.67,0.00,0.00
,Maximum of Months,3674.20,558.95,2658.82,1494.44,1164.38,0.00,0.00


----------------------------------------------------------------------------------------------------
REPORT:,WindowZoneSummaryMonthly
FOR:,PERIMETER_BOT_ZN_4
Custom Monthly Report

,,ZONE WINDOWS TOTAL HEAT GAIN RATE [W],ZONE WINDOWS TOTAL HEAT LOSS RATE [W],ENCLOSURE WINDOWS TOTAL TRANSMITTED SOLAR RADIATION RATE [W],ENCLOSURE EXTERIOR WINDOWS TOTAL TRANSMITTED BEAM SOLAR RADIATION RATE [W],ENCLOSURE EXTERIOR WINDOWS TOTAL TRANSMITTED DIFFUSE SOLAR RADIATION RATE [W],ENCLOSURE INTERIOR WINDOWS TOTAL TRANSMITTED DIFFUSE SOLAR RADIATION RATE [W],ENCLOSURE INTERIOR WINDOWS TOTAL TRANSMITTED BEAM SOLAR RADIATION RATE [W]
,January,1354.24,354.17,1006.05,325.13,680.92,0.00,0.00
,February,-,-,-,-,-,-,-
,March,-,-,-,-,-,-,-
,April,2036.34,120.15,1343.23,485.51,857.71,0.00,0.00
,May,-,-,-,-,-,-,-
,June,-,-,-,-,-,-,-
,July,1563.13,203.33,1145.15,269.50,875.65,0.00,0.00
,August,-,-,-,-,-,-,-
,September,-,-,-,-,-,-,-
,October,-,-,-,-,-,-,-
,November,-,-,-,-,-,-,-
,December,-,-,-,-,-,-,-
,,,,,,,,
,Annual Sum or Average,1647.05,227.03,1162.87,358.68,804.19,0.00,0.00
,Minimum of Months,1354.24,120.15,1006.05,269.50,680.92,0.00,0.00
,Maximum of Months,2036.34,354.17,1343.23,485.51,875.65,0.00,0.00


----------------------------------------------------------------------------------------------------
REPORT:,WindowZoneSummaryMonthly
FOR:,PERIMETER_MID_ZN_3
Custom Monthly Report

,,ZONE WINDOWS TOTAL HEAT GAIN RATE [W],ZONE WINDOWS TOTAL HEAT LOSS RATE [W],ENCLOSURE WINDOWS TOTAL TRANSMITTED SOLAR RADIATION RATE [W],ENCLOSURE EXTERIOR WINDOWS TOTAL TRANSMITTED BEAM SOLAR RADIATION RATE [W],ENCLOSURE EXTERIOR WINDOWS TOTAL TRANSMITTED DIFFUSE SOLAR RADIATION RATE [W],ENCLOSURE INTERIOR WINDOWS TOTAL TRANSMITTED DIFFUSE SOLAR RADIATION RATE [W],ENCLOSURE INTERIOR WINDOWS TOTAL TRANSMITTED BEAM SOLAR RADIATION RATE [W]
,January,930.53,527.67,756.98,0.00,756.98,0.00,0.00
,February,-,-,-,-,-,-,-
,March,-,-,-,-,-,-,-
,April,1561.95,175.18,968.99,7.19,961.80,0.00,0.00
,May,-,-,-,-,-,-,-
,June,-,-,-,-,-,-,-
,July,1912.76,308.64,1356.73,139.13,1217.60,0.00,0.00
,August,-,-,-,-,-,-,-
,September,-,-,-,-,-,-,-
,October,-,-,-,-,-,-,-
,November,-,-,-,-,-,-,-
,December,-,-,-,-,-,-,-
,,,,,,,,
,Annual Sum or Average,1467.40,338.92,1028.21,49.23,978.98,0.00,0.00
,Minimum of Months,930.53,175.18,756.98,0.00,756.98,0.00,0.00
,Maximum of Months,1912.76,527.67,1356.73,139.13,1217.60,0.00,0.00


----------------------------------------------------------------------------------------------------
REPORT:,WindowZoneSummaryMonthly
FOR:,PERIMETER_MID_ZN_2
Custom Monthly Report

,,ZONE WINDOWS TOTAL HEAT GAIN RATE [W],ZONE WINDOWS TOTAL HEAT LOSS RATE [W],ENCLOSURE WINDOWS TOTAL TRANSMITTED SOLAR RADIATION RATE [W],ENCLOSURE EXTERIOR WINDOWS TOTAL TRANSMITTED BEAM SOLAR RADIATION RATE [W],ENCLOSURE EXTERIOR WINDOWS TOTAL TRANSMITTED DIFFUSE SOLAR RADIATION RATE [W],ENCLOSURE INTERIOR WINDOWS TOTAL TRANSMITTED DIFFUSE SOLAR RADIATION RATE [W],ENCLOSURE INTERIOR WINDOWS TOTAL TRANSMITTED BEAM SOLAR RADIATION RATE [W]
,January,1415.12,352.75,1071.31,473.97,597.34,0.00,0.00
,February,-,-,-,-,-,-,-
,March,-,-,-,-,-,-,-
,April,2102.52,119.45,1398.67,638.50,760.16,0.00,0.00
,May,-,-,-,-,-,-,-
,June,-,-,-,-,-,-,-
,July,1519.71,207.04,1120.55,316.82,803.73,0.00,0.00
,August,-,-,-,-,-,-,-
,September,-,-,-,-,-,-,-
,October,-,-,-,-,-,-,-
,November,-,-,-,-,-,-,-
,December,-,-,-,-,-,-,-
,,,,,,,,
,Annual Sum or Average,1674.51,227.58,1194.65,474.67,719.98,0.00,0.00
,Minimum of Months,1415.12,119.45,1071.31,316.82,597.34,0.00,0.00
,Maximum of Months,2102.52,352.75,1398.67,638.50,803.73,0.00,0.00


----------------------------------------------------------------------------------------------------
REPORT:,WindowZoneSummaryMonthly
FOR:,PERIMETER_MID_ZN_1
Custom Monthly Report

,,ZONE WINDOWS TOTAL HEAT GAIN RATE [W],ZONE WINDOWS TOTAL HEAT LOSS RATE [W],ENCLOSURE WINDOWS TOTAL TRANSMITTED SOLAR RADIATION RATE [W],ENCLOSURE EXTERIOR WINDOWS TOTAL TRANSMITTED BEAM SOLAR RADIATION RATE [W],ENCLOSURE EXTERIOR WINDOWS TOTAL TRANSMITTED DIFFUSE SOLAR RADIATION RATE [W],ENCLOSURE INTERIOR WINDOWS TOTAL TRANSMITTED DIFFUSE SOLAR RADIATION RATE [W],ENCLOSURE INTERIOR WINDOWS TOTAL TRANSMITTED BEAM SOLAR RADIATION RATE [W]
,January,3649.29,549.34,2658.92,1494.50,1164.41,0.00,0.00
,February,-,-,-,-,-,-,-
,March,-,-,-,-,-,-,-
,April,1568.46,176.90,971.64,6.94,964.70,0.00,0.00
,May,-,-,-,-,-,-,-
,June,-,-,-,-,-,-,-
,July,1321.58,308.77,1004.45,0.00,1004.45,0.00,0.00
,August,-,-,-,-,-,-,-
,September,-,-,-,-,-,-,-
,October,-,-,-,-,-,-,-
,November,-,-,-,-,-,-,-
,December,-,-,-,-,-,-,-
,,,,,,,,
,Annual Sum or Average,2186.42,346.83,1551.24,505.85,1045.39,0.00,0.00
,Minimum of Months,1321.58,176.90,971.64,0.00,964.70,0.00,0.00
,Maximum of Months,3649.29,549.34,2658.92,1494.50,1164.41,0.00,0.00


----------------------------------------------------------------------------------------------------
REPORT:,WindowZoneSummaryMonthly
FOR:,PERIMETER_MID_ZN_4
Custom Monthly Report

,,ZONE WINDOWS TOTAL HEAT GAIN RATE [W],ZONE WINDOWS TOTAL HEAT LOSS RATE [W],ENCLOSURE WINDOWS TOTAL TRANSMITTED SOLAR RADIATION RATE [W],ENCLOSURE EXTERIOR WINDOWS TOTAL TRANSMITTED BEAM SOLAR RADIATION RATE [W],ENCLOSURE EXTERIOR WINDOWS TOTAL TRANSMITTED DIFFUSE SOLAR RADIATION RATE [W],ENCLOSURE INTERIOR WINDOWS TOTAL TRANSMITTED DIFFUSE SOLAR RADIATION RATE [W],ENCLOSURE INTERIOR WINDOWS TOTAL TRANSMITTED BEAM SOLAR RADIATION RATE [W]
,January,1341.95,364.40,1006.06,325.14,680.92,0.00,0.00
,February,-,-,-,-,-,-,-
,March,-,-,-,-,-,-,-
,April,2023.71,128.96,1343.24,485.52,857.72,0.00,0.00
,May,-,-,-,-,-,-,-
,June,-,-,-,-,-,-,-
,July,1549.11,212.21,1145.16,269.50,875.66,0.00,0.00
,August,-,-,-,-,-,-,-
,September,-,-,-,-,-,-,-
,October,-,-,-,-,-,-,-
,November,-,-,-,-,-,-,-
,December,-,-,-,-,-,-,-
,,,,,,,,
,Annual Sum or Average,1634.07,236.35,1162.88,358.69,804.19,0.00,0.00
,Minimum of Months,1341.95,128.96,1006.06,269.50,680.92,0.00,0.00
,Maximum of Months,2023.71,364.40,1343.24,485.52,875.66,0.00,0.00


----------------------------------------------------------------------------------------------------
REPORT:,WindowEnergyZoneSummaryMonthly
FOR:,CORE_BOTTOM
Custom Monthly Report

,,ZONE WINDOWS TOTAL HEAT GAIN ENERGY [J],ZONE WINDOWS TOTAL HEAT LOSS ENERGY [J],ENCLOSURE WINDOWS TOTAL TRANSMITTED SOLAR RADIATION ENERGY [J],ENCLOSURE EXTERIOR WINDOWS TOTAL TRANSMITTED BEAM SOLAR RADIATION ENERGY [J],ENCLOSURE EXTERIOR WINDOWS TOTAL TRANSMITTED DIFFUSE SOLAR RADIATION ENERGY [J],ENCLOSURE INTERIOR WINDOWS TOTAL TRANSMITTED DIFFUSE SOLAR RADIATION ENERGY [J],ENCLOSURE INTERIOR WINDOWS TOTAL TRANSMITTED BEAM SOLAR RADIATION ENERGY [J]
,January,0.00,0.00,0.00,0.00,0.00,0.00,0.00
,February,-,-,-,-,-,-,-
,March,-,-,-,-,-,-,-
,April,0.00,0.00,0.00,0.00,0.00,0.00,0.00
,May,-,-,-,-,-,-,-
,June,-,-,-,-,-,-,-
,July,0.00,0.00,0.00,0.00,0.00,0.00,0.00
,August,-,-,-,-,-,-,-
,September,-,-,-,-,-,-,-
,October,-,-,-,-,-,-,-
,November,-,-,-,-,-,-,-
,December,-,-,-,-,-,-,-
,,,,,,,,
,Annual Sum or Average,0.00,0.00,0.00,0.00,0.00,0.00,0.00
,Minimum of Months,0.00,0.00,0.00,0.00,0.00,0.00,0.00
,Maximum of Months,0.00,0.00,0.00,0.00,0.00,0.00,0.00


----------------------------------------------------------------------------------------------------
REPORT:,WindowEnergyZoneSummaryMonthly
FOR:,TOPFLOOR_PLENUM
Custom Monthly Report

,,ZONE WINDOWS TOTAL HEAT GAIN ENERGY [J],ZONE WINDOWS TOTAL HEAT LOSS ENERGY [J],ENCLOSURE WINDOWS TOTAL TRANSMITTED SOLAR RADIATION ENERGY [J],ENCLOSURE EXTERIOR WINDOWS TOTAL TRANSMITTED BEAM SOLAR RADIATION ENERGY [J],ENCLOSURE EXTERIOR WINDOWS TOTAL TRANSMITTED DIFFUSE SOLAR RADIATION ENERGY [J],ENCLOSURE INTERIOR WINDOWS TOTAL TRANSMITTED DIFFUSE SOLAR RADIATION ENERGY [J],ENCLOSURE INTERIOR WINDOWS TOTAL TRANSMITTED BEAM SOLAR RADIATION ENERGY [J]
,January,0.00,0.00,0.00,0.00,0.00,0.00,0.00
,February,-,-,-,-,-,-,-
,March,-,-,-,-,-,-,-
,April,0.00,0.00,0.00,0.00,0.00,0.00,0.00
,May,-,-,-,-,-,-,-
,June,-,-,-,-,-,-,-
,July,0.00,0.00,0.00,0.00,0.00,0.00,0.00
,August,-,-,-,-,-,-,-
,September,-,-,-,-,-,-,-
,October,-,-,-,-,-,-,-
,November,-,-,-,-,-,-,-
,December,-,-,-,-,-,-,-
,,,,,,,,
,Annual Sum or Average,0.00,0.00,0.00,0.00,0.00,0.00,0.00
,Minimum of Months,0.00,0.00,0.00,0.00,0.00,0.00,0.00
,Maximum of Months,0.00,0.00,0.00,0.00,0.00,0.00,0.00


----------------------------------------------------------------------------------------------------
REPORT:,WindowEnergyZoneSummaryMonthly
FOR:,MIDFLOOR_PLENUM
Custom Monthly Report

,,ZONE WINDOWS TOTAL HEAT GAIN ENERGY [J],ZONE WINDOWS TOTAL HEAT LOSS ENERGY [J],ENCLOSURE WINDOWS TOTAL TRANSMITTED SOLAR RADIATION ENERGY [J],ENCLOSURE EXTERIOR WINDOWS TOTAL TRANSMITTED BEAM SOLAR RADIATION ENERGY [J],ENCLOSURE EXTERIOR WINDOWS TOTAL TRANSMITTED DIFFUSE SOLAR RADIATION ENERGY [J],ENCLOSURE INTERIOR WINDOWS TOTAL TRANSMITTED DIFFUSE SOLAR RADIATION ENERGY [J],ENCLOSURE INTERIOR WINDOWS TOTAL TRANSMITTED BEAM SOLAR RADIATION ENERGY [J]
,January,0.00,0.00,0.00,0.00,0.00,0.00,0.00
,February,-,-,-,-,-,-,-
,March,-,-,-,-,-,-,-
,April,0.00,0.00,0.00,0.00,0.00,0.00,0.00
,May,-,-,-,-,-,-,-
,June,-,-,-,-,-,-,-
,July,0.00,0.00,0.00,0.00,0.00,0.00,0.00
,August,-,-,-,-,-,-,-
,September,-,-,-,-,-,-,-
,October,-,-,-,-,-,-,-
,November,-,-,-,-,-,-,-
,December,-,-,-,-,-,-,-
,,,,,,,,
,Annual Sum or Average,0.00,0.00,0.00,0.00,0.00,0.00,0.00
,Minimum of Months,0.00,0.00,0.00,0.00,0.00,0.00,0.00
,Maximum of Months,0.00,0.00,0.00,0.00,0.00,0.00,0.00


----------------------------------------------------------------------------------------------------
REPORT:,WindowEnergyZoneSummaryMonthly
FOR:,FIRSTFLOOR_PLENUM
Custom Monthly Report

,,ZONE WINDOWS TOTAL HEAT GAIN ENERGY [J],ZONE WINDOWS TOTAL HEAT LOSS ENERGY [J],ENCLOSURE WINDOWS TOTAL TRANSMITTED SOLAR RADIATION ENERGY [J],ENCLOSURE EXTERIOR WINDOWS TOTAL TRANSMITTED BEAM SOLAR RADIATION ENERGY [J],ENCLOSURE EXTERIOR WINDOWS TOTAL TRANSMITTED DIFFUSE SOLAR RADIATION ENERGY [J],ENCLOSURE INTERIOR WINDOWS TOTAL TRANSMITTED DIFFUSE SOLAR RADIATION ENERGY [J],ENCLOSURE INTERIOR WINDOWS TOTAL TRANSMITTED BEAM SOLAR RADIATION ENERGY [J]
,January,0.00,0.00,0.00,0.00,0.00,0.00,0.00
,February,-,-,-,-,-,-,-
,March,-,-,-,-,-,-,-
,April,0.00,0.00,0.00,0.00,0.00,0.00,0.00
,May,-,-,-,-,-,-,-
,June,-,-,-,-,-,-,-
,July,0.00,0.00,0.00,0.00,0.00,0.00,0.00
,August,-,-,-,-,-,-,-
,September,-,-,-,-,-,-,-
,October,-,-,-,-,-,-,-
,November,-,-,-,-,-,-,-
,December,-,-,-,-,-,-,-
,,,,,,,,
,Annual Sum or Average,0.00,0.00,0.00,0.00,0.00,0.00,0.00
,Minimum of Months,0.00,0.00,0.00,0.00,0.00,0.00,0.00
,Maximum of Months,0.00,0.00,0.00,0.00,0.00,0.00,0.00


----------------------------------------------------------------------------------------------------
REPORT:,WindowEnergyZoneSummaryMonthly
FOR:,CORE_MID
Custom Monthly Report

,,ZONE WINDOWS TOTAL HEAT GAIN ENERGY [J],ZONE WINDOWS TOTAL HEAT LOSS ENERGY [J],ENCLOSURE WINDOWS TOTAL TRANSMITTED SOLAR RADIATION ENERGY [J],ENCLOSURE EXTERIOR WINDOWS TOTAL TRANSMITTED BEAM SOLAR RADIATION ENERGY [J],ENCLOSURE EXTERIOR WINDOWS TOTAL TRANSMITTED DIFFUSE SOLAR RADIATION ENERGY [J],ENCLOSURE INTERIOR WINDOWS TOTAL TRANSMITTED DIFFUSE SOLAR RADIATION ENERGY [J],ENCLOSURE INTERIOR WINDOWS TOTAL TRANSMITTED BEAM SOLAR RADIATION ENERGY [J]
,January,0.00,0.00,0.00,0.00,0.00,0.00,0.00
,February,-,-,-,-,-,-,-
,March,-,-,-,-,-,-,-
,April,0.00,0.00,0.00,0.00,0.00,0.00,0.00
,May,-,-,-,-,-,-,-
,June,-,-,-,-,-,-,-
,July,0.00,0.00,0.00,0.00,0.00,0.00,0.00
,August,-,-,-,-,-,-,-
,September,-,-,-,-,-,-,-
,October,-,-,-,-,-,-,-
,November,-,-,-,-,-,-,-
,December,-,-,-,-,-,-,-
,,,,,,,,
,Annual Sum or Average,0.00,0.00,0.00,0.00,0.00,0.00,0.00
,Minimum of Months,0.00,0.00,0.00,0.00,0.00,0.00,0.00
,Maximum of Months,0.00,0.00,0.00,0.00,0.00,0.00,0.00


----------------------------------------------------------------------------------------------------
REPORT:,WindowEnergyZoneSummaryMonthly
FOR:,CORE_TOP
Custom Monthly Report

,,ZONE WINDOWS TOTAL HEAT GAIN ENERGY [J],ZONE WINDOWS TOTAL HEAT LOSS ENERGY [J],ENCLOSURE WINDOWS TOTAL TRANSMITTED SOLAR RADIATION ENERGY [J],ENCLOSURE EXTERIOR WINDOWS TOTAL TRANSMITTED BEAM SOLAR RADIATION ENERGY [J],ENCLOSURE EXTERIOR WINDOWS TOTAL TRANSMITTED DIFFUSE SOLAR RADIATION ENERGY [J],ENCLOSURE INTERIOR WINDOWS TOTAL TRANSMITTED DIFFUSE SOLAR RADIATION ENERGY [J],ENCLOSURE INTERIOR WINDOWS TOTAL TRANSMITTED BEAM SOLAR RADIATION ENERGY [J]
,January,0.00,0.00,0.00,0.00,0.00,0.00,0.00
,February,-,-,-,-,-,-,-
,March,-,-,-,-,-,-,-
,April,0.00,0.00,0.00,0.00,0.00,0.00,0.00
,May,-,-,-,-,-,-,-
,June,-,-,-,-,-,-,-
,July,0.00,0.00,0.00,0.00,0.00,0.00,0.00
,August,-,-,-,-,-,-,-
,September,-,-,-,-,-,-,-
,October,-,-,-,-,-,-,-
,November,-,-,-,-,-,-,-
,December,-,-,-,-,-,-,-
,,,,,,,,
,Annual Sum or Average,0.00,0.00,0.00,0.00,0.00,0.00,0.00
,Minimum of Months,0.00,0.00,0.00,0.00,0.00,0.00,0.00
,Maximum of Months,0.00,0.00,0.00,0.00,0.00,0.00,0.00


----------------------------------------------------------------------------------------------------
REPORT:,WindowEnergyZoneSummaryMonthly
FOR:,PERIMETER_TOP_ZN_3
Custom Monthly Report

,,ZONE WINDOWS TOTAL HEAT GAIN ENERGY [J],ZONE WINDOWS TOTAL HEAT LOSS ENERGY [J],ENCLOSURE WINDOWS TOTAL TRANSMITTED SOLAR RADIATION ENERGY [J],ENCLOSURE EXTERIOR WINDOWS TOTAL TRANSMITTED BEAM SOLAR RADIATION ENERGY [J],ENCLOSURE EXTERIOR WINDOWS TOTAL TRANSMITTED DIFFUSE SOLAR RADIATION ENERGY [J],ENCLOSURE INTERIOR WINDOWS TOTAL TRANSMITTED DIFFUSE SOLAR RADIATION ENERGY [J],ENCLOSURE INTERIOR WINDOWS TOTAL TRANSMITTED BEAM SOLAR RADIATION ENERGY [J]
,January,2.486421E+09,1.371936E+09,2.027493E+09,0.00,2.027493E+09,0.00,0.00
,February,-,-,-,-,-,-,-
,March,-,-,-,-,-,-,-
,April,4.022954E+09,4.528553E+08,2.511635E+09,18641342.84,2.492993E+09,0.00,0.00
,May,-,-,-,-,-,-,-
,June,-,-,-,-,-,-,-
,July,5.104498E+09,8.102728E+08,3.633874E+09,3.726424E+08,3.261231E+09,0.00,0.00
,August,-,-,-,-,-,-,-
,September,-,-,-,-,-,-,-
,October,-,-,-,-,-,-,-
,November,-,-,-,-,-,-,-
,December,-,-,-,-,-,-,-
,,,,,,,,
,Annual Sum or Average,1.161387E+10,2.635064E+09,8.173001E+09,3.912837E+08,7.781717E+09,0.00,0.00
,Minimum of Months,2.486421E+09,4.528553E+08,2.027493E+09,0.00,2.027493E+09,0.00,0.00
,Maximum of Months,5.104498E+09,1.371936E+09,3.633874E+09,3.726424E+08,3.261231E+09,0.00,0.00


----------------------------------------------------------------------------------------------------
REPORT:,WindowEnergyZoneSummaryMonthly
FOR:,PERIMETER_TOP_ZN_2
Custom Monthly Report

,,ZONE WINDOWS TOTAL HEAT GAIN ENERGY [J],ZONE WINDOWS TOTAL HEAT LOSS ENERGY [J],ENCLOSURE WINDOWS TOTAL TRANSMITTED SOLAR RADIATION ENERGY [J],ENCLOSURE EXTERIOR WINDOWS TOTAL TRANSMITTED BEAM SOLAR RADIATION ENERGY [J],ENCLOSURE EXTERIOR WINDOWS TOTAL TRANSMITTED DIFFUSE SOLAR RADIATION ENERGY [J],ENCLOSURE INTERIOR WINDOWS TOTAL TRANSMITTED DIFFUSE SOLAR RADIATION ENERGY [J],ENCLOSURE INTERIOR WINDOWS TOTAL TRANSMITTED BEAM SOLAR RADIATION ENERGY [J]
,January,3.792964E+09,9.174325E+08,2.869384E+09,1.269473E+09,1.599911E+09,0.00,0.00
,February,-,-,-,-,-,-,-
,March,-,-,-,-,-,-,-
,April,5.442409E+09,3.066139E+08,3.625346E+09,1.654998E+09,1.970347E+09,0.00,0.00
,May,-,-,-,-,-,-,-
,June,-,-,-,-,-,-,-
,July,4.068537E+09,5.432180E+08,3.001287E+09,8.485722E+08,2.152715E+09,0.00,0.00
,August,-,-,-,-,-,-,-
,September,-,-,-,-,-,-,-
,October,-,-,-,-,-,-,-
,November,-,-,-,-,-,-,-
,December,-,-,-,-,-,-,-
,,,,,,,,
,Annual Sum or Average,1.330391E+10,1.767264E+09,9.496017E+09,3.773043E+09,5.722973E+09,0.00,0.00
,Minimum of Months,3.792964E+09,3.066139E+08,2.869384E+09,8.485722E+08,1.599911E+09,0.00,0.00
,Maximum of Months,5.442409E+09,9.174325E+08,3.625346E+09,1.654998E+09,2.152715E+09,0.00,0.00


----------------------------------------------------------------------------------------------------
REPORT:,WindowEnergyZoneSummaryMonthly
FOR:,PERIMETER_TOP_ZN_1
Custom Monthly Report

,,ZONE WINDOWS TOTAL HEAT GAIN ENERGY [J],ZONE WINDOWS TOTAL HEAT LOSS ENERGY [J],ENCLOSURE WINDOWS TOTAL TRANSMITTED SOLAR RADIATION ENERGY [J],ENCLOSURE EXTERIOR WINDOWS TOTAL TRANSMITTED BEAM SOLAR RADIATION ENERGY [J],ENCLOSURE EXTERIOR WINDOWS TOTAL TRANSMITTED DIFFUSE SOLAR RADIATION ENERGY [J],ENCLOSURE INTERIOR WINDOWS TOTAL TRANSMITTED DIFFUSE SOLAR RADIATION ENERGY [J],ENCLOSURE INTERIOR WINDOWS TOTAL TRANSMITTED BEAM SOLAR RADIATION ENERGY [J]
,January,9.781274E+09,1.427375E+09,7.121648E+09,4.002880E+09,3.118768E+09,0.00,0.00
,February,-,-,-,-,-,-,-
,March,-,-,-,-,-,-,-
,April,4.041251E+09,4.560856E+08,2.518485E+09,17986878.53,2.500498E+09,0.00,0.00
,May,-,-,-,-,-,-,-
,June,-,-,-,-,-,-,-
,July,3.523641E+09,8.108316E+08,2.690328E+09,0.00,2.690328E+09,0.00,0.00
,August,-,-,-,-,-,-,-
,September,-,-,-,-,-,-,-
,October,-,-,-,-,-,-,-
,November,-,-,-,-,-,-,-
,December,-,-,-,-,-,-,-
,,,,,,,,
,Annual Sum or Average,1.734617E+10,2.694292E+09,1.233046E+10,4.020867E+09,8.309594E+09,0.00,0.00
,Minimum of Months,3.523641E+09,4.560856E+08,2.518485E+09,0.00,2.500498E+09,0.00,0.00
,Maximum of Months,9.781274E+09,1.427375E+09,7.121648E+09,4.002880E+09,3.118768E+09,0.00,0.00


----------------------------------------------------------------------------------------------------
REPORT:,WindowEnergyZoneSummaryMonthly
FOR:,PERIMETER_TOP_ZN_4
Custom Monthly Report

,,ZONE WINDOWS TOTAL HEAT GAIN ENERGY [J],ZONE WINDOWS TOTAL HEAT LOSS ENERGY [J],ENCLOSURE WINDOWS TOTAL TRANSMITTED SOLAR RADIATION ENERGY [J],ENCLOSURE EXTERIOR WINDOWS TOTAL TRANSMITTED BEAM SOLAR RADIATION ENERGY [J],ENCLOSURE EXTERIOR WINDOWS TOTAL TRANSMITTED DIFFUSE SOLAR RADIATION ENERGY [J],ENCLOSURE INTERIOR WINDOWS TOTAL TRANSMITTED DIFFUSE SOLAR RADIATION ENERGY [J],ENCLOSURE INTERIOR WINDOWS TOTAL TRANSMITTED BEAM SOLAR RADIATION ENERGY [J]
,January,3.590188E+09,9.483423E+08,2.694638E+09,8.708489E+08,1.823789E+09,0.00,0.00
,February,-,-,-,-,-,-,-
,March,-,-,-,-,-,-,-
,April,5.229570E+09,3.318876E+08,3.481691E+09,1.258474E+09,2.223217E+09,0.00,0.00
,May,-,-,-,-,-,-,-
,June,-,-,-,-,-,-,-
,July,4.135922E+09,5.562840E+08,3.067208E+09,7.218363E+08,2.345372E+09,0.00,0.00
,August,-,-,-,-,-,-,-
,September,-,-,-,-,-,-,-
,October,-,-,-,-,-,-,-
,November,-,-,-,-,-,-,-
,December,-,-,-,-,-,-,-
,,,,,,,,
,Annual Sum or Average,1.295568E+10,1.836514E+09,9.243537E+09,2.851159E+09,6.392378E+09,0.00,0.00
,Minimum of Months,3.590188E+09,3.318876E+08,2.694638E+09,7.218363E+08,1.823789E+09,0.00,0.00
,Maximum of Months,5.229570E+09,9.483423E+08,3.481691E+09,1.258474E+09,2.345372E+09,0.00,0.00


----------------------------------------------------------------------------------------------------
REPORT:,WindowEnergyZoneSummaryMonthly
FOR:,PERIMETER_BOT_ZN_3
Custom Monthly Report

,,ZONE WINDOWS TOTAL HEAT GAIN ENERGY [J],ZONE WINDOWS TOTAL HEAT LOSS ENERGY [J],ENCLOSURE WINDOWS TOTAL TRANSMITTED SOLAR RADIATION ENERGY [J],ENCLOSURE EXTERIOR WINDOWS TOTAL TRANSMITTED BEAM SOLAR RADIATION ENERGY [J],ENCLOSURE EXTERIOR WINDOWS TOTAL TRANSMITTED DIFFUSE SOLAR RADIATION ENERGY [J],ENCLOSURE INTERIOR WINDOWS TOTAL TRANSMITTED DIFFUSE SOLAR RADIATION ENERGY [J],ENCLOSURE INTERIOR WINDOWS TOTAL TRANSMITTED BEAM SOLAR RADIATION ENERGY [J]
,January,2.554704E+09,1.309779E+09,2.027454E+09,0.00,2.027454E+09,0.00,0.00
,February,-,-,-,-,-,-,-
,March,-,-,-,-,-,-,-
,April,4.117717E+09,3.741206E+08,2.511587E+09,18640794.92,2.492946E+09,0.00,0.00
,May,-,-,-,-,-,-,-
,June,-,-,-,-,-,-,-
,July,5.181043E+09,7.762221E+08,3.633790E+09,3.726314E+08,3.261159E+09,0.00,0.00
,August,-,-,-,-,-,-,-
,September,-,-,-,-,-,-,-
,October,-,-,-,-,-,-,-
,November,-,-,-,-,-,-,-
,December,-,-,-,-,-,-,-
,,,,,,,,
,Annual Sum or Average,1.185346E+10,2.460122E+09,8.172831E+09,3.912722E+08,7.781559E+09,0.00,0.00
,Minimum of Months,2.554704E+09,3.741206E+08,2.027454E+09,0.00,2.027454E+09,0.00,0.00
,Maximum of Months,5.181043E+09,1.309779E+09,3.633790E+09,3.726314E+08,3.261159E+09,0.00,0.00


----------------------------------------------------------------------------------------------------
REPORT:,WindowEnergyZoneSummaryMonthly
FOR:,PERIMETER_BOT_ZN_2
Custom Monthly Report

,,ZONE WINDOWS TOTAL HEAT GAIN ENERGY [J],ZONE WINDOWS TOTAL HEAT LOSS ENERGY [J],ENCLOSURE WINDOWS TOTAL TRANSMITTED SOLAR RADIATION ENERGY [J],ENCLOSURE EXTERIOR WINDOWS TOTAL TRANSMITTED BEAM SOLAR RADIATION ENERGY [J],ENCLOSURE EXTERIOR WINDOWS TOTAL TRANSMITTED DIFFUSE SOLAR RADIATION ENERGY [J],ENCLOSURE INTERIOR WINDOWS TOTAL TRANSMITTED DIFFUSE SOLAR RADIATION ENERGY [J],ENCLOSURE INTERIOR WINDOWS TOTAL TRANSMITTED BEAM SOLAR RADIATION ENERGY [J]
,January,3.837628E+09,9.193599E+08,2.869342E+09,1.269448E+09,1.599894E+09,0.00,0.00
,February,-,-,-,-,-,-,-
,March,-,-,-,-,-,-,-
,April,5.492660E+09,2.860867E+08,3.625292E+09,1.654966E+09,1.970326E+09,0.00,0.00
,May,-,-,-,-,-,-,-
,June,-,-,-,-,-,-,-
,July,4.113326E+09,5.297749E+08,3.001244E+09,8.485556E+08,2.152688E+09,0.00,0.00
,August,-,-,-,-,-,-,-
,September,-,-,-,-,-,-,-
,October,-,-,-,-,-,-,-
,November,-,-,-,-,-,-,-
,December,-,-,-,-,-,-,-
,,,,,,,,
,Annual Sum or Average,1.344361E+10,1.735221E+09,9.495878E+09,3.772970E+09,5.722908E+09,0.00,0.00
,Minimum of Months,3.837628E+09,2.860867E+08,2.869342E+09,8.485556E+08,1.599894E+09,0.00,0.00
,Maximum of Months,5.492660E+09,9.193599E+08,3.625292E+09,1.654966E+09,2.152688E+09,0.00,0.00


----------------------------------------------------------------------------------------------------
REPORT:,WindowEnergyZoneSummaryMonthly
FOR:,PERIMETER_BOT_ZN_1
Custom Monthly Report

,,ZONE WINDOWS TOTAL HEAT GAIN ENERGY [J],ZONE WINDOWS TOTAL HEAT LOSS ENERGY [J],ENCLOSURE WINDOWS TOTAL TRANSMITTED SOLAR RADIATION ENERGY [J],ENCLOSURE EXTERIOR WINDOWS TOTAL TRANSMITTED BEAM SOLAR RADIATION ENERGY [J],ENCLOSURE EXTERIOR WINDOWS TOTAL TRANSMITTED DIFFUSE SOLAR RADIATION ENERGY [J],ENCLOSURE INTERIOR WINDOWS TOTAL TRANSMITTED DIFFUSE SOLAR RADIATION ENERGY [J],ENCLOSURE INTERIOR WINDOWS TOTAL TRANSMITTED BEAM SOLAR RADIATION ENERGY [J]
,January,9.840981E+09,1.497097E+09,7.121383E+09,4.002714E+09,3.118669E+09,0.00,0.00
,February,-,-,-,-,-,-,-
,March,-,-,-,-,-,-,-
,April,4.113902E+09,3.865593E+08,2.518420E+09,17986132.12,2.500434E+09,0.00,0.00
,May,-,-,-,-,-,-,-
,June,-,-,-,-,-,-,-
,July,3.598350E+09,7.540083E+08,2.690251E+09,0.00,2.690251E+09,0.00,0.00
,August,-,-,-,-,-,-,-
,September,-,-,-,-,-,-,-
,October,-,-,-,-,-,-,-
,November,-,-,-,-,-,-,-
,December,-,-,-,-,-,-,-
,,,,,,,,
,Annual Sum or Average,1.755323E+10,2.637664E+09,1.233005E+10,4.020700E+09,8.309355E+09,0.00,0.00
,Minimum of Months,3.598350E+09,3.865593E+08,2.518420E+09,0.00,2.500434E+09,0.00,0.00
,Maximum of Months,9.840981E+09,1.497097E+09,7.121383E+09,4.002714E+09,3.118669E+09,0.00,0.00


----------------------------------------------------------------------------------------------------
REPORT:,WindowEnergyZoneSummaryMonthly
FOR:,PERIMETER_BOT_ZN_4
Custom Monthly Report

,,ZONE WINDOWS TOTAL HEAT GAIN ENERGY [J],ZONE WINDOWS TOTAL HEAT LOSS ENERGY [J],ENCLOSURE WINDOWS TOTAL TRANSMITTED SOLAR RADIATION ENERGY [J],ENCLOSURE EXTERIOR WINDOWS TOTAL TRANSMITTED BEAM SOLAR RADIATION ENERGY [J],ENCLOSURE EXTERIOR WINDOWS TOTAL TRANSMITTED DIFFUSE SOLAR RADIATION ENERGY [J],ENCLOSURE INTERIOR WINDOWS TOTAL TRANSMITTED DIFFUSE SOLAR RADIATION ENERGY [J],ENCLOSURE INTERIOR WINDOWS TOTAL TRANSMITTED BEAM SOLAR RADIATION ENERGY [J]
,January,3.627209E+09,9.486079E+08,2.694606E+09,8.708346E+08,1.823771E+09,0.00,0.00
,February,-,-,-,-,-,-,-
,March,-,-,-,-,-,-,-
,April,5.278199E+09,3.114295E+08,3.481649E+09,1.258453E+09,2.223196E+09,0.00,0.00
,May,-,-,-,-,-,-,-
,June,-,-,-,-,-,-,-
,July,4.186695E+09,5.445953E+08,3.067171E+09,7.218245E+08,2.345347E+09,0.00,0.00
,August,-,-,-,-,-,-,-
,September,-,-,-,-,-,-,-
,October,-,-,-,-,-,-,-
,November,-,-,-,-,-,-,-
,December,-,-,-,-,-,-,-
,,,,,,,,
,Annual Sum or Average,1.309210E+10,1.804633E+09,9.243426E+09,2.851112E+09,6.392314E+09,0.00,0.00
,Minimum of Months,3.627209E+09,3.114295E+08,2.694606E+09,7.218245E+08,1.823771E+09,0.00,0.00
,Maximum of Months,5.278199E+09,9.486079E+08,3.481649E+09,1.258453E+09,2.345347E+09,0.00,0.00


----------------------------------------------------------------------------------------------------
REPORT:,WindowEnergyZoneSummaryMonthly
FOR:,PERIMETER_MID_ZN_3
Custom Monthly Report

,,ZONE WINDOWS TOTAL HEAT GAIN ENERGY [J],ZONE WINDOWS TOTAL HEAT LOSS ENERGY [J],ENCLOSURE WINDOWS TOTAL TRANSMITTED SOLAR RADIATION ENERGY [J],ENCLOSURE EXTERIOR WINDOWS TOTAL TRANSMITTED BEAM SOLAR RADIATION ENERGY [J],ENCLOSURE EXTERIOR WINDOWS TOTAL TRANSMITTED DIFFUSE SOLAR RADIATION ENERGY [J],ENCLOSURE INTERIOR WINDOWS TOTAL TRANSMITTED DIFFUSE SOLAR RADIATION ENERGY [J],ENCLOSURE INTERIOR WINDOWS TOTAL TRANSMITTED BEAM SOLAR RADIATION ENERGY [J]
,January,2.492344E+09,1.413302E+09,2.027493E+09,0.00,2.027493E+09,0.00,0.00
,February,-,-,-,-,-,-,-
,March,-,-,-,-,-,-,-
,April,4.048570E+09,4.540630E+08,2.511635E+09,18641342.84,2.492993E+09,0.00,0.00
,May,-,-,-,-,-,-,-
,June,-,-,-,-,-,-,-
,July,5.123142E+09,8.266485E+08,3.633874E+09,3.726424E+08,3.261231E+09,0.00,0.00
,August,-,-,-,-,-,-,-
,September,-,-,-,-,-,-,-
,October,-,-,-,-,-,-,-
,November,-,-,-,-,-,-,-
,December,-,-,-,-,-,-,-
,,,,,,,,
,Annual Sum or Average,1.166406E+10,2.694014E+09,8.173001E+09,3.912837E+08,7.781717E+09,0.00,0.00
,Minimum of Months,2.492344E+09,4.540630E+08,2.027493E+09,0.00,2.027493E+09,0.00,0.00
,Maximum of Months,5.123142E+09,1.413302E+09,3.633874E+09,3.726424E+08,3.261231E+09,0.00,0.00


----------------------------------------------------------------------------------------------------
REPORT:,WindowEnergyZoneSummaryMonthly
FOR:,PERIMETER_MID_ZN_2
Custom Monthly Report

,,ZONE WINDOWS TOTAL HEAT GAIN ENERGY [J],ZONE WINDOWS TOTAL HEAT LOSS ENERGY [J],ENCLOSURE WINDOWS TOTAL TRANSMITTED SOLAR RADIATION ENERGY [J],ENCLOSURE EXTERIOR WINDOWS TOTAL TRANSMITTED BEAM SOLAR RADIATION ENERGY [J],ENCLOSURE EXTERIOR WINDOWS TOTAL TRANSMITTED DIFFUSE SOLAR RADIATION ENERGY [J],ENCLOSURE INTERIOR WINDOWS TOTAL TRANSMITTED DIFFUSE SOLAR RADIATION ENERGY [J],ENCLOSURE INTERIOR WINDOWS TOTAL TRANSMITTED BEAM SOLAR RADIATION ENERGY [J]
,January,3.790253E+09,9.448103E+08,2.869384E+09,1.269473E+09,1.599911E+09,0.00,0.00
,February,-,-,-,-,-,-,-
,March,-,-,-,-,-,-,-
,April,5.449733E+09,3.096261E+08,3.625346E+09,1.654998E+09,1.970347E+09,0.00,0.00
,May,-,-,-,-,-,-,-
,June,-,-,-,-,-,-,-
,July,4.070397E+09,5.545412E+08,3.001287E+09,8.485722E+08,2.152715E+09,0.00,0.00
,August,-,-,-,-,-,-,-
,September,-,-,-,-,-,-,-
,October,-,-,-,-,-,-,-
,November,-,-,-,-,-,-,-
,December,-,-,-,-,-,-,-
,,,,,,,,
,Annual Sum or Average,1.331038E+10,1.808978E+09,9.496017E+09,3.773043E+09,5.722973E+09,0.00,0.00
,Minimum of Months,3.790253E+09,3.096261E+08,2.869384E+09,8.485722E+08,1.599911E+09,0.00,0.00
,Maximum of Months,5.449733E+09,9.448103E+08,3.625346E+09,1.654998E+09,2.152715E+09,0.00,0.00


----------------------------------------------------------------------------------------------------
REPORT:,WindowEnergyZoneSummaryMonthly
FOR:,PERIMETER_MID_ZN_1
Custom Monthly Report

,,ZONE WINDOWS TOTAL HEAT GAIN ENERGY [J],ZONE WINDOWS TOTAL HEAT LOSS ENERGY [J],ENCLOSURE WINDOWS TOTAL TRANSMITTED SOLAR RADIATION ENERGY [J],ENCLOSURE EXTERIOR WINDOWS TOTAL TRANSMITTED BEAM SOLAR RADIATION ENERGY [J],ENCLOSURE EXTERIOR WINDOWS TOTAL TRANSMITTED DIFFUSE SOLAR RADIATION ENERGY [J],ENCLOSURE INTERIOR WINDOWS TOTAL TRANSMITTED DIFFUSE SOLAR RADIATION ENERGY [J],ENCLOSURE INTERIOR WINDOWS TOTAL TRANSMITTED BEAM SOLAR RADIATION ENERGY [J]
,January,9.774270E+09,1.471343E+09,7.121648E+09,4.002880E+09,3.118768E+09,0.00,0.00
,February,-,-,-,-,-,-,-
,March,-,-,-,-,-,-,-
,April,4.065454E+09,4.585175E+08,2.518485E+09,17986878.53,2.500498E+09,0.00,0.00
,May,-,-,-,-,-,-,-
,June,-,-,-,-,-,-,-
,July,3.539724E+09,8.270168E+08,2.690328E+09,0.00,2.690328E+09,0.00,0.00
,August,-,-,-,-,-,-,-
,September,-,-,-,-,-,-,-
,October,-,-,-,-,-,-,-
,November,-,-,-,-,-,-,-
,December,-,-,-,-,-,-,-
,,,,,,,,
,Annual Sum or Average,1.737945E+10,2.756877E+09,1.233046E+10,4.020867E+09,8.309594E+09,0.00,0.00
,Minimum of Months,3.539724E+09,4.585175E+08,2.518485E+09,0.00,2.500498E+09,0.00,0.00
,Maximum of Months,9.774270E+09,1.471343E+09,7.121648E+09,4.002880E+09,3.118768E+09,0.00,0.00


----------------------------------------------------------------------------------------------------
REPORT:,WindowEnergyZoneSummaryMonthly
FOR:,PERIMETER_MID_ZN_4
Custom Monthly Report

,,ZONE WINDOWS TOTAL HEAT GAIN ENERGY [J],ZONE WINDOWS TOTAL HEAT LOSS ENERGY [J],ENCLOSURE WINDOWS TOTAL TRANSMITTED SOLAR RADIATION ENERGY [J],ENCLOSURE EXTERIOR WINDOWS TOTAL TRANSMITTED BEAM SOLAR RADIATION ENERGY [J],ENCLOSURE EXTERIOR WINDOWS TOTAL TRANSMITTED DIFFUSE SOLAR RADIATION ENERGY [J],ENCLOSURE INTERIOR WINDOWS TOTAL TRANSMITTED DIFFUSE SOLAR RADIATION ENERGY [J],ENCLOSURE INTERIOR WINDOWS TOTAL TRANSMITTED BEAM SOLAR RADIATION ENERGY [J]
,January,3.594288E+09,9.760167E+08,2.694638E+09,8.708489E+08,1.823789E+09,0.00,0.00
,February,-,-,-,-,-,-,-
,March,-,-,-,-,-,-,-
,April,5.245469E+09,3.342755E+08,3.481691E+09,1.258474E+09,2.223217E+09,0.00,0.00
,May,-,-,-,-,-,-,-
,June,-,-,-,-,-,-,-
,July,4.149136E+09,5.683856E+08,3.067208E+09,7.218363E+08,2.345372E+09,0.00,0.00
,August,-,-,-,-,-,-,-
,September,-,-,-,-,-,-,-
,October,-,-,-,-,-,-,-
,November,-,-,-,-,-,-,-
,December,-,-,-,-,-,-,-
,,,,,,,,
,Annual Sum or Average,1.298889E+10,1.878678E+09,9.243537E+09,2.851159E+09,6.392378E+09,0.00,0.00
,Minimum of Months,3.594288E+09,3.342755E+08,2.694638E+09,7.218363E+08,1.823789E+09,0.00,0.00
,Maximum of Months,5.245469E+09,9.760167E+08,3.481691E+09,1.258474E+09,2.345372E+09,0.00,0.00


----------------------------------------------------------------------------------------------------
REPORT:,AverageOutdoorConditionsMonthly
FOR:,Environment
Custom Monthly Report

,,SITE OUTDOOR AIR DRYBULB TEMPERATURE [C],SITE OUTDOOR AIR WETBULB TEMPERATURE [C],SITE OUTDOOR AIR DEWPOINT TEMPERATURE [C],SITE WIND SPEED [m/s],SITE SKY TEMPERATURE [C],SITE DIFFUSE SOLAR RADIATION RATE PER AREA [W/m2],SITE DIRECT SOLAR RADIATION RATE PER AREA [W/m2],SITE RAIN STATUS []
,January,20.82,16.23,13.29,2.50,10.75,72.54,191.95,0.00
,February,-,-,-,-,-,-,-,-
,March,-,-,-,-,-,-,-,-
,April,27.58,19.31,14.56,1.13,17.71,97.75,216.43,0.00
,May,-,-,-,-,-,-,-,-
,June,-,-,-,-,-,-,-,-
,July,23.37,19.90,18.23,3.01,14.37,123.43,130.37,0.00
,August,-,-,-,-,-,-,-,-
,September,-,-,-,-,-,-,-,-
,October,-,-,-,-,-,-,-,-
,November,-,-,-,-,-,-,-,-
,December,-,-,-,-,-,-,-,-
,,,,,,,,,
,Annual Sum or Average,23.88,18.47,15.37,2.22,14.24,97.91,179.18,0.00
,Minimum of Months,20.82,16.23,13.29,1.13,10.75,72.54,130.37,0.00
,Maximum of Months,27.58,19.90,18.23,3.01,17.71,123.43,216.43,0.00


----------------------------------------------------------------------------------------------------
REPORT:,OutdoorConditionsMaximumDryBulbMonthly
FOR:,Environment
Custom Monthly Report

,,SITE OUTDOOR AIR DRYBULB TEMPERATURE {Maximum} [C],SITE OUTDOOR AIR DRYBULB TEMPERATURE {TIMESTAMP},SITE OUTDOOR AIR WETBULB TEMPERATURE {AT MAX/MIN} [C],SITE OUTDOOR AIR DEWPOINT TEMPERATURE {AT MAX/MIN} [C],SITE WIND SPEED {AT MAX/MIN} [m/s],SITE SKY TEMPERATURE {AT MAX/MIN} [C],SITE DIFFUSE SOLAR RADIATION RATE PER AREA {AT MAX/MIN} [W/m2],SITE DIRECT SOLAR RADIATION RATE PER AREA {AT MAX/MIN} [W/m2]
,January,29.00,31-JAN-13:15,14.59,2.40,3.90,18.82,197.00,703.00
,February,-,-,-,-,-,-,-,-
,March,-,-,-,-,-,-,-,-
,April,36.60,28-APR-13:15,22.87,16.90,0.00,27.79,371.00,405.00
,May,-,-,-,-,-,-,-,-
,June,-,-,-,-,-,-,-,-
,July,30.90,06-JUL-14:15,20.09,14.30,4.70,22.47,269.00,549.50
,August,-,-,-,-,-,-,-,-
,September,-,-,-,-,-,-,-,-
,October,-,-,-,-,-,-,-,-
,November,-,-,-,-,-,-,-,-
,December,-,-,-,-,-,-,-,-
,,,,,,,,,
,Annual Sum or Average,,,,,,,,
,Minimum of Months,29.00,,14.59,2.40,0.00,18.82,197.00,405.00
,Maximum of Months,36.60,,22.87,16.90,4.70,27.79,371.00,703.00


----------------------------------------------------------------------------------------------------
REPORT:,OutdoorConditionsMinimumDryBulbMonthly
FOR:,Environment
Custom Monthly Report

,,SITE OUTDOOR AIR DRYBULB TEMPERATURE {MINIMUM} [C],SITE OUTDOOR AIR DRYBULB TEMPERATURE {TIMESTAMP},SITE OUTDOOR AIR WETBULB TEMPERATURE {AT MAX/MIN} [C],SITE OUTDOOR AIR DEWPOINT TEMPERATURE {AT MAX/MIN} [C],SITE WIND SPEED {AT MAX/MIN} [m/s],SITE SKY TEMPERATURE {AT MAX/MIN} [C],SITE DIFFUSE SOLAR RADIATION RATE PER AREA {AT MAX/MIN} [W/m2],SITE DIRECT SOLAR RADIATION RATE PER AREA {AT MAX/MIN} [W/m2]
,January,13.80,31-JAN-04:15,11.36,9.50,1.70,5.74,0.00,0.00
,February,-,-,-,-,-,-,-,-
,March,-,-,-,-,-,-,-,-
,April,20.40,04-APR-04:15,14.66,10.60,1.70,5.94,0.00,0.00
,May,-,-,-,-,-,-,-,-
,June,-,-,-,-,-,-,-,-
,July,18.20,12-JUL-03:15,17.22,16.60,2.30,8.15,0.00,0.00
,August,-,-,-,-,-,-,-,-
,September,-,-,-,-,-,-,-,-
,October,-,-,-,-,-,-,-,-
,November,-,-,-,-,-,-,-,-
,December,-,-,-,-,-,-,-,-
,,,,,,,,,
,Annual Sum or Average,,,,,,,,
,Minimum of Months,13.80,,11.36,9.50,1.70,5.74,0.00,0.00
,Maximum of Months,20.40,,17.22,16.60,2.30,8.15,0.00,0.00


----------------------------------------------------------------------------------------------------
REPORT:,OutdoorConditionsMaximumWetBulbMonthly
FOR:,Environment
Custom Monthly Report

,,SITE OUTDOOR AIR WETBULB TEMPERATURE {Maximum} [C],SITE OUTDOOR AIR WETBULB TEMPERATURE {TIMESTAMP},SITE OUTDOOR AIR DRYBULB TEMPERATURE {AT MAX/MIN} [C],SITE OUTDOOR AIR DEWPOINT TEMPERATURE {AT MAX/MIN} [C],SITE WIND SPEED {AT MAX/MIN} [m/s],SITE SKY TEMPERATURE {AT MAX/MIN} [C],SITE DIFFUSE SOLAR RADIATION RATE PER AREA {AT MAX/MIN} [W/m2],SITE DIRECT SOLAR RADIATION RATE PER AREA {AT MAX/MIN} [W/m2]
,January,20.55,12-JAN-13:00,27.30,17.32,0.00,18.55,268.25,527.50
,February,-,-,-,-,-,-,-,-
,March,-,-,-,-,-,-,-,-
,April,24.66,27-APR-02:15,25.30,24.40,0.70,15.02,0.00,0.00
,May,-,-,-,-,-,-,-,-
,June,-,-,-,-,-,-,-,-
,July,22.40,04-JUL-13:15,24.60,21.50,5.60,13.73,435.00,135.50
,August,-,-,-,-,-,-,-,-
,September,-,-,-,-,-,-,-,-
,October,-,-,-,-,-,-,-,-
,November,-,-,-,-,-,-,-,-
,December,-,-,-,-,-,-,-,-
,,,,,,,,,
,Annual Sum or Average,,,,,,,,
,Minimum of Months,20.55,,24.60,17.32,0.00,13.73,0.00,0.00
,Maximum of Months,24.66,,27.30,24.40,5.60,18.55,435.00,527.50


----------------------------------------------------------------------------------------------------
REPORT:,OutdoorConditionsMaximumDewPointMonthly
FOR:,Environment
Custom Monthly Report

,,SITE OUTDOOR AIR DEWPOINT TEMPERATURE {Maximum} [C],SITE OUTDOOR AIR DEWPOINT TEMPERATURE {TIMESTAMP},SITE OUTDOOR AIR DRYBULB TEMPERATURE {AT MAX/MIN} [C],SITE OUTDOOR AIR WETBULB TEMPERATURE {AT MAX/MIN} [C],SITE WIND SPEED {AT MAX/MIN} [m/s],SITE SKY TEMPERATURE {AT MAX/MIN} [C],SITE DIFFUSE SOLAR RADIATION RATE PER AREA {AT MAX/MIN} [W/m2],SITE DIRECT SOLAR RADIATION RATE PER AREA {AT MAX/MIN} [W/m2]
,January,18.80,12-JAN-22:15,21.20,19.55,3.90,12.03,0.00,0.00
,February,-,-,-,-,-,-,-,-
,March,-,-,-,-,-,-,-,-
,April,24.40,27-APR-02:15,25.30,24.66,0.70,15.02,0.00,0.00
,May,-,-,-,-,-,-,-,-
,June,-,-,-,-,-,-,-,-
,July,21.60,28-JUL-12:15,23.70,22.20,4.30,19.87,360.00,53.00
,August,-,-,-,-,-,-,-,-
,September,-,-,-,-,-,-,-,-
,October,-,-,-,-,-,-,-,-
,November,-,-,-,-,-,-,-,-
,December,-,-,-,-,-,-,-,-
,,,,,,,,,
,Annual Sum or Average,,,,,,,,
,Minimum of Months,18.80,,21.20,19.55,0.70,12.03,0.00,0.00
,Maximum of Months,24.40,,25.30,24.66,4.30,19.87,360.00,53.00


----------------------------------------------------------------------------------------------------
REPORT:,OutdoorGroundConditionsMonthly
FOR:,Environment
Custom Monthly Report

,,SITE GROUND TEMPERATURE [C],SITE SURFACE GROUND TEMPERATURE [C],SITE DEEP GROUND TEMPERATURE [C],SITE MAINS WATER TEMPERATURE [C],SITE GROUND REFLECTED SOLAR RADIATION RATE PER AREA [W/m2],SITE SNOW ON GROUND STATUS []
,January,18.00,13.00,16.00,8.52,40.48,0.00
,February,-,-,-,-,-,-
,March,-,-,-,-,-,-
,April,18.00,13.00,16.00,10.64,53.67,0.00
,May,-,-,-,-,-,-
,June,-,-,-,-,-,-
,July,18.00,13.00,16.00,17.97,45.63,0.00
,August,-,-,-,-,-,-
,September,-,-,-,-,-,-
,October,-,-,-,-,-,-
,November,-,-,-,-,-,-
,December,-,-,-,-,-,-
,,,,,,,
,Annual Sum or Average,18.00,13.00,16.00,12.40,46.52,0.00
,Minimum of Months,18.00,13.00,16.00,8.52,40.48,0.00
,Maximum of Months,18.00,13.00,16.00,17.97,53.67,0.00


----------------------------------------------------------------------------------------------------
REPORT:,WaterHeaterReportMonthly
FOR:,SHWSYS1 WATER HEATER
Custom Monthly Report

,,WATER HEATER TOTAL DEMAND HEAT TRANSFER ENERGY [J],WATER HEATER USE SIDE HEAT TRANSFER ENERGY [J],WATER HEATER BURNER HEATING ENERGY [],WATER HEATER GAS CONSUMPTION [],WATER HEATER TOTAL DEMAND HEAT TRANSFER ENERGY {HOURS NON-ZERO} [HOURS],WATER HEATER LOSS DEMAND ENERGY [],WATER HEATER HEAT LOSS ENERGY [J],WATER HEATER TANK TEMPERATURE [C],WATER HEATER HEAT RECOVERY SUPPLY ENERGY [],WATER HEATER SOURCE SIDE HEAT TRANSFER ENERGY [J]
,January,2.029772E+09,-5.066156E+09,0.00,0.00,744.00,0.00,-880569404.0,68.51,0.00,0.00
,February,-,-,-,-,-,-,-,-,-,-
,March,-,-,-,-,-,-,-,-,-,-
,April,1.893737E+09,-4.845005E+09,0.00,0.00,720.00,0.00,-845005870.5,68.12,0.00,0.00
,May,-,-,-,-,-,-,-,-,-,-
,June,-,-,-,-,-,-,-,-,-,-
,July,1.163566E+09,-4.228097E+09,0.00,0.00,744.00,0.00,-894477159.5,69.24,0.00,0.00
,August,-,-,-,-,-,-,-,-,-,-
,September,-,-,-,-,-,-,-,-,-,-
,October,-,-,-,-,-,-,-,-,-,-
,November,-,-,-,-,-,-,-,-,-,-
,December,-,-,-,-,-,-,-,-,-,-
,,,,,,,,,,,
,Annual Sum or Average,5.087076E+09,-1.413926E+10,0.00,0.00,2208.00,0.00,-2.620052E+09,68.63,0.00,0.00
,Minimum of Months,1.163566E+09,-5.066156E+09,0.00,0.00,720.00,0.00,-894477159.5,68.12,0.00,0.00
,Maximum of Months,2.029772E+09,-4.228097E+09,0.00,0.00,744.00,0.00,-845005870.5,69.24,0.00,0.00


----------------------------------------------------------------------------------------------------
REPORT:,DaylightingReportMonthly
FOR:,PERIMETER_BOT_ZN_1_DAYLCTRL
Custom Monthly Report

,,SITE EXTERIOR BEAM NORMAL ILLUMINANCE {HOURS NON-ZERO} [HOURS],DAYLIGHTING LIGHTING POWER MULTIPLIER {FOR HOURS SHOWN} [],DAYLIGHTING LIGHTING POWER MULTIPLIER {MIN FOR HOURS SHOWN} [],DAYLIGHTING LIGHTING POWER MULTIPLIER {TIMESTAMP},DAYLIGHTING REFERENCE POINT 1 ILLUMINANCE {FOR HOURS SHOWN} [lux],DAYLIGHTING REFERENCE POINT 1 GLARE INDEX {FOR HOURS SHOWN} [],DAYLIGHTING REFERENCE POINT 1 GLARE INDEX SETPOINT EXCEEDED TIME [hr],DAYLIGHTING REFERENCE POINT 1 DAYLIGHT ILLUMINANCE SETPOINT EXCEEDED TIME [hr],DAYLIGHTING REFERENCE POINT 2 ILLUMINANCE {FOR HOURS SHOWN} [lux],DAYLIGHTING REFERENCE POINT 2 GLARE INDEX {FOR HOURS SHOWN} [],DAYLIGHTING REFERENCE POINT 2 GLARE INDEX SETPOINT EXCEEDED TIME [hr],DAYLIGHTING REFERENCE POINT 2 DAYLIGHT ILLUMINANCE SETPOINT EXCEEDED TIME [hr]
,January,324.50,0.48,0.48,01-JAN-07:15,4081.47,26.32,151.25,320.25,1797.37,22.02,219.50,302.25
,February,-,-,-,-,-,-,-,-,-,-,-,-
,March,-,-,-,-,-,-,-,-,-,-,-,-
,April,350.00,0.49,0.48,01-APR-08:00,1600.12,19.18,0.00,327.25,938.01,21.42,206.00,306.75
,May,-,-,-,-,-,-,-,-,-,-,-,-
,June,-,-,-,-,-,-,-,-,-,-,-,-
,July,368.25,0.50,0.48,01-JUL-07:45,1492.98,18.67,0.00,337.75,848.73,20.87,202.75,310.75
,August,-,-,-,-,-,-,-,-,-,-,-,-
,September,-,-,-,-,-,-,-,-,-,-,-,-
,October,-,-,-,-,-,-,-,-,-,-,-,-
,November,-,-,-,-,-,-,-,-,-,-,-,-
,December,-,-,-,-,-,-,-,-,-,-,-,-
,,,,,,,,,,,,,
,Annual Sum or Average,1042.75,0.49,,,2334.47,21.22,151.25,985.25,1173.91,21.41,628.25,919.75
,Minimum of Months,324.50,0.48,0.48,,1492.98,18.67,0.00,320.25,848.73,20.87,202.75,302.25
,Maximum of Months,368.25,0.50,0.48,,4081.47,26.32,151.25,337.75,1797.37,22.02,219.50,310.75


----------------------------------------------------------------------------------------------------
REPORT:,DaylightingReportMonthly
FOR:,PERIMETER_BOT_ZN_2_DAYLCTRL
Custom Monthly Report

,,SITE EXTERIOR BEAM NORMAL ILLUMINANCE {HOURS NON-ZERO} [HOURS],DAYLIGHTING LIGHTING POWER MULTIPLIER {FOR HOURS SHOWN} [],DAYLIGHTING LIGHTING POWER MULTIPLIER {MIN FOR HOURS SHOWN} [],DAYLIGHTING LIGHTING POWER MULTIPLIER {TIMESTAMP},DAYLIGHTING REFERENCE POINT 1 ILLUMINANCE {FOR HOURS SHOWN} [lux],DAYLIGHTING REFERENCE POINT 1 GLARE INDEX {FOR HOURS SHOWN} [],DAYLIGHTING REFERENCE POINT 1 GLARE INDEX SETPOINT EXCEEDED TIME [hr],DAYLIGHTING REFERENCE POINT 1 DAYLIGHT ILLUMINANCE SETPOINT EXCEEDED TIME [hr],DAYLIGHTING REFERENCE POINT 2 ILLUMINANCE {FOR HOURS SHOWN} [lux],DAYLIGHTING REFERENCE POINT 2 GLARE INDEX {FOR HOURS SHOWN} [],DAYLIGHTING REFERENCE POINT 2 GLARE INDEX SETPOINT EXCEEDED TIME [hr],DAYLIGHTING REFERENCE POINT 2 DAYLIGHT ILLUMINANCE SETPOINT EXCEEDED TIME [hr]
,January,324.50,0.49,0.48,01-JAN-08:00,2827.87,21.36,70.00,312.25,1376.24,21.97,58.75,291.00
,February,-,-,-,-,-,-,-,-,-,-,-,-
,March,-,-,-,-,-,-,-,-,-,-,-,-
,April,350.00,0.49,0.48,01-APR-06:15,3852.44,22.31,97.50,338.25,1900.89,23.07,67.50,317.75
,May,-,-,-,-,-,-,-,-,-,-,-,-
,June,-,-,-,-,-,-,-,-,-,-,-,-
,July,368.25,0.49,0.48,01-JUL-06:15,2881.25,21.90,99.25,347.00,1253.39,21.45,38.25,326.50
,August,-,-,-,-,-,-,-,-,-,-,-,-
,September,-,-,-,-,-,-,-,-,-,-,-,-
,October,-,-,-,-,-,-,-,-,-,-,-,-
,November,-,-,-,-,-,-,-,-,-,-,-,-
,December,-,-,-,-,-,-,-,-,-,-,-,-
,,,,,,,,,,,,,
,Annual Sum or Average,1042.75,0.49,,,3190.62,21.87,266.75,997.50,1508.95,22.16,164.50,935.25
,Minimum of Months,324.50,0.49,0.48,,2827.87,21.36,70.00,312.25,1253.39,21.45,38.25,291.00
,Maximum of Months,368.25,0.49,0.48,,3852.44,22.31,99.25,347.00,1900.89,23.07,67.50,326.50


----------------------------------------------------------------------------------------------------
REPORT:,DaylightingReportMonthly
FOR:,PERIMETER_BOT_ZN_3_DAYLCTRL
Custom Monthly Report

,,SITE EXTERIOR BEAM NORMAL ILLUMINANCE {HOURS NON-ZERO} [HOURS],DAYLIGHTING LIGHTING POWER MULTIPLIER {FOR HOURS SHOWN} [],DAYLIGHTING LIGHTING POWER MULTIPLIER {MIN FOR HOURS SHOWN} [],DAYLIGHTING LIGHTING POWER MULTIPLIER {TIMESTAMP},DAYLIGHTING REFERENCE POINT 1 ILLUMINANCE {FOR HOURS SHOWN} [lux],DAYLIGHTING REFERENCE POINT 1 GLARE INDEX {FOR HOURS SHOWN} [],DAYLIGHTING REFERENCE POINT 1 GLARE INDEX SETPOINT EXCEEDED TIME [hr],DAYLIGHTING REFERENCE POINT 1 DAYLIGHT ILLUMINANCE SETPOINT EXCEEDED TIME [hr],DAYLIGHTING REFERENCE POINT 2 ILLUMINANCE {FOR HOURS SHOWN} [lux],DAYLIGHTING REFERENCE POINT 2 GLARE INDEX {FOR HOURS SHOWN} [],DAYLIGHTING REFERENCE POINT 2 GLARE INDEX SETPOINT EXCEEDED TIME [hr],DAYLIGHTING REFERENCE POINT 2 DAYLIGHT ILLUMINANCE SETPOINT EXCEEDED TIME [hr]
,January,324.50,0.49,0.48,01-JAN-08:30,1068.11,17.86,0.00,304.75,675.96,20.30,56.50,274.00
,February,-,-,-,-,-,-,-,-,-,-,-,-
,March,-,-,-,-,-,-,-,-,-,-,-,-
,April,350.00,0.49,0.48,01-APR-08:00,1601.66,19.45,2.75,333.25,938.73,21.66,217.25,314.25
,May,-,-,-,-,-,-,-,-,-,-,-,-
,June,-,-,-,-,-,-,-,-,-,-,-,-
,July,368.25,0.49,0.48,01-JUL-07:30,2176.05,22.52,85.75,349.50,1155.13,22.00,279.50,327.50
,August,-,-,-,-,-,-,-,-,-,-,-,-
,September,-,-,-,-,-,-,-,-,-,-,-,-
,October,-,-,-,-,-,-,-,-,-,-,-,-
,November,-,-,-,-,-,-,-,-,-,-,-,-
,December,-,-,-,-,-,-,-,-,-,-,-,-
,,,,,,,,,,,,,
,Annual Sum or Average,1042.75,0.49,,,1638.47,20.04,88.50,987.50,933.38,21.36,553.25,915.75
,Minimum of Months,324.50,0.49,0.48,,1068.11,17.86,0.00,304.75,675.96,20.30,56.50,274.00
,Maximum of Months,368.25,0.49,0.48,,2176.05,22.52,85.75,349.50,1155.13,22.00,279.50,327.50


----------------------------------------------------------------------------------------------------
REPORT:,DaylightingReportMonthly
FOR:,PERIMETER_BOT_ZN_4_DAYLCTRL
Custom Monthly Report

,,SITE EXTERIOR BEAM NORMAL ILLUMINANCE {HOURS NON-ZERO} [HOURS],DAYLIGHTING LIGHTING POWER MULTIPLIER {FOR HOURS SHOWN} [],DAYLIGHTING LIGHTING POWER MULTIPLIER {MIN FOR HOURS SHOWN} [],DAYLIGHTING LIGHTING POWER MULTIPLIER {TIMESTAMP},DAYLIGHTING REFERENCE POINT 1 ILLUMINANCE {FOR HOURS SHOWN} [lux],DAYLIGHTING REFERENCE POINT 1 GLARE INDEX {FOR HOURS SHOWN} [],DAYLIGHTING REFERENCE POINT 1 GLARE INDEX SETPOINT EXCEEDED TIME [hr],DAYLIGHTING REFERENCE POINT 1 DAYLIGHT ILLUMINANCE SETPOINT EXCEEDED TIME [hr],DAYLIGHTING REFERENCE POINT 2 ILLUMINANCE {FOR HOURS SHOWN} [lux],DAYLIGHTING REFERENCE POINT 2 GLARE INDEX {FOR HOURS SHOWN} [],DAYLIGHTING REFERENCE POINT 2 GLARE INDEX SETPOINT EXCEEDED TIME [hr],DAYLIGHTING REFERENCE POINT 2 DAYLIGHT ILLUMINANCE SETPOINT EXCEEDED TIME [hr]
,January,324.50,0.49,0.48,01-JAN-08:45,2587.78,21.46,83.75,307.25,1366.92,22.53,116.50,290.50
,February,-,-,-,-,-,-,-,-,-,-,-,-
,March,-,-,-,-,-,-,-,-,-,-,-,-
,April,350.00,0.50,0.48,01-APR-08:30,3307.14,15.85,0.00,326.25,1775.33,19.27,12.75,308.00
,May,-,-,-,-,-,-,-,-,-,-,-,-
,June,-,-,-,-,-,-,-,-,-,-,-,-
,July,368.25,0.50,0.48,01-JUL-08:00,2856.02,16.37,0.00,337.50,1491.63,19.48,41.00,313.50
,August,-,-,-,-,-,-,-,-,-,-,-,-
,September,-,-,-,-,-,-,-,-,-,-,-,-
,October,-,-,-,-,-,-,-,-,-,-,-,-
,November,-,-,-,-,-,-,-,-,-,-,-,-
,December,-,-,-,-,-,-,-,-,-,-,-,-
,,,,,,,,,,,,,
,Annual Sum or Average,1042.75,0.50,,,2923.96,17.78,83.75,971.00,1548.05,20.36,170.25,912.00
,Minimum of Months,324.50,0.49,0.48,,2587.78,15.85,0.00,307.25,1366.92,19.27,12.75,290.50
,Maximum of Months,368.25,0.50,0.48,,3307.14,21.46,83.75,337.50,1775.33,22.53,116.50,313.50


----------------------------------------------------------------------------------------------------
REPORT:,DaylightingReportMonthly
FOR:,PERIMETER_MID_ZN_1_DAYLCTRL
Custom Monthly Report

,,SITE EXTERIOR BEAM NORMAL ILLUMINANCE {HOURS NON-ZERO} [HOURS],DAYLIGHTING LIGHTING POWER MULTIPLIER {FOR HOURS SHOWN} [],DAYLIGHTING LIGHTING POWER MULTIPLIER {MIN FOR HOURS SHOWN} [],DAYLIGHTING LIGHTING POWER MULTIPLIER {TIMESTAMP},DAYLIGHTING REFERENCE POINT 1 ILLUMINANCE {FOR HOURS SHOWN} [lux],DAYLIGHTING REFERENCE POINT 1 GLARE INDEX {FOR HOURS SHOWN} [],DAYLIGHTING REFERENCE POINT 1 GLARE INDEX SETPOINT EXCEEDED TIME [hr],DAYLIGHTING REFERENCE POINT 1 DAYLIGHT ILLUMINANCE SETPOINT EXCEEDED TIME [hr],DAYLIGHTING REFERENCE POINT 2 ILLUMINANCE {FOR HOURS SHOWN} [lux],DAYLIGHTING REFERENCE POINT 2 GLARE INDEX {FOR HOURS SHOWN} [],DAYLIGHTING REFERENCE POINT 2 GLARE INDEX SETPOINT EXCEEDED TIME [hr],DAYLIGHTING REFERENCE POINT 2 DAYLIGHT ILLUMINANCE SETPOINT EXCEEDED TIME [hr]
,January,324.50,0.48,0.48,01-JAN-07:15,3916.30,23.83,151.00,320.00,1671.32,19.10,3.75,301.25
,February,-,-,-,-,-,-,-,-,-,-,-,-
,March,-,-,-,-,-,-,-,-,-,-,-,-
,April,350.00,0.49,0.48,01-APR-08:00,1544.11,15.71,0.00,326.50,906.41,19.24,3.25,304.75
,May,-,-,-,-,-,-,-,-,-,-,-,-
,June,-,-,-,-,-,-,-,-,-,-,-,-
,July,368.25,0.50,0.48,01-JUL-08:00,1440.56,15.04,0.00,335.75,818.58,18.50,0.00,308.00
,August,-,-,-,-,-,-,-,-,-,-,-,-
,September,-,-,-,-,-,-,-,-,-,-,-,-
,October,-,-,-,-,-,-,-,-,-,-,-,-
,November,-,-,-,-,-,-,-,-,-,-,-,-
,December,-,-,-,-,-,-,-,-,-,-,-,-
,,,,,,,,,,,,,
,Annual Sum or Average,1042.75,0.49,,,2245.76,18.00,151.00,982.25,1113.43,18.94,7.00,914.00
,Minimum of Months,324.50,0.48,0.48,,1440.56,15.04,0.00,320.00,818.58,18.50,0.00,301.25
,Maximum of Months,368.25,0.50,0.48,,3916.30,23.83,151.00,335.75,1671.32,19.24,3.75,308.00


----------------------------------------------------------------------------------------------------
REPORT:,DaylightingReportMonthly
FOR:,PERIMETER_MID_ZN_2_DAYLCTRL
Custom Monthly Report

,,SITE EXTERIOR BEAM NORMAL ILLUMINANCE {HOURS NON-ZERO} [HOURS],DAYLIGHTING LIGHTING POWER MULTIPLIER {FOR HOURS SHOWN} [],DAYLIGHTING LIGHTING POWER MULTIPLIER {MIN FOR HOURS SHOWN} [],DAYLIGHTING LIGHTING POWER MULTIPLIER {TIMESTAMP},DAYLIGHTING REFERENCE POINT 1 ILLUMINANCE {FOR HOURS SHOWN} [lux],DAYLIGHTING REFERENCE POINT 1 GLARE INDEX {FOR HOURS SHOWN} [],DAYLIGHTING REFERENCE POINT 1 GLARE INDEX SETPOINT EXCEEDED TIME [hr],DAYLIGHTING REFERENCE POINT 1 DAYLIGHT ILLUMINANCE SETPOINT EXCEEDED TIME [hr],DAYLIGHTING REFERENCE POINT 2 ILLUMINANCE {FOR HOURS SHOWN} [lux],DAYLIGHTING REFERENCE POINT 2 GLARE INDEX {FOR HOURS SHOWN} [],DAYLIGHTING REFERENCE POINT 2 GLARE INDEX SETPOINT EXCEEDED TIME [hr],DAYLIGHTING REFERENCE POINT 2 DAYLIGHT ILLUMINANCE SETPOINT EXCEEDED TIME [hr]
,January,324.50,0.49,0.48,01-JAN-08:00,2740.90,20.87,70.00,311.00,1311.61,21.77,47.25,288.50
,February,-,-,-,-,-,-,-,-,-,-,-,-
,March,-,-,-,-,-,-,-,-,-,-,-,-
,April,350.00,0.49,0.48,01-APR-06:15,3742.23,21.87,97.50,337.25,1827.33,22.93,67.50,317.50
,May,-,-,-,-,-,-,-,-,-,-,-,-
,June,-,-,-,-,-,-,-,-,-,-,-,-
,July,368.25,0.49,0.48,01-JUL-06:15,2817.26,21.49,99.25,345.75,1194.96,21.31,38.25,323.75
,August,-,-,-,-,-,-,-,-,-,-,-,-
,September,-,-,-,-,-,-,-,-,-,-,-,-
,October,-,-,-,-,-,-,-,-,-,-,-,-
,November,-,-,-,-,-,-,-,-,-,-,-,-
,December,-,-,-,-,-,-,-,-,-,-,-,-
,,,,,,,,,,,,,
,Annual Sum or Average,1042.75,0.49,,,3103.96,21.42,266.75,994.00,1443.52,22.00,153.00,929.75
,Minimum of Months,324.50,0.49,0.48,,2740.90,20.87,70.00,311.00,1194.96,21.31,38.25,288.50
,Maximum of Months,368.25,0.49,0.48,,3742.23,21.87,99.25,345.75,1827.33,22.93,67.50,323.75


----------------------------------------------------------------------------------------------------
REPORT:,DaylightingReportMonthly
FOR:,PERIMETER_MID_ZN_3_DAYLCTRL
Custom Monthly Report

,,SITE EXTERIOR BEAM NORMAL ILLUMINANCE {HOURS NON-ZERO} [HOURS],DAYLIGHTING LIGHTING POWER MULTIPLIER {FOR HOURS SHOWN} [],DAYLIGHTING LIGHTING POWER MULTIPLIER {MIN FOR HOURS SHOWN} [],DAYLIGHTING LIGHTING POWER MULTIPLIER {TIMESTAMP},DAYLIGHTING REFERENCE POINT 1 ILLUMINANCE {FOR HOURS SHOWN} [lux],DAYLIGHTING REFERENCE POINT 1 GLARE INDEX {FOR HOURS SHOWN} [],DAYLIGHTING REFERENCE POINT 1 GLARE INDEX SETPOINT EXCEEDED TIME [hr],DAYLIGHTING REFERENCE POINT 1 DAYLIGHT ILLUMINANCE SETPOINT EXCEEDED TIME [hr],DAYLIGHTING REFERENCE POINT 2 ILLUMINANCE {FOR HOURS SHOWN} [lux],DAYLIGHTING REFERENCE POINT 2 GLARE INDEX {FOR HOURS SHOWN} [],DAYLIGHTING REFERENCE POINT 2 GLARE INDEX SETPOINT EXCEEDED TIME [hr],DAYLIGHTING REFERENCE POINT 2 DAYLIGHT ILLUMINANCE SETPOINT EXCEEDED TIME [hr]
,January,324.50,0.49,0.48,01-JAN-08:30,1031.58,14.40,0.00,300.25,656.93,18.09,0.00,272.00
,February,-,-,-,-,-,-,-,-,-,-,-,-
,March,-,-,-,-,-,-,-,-,-,-,-,-
,April,350.00,0.49,0.48,01-APR-08:00,1545.94,15.99,0.00,332.00,907.49,19.55,19.00,312.50
,May,-,-,-,-,-,-,-,-,-,-,-,-
,June,-,-,-,-,-,-,-,-,-,-,-,-
,July,368.25,0.49,0.48,01-JUL-07:30,2093.12,19.49,74.50,349.25,1103.07,19.39,8.25,325.50
,August,-,-,-,-,-,-,-,-,-,-,-,-
,September,-,-,-,-,-,-,-,-,-,-,-,-
,October,-,-,-,-,-,-,-,-,-,-,-,-
,November,-,-,-,-,-,-,-,-,-,-,-,-
,December,-,-,-,-,-,-,-,-,-,-,-,-
,,,,,,,,,,,,,
,Annual Sum or Average,1042.75,0.49,,,1579.11,16.73,74.50,981.50,898.59,19.04,27.25,910.00
,Minimum of Months,324.50,0.49,0.48,,1031.58,14.40,0.00,300.25,656.93,18.09,0.00,272.00
,Maximum of Months,368.25,0.49,0.48,,2093.12,19.49,74.50,349.25,1103.07,19.55,19.00,325.50


----------------------------------------------------------------------------------------------------
REPORT:,DaylightingReportMonthly
FOR:,PERIMETER_MID_ZN_4_DAYLCTRL
Custom Monthly Report

,,SITE EXTERIOR BEAM NORMAL ILLUMINANCE {HOURS NON-ZERO} [HOURS],DAYLIGHTING LIGHTING POWER MULTIPLIER {FOR HOURS SHOWN} [],DAYLIGHTING LIGHTING POWER MULTIPLIER {MIN FOR HOURS SHOWN} [],DAYLIGHTING LIGHTING POWER MULTIPLIER {TIMESTAMP},DAYLIGHTING REFERENCE POINT 1 ILLUMINANCE {FOR HOURS SHOWN} [lux],DAYLIGHTING REFERENCE POINT 1 GLARE INDEX {FOR HOURS SHOWN} [],DAYLIGHTING REFERENCE POINT 1 GLARE INDEX SETPOINT EXCEEDED TIME [hr],DAYLIGHTING REFERENCE POINT 1 DAYLIGHT ILLUMINANCE SETPOINT EXCEEDED TIME [hr],DAYLIGHTING REFERENCE POINT 2 ILLUMINANCE {FOR HOURS SHOWN} [lux],DAYLIGHTING REFERENCE POINT 2 GLARE INDEX {FOR HOURS SHOWN} [],DAYLIGHTING REFERENCE POINT 2 GLARE INDEX SETPOINT EXCEEDED TIME [hr],DAYLIGHTING REFERENCE POINT 2 DAYLIGHT ILLUMINANCE SETPOINT EXCEEDED TIME [hr]
,January,324.50,0.49,0.48,01-JAN-08:45,2506.27,21.03,83.75,306.50,1307.82,22.36,108.50,289.50
,February,-,-,-,-,-,-,-,-,-,-,-,-
,March,-,-,-,-,-,-,-,-,-,-,-,-
,April,350.00,0.50,0.48,01-APR-08:30,3187.03,15.29,0.00,325.00,1703.14,19.08,7.75,306.75
,May,-,-,-,-,-,-,-,-,-,-,-,-
,June,-,-,-,-,-,-,-,-,-,-,-,-
,July,368.25,0.50,0.48,01-JUL-08:00,2786.91,15.82,0.00,336.50,1431.53,19.27,28.25,313.00
,August,-,-,-,-,-,-,-,-,-,-,-,-
,September,-,-,-,-,-,-,-,-,-,-,-,-
,October,-,-,-,-,-,-,-,-,-,-,-,-
,November,-,-,-,-,-,-,-,-,-,-,-,-
,December,-,-,-,-,-,-,-,-,-,-,-,-
,,,,,,,,,,,,,
,Annual Sum or Average,1042.75,0.50,,,2833.87,17.26,83.75,968.00,1484.20,20.17,144.50,909.25
,Minimum of Months,324.50,0.49,0.48,,2506.27,15.29,0.00,306.50,1307.82,19.08,7.75,289.50
,Maximum of Months,368.25,0.50,0.48,,3187.03,21.03,83.75,336.50,1703.14,22.36,108.50,313.00


----------------------------------------------------------------------------------------------------
REPORT:,DaylightingReportMonthly
FOR:,PERIMETER_TOP_ZN_1_DAYLCTRL
Custom Monthly Report

,,SITE EXTERIOR BEAM NORMAL ILLUMINANCE {HOURS NON-ZERO} [HOURS],DAYLIGHTING LIGHTING POWER MULTIPLIER {FOR HOURS SHOWN} [],DAYLIGHTING LIGHTING POWER MULTIPLIER {MIN FOR HOURS SHOWN} [],DAYLIGHTING LIGHTING POWER MULTIPLIER {TIMESTAMP},DAYLIGHTING REFERENCE POINT 1 ILLUMINANCE {FOR HOURS SHOWN} [lux],DAYLIGHTING REFERENCE POINT 1 GLARE INDEX {FOR HOURS SHOWN} [],DAYLIGHTING REFERENCE POINT 1 GLARE INDEX SETPOINT EXCEEDED TIME [hr],DAYLIGHTING REFERENCE POINT 1 DAYLIGHT ILLUMINANCE SETPOINT EXCEEDED TIME [hr],DAYLIGHTING REFERENCE POINT 2 ILLUMINANCE {FOR HOURS SHOWN} [lux],DAYLIGHTING REFERENCE POINT 2 GLARE INDEX {FOR HOURS SHOWN} [],DAYLIGHTING REFERENCE POINT 2 GLARE INDEX SETPOINT EXCEEDED TIME [hr],DAYLIGHTING REFERENCE POINT 2 DAYLIGHT ILLUMINANCE SETPOINT EXCEEDED TIME [hr]
,January,324.50,0.48,0.48,01-JAN-07:15,3916.16,23.84,151.00,320.00,1671.20,19.10,3.75,301.25
,February,-,-,-,-,-,-,-,-,-,-,-,-
,March,-,-,-,-,-,-,-,-,-,-,-,-
,April,350.00,0.49,0.48,01-APR-08:00,1544.04,15.71,0.00,326.50,906.35,19.25,3.25,304.75
,May,-,-,-,-,-,-,-,-,-,-,-,-
,June,-,-,-,-,-,-,-,-,-,-,-,-
,July,368.25,0.50,0.48,01-JUL-08:00,1440.48,15.04,0.00,335.75,818.52,18.50,0.00,308.00
,August,-,-,-,-,-,-,-,-,-,-,-,-
,September,-,-,-,-,-,-,-,-,-,-,-,-
,October,-,-,-,-,-,-,-,-,-,-,-,-
,November,-,-,-,-,-,-,-,-,-,-,-,-
,December,-,-,-,-,-,-,-,-,-,-,-,-
,,,,,,,,,,,,,
,Annual Sum or Average,1042.75,0.49,,,2245.66,18.00,151.00,982.25,1113.35,18.94,7.00,914.00
,Minimum of Months,324.50,0.48,0.48,,1440.48,15.04,0.00,320.00,818.52,18.50,0.00,301.25
,Maximum of Months,368.25,0.50,0.48,,3916.16,23.84,151.00,335.75,1671.20,19.25,3.75,308.00


----------------------------------------------------------------------------------------------------
REPORT:,DaylightingReportMonthly
FOR:,PERIMETER_TOP_ZN_2_DAYLCTRL
Custom Monthly Report

,,SITE EXTERIOR BEAM NORMAL ILLUMINANCE {HOURS NON-ZERO} [HOURS],DAYLIGHTING LIGHTING POWER MULTIPLIER {FOR HOURS SHOWN} [],DAYLIGHTING LIGHTING POWER MULTIPLIER {MIN FOR HOURS SHOWN} [],DAYLIGHTING LIGHTING POWER MULTIPLIER {TIMESTAMP},DAYLIGHTING REFERENCE POINT 1 ILLUMINANCE {FOR HOURS SHOWN} [lux],DAYLIGHTING REFERENCE POINT 1 GLARE INDEX {FOR HOURS SHOWN} [],DAYLIGHTING REFERENCE POINT 1 GLARE INDEX SETPOINT EXCEEDED TIME [hr],DAYLIGHTING REFERENCE POINT 1 DAYLIGHT ILLUMINANCE SETPOINT EXCEEDED TIME [hr],DAYLIGHTING REFERENCE POINT 2 ILLUMINANCE {FOR HOURS SHOWN} [lux],DAYLIGHTING REFERENCE POINT 2 GLARE INDEX {FOR HOURS SHOWN} [],DAYLIGHTING REFERENCE POINT 2 GLARE INDEX SETPOINT EXCEEDED TIME [hr],DAYLIGHTING REFERENCE POINT 2 DAYLIGHT ILLUMINANCE SETPOINT EXCEEDED TIME [hr]
,January,324.50,0.49,0.48,01-JAN-08:00,2740.85,20.87,70.00,311.00,1311.54,21.77,47.25,288.50
,February,-,-,-,-,-,-,-,-,-,-,-,-
,March,-,-,-,-,-,-,-,-,-,-,-,-
,April,350.00,0.49,0.48,01-APR-06:15,3742.17,21.87,97.50,337.25,1827.25,22.93,67.50,317.50
,May,-,-,-,-,-,-,-,-,-,-,-,-
,June,-,-,-,-,-,-,-,-,-,-,-,-
,July,368.25,0.49,0.48,01-JUL-06:15,2817.15,21.49,99.25,345.75,1194.87,21.32,38.25,323.75
,August,-,-,-,-,-,-,-,-,-,-,-,-
,September,-,-,-,-,-,-,-,-,-,-,-,-
,October,-,-,-,-,-,-,-,-,-,-,-,-
,November,-,-,-,-,-,-,-,-,-,-,-,-
,December,-,-,-,-,-,-,-,-,-,-,-,-
,,,,,,,,,,,,,
,Annual Sum or Average,1042.75,0.49,,,3103.89,21.43,266.75,994.00,1443.44,22.00,153.00,929.75
,Minimum of Months,324.50,0.49,0.48,,2740.85,20.87,70.00,311.00,1194.87,21.32,38.25,288.50
,Maximum of Months,368.25,0.49,0.48,,3742.17,21.87,99.25,345.75,1827.25,22.93,67.50,323.75


----------------------------------------------------------------------------------------------------
REPORT:,DaylightingReportMonthly
FOR:,PERIMETER_TOP_ZN_3_DAYLCTRL
Custom Monthly Report

,,SITE EXTERIOR BEAM NORMAL ILLUMINANCE {HOURS NON-ZERO} [HOURS],DAYLIGHTING LIGHTING POWER MULTIPLIER {FOR HOURS SHOWN} [],DAYLIGHTING LIGHTING POWER MULTIPLIER {MIN FOR HOURS SHOWN} [],DAYLIGHTING LIGHTING POWER MULTIPLIER {TIMESTAMP},DAYLIGHTING REFERENCE POINT 1 ILLUMINANCE {FOR HOURS SHOWN} [lux],DAYLIGHTING REFERENCE POINT 1 GLARE INDEX {FOR HOURS SHOWN} [],DAYLIGHTING REFERENCE POINT 1 GLARE INDEX SETPOINT EXCEEDED TIME [hr],DAYLIGHTING REFERENCE POINT 1 DAYLIGHT ILLUMINANCE SETPOINT EXCEEDED TIME [hr],DAYLIGHTING REFERENCE POINT 2 ILLUMINANCE {FOR HOURS SHOWN} [lux],DAYLIGHTING REFERENCE POINT 2 GLARE INDEX {FOR HOURS SHOWN} [],DAYLIGHTING REFERENCE POINT 2 GLARE INDEX SETPOINT EXCEEDED TIME [hr],DAYLIGHTING REFERENCE POINT 2 DAYLIGHT ILLUMINANCE SETPOINT EXCEEDED TIME [hr]
,January,324.50,0.49,0.48,01-JAN-08:30,1031.55,14.41,0.00,300.25,656.89,18.09,0.00,272.00
,February,-,-,-,-,-,-,-,-,-,-,-,-
,March,-,-,-,-,-,-,-,-,-,-,-,-
,April,350.00,0.49,0.48,01-APR-08:00,1545.88,15.99,0.00,332.00,907.43,19.55,19.00,312.50
,May,-,-,-,-,-,-,-,-,-,-,-,-
,June,-,-,-,-,-,-,-,-,-,-,-,-
,July,368.25,0.49,0.48,01-JUL-07:30,2092.99,19.49,74.50,349.25,1102.98,19.39,8.25,325.50
,August,-,-,-,-,-,-,-,-,-,-,-,-
,September,-,-,-,-,-,-,-,-,-,-,-,-
,October,-,-,-,-,-,-,-,-,-,-,-,-
,November,-,-,-,-,-,-,-,-,-,-,-,-
,December,-,-,-,-,-,-,-,-,-,-,-,-
,,,,,,,,,,,,,
,Annual Sum or Average,1042.75,0.49,,,1579.04,16.73,74.50,981.50,898.52,19.04,27.25,910.00
,Minimum of Months,324.50,0.49,0.48,,1031.55,14.41,0.00,300.25,656.89,18.09,0.00,272.00
,Maximum of Months,368.25,0.49,0.48,,2092.99,19.49,74.50,349.25,1102.98,19.55,19.00,325.50


----------------------------------------------------------------------------------------------------
REPORT:,DaylightingReportMonthly
FOR:,PERIMETER_TOP_ZN_4_DAYLCTRL
Custom Monthly Report

,,SITE EXTERIOR BEAM NORMAL ILLUMINANCE {HOURS NON-ZERO} [HOURS],DAYLIGHTING LIGHTING POWER MULTIPLIER {FOR HOURS SHOWN} [],DAYLIGHTING LIGHTING POWER MULTIPLIER {MIN FOR HOURS SHOWN} [],DAYLIGHTING LIGHTING POWER MULTIPLIER {TIMESTAMP},DAYLIGHTING REFERENCE POINT 1 ILLUMINANCE {FOR HOURS SHOWN} [lux],DAYLIGHTING REFERENCE POINT 1 GLARE INDEX {FOR HOURS SHOWN} [],DAYLIGHTING REFERENCE POINT 1 GLARE INDEX SETPOINT EXCEEDED TIME [hr],DAYLIGHTING REFERENCE POINT 1 DAYLIGHT ILLUMINANCE SETPOINT EXCEEDED TIME [hr],DAYLIGHTING REFERENCE POINT 2 ILLUMINANCE {FOR HOURS SHOWN} [lux],DAYLIGHTING REFERENCE POINT 2 GLARE INDEX {FOR HOURS SHOWN} [],DAYLIGHTING REFERENCE POINT 2 GLARE INDEX SETPOINT EXCEEDED TIME [hr],DAYLIGHTING REFERENCE POINT 2 DAYLIGHT ILLUMINANCE SETPOINT EXCEEDED TIME [hr]
,January,324.50,0.49,0.48,01-JAN-08:45,2506.19,21.03,83.75,306.50,1307.74,22.36,108.50,289.50
,February,-,-,-,-,-,-,-,-,-,-,-,-
,March,-,-,-,-,-,-,-,-,-,-,-,-
,April,350.00,0.50,0.48,01-APR-08:30,3186.93,15.30,0.00,325.00,1703.04,19.08,7.75,306.75
,May,-,-,-,-,-,-,-,-,-,-,-,-
,June,-,-,-,-,-,-,-,-,-,-,-,-
,July,368.25,0.50,0.48,01-JUL-08:00,2786.78,15.82,0.00,336.50,1431.43,19.27,28.50,313.00
,August,-,-,-,-,-,-,-,-,-,-,-,-
,September,-,-,-,-,-,-,-,-,-,-,-,-
,October,-,-,-,-,-,-,-,-,-,-,-,-
,November,-,-,-,-,-,-,-,-,-,-,-,-
,December,-,-,-,-,-,-,-,-,-,-,-,-
,,,,,,,,,,,,,
,Annual Sum or Average,1042.75,0.50,,,2833.78,17.27,83.75,968.00,1484.11,20.17,144.75,909.25
,Minimum of Months,324.50,0.49,0.48,,2506.19,15.30,0.00,306.50,1307.74,19.08,7.75,289.50
,Maximum of Months,368.25,0.50,0.48,,3186.93,21.03,83.75,336.50,1703.04,22.36,108.50,313.00


----------------------------------------------------------------------------------------------------
REPORT:,CoilReportMonthly
FOR:,CORE_BOTTOM VAV BOX REHEAT COIL
Custom Monthly Report

,,HEATING COIL HEATING ENERGY [J],HEATING COIL HEATING RATE {Maximum} [W],HEATING COIL HEATING RATE {TIMESTAMP},COOLING COIL TOTAL COOLING ENERGY [],COOLING COIL SENSIBLE COOLING ENERGY [],COOLING COIL TOTAL COOLING RATE [],COOLING COIL SENSIBLE COOLING RATE [],COOLING COIL WETTED AREA FRACTION []
,January,0.00,0.00,01-JAN-00:15,0.00,0.00,0.00,0.00,0.00
,February,-,-,-,-,-,-,-,-
,March,-,-,-,-,-,-,-,-
,April,0.00,0.00,01-APR-00:15,0.00,0.00,0.00,0.00,0.00
,May,-,-,-,-,-,-,-,-
,June,-,-,-,-,-,-,-,-
,July,0.00,0.00,01-JUL-00:15,0.00,0.00,0.00,0.00,0.00
,August,-,-,-,-,-,-,-,-
,September,-,-,-,-,-,-,-,-
,October,-,-,-,-,-,-,-,-
,November,-,-,-,-,-,-,-,-
,December,-,-,-,-,-,-,-,-
,,,,,,,,,
,Annual Sum or Average,0.00,,,0.00,0.00,0.00,0.00,0.00
,Minimum of Months,0.00,0.00,,0.00,0.00,0.00,0.00,0.00
,Maximum of Months,0.00,0.00,,0.00,0.00,0.00,0.00,0.00


----------------------------------------------------------------------------------------------------
REPORT:,CoilReportMonthly
FOR:,CORE_MID VAV BOX REHEAT COIL
Custom Monthly Report

,,HEATING COIL HEATING ENERGY [J],HEATING COIL HEATING RATE {Maximum} [W],HEATING COIL HEATING RATE {TIMESTAMP},COOLING COIL TOTAL COOLING ENERGY [],COOLING COIL SENSIBLE COOLING ENERGY [],COOLING COIL TOTAL COOLING RATE [],COOLING COIL SENSIBLE COOLING RATE [],COOLING COIL WETTED AREA FRACTION []
,January,0.00,0.00,01-JAN-00:15,0.00,0.00,0.00,0.00,0.00
,February,-,-,-,-,-,-,-,-
,March,-,-,-,-,-,-,-,-
,April,0.00,0.00,01-APR-00:15,0.00,0.00,0.00,0.00,0.00
,May,-,-,-,-,-,-,-,-
,June,-,-,-,-,-,-,-,-
,July,0.00,0.00,01-JUL-00:15,0.00,0.00,0.00,0.00,0.00
,August,-,-,-,-,-,-,-,-
,September,-,-,-,-,-,-,-,-
,October,-,-,-,-,-,-,-,-
,November,-,-,-,-,-,-,-,-
,December,-,-,-,-,-,-,-,-
,,,,,,,,,
,Annual Sum or Average,0.00,,,0.00,0.00,0.00,0.00,0.00
,Minimum of Months,0.00,0.00,,0.00,0.00,0.00,0.00,0.00
,Maximum of Months,0.00,0.00,,0.00,0.00,0.00,0.00,0.00


----------------------------------------------------------------------------------------------------
REPORT:,CoilReportMonthly
FOR:,CORE_TOP VAV BOX REHEAT COIL
Custom Monthly Report

,,HEATING COIL HEATING ENERGY [J],HEATING COIL HEATING RATE {Maximum} [W],HEATING COIL HEATING RATE {TIMESTAMP},COOLING COIL TOTAL COOLING ENERGY [],COOLING COIL SENSIBLE COOLING ENERGY [],COOLING COIL TOTAL COOLING RATE [],COOLING COIL SENSIBLE COOLING RATE [],COOLING COIL WETTED AREA FRACTION []
,January,0.00,0.00,01-JAN-00:15,0.00,0.00,0.00,0.00,0.00
,February,-,-,-,-,-,-,-,-
,March,-,-,-,-,-,-,-,-
,April,0.00,0.00,01-APR-00:15,0.00,0.00,0.00,0.00,0.00
,May,-,-,-,-,-,-,-,-
,June,-,-,-,-,-,-,-,-
,July,0.00,0.00,01-JUL-00:15,0.00,0.00,0.00,0.00,0.00
,August,-,-,-,-,-,-,-,-
,September,-,-,-,-,-,-,-,-
,October,-,-,-,-,-,-,-,-
,November,-,-,-,-,-,-,-,-
,December,-,-,-,-,-,-,-,-
,,,,,,,,,
,Annual Sum or Average,0.00,,,0.00,0.00,0.00,0.00,0.00
,Minimum of Months,0.00,0.00,,0.00,0.00,0.00,0.00,0.00
,Maximum of Months,0.00,0.00,,0.00,0.00,0.00,0.00,0.00


----------------------------------------------------------------------------------------------------
REPORT:,CoilReportMonthly
FOR:,PERIMETER_TOP_ZN_3 VAV BOX REHEAT COIL
Custom Monthly Report

,,HEATING COIL HEATING ENERGY [J],HEATING COIL HEATING RATE {Maximum} [W],HEATING COIL HEATING RATE {TIMESTAMP},COOLING COIL TOTAL COOLING ENERGY [],COOLING COIL SENSIBLE COOLING ENERGY [],COOLING COIL TOTAL COOLING RATE [],COOLING COIL SENSIBLE COOLING RATE [],COOLING COIL WETTED AREA FRACTION []
,January,0.00,0.00,01-JAN-00:15,0.00,0.00,0.00,0.00,0.00
,February,-,-,-,-,-,-,-,-
,March,-,-,-,-,-,-,-,-
,April,0.00,0.00,01-APR-00:15,0.00,0.00,0.00,0.00,0.00
,May,-,-,-,-,-,-,-,-
,June,-,-,-,-,-,-,-,-
,July,0.00,0.00,01-JUL-00:15,0.00,0.00,0.00,0.00,0.00
,August,-,-,-,-,-,-,-,-
,September,-,-,-,-,-,-,-,-
,October,-,-,-,-,-,-,-,-
,November,-,-,-,-,-,-,-,-
,December,-,-,-,-,-,-,-,-
,,,,,,,,,
,Annual Sum or Average,0.00,,,0.00,0.00,0.00,0.00,0.00
,Minimum of Months,0.00,0.00,,0.00,0.00,0.00,0.00,0.00
,Maximum of Months,0.00,0.00,,0.00,0.00,0.00,0.00,0.00


----------------------------------------------------------------------------------------------------
REPORT:,CoilReportMonthly
FOR:,PERIMETER_TOP_ZN_2 VAV BOX REHEAT COIL
Custom Monthly Report

,,HEATING COIL HEATING ENERGY [J],HEATING COIL HEATING RATE {Maximum} [W],HEATING COIL HEATING RATE {TIMESTAMP},COOLING COIL TOTAL COOLING ENERGY [],COOLING COIL SENSIBLE COOLING ENERGY [],COOLING COIL TOTAL COOLING RATE [],COOLING COIL SENSIBLE COOLING RATE [],COOLING COIL WETTED AREA FRACTION []
,January,0.00,0.00,01-JAN-00:15,0.00,0.00,0.00,0.00,0.00
,February,-,-,-,-,-,-,-,-
,March,-,-,-,-,-,-,-,-
,April,0.00,0.00,01-APR-00:15,0.00,0.00,0.00,0.00,0.00
,May,-,-,-,-,-,-,-,-
,June,-,-,-,-,-,-,-,-
,July,0.00,0.00,01-JUL-00:15,0.00,0.00,0.00,0.00,0.00
,August,-,-,-,-,-,-,-,-
,September,-,-,-,-,-,-,-,-
,October,-,-,-,-,-,-,-,-
,November,-,-,-,-,-,-,-,-
,December,-,-,-,-,-,-,-,-
,,,,,,,,,
,Annual Sum or Average,0.00,,,0.00,0.00,0.00,0.00,0.00
,Minimum of Months,0.00,0.00,,0.00,0.00,0.00,0.00,0.00
,Maximum of Months,0.00,0.00,,0.00,0.00,0.00,0.00,0.00


----------------------------------------------------------------------------------------------------
REPORT:,CoilReportMonthly
FOR:,PERIMETER_TOP_ZN_1 VAV BOX REHEAT COIL
Custom Monthly Report

,,HEATING COIL HEATING ENERGY [J],HEATING COIL HEATING RATE {Maximum} [W],HEATING COIL HEATING RATE {TIMESTAMP},COOLING COIL TOTAL COOLING ENERGY [],COOLING COIL SENSIBLE COOLING ENERGY [],COOLING COIL TOTAL COOLING RATE [],COOLING COIL SENSIBLE COOLING RATE [],COOLING COIL WETTED AREA FRACTION []
,January,0.00,0.00,01-JAN-00:15,0.00,0.00,0.00,0.00,0.00
,February,-,-,-,-,-,-,-,-
,March,-,-,-,-,-,-,-,-
,April,0.00,0.00,01-APR-00:15,0.00,0.00,0.00,0.00,0.00
,May,-,-,-,-,-,-,-,-
,June,-,-,-,-,-,-,-,-
,July,0.00,0.00,01-JUL-00:15,0.00,0.00,0.00,0.00,0.00
,August,-,-,-,-,-,-,-,-
,September,-,-,-,-,-,-,-,-
,October,-,-,-,-,-,-,-,-
,November,-,-,-,-,-,-,-,-
,December,-,-,-,-,-,-,-,-
,,,,,,,,,
,Annual Sum or Average,0.00,,,0.00,0.00,0.00,0.00,0.00
,Minimum of Months,0.00,0.00,,0.00,0.00,0.00,0.00,0.00
,Maximum of Months,0.00,0.00,,0.00,0.00,0.00,0.00,0.00


----------------------------------------------------------------------------------------------------
REPORT:,CoilReportMonthly
FOR:,PERIMETER_TOP_ZN_4 VAV BOX REHEAT COIL
Custom Monthly Report

,,HEATING COIL HEATING ENERGY [J],HEATING COIL HEATING RATE {Maximum} [W],HEATING COIL HEATING RATE {TIMESTAMP},COOLING COIL TOTAL COOLING ENERGY [],COOLING COIL SENSIBLE COOLING ENERGY [],COOLING COIL TOTAL COOLING RATE [],COOLING COIL SENSIBLE COOLING RATE [],COOLING COIL WETTED AREA FRACTION []
,January,0.00,0.00,01-JAN-00:15,0.00,0.00,0.00,0.00,0.00
,February,-,-,-,-,-,-,-,-
,March,-,-,-,-,-,-,-,-
,April,0.00,0.00,01-APR-00:15,0.00,0.00,0.00,0.00,0.00
,May,-,-,-,-,-,-,-,-
,June,-,-,-,-,-,-,-,-
,July,0.00,0.00,01-JUL-00:15,0.00,0.00,0.00,0.00,0.00
,August,-,-,-,-,-,-,-,-
,September,-,-,-,-,-,-,-,-
,October,-,-,-,-,-,-,-,-
,November,-,-,-,-,-,-,-,-
,December,-,-,-,-,-,-,-,-
,,,,,,,,,
,Annual Sum or Average,0.00,,,0.00,0.00,0.00,0.00,0.00
,Minimum of Months,0.00,0.00,,0.00,0.00,0.00,0.00,0.00
,Maximum of Months,0.00,0.00,,0.00,0.00,0.00,0.00,0.00


----------------------------------------------------------------------------------------------------
REPORT:,CoilReportMonthly
FOR:,PERIMETER_BOT_ZN_3 VAV BOX REHEAT COIL
Custom Monthly Report

,,HEATING COIL HEATING ENERGY [J],HEATING COIL HEATING RATE {Maximum} [W],HEATING COIL HEATING RATE {TIMESTAMP},COOLING COIL TOTAL COOLING ENERGY [],COOLING COIL SENSIBLE COOLING ENERGY [],COOLING COIL TOTAL COOLING RATE [],COOLING COIL SENSIBLE COOLING RATE [],COOLING COIL WETTED AREA FRACTION []
,January,0.00,0.00,01-JAN-00:15,0.00,0.00,0.00,0.00,0.00
,February,-,-,-,-,-,-,-,-
,March,-,-,-,-,-,-,-,-
,April,0.00,0.00,01-APR-00:15,0.00,0.00,0.00,0.00,0.00
,May,-,-,-,-,-,-,-,-
,June,-,-,-,-,-,-,-,-
,July,0.00,0.00,01-JUL-00:15,0.00,0.00,0.00,0.00,0.00
,August,-,-,-,-,-,-,-,-
,September,-,-,-,-,-,-,-,-
,October,-,-,-,-,-,-,-,-
,November,-,-,-,-,-,-,-,-
,December,-,-,-,-,-,-,-,-
,,,,,,,,,
,Annual Sum or Average,0.00,,,0.00,0.00,0.00,0.00,0.00
,Minimum of Months,0.00,0.00,,0.00,0.00,0.00,0.00,0.00
,Maximum of Months,0.00,0.00,,0.00,0.00,0.00,0.00,0.00


----------------------------------------------------------------------------------------------------
REPORT:,CoilReportMonthly
FOR:,PERIMETER_BOT_ZN_2 VAV BOX REHEAT COIL
Custom Monthly Report

,,HEATING COIL HEATING ENERGY [J],HEATING COIL HEATING RATE {Maximum} [W],HEATING COIL HEATING RATE {TIMESTAMP},COOLING COIL TOTAL COOLING ENERGY [],COOLING COIL SENSIBLE COOLING ENERGY [],COOLING COIL TOTAL COOLING RATE [],COOLING COIL SENSIBLE COOLING RATE [],COOLING COIL WETTED AREA FRACTION []
,January,0.00,0.00,01-JAN-00:15,0.00,0.00,0.00,0.00,0.00
,February,-,-,-,-,-,-,-,-
,March,-,-,-,-,-,-,-,-
,April,0.00,0.00,01-APR-00:15,0.00,0.00,0.00,0.00,0.00
,May,-,-,-,-,-,-,-,-
,June,-,-,-,-,-,-,-,-
,July,0.00,0.00,01-JUL-00:15,0.00,0.00,0.00,0.00,0.00
,August,-,-,-,-,-,-,-,-
,September,-,-,-,-,-,-,-,-
,October,-,-,-,-,-,-,-,-
,November,-,-,-,-,-,-,-,-
,December,-,-,-,-,-,-,-,-
,,,,,,,,,
,Annual Sum or Average,0.00,,,0.00,0.00,0.00,0.00,0.00
,Minimum of Months,0.00,0.00,,0.00,0.00,0.00,0.00,0.00
,Maximum of Months,0.00,0.00,,0.00,0.00,0.00,0.00,0.00


----------------------------------------------------------------------------------------------------
REPORT:,CoilReportMonthly
FOR:,PERIMETER_BOT_ZN_1 VAV BOX REHEAT COIL
Custom Monthly Report

,,HEATING COIL HEATING ENERGY [J],HEATING COIL HEATING RATE {Maximum} [W],HEATING COIL HEATING RATE {TIMESTAMP},COOLING COIL TOTAL COOLING ENERGY [],COOLING COIL SENSIBLE COOLING ENERGY [],COOLING COIL TOTAL COOLING RATE [],COOLING COIL SENSIBLE COOLING RATE [],COOLING COIL WETTED AREA FRACTION []
,January,0.00,0.00,01-JAN-00:15,0.00,0.00,0.00,0.00,0.00
,February,-,-,-,-,-,-,-,-
,March,-,-,-,-,-,-,-,-
,April,0.00,0.00,01-APR-00:15,0.00,0.00,0.00,0.00,0.00
,May,-,-,-,-,-,-,-,-
,June,-,-,-,-,-,-,-,-
,July,0.00,0.00,01-JUL-00:15,0.00,0.00,0.00,0.00,0.00
,August,-,-,-,-,-,-,-,-
,September,-,-,-,-,-,-,-,-
,October,-,-,-,-,-,-,-,-
,November,-,-,-,-,-,-,-,-
,December,-,-,-,-,-,-,-,-
,,,,,,,,,
,Annual Sum or Average,0.00,,,0.00,0.00,0.00,0.00,0.00
,Minimum of Months,0.00,0.00,,0.00,0.00,0.00,0.00,0.00
,Maximum of Months,0.00,0.00,,0.00,0.00,0.00,0.00,0.00


----------------------------------------------------------------------------------------------------
REPORT:,CoilReportMonthly
FOR:,PERIMETER_BOT_ZN_4 VAV BOX REHEAT COIL
Custom Monthly Report

,,HEATING COIL HEATING ENERGY [J],HEATING COIL HEATING RATE {Maximum} [W],HEATING COIL HEATING RATE {TIMESTAMP},COOLING COIL TOTAL COOLING ENERGY [],COOLING COIL SENSIBLE COOLING ENERGY [],COOLING COIL TOTAL COOLING RATE [],COOLING COIL SENSIBLE COOLING RATE [],COOLING COIL WETTED AREA FRACTION []
,January,0.00,0.00,01-JAN-00:15,0.00,0.00,0.00,0.00,0.00
,February,-,-,-,-,-,-,-,-
,March,-,-,-,-,-,-,-,-
,April,0.00,0.00,01-APR-00:15,0.00,0.00,0.00,0.00,0.00
,May,-,-,-,-,-,-,-,-
,June,-,-,-,-,-,-,-,-
,July,0.00,0.00,01-JUL-00:15,0.00,0.00,0.00,0.00,0.00
,August,-,-,-,-,-,-,-,-
,September,-,-,-,-,-,-,-,-
,October,-,-,-,-,-,-,-,-
,November,-,-,-,-,-,-,-,-
,December,-,-,-,-,-,-,-,-
,,,,,,,,,
,Annual Sum or Average,0.00,,,0.00,0.00,0.00,0.00,0.00
,Minimum of Months,0.00,0.00,,0.00,0.00,0.00,0.00,0.00
,Maximum of Months,0.00,0.00,,0.00,0.00,0.00,0.00,0.00


----------------------------------------------------------------------------------------------------
REPORT:,CoilReportMonthly
FOR:,PERIMETER_MID_ZN_3 VAV BOX REHEAT COIL
Custom Monthly Report

,,HEATING COIL HEATING ENERGY [J],HEATING COIL HEATING RATE {Maximum} [W],HEATING COIL HEATING RATE {TIMESTAMP},COOLING COIL TOTAL COOLING ENERGY [],COOLING COIL SENSIBLE COOLING ENERGY [],COOLING COIL TOTAL COOLING RATE [],COOLING COIL SENSIBLE COOLING RATE [],COOLING COIL WETTED AREA FRACTION []
,January,0.00,0.00,01-JAN-00:15,0.00,0.00,0.00,0.00,0.00
,February,-,-,-,-,-,-,-,-
,March,-,-,-,-,-,-,-,-
,April,0.00,0.00,01-APR-00:15,0.00,0.00,0.00,0.00,0.00
,May,-,-,-,-,-,-,-,-
,June,-,-,-,-,-,-,-,-
,July,0.00,0.00,01-JUL-00:15,0.00,0.00,0.00,0.00,0.00
,August,-,-,-,-,-,-,-,-
,September,-,-,-,-,-,-,-,-
,October,-,-,-,-,-,-,-,-
,November,-,-,-,-,-,-,-,-
,December,-,-,-,-,-,-,-,-
,,,,,,,,,
,Annual Sum or Average,0.00,,,0.00,0.00,0.00,0.00,0.00
,Minimum of Months,0.00,0.00,,0.00,0.00,0.00,0.00,0.00
,Maximum of Months,0.00,0.00,,0.00,0.00,0.00,0.00,0.00


----------------------------------------------------------------------------------------------------
REPORT:,CoilReportMonthly
FOR:,PERIMETER_MID_ZN_2 VAV BOX REHEAT COIL
Custom Monthly Report

,,HEATING COIL HEATING ENERGY [J],HEATING COIL HEATING RATE {Maximum} [W],HEATING COIL HEATING RATE {TIMESTAMP},COOLING COIL TOTAL COOLING ENERGY [],COOLING COIL SENSIBLE COOLING ENERGY [],COOLING COIL TOTAL COOLING RATE [],COOLING COIL SENSIBLE COOLING RATE [],COOLING COIL WETTED AREA FRACTION []
,January,0.00,0.00,01-JAN-00:15,0.00,0.00,0.00,0.00,0.00
,February,-,-,-,-,-,-,-,-
,March,-,-,-,-,-,-,-,-
,April,0.00,0.00,01-APR-00:15,0.00,0.00,0.00,0.00,0.00
,May,-,-,-,-,-,-,-,-
,June,-,-,-,-,-,-,-,-
,July,0.00,0.00,01-JUL-00:15,0.00,0.00,0.00,0.00,0.00
,August,-,-,-,-,-,-,-,-
,September,-,-,-,-,-,-,-,-
,October,-,-,-,-,-,-,-,-
,November,-,-,-,-,-,-,-,-
,December,-,-,-,-,-,-,-,-
,,,,,,,,,
,Annual Sum or Average,0.00,,,0.00,0.00,0.00,0.00,0.00
,Minimum of Months,0.00,0.00,,0.00,0.00,0.00,0.00,0.00
,Maximum of Months,0.00,0.00,,0.00,0.00,0.00,0.00,0.00


----------------------------------------------------------------------------------------------------
REPORT:,CoilReportMonthly
FOR:,PERIMETER_MID_ZN_1 VAV BOX REHEAT COIL
Custom Monthly Report

,,HEATING COIL HEATING ENERGY [J],HEATING COIL HEATING RATE {Maximum} [W],HEATING COIL HEATING RATE {TIMESTAMP},COOLING COIL TOTAL COOLING ENERGY [],COOLING COIL SENSIBLE COOLING ENERGY [],COOLING COIL TOTAL COOLING RATE [],COOLING COIL SENSIBLE COOLING RATE [],COOLING COIL WETTED AREA FRACTION []
,January,0.00,0.00,01-JAN-00:15,0.00,0.00,0.00,0.00,0.00
,February,-,-,-,-,-,-,-,-
,March,-,-,-,-,-,-,-,-
,April,0.00,0.00,01-APR-00:15,0.00,0.00,0.00,0.00,0.00
,May,-,-,-,-,-,-,-,-
,June,-,-,-,-,-,-,-,-
,July,0.00,0.00,01-JUL-00:15,0.00,0.00,0.00,0.00,0.00
,August,-,-,-,-,-,-,-,-
,September,-,-,-,-,-,-,-,-
,October,-,-,-,-,-,-,-,-
,November,-,-,-,-,-,-,-,-
,December,-,-,-,-,-,-,-,-
,,,,,,,,,
,Annual Sum or Average,0.00,,,0.00,0.00,0.00,0.00,0.00
,Minimum of Months,0.00,0.00,,0.00,0.00,0.00,0.00,0.00
,Maximum of Months,0.00,0.00,,0.00,0.00,0.00,0.00,0.00


----------------------------------------------------------------------------------------------------
REPORT:,CoilReportMonthly
FOR:,PERIMETER_MID_ZN_4 VAV BOX REHEAT COIL
Custom Monthly Report

,,HEATING COIL HEATING ENERGY [J],HEATING COIL HEATING RATE {Maximum} [W],HEATING COIL HEATING RATE {TIMESTAMP},COOLING COIL TOTAL COOLING ENERGY [],COOLING COIL SENSIBLE COOLING ENERGY [],COOLING COIL TOTAL COOLING RATE [],COOLING COIL SENSIBLE COOLING RATE [],COOLING COIL WETTED AREA FRACTION []
,January,0.00,0.00,01-JAN-00:15,0.00,0.00,0.00,0.00,0.00
,February,-,-,-,-,-,-,-,-
,March,-,-,-,-,-,-,-,-
,April,0.00,0.00,01-APR-00:15,0.00,0.00,0.00,0.00,0.00
,May,-,-,-,-,-,-,-,-
,June,-,-,-,-,-,-,-,-
,July,0.00,0.00,01-JUL-00:15,0.00,0.00,0.00,0.00,0.00
,August,-,-,-,-,-,-,-,-
,September,-,-,-,-,-,-,-,-
,October,-,-,-,-,-,-,-,-
,November,-,-,-,-,-,-,-,-
,December,-,-,-,-,-,-,-,-
,,,,,,,,,
,Annual Sum or Average,0.00,,,0.00,0.00,0.00,0.00,0.00
,Minimum of Months,0.00,0.00,,0.00,0.00,0.00,0.00,0.00
,Maximum of Months,0.00,0.00,,0.00,0.00,0.00,0.00,0.00


----------------------------------------------------------------------------------------------------
REPORT:,CoilReportMonthly
FOR:,PACU_VAV_BOT_HEATC
Custom Monthly Report

,,HEATING COIL HEATING ENERGY [J],HEATING COIL HEATING RATE {Maximum} [W],HEATING COIL HEATING RATE {TIMESTAMP},COOLING COIL TOTAL COOLING ENERGY [],COOLING COIL SENSIBLE COOLING ENERGY [],COOLING COIL TOTAL COOLING RATE [],COOLING COIL SENSIBLE COOLING RATE [],COOLING COIL WETTED AREA FRACTION []
,January,0.00,0.00,01-JAN-00:15,0.00,0.00,0.00,0.00,0.00
,February,-,-,-,-,-,-,-,-
,March,-,-,-,-,-,-,-,-
,April,0.00,0.00,01-APR-00:15,0.00,0.00,0.00,0.00,0.00
,May,-,-,-,-,-,-,-,-
,June,-,-,-,-,-,-,-,-
,July,0.00,0.00,01-JUL-00:15,0.00,0.00,0.00,0.00,0.00
,August,-,-,-,-,-,-,-,-
,September,-,-,-,-,-,-,-,-
,October,-,-,-,-,-,-,-,-
,November,-,-,-,-,-,-,-,-
,December,-,-,-,-,-,-,-,-
,,,,,,,,,
,Annual Sum or Average,0.00,,,0.00,0.00,0.00,0.00,0.00
,Minimum of Months,0.00,0.00,,0.00,0.00,0.00,0.00,0.00
,Maximum of Months,0.00,0.00,,0.00,0.00,0.00,0.00,0.00


----------------------------------------------------------------------------------------------------
REPORT:,CoilReportMonthly
FOR:,PACU_VAV_MID_HEATC
Custom Monthly Report

,,HEATING COIL HEATING ENERGY [J],HEATING COIL HEATING RATE {Maximum} [W],HEATING COIL HEATING RATE {TIMESTAMP},COOLING COIL TOTAL COOLING ENERGY [],COOLING COIL SENSIBLE COOLING ENERGY [],COOLING COIL TOTAL COOLING RATE [],COOLING COIL SENSIBLE COOLING RATE [],COOLING COIL WETTED AREA FRACTION []
,January,0.00,0.00,01-JAN-00:15,0.00,0.00,0.00,0.00,0.00
,February,-,-,-,-,-,-,-,-
,March,-,-,-,-,-,-,-,-
,April,0.00,0.00,01-APR-00:15,0.00,0.00,0.00,0.00,0.00
,May,-,-,-,-,-,-,-,-
,June,-,-,-,-,-,-,-,-
,July,0.00,0.00,01-JUL-00:15,0.00,0.00,0.00,0.00,0.00
,August,-,-,-,-,-,-,-,-
,September,-,-,-,-,-,-,-,-
,October,-,-,-,-,-,-,-,-
,November,-,-,-,-,-,-,-,-
,December,-,-,-,-,-,-,-,-
,,,,,,,,,
,Annual Sum or Average,0.00,,,0.00,0.00,0.00,0.00,0.00
,Minimum of Months,0.00,0.00,,0.00,0.00,0.00,0.00,0.00
,Maximum of Months,0.00,0.00,,0.00,0.00,0.00,0.00,0.00


----------------------------------------------------------------------------------------------------
REPORT:,CoilReportMonthly
FOR:,PACU_VAV_TOP_HEATC
Custom Monthly Report

,,HEATING COIL HEATING ENERGY [J],HEATING COIL HEATING RATE {Maximum} [W],HEATING COIL HEATING RATE {TIMESTAMP},COOLING COIL TOTAL COOLING ENERGY [],COOLING COIL SENSIBLE COOLING ENERGY [],COOLING COIL TOTAL COOLING RATE [],COOLING COIL SENSIBLE COOLING RATE [],COOLING COIL WETTED AREA FRACTION []
,January,0.00,0.00,01-JAN-00:15,0.00,0.00,0.00,0.00,0.00
,February,-,-,-,-,-,-,-,-
,March,-,-,-,-,-,-,-,-
,April,0.00,0.00,01-APR-00:15,0.00,0.00,0.00,0.00,0.00
,May,-,-,-,-,-,-,-,-
,June,-,-,-,-,-,-,-,-
,July,0.00,0.00,01-JUL-00:15,0.00,0.00,0.00,0.00,0.00
,August,-,-,-,-,-,-,-,-
,September,-,-,-,-,-,-,-,-
,October,-,-,-,-,-,-,-,-
,November,-,-,-,-,-,-,-,-
,December,-,-,-,-,-,-,-,-
,,,,,,,,,
,Annual Sum or Average,0.00,,,0.00,0.00,0.00,0.00,0.00
,Minimum of Months,0.00,0.00,,0.00,0.00,0.00,0.00,0.00
,Maximum of Months,0.00,0.00,,0.00,0.00,0.00,0.00,0.00


----------------------------------------------------------------------------------------------------
REPORT:,CoilReportMonthly
FOR:,PACU_VAV_BOT_COOLC DXCOIL
Custom Monthly Report

,,HEATING COIL HEATING ENERGY [],HEATING COIL HEATING RATE [],COOLING COIL TOTAL COOLING ENERGY [J],COOLING COIL SENSIBLE COOLING ENERGY [J],COOLING COIL TOTAL COOLING RATE {Maximum} [W],COOLING COIL TOTAL COOLING RATE {TIMESTAMP},COOLING COIL SENSIBLE COOLING RATE {AT MAX/MIN} [W],COOLING COIL WETTED AREA FRACTION []
,January,0.00,0.00,5.673851E+10,4.587473E+10,82786.81,13-JAN-15:15,49242.68,0.00
,February,-,-,-,-,-,-,-,-
,March,-,-,-,-,-,-,-,-
,April,0.00,0.00,7.800331E+10,6.388124E+10,114868.48,27-APR-07:15,46637.25,0.00
,May,-,-,-,-,-,-,-,-
,June,-,-,-,-,-,-,-,-
,July,0.00,0.00,8.416740E+10,5.146222E+10,112605.33,26-JUL-12:30,54668.77,0.00
,August,-,-,-,-,-,-,-,-
,September,-,-,-,-,-,-,-,-
,October,-,-,-,-,-,-,-,-
,November,-,-,-,-,-,-,-,-
,December,-,-,-,-,-,-,-,-
,,,,,,,,,
,Annual Sum or Average,0.00,0.00,2.189092E+11,1.612182E+11,,,,0.00
,Minimum of Months,0.00,0.00,5.673851E+10,4.587473E+10,82786.81,,46637.25,0.00
,Maximum of Months,0.00,0.00,8.416740E+10,6.388124E+10,114868.48,,54668.77,0.00


----------------------------------------------------------------------------------------------------
REPORT:,CoilReportMonthly
FOR:,PACU_VAV_MID_COOLC DXCOIL
Custom Monthly Report

,,HEATING COIL HEATING ENERGY [],HEATING COIL HEATING RATE [],COOLING COIL TOTAL COOLING ENERGY [J],COOLING COIL SENSIBLE COOLING ENERGY [J],COOLING COIL TOTAL COOLING RATE {Maximum} [W],COOLING COIL TOTAL COOLING RATE {TIMESTAMP},COOLING COIL SENSIBLE COOLING RATE {AT MAX/MIN} [W],COOLING COIL WETTED AREA FRACTION []
,January,0.00,0.00,4.622515E+10,3.753492E+10,71576.88,13-JAN-15:15,42438.43,0.00
,February,-,-,-,-,-,-,-,-
,March,-,-,-,-,-,-,-,-
,April,0.00,0.00,6.809740E+10,5.576552E+10,88893.94,27-APR-07:30,37485.01,0.00
,May,-,-,-,-,-,-,-,-
,June,-,-,-,-,-,-,-,-
,July,0.00,0.00,7.073272E+10,4.275910E+10,87333.28,26-JUL-12:45,43079.25,0.00
,August,-,-,-,-,-,-,-,-
,September,-,-,-,-,-,-,-,-
,October,-,-,-,-,-,-,-,-
,November,-,-,-,-,-,-,-,-
,December,-,-,-,-,-,-,-,-
,,,,,,,,,
,Annual Sum or Average,0.00,0.00,1.850553E+11,1.360595E+11,,,,0.00
,Minimum of Months,0.00,0.00,4.622515E+10,3.753492E+10,71576.88,,37485.01,0.00
,Maximum of Months,0.00,0.00,7.073272E+10,5.576552E+10,88893.94,,43079.25,0.00


----------------------------------------------------------------------------------------------------
REPORT:,CoilReportMonthly
FOR:,PACU_VAV_TOP_COOLC DXCOIL
Custom Monthly Report

,,HEATING COIL HEATING ENERGY [],HEATING COIL HEATING RATE [],COOLING COIL TOTAL COOLING ENERGY [J],COOLING COIL SENSIBLE COOLING ENERGY [J],COOLING COIL TOTAL COOLING RATE {Maximum} [W],COOLING COIL TOTAL COOLING RATE {TIMESTAMP},COOLING COIL SENSIBLE COOLING RATE {AT MAX/MIN} [W],COOLING COIL WETTED AREA FRACTION []
,January,0.00,0.00,4.838888E+10,3.913723E+10,77876.44,13-JAN-13:30,44833.18,0.00
,February,-,-,-,-,-,-,-,-
,March,-,-,-,-,-,-,-,-
,April,0.00,0.00,7.379609E+10,6.194509E+10,86520.12,30-APR-14:00,71975.63,0.00
,May,-,-,-,-,-,-,-,-
,June,-,-,-,-,-,-,-,-
,July,0.00,0.00,7.494170E+10,4.563770E+10,97925.46,26-JUL-13:15,49477.88,0.00
,August,-,-,-,-,-,-,-,-
,September,-,-,-,-,-,-,-,-
,October,-,-,-,-,-,-,-,-
,November,-,-,-,-,-,-,-,-
,December,-,-,-,-,-,-,-,-
,,,,,,,,,
,Annual Sum or Average,0.00,0.00,1.971267E+11,1.467200E+11,,,,0.00
,Minimum of Months,0.00,0.00,4.838888E+10,3.913723E+10,77876.44,,44833.18,0.00
,Maximum of Months,0.00,0.00,7.494170E+10,6.194509E+10,97925.46,,71975.63,0.00


----------------------------------------------------------------------------------------------------
REPORT:,PlantLoopDemandReportMonthly
FOR:,SHWSYS1
Custom Monthly Report

,,PLANT SUPPLY SIDE COOLING DEMAND RATE [W],PLANT SUPPLY SIDE COOLING DEMAND RATE {Maximum} [W],PLANT SUPPLY SIDE COOLING DEMAND RATE {TIMESTAMP},PLANT SUPPLY SIDE HEATING DEMAND RATE [W],PLANT SUPPLY SIDE HEATING DEMAND RATE {Maximum} [W],PLANT SUPPLY SIDE HEATING DEMAND RATE {TIMESTAMP}
,January,535.49,4348.96,01-JAN-16:30,1612.77,6752.07,31-JAN-12:00
,February,-,-,-,-,-,-
,March,-,-,-,-,-,-
,April,492.96,4371.56,29-APR-15:15,1587.80,6546.52,02-APR-11:45
,May,-,-,-,-,-,-
,June,-,-,-,-,-,-
,July,587.33,4432.41,29-JUL-14:45,1243.75,5555.97,02-JUL-11:30
,August,-,-,-,-,-,-
,September,-,-,-,-,-,-
,October,-,-,-,-,-,-
,November,-,-,-,-,-,-
,December,-,-,-,-,-,-
,,,,,,,
,Annual Sum or Average,539.09,,,1480.29,,
,Minimum of Months,492.96,4348.96,,1243.75,5555.97,
,Maximum of Months,587.33,4432.41,,1612.77,6752.07,


----------------------------------------------------------------------------------------------------
REPORT:,FanReportMonthly
FOR:,PACU_VAV_BOT FAN
Custom Monthly Report

,,FAN ELECTRICITY ENERGY [J],FAN RISE IN AIR TEMPERATURE [deltaC],FAN ELECTRICITY RATE {Maximum} [W],FAN ELECTRICITY RATE {TIMESTAMP},FAN RISE IN AIR TEMPERATURE {AT MAX/MIN} [deltaC]
,January,3.483471E+09,0.44,5881.63,02-JAN-08:30,1.22
,February,-,-,-,-,-
,March,-,-,-,-,-
,April,3.954159E+09,0.49,11203.33,17-APR-07:45,1.81
,May,-,-,-,-,-
,June,-,-,-,-,-
,July,3.681472E+09,0.45,12717.27,02-JUL-08:30,1.97
,August,-,-,-,-,-
,September,-,-,-,-,-
,October,-,-,-,-,-
,November,-,-,-,-,-
,December,-,-,-,-,-
,,,,,,
,Annual Sum or Average,1.111910E+10,0.46,,,
,Minimum of Months,3.483471E+09,0.44,5881.63,,1.22
,Maximum of Months,3.954159E+09,0.49,12717.27,,1.97


----------------------------------------------------------------------------------------------------
REPORT:,FanReportMonthly
FOR:,PACU_VAV_MID FAN
Custom Monthly Report

,,FAN ELECTRICITY ENERGY [J],FAN RISE IN AIR TEMPERATURE [deltaC],FAN ELECTRICITY RATE {Maximum} [W],FAN ELECTRICITY RATE {TIMESTAMP},FAN RISE IN AIR TEMPERATURE {AT MAX/MIN} [deltaC]
,January,2.912654E+09,0.44,5104.01,02-JAN-15:15,1.32
,February,-,-,-,-,-
,March,-,-,-,-,-
,April,3.494338E+09,0.51,9771.04,17-APR-07:45,1.98
,May,-,-,-,-,-
,June,-,-,-,-,-
,July,3.155649E+09,0.46,9771.04,02-JUL-07:00,1.98
,August,-,-,-,-,-
,September,-,-,-,-,-
,October,-,-,-,-,-
,November,-,-,-,-,-
,December,-,-,-,-,-
,,,,,,
,Annual Sum or Average,9.562641E+09,0.47,,,
,Minimum of Months,2.912654E+09,0.44,5104.01,,1.32
,Maximum of Months,3.494338E+09,0.51,9771.04,,1.98


----------------------------------------------------------------------------------------------------
REPORT:,FanReportMonthly
FOR:,PACU_VAV_TOP FAN
Custom Monthly Report

,,FAN ELECTRICITY ENERGY [J],FAN RISE IN AIR TEMPERATURE [deltaC],FAN ELECTRICITY RATE {Maximum} [W],FAN ELECTRICITY RATE {TIMESTAMP},FAN RISE IN AIR TEMPERATURE {AT MAX/MIN} [deltaC]
,January,2.754876E+09,0.42,4875.49,02-JAN-14:00,1.19
,February,-,-,-,-,-
,March,-,-,-,-,-
,April,3.583713E+09,0.49,7333.05,30-APR-14:30,1.52
,May,-,-,-,-,-
,June,-,-,-,-,-
,July,2.966230E+09,0.43,10886.03,02-JUL-10:15,1.95
,August,-,-,-,-,-
,September,-,-,-,-,-
,October,-,-,-,-,-
,November,-,-,-,-,-
,December,-,-,-,-,-
,,,,,,
,Annual Sum or Average,9.304818E+09,0.45,,,
,Minimum of Months,2.754876E+09,0.42,4875.49,,1.19
,Maximum of Months,3.583713E+09,0.49,10886.03,,1.95


----------------------------------------------------------------------------------------------------
REPORT:,PumpReportMonthly
FOR:,SHWSYS1 PUMP
Custom Monthly Report

,,PUMP ELECTRICITY ENERGY [J],PUMP FLUID HEAT GAIN ENERGY [J],PUMP ELECTRICITY RATE {Maximum} [W],PUMP ELECTRICITY RATE {TIMESTAMP},PUMP SHAFT POWER {AT MAX/MIN} [W],PUMP FLUID HEAT GAIN RATE {AT MAX/MIN} [W],PUMP OUTLET TEMPERATURE {AT MAX/MIN} [C],PUMP MASS FLOW RATE {AT MAX/MIN} [kg/s]
,January,12379738.55,3713921.57,6.85,01-JAN-06:15,2.06,2.06,73.15,0.05
,February,-,-,-,-,-,-,-,-
,March,-,-,-,-,-,-,-,-
,April,12083808.55,3625142.56,6.85,01-APR-05:15,2.06,2.06,73.18,0.05
,May,-,-,-,-,-,-,-,-
,June,-,-,-,-,-,-,-,-
,July,12379738.55,3713921.57,6.85,01-JUL-05:15,2.06,2.06,74.13,0.05
,August,-,-,-,-,-,-,-,-
,September,-,-,-,-,-,-,-,-
,October,-,-,-,-,-,-,-,-
,November,-,-,-,-,-,-,-,-
,December,-,-,-,-,-,-,-,-
,,,,,,,,,
,Annual Sum or Average,36843285.65,11052985.70,,,,,,
,Minimum of Months,12083808.55,3625142.56,6.85,,2.06,2.06,73.15,0.05
,Maximum of Months,12379738.55,3713921.57,6.85,,2.06,2.06,74.13,0.05


----------------------------------------------------------------------------------------------------
REPORT:,CondLoopDemandReportMonthly
FOR:,SHWSYS1
Custom Monthly Report

,,PLANT SUPPLY SIDE COOLING DEMAND RATE [W],PLANT SUPPLY SIDE COOLING DEMAND RATE {Maximum} [W],PLANT SUPPLY SIDE COOLING DEMAND RATE {TIMESTAMP},PLANT SUPPLY SIDE INLET TEMPERATURE {AT MAX/MIN} [C],PLANT SUPPLY SIDE OUTLET TEMPERATURE {AT MAX/MIN} [C],PLANT SUPPLY SIDE HEATING DEMAND RATE [W],PLANT SUPPLY SIDE HEATING DEMAND RATE {Maximum} [W],PLANT SUPPLY SIDE HEATING DEMAND RATE {TIMESTAMP}
,January,535.49,4348.96,01-JAN-16:30,79.31,82.22,1612.77,6752.07,31-JAN-12:00
,February,-,-,-,-,-,-,-,-
,March,-,-,-,-,-,-,-,-
,April,492.96,4371.56,29-APR-15:15,79.41,82.22,1587.80,6546.52,02-APR-11:45
,May,-,-,-,-,-,-,-,-
,June,-,-,-,-,-,-,-,-
,July,587.33,4432.41,29-JUL-14:45,79.68,82.22,1243.75,5555.97,02-JUL-11:30
,August,-,-,-,-,-,-,-,-
,September,-,-,-,-,-,-,-,-
,October,-,-,-,-,-,-,-,-
,November,-,-,-,-,-,-,-,-
,December,-,-,-,-,-,-,-,-
,,,,,,,,,
,Annual Sum or Average,539.09,,,,,1480.29,,
,Minimum of Months,492.96,4348.96,,79.31,82.22,1243.75,5555.97,
,Maximum of Months,587.33,4432.41,,79.68,82.22,1612.77,6752.07,


----------------------------------------------------------------------------------------------------
REPORT:,ZoneTemperatureOscillationReportMonthly
FOR:,CORE_BOTTOM
Custom Monthly Report

,,ZONE OSCILLATING TEMPERATURES TIME {HOURS NON-ZERO} [HOURS],ZONE PEOPLE OCCUPANT COUNT {FOR HOURS SHOWN} []
,January,0.00,0.00
,February,-,-
,March,-,-
,April,0.00,0.00
,May,-,-
,June,-,-
,July,0.00,0.00
,August,-,-
,September,-,-
,October,-,-
,November,-,-
,December,-,-
,,,
,Annual Sum or Average,0.00,
,Minimum of Months,0.00,0.00
,Maximum of Months,0.00,0.00


----------------------------------------------------------------------------------------------------
REPORT:,ZoneTemperatureOscillationReportMonthly
FOR:,TOPFLOOR_PLENUM
Custom Monthly Report

,,ZONE OSCILLATING TEMPERATURES TIME {HOURS NON-ZERO} [HOURS],ZONE PEOPLE OCCUPANT COUNT []
,January,0.00,0.00
,February,-,-
,March,-,-
,April,0.00,0.00
,May,-,-
,June,-,-
,July,0.00,0.00
,August,-,-
,September,-,-
,October,-,-
,November,-,-
,December,-,-
,,,
,Annual Sum or Average,0.00,0.00
,Minimum of Months,0.00,0.00
,Maximum of Months,0.00,0.00


----------------------------------------------------------------------------------------------------
REPORT:,ZoneTemperatureOscillationReportMonthly
FOR:,MIDFLOOR_PLENUM
Custom Monthly Report

,,ZONE OSCILLATING TEMPERATURES TIME {HOURS NON-ZERO} [HOURS],ZONE PEOPLE OCCUPANT COUNT []
,January,0.00,0.00
,February,-,-
,March,-,-
,April,0.00,0.00
,May,-,-
,June,-,-
,July,0.00,0.00
,August,-,-
,September,-,-
,October,-,-
,November,-,-
,December,-,-
,,,
,Annual Sum or Average,0.00,0.00
,Minimum of Months,0.00,0.00
,Maximum of Months,0.00,0.00


----------------------------------------------------------------------------------------------------
REPORT:,ZoneTemperatureOscillationReportMonthly
FOR:,FIRSTFLOOR_PLENUM
Custom Monthly Report

,,ZONE OSCILLATING TEMPERATURES TIME {HOURS NON-ZERO} [HOURS],ZONE PEOPLE OCCUPANT COUNT []
,January,0.00,0.00
,February,-,-
,March,-,-
,April,0.00,0.00
,May,-,-
,June,-,-
,July,0.00,0.00
,August,-,-
,September,-,-
,October,-,-
,November,-,-
,December,-,-
,,,
,Annual Sum or Average,0.00,0.00
,Minimum of Months,0.00,0.00
,Maximum of Months,0.00,0.00


----------------------------------------------------------------------------------------------------
REPORT:,ZoneTemperatureOscillationReportMonthly
FOR:,CORE_MID
Custom Monthly Report

,,ZONE OSCILLATING TEMPERATURES TIME {HOURS NON-ZERO} [HOURS],ZONE PEOPLE OCCUPANT COUNT {FOR HOURS SHOWN} []
,January,0.00,0.00
,February,-,-
,March,-,-
,April,0.00,0.00
,May,-,-
,June,-,-
,July,0.00,0.00
,August,-,-
,September,-,-
,October,-,-
,November,-,-
,December,-,-
,,,
,Annual Sum or Average,0.00,
,Minimum of Months,0.00,0.00
,Maximum of Months,0.00,0.00


----------------------------------------------------------------------------------------------------
REPORT:,ZoneTemperatureOscillationReportMonthly
FOR:,CORE_TOP
Custom Monthly Report

,,ZONE OSCILLATING TEMPERATURES TIME {HOURS NON-ZERO} [HOURS],ZONE PEOPLE OCCUPANT COUNT {FOR HOURS SHOWN} []
,January,0.00,0.00
,February,-,-
,March,-,-
,April,0.00,0.00
,May,-,-
,June,-,-
,July,0.00,0.00
,August,-,-
,September,-,-
,October,-,-
,November,-,-
,December,-,-
,,,
,Annual Sum or Average,0.00,
,Minimum of Months,0.00,0.00
,Maximum of Months,0.00,0.00


----------------------------------------------------------------------------------------------------
REPORT:,ZoneTemperatureOscillationReportMonthly
FOR:,PERIMETER_TOP_ZN_3
Custom Monthly Report

,,ZONE OSCILLATING TEMPERATURES TIME {HOURS NON-ZERO} [HOURS],ZONE PEOPLE OCCUPANT COUNT {FOR HOURS SHOWN} []
,January,0.00,0.00
,February,-,-
,March,-,-
,April,0.00,0.00
,May,-,-
,June,-,-
,July,0.00,0.00
,August,-,-
,September,-,-
,October,-,-
,November,-,-
,December,-,-
,,,
,Annual Sum or Average,0.00,
,Minimum of Months,0.00,0.00
,Maximum of Months,0.00,0.00


----------------------------------------------------------------------------------------------------
REPORT:,ZoneTemperatureOscillationReportMonthly
FOR:,PERIMETER_TOP_ZN_2
Custom Monthly Report

,,ZONE OSCILLATING TEMPERATURES TIME {HOURS NON-ZERO} [HOURS],ZONE PEOPLE OCCUPANT COUNT {FOR HOURS SHOWN} []
,January,0.00,0.00
,February,-,-
,March,-,-
,April,0.00,0.00
,May,-,-
,June,-,-
,July,0.00,0.00
,August,-,-
,September,-,-
,October,-,-
,November,-,-
,December,-,-
,,,
,Annual Sum or Average,0.00,
,Minimum of Months,0.00,0.00
,Maximum of Months,0.00,0.00


----------------------------------------------------------------------------------------------------
REPORT:,ZoneTemperatureOscillationReportMonthly
FOR:,PERIMETER_TOP_ZN_1
Custom Monthly Report

,,ZONE OSCILLATING TEMPERATURES TIME {HOURS NON-ZERO} [HOURS],ZONE PEOPLE OCCUPANT COUNT {FOR HOURS SHOWN} []
,January,0.00,0.00
,February,-,-
,March,-,-
,April,0.00,0.00
,May,-,-
,June,-,-
,July,0.00,0.00
,August,-,-
,September,-,-
,October,-,-
,November,-,-
,December,-,-
,,,
,Annual Sum or Average,0.00,
,Minimum of Months,0.00,0.00
,Maximum of Months,0.00,0.00


----------------------------------------------------------------------------------------------------
REPORT:,ZoneTemperatureOscillationReportMonthly
FOR:,PERIMETER_TOP_ZN_4
Custom Monthly Report

,,ZONE OSCILLATING TEMPERATURES TIME {HOURS NON-ZERO} [HOURS],ZONE PEOPLE OCCUPANT COUNT {FOR HOURS SHOWN} []
,January,0.00,0.00
,February,-,-
,March,-,-
,April,0.00,0.00
,May,-,-
,June,-,-
,July,0.00,0.00
,August,-,-
,September,-,-
,October,-,-
,November,-,-
,December,-,-
,,,
,Annual Sum or Average,0.00,
,Minimum of Months,0.00,0.00
,Maximum of Months,0.00,0.00


----------------------------------------------------------------------------------------------------
REPORT:,ZoneTemperatureOscillationReportMonthly
FOR:,PERIMETER_BOT_ZN_3
Custom Monthly Report

,,ZONE OSCILLATING TEMPERATURES TIME {HOURS NON-ZERO} [HOURS],ZONE PEOPLE OCCUPANT COUNT {FOR HOURS SHOWN} []
,January,0.00,0.00
,February,-,-
,March,-,-
,April,0.00,0.00
,May,-,-
,June,-,-
,July,0.00,0.00
,August,-,-
,September,-,-
,October,-,-
,November,-,-
,December,-,-
,,,
,Annual Sum or Average,0.00,
,Minimum of Months,0.00,0.00
,Maximum of Months,0.00,0.00


----------------------------------------------------------------------------------------------------
REPORT:,ZoneTemperatureOscillationReportMonthly
FOR:,PERIMETER_BOT_ZN_2
Custom Monthly Report

,,ZONE OSCILLATING TEMPERATURES TIME {HOURS NON-ZERO} [HOURS],ZONE PEOPLE OCCUPANT COUNT {FOR HOURS SHOWN} []
,January,0.00,0.00
,February,-,-
,March,-,-
,April,0.00,0.00
,May,-,-
,June,-,-
,July,0.00,0.00
,August,-,-
,September,-,-
,October,-,-
,November,-,-
,December,-,-
,,,
,Annual Sum or Average,0.00,
,Minimum of Months,0.00,0.00
,Maximum of Months,0.00,0.00


----------------------------------------------------------------------------------------------------
REPORT:,ZoneTemperatureOscillationReportMonthly
FOR:,PERIMETER_BOT_ZN_1
Custom Monthly Report

,,ZONE OSCILLATING TEMPERATURES TIME {HOURS NON-ZERO} [HOURS],ZONE PEOPLE OCCUPANT COUNT {FOR HOURS SHOWN} []
,January,0.00,0.00
,February,-,-
,March,-,-
,April,0.00,0.00
,May,-,-
,June,-,-
,July,0.00,0.00
,August,-,-
,September,-,-
,October,-,-
,November,-,-
,December,-,-
,,,
,Annual Sum or Average,0.00,
,Minimum of Months,0.00,0.00
,Maximum of Months,0.00,0.00


----------------------------------------------------------------------------------------------------
REPORT:,ZoneTemperatureOscillationReportMonthly
FOR:,PERIMETER_BOT_ZN_4
Custom Monthly Report

,,ZONE OSCILLATING TEMPERATURES TIME {HOURS NON-ZERO} [HOURS],ZONE PEOPLE OCCUPANT COUNT {FOR HOURS SHOWN} []
,January,0.00,0.00
,February,-,-
,March,-,-
,April,0.00,0.00
,May,-,-
,June,-,-
,July,0.00,0.00
,August,-,-
,September,-,-
,October,-,-
,November,-,-
,December,-,-
,,,
,Annual Sum or Average,0.00,
,Minimum of Months,0.00,0.00
,Maximum of Months,0.00,0.00


----------------------------------------------------------------------------------------------------
REPORT:,ZoneTemperatureOscillationReportMonthly
FOR:,PERIMETER_MID_ZN_3
Custom Monthly Report

,,ZONE OSCILLATING TEMPERATURES TIME {HOURS NON-ZERO} [HOURS],ZONE PEOPLE OCCUPANT COUNT {FOR HOURS SHOWN} []
,January,0.00,0.00
,February,-,-
,March,-,-
,April,0.00,0.00
,May,-,-
,June,-,-
,July,0.00,0.00
,August,-,-
,September,-,-
,October,-,-
,November,-,-
,December,-,-
,,,
,Annual Sum or Average,0.00,
,Minimum of Months,0.00,0.00
,Maximum of Months,0.00,0.00


----------------------------------------------------------------------------------------------------
REPORT:,ZoneTemperatureOscillationReportMonthly
FOR:,PERIMETER_MID_ZN_2
Custom Monthly Report

,,ZONE OSCILLATING TEMPERATURES TIME {HOURS NON-ZERO} [HOURS],ZONE PEOPLE OCCUPANT COUNT {FOR HOURS SHOWN} []
,January,0.00,0.00
,February,-,-
,March,-,-
,April,0.00,0.00
,May,-,-
,June,-,-
,July,0.00,0.00
,August,-,-
,September,-,-
,October,-,-
,November,-,-
,December,-,-
,,,
,Annual Sum or Average,0.00,
,Minimum of Months,0.00,0.00
,Maximum of Months,0.00,0.00


----------------------------------------------------------------------------------------------------
REPORT:,ZoneTemperatureOscillationReportMonthly
FOR:,PERIMETER_MID_ZN_1
Custom Monthly Report

,,ZONE OSCILLATING TEMPERATURES TIME {HOURS NON-ZERO} [HOURS],ZONE PEOPLE OCCUPANT COUNT {FOR HOURS SHOWN} []
,January,0.00,0.00
,February,-,-
,March,-,-
,April,0.00,0.00
,May,-,-
,June,-,-
,July,0.00,0.00
,August,-,-
,September,-,-
,October,-,-
,November,-,-
,December,-,-
,,,
,Annual Sum or Average,0.00,
,Minimum of Months,0.00,0.00
,Maximum of Months,0.00,0.00


----------------------------------------------------------------------------------------------------
REPORT:,ZoneTemperatureOscillationReportMonthly
FOR:,PERIMETER_MID_ZN_4
Custom Monthly Report

,,ZONE OSCILLATING TEMPERATURES TIME {HOURS NON-ZERO} [HOURS],ZONE PEOPLE OCCUPANT COUNT {FOR HOURS SHOWN} []
,January,0.00,0.00
,February,-,-
,March,-,-
,April,0.00,0.00
,May,-,-
,June,-,-
,July,0.00,0.00
,August,-,-
,September,-,-
,October,-,-
,November,-,-
,December,-,-
,,,
,Annual Sum or Average,0.00,
,Minimum of Months,0.00,0.00
,Maximum of Months,0.00,0.00


----------------------------------------------------------------------------------------------------
REPORT:,AirLoopSystemEnergyAndWaterUseMonthly
FOR:,PACU_VAV_BOT
Custom Monthly Report

,,AIR SYSTEM HOT WATER ENERGY [J],AIR SYSTEM STEAM ENERGY [J],AIR SYSTEM CHILLED WATER ENERGY [J],AIR SYSTEM ELECTRICITY ENERGY [J],AIR SYSTEM NATURAL GAS ENERGY [],AIR SYSTEM WATER VOLUME [m3]
,January,0.00,0.00,0.00,1.709648E+10,0.00,0.00
,February,-,-,-,-,-,-
,March,-,-,-,-,-,-
,April,0.00,0.00,0.00,2.481090E+10,0.00,0.00
,May,-,-,-,-,-,-
,June,-,-,-,-,-,-
,July,0.00,0.00,0.00,2.377687E+10,0.00,0.00
,August,-,-,-,-,-,-
,September,-,-,-,-,-,-
,October,-,-,-,-,-,-
,November,-,-,-,-,-,-
,December,-,-,-,-,-,-
,,,,,,,
,Annual Sum or Average,0.00,0.00,0.00,6.568426E+10,0.00,0.00
,Minimum of Months,0.00,0.00,0.00,1.709648E+10,0.00,0.00
,Maximum of Months,0.00,0.00,0.00,2.481090E+10,0.00,0.00


----------------------------------------------------------------------------------------------------
REPORT:,AirLoopSystemEnergyAndWaterUseMonthly
FOR:,PACU_VAV_MID
Custom Monthly Report

,,AIR SYSTEM HOT WATER ENERGY [J],AIR SYSTEM STEAM ENERGY [J],AIR SYSTEM CHILLED WATER ENERGY [J],AIR SYSTEM ELECTRICITY ENERGY [J],AIR SYSTEM NATURAL GAS ENERGY [],AIR SYSTEM WATER VOLUME [m3]
,January,0.00,0.00,0.00,1.398173E+10,0.00,0.00
,February,-,-,-,-,-,-
,March,-,-,-,-,-,-
,April,0.00,0.00,0.00,2.160584E+10,0.00,0.00
,May,-,-,-,-,-,-
,June,-,-,-,-,-,-
,July,0.00,0.00,0.00,1.999313E+10,0.00,0.00
,August,-,-,-,-,-,-
,September,-,-,-,-,-,-
,October,-,-,-,-,-,-
,November,-,-,-,-,-,-
,December,-,-,-,-,-,-
,,,,,,,
,Annual Sum or Average,0.00,0.00,0.00,5.558069E+10,0.00,0.00
,Minimum of Months,0.00,0.00,0.00,1.398173E+10,0.00,0.00
,Maximum of Months,0.00,0.00,0.00,2.160584E+10,0.00,0.00


----------------------------------------------------------------------------------------------------
REPORT:,AirLoopSystemEnergyAndWaterUseMonthly
FOR:,PACU_VAV_TOP
Custom Monthly Report

,,AIR SYSTEM HOT WATER ENERGY [J],AIR SYSTEM STEAM ENERGY [J],AIR SYSTEM CHILLED WATER ENERGY [J],AIR SYSTEM ELECTRICITY ENERGY [J],AIR SYSTEM NATURAL GAS ENERGY [],AIR SYSTEM WATER VOLUME [m3]
,January,0.00,0.00,0.00,1.441382E+10,0.00,0.00
,February,-,-,-,-,-,-
,March,-,-,-,-,-,-
,April,0.00,0.00,0.00,2.336224E+10,0.00,0.00
,May,-,-,-,-,-,-
,June,-,-,-,-,-,-
,July,0.00,0.00,0.00,2.086186E+10,0.00,0.00
,August,-,-,-,-,-,-
,September,-,-,-,-,-,-
,October,-,-,-,-,-,-
,November,-,-,-,-,-,-
,December,-,-,-,-,-,-
,,,,,,,
,Annual Sum or Average,0.00,0.00,0.00,5.863792E+10,0.00,0.00
,Minimum of Months,0.00,0.00,0.00,1.441382E+10,0.00,0.00
,Maximum of Months,0.00,0.00,0.00,2.336224E+10,0.00,0.00


----------------------------------------------------------------------------------------------------
REPORT:,AirLoopSystemComponentLoadsMonthly
FOR:,PACU_VAV_BOT
Custom Monthly Report

,,AIR SYSTEM FAN AIR HEATING ENERGY [J],AIR SYSTEM COOLING COIL TOTAL COOLING ENERGY [J],AIR SYSTEM HEATING COIL TOTAL HEATING ENERGY [J],AIR SYSTEM HEAT EXCHANGER TOTAL HEATING ENERGY [J],AIR SYSTEM HEAT EXCHANGER TOTAL COOLING ENERGY [J],AIR SYSTEM HUMIDIFIER TOTAL HEATING ENERGY [J],AIR SYSTEM EVAPORATIVE COOLER TOTAL COOLING ENERGY [J],AIR SYSTEM DESICCANT DEHUMIDIFIER TOTAL COOLING ENERGY [J]
,January,3.483471E+09,5.673851E+10,0.00,0.00,0.00,0.00,0.00,0.00
,February,-,-,-,-,-,-,-,-
,March,-,-,-,-,-,-,-,-
,April,3.954159E+09,7.800331E+10,0.00,0.00,0.00,0.00,0.00,0.00
,May,-,-,-,-,-,-,-,-
,June,-,-,-,-,-,-,-,-
,July,3.681472E+09,8.416740E+10,0.00,0.00,0.00,0.00,0.00,0.00
,August,-,-,-,-,-,-,-,-
,September,-,-,-,-,-,-,-,-
,October,-,-,-,-,-,-,-,-
,November,-,-,-,-,-,-,-,-
,December,-,-,-,-,-,-,-,-
,,,,,,,,,
,Annual Sum or Average,1.111910E+10,2.189092E+11,0.00,0.00,0.00,0.00,0.00,0.00
,Minimum of Months,3.483471E+09,5.673851E+10,0.00,0.00,0.00,0.00,0.00,0.00
,Maximum of Months,3.954159E+09,8.416740E+10,0.00,0.00,0.00,0.00,0.00,0.00


----------------------------------------------------------------------------------------------------
REPORT:,AirLoopSystemComponentLoadsMonthly
FOR:,PACU_VAV_MID
Custom Monthly Report

,,AIR SYSTEM FAN AIR HEATING ENERGY [J],AIR SYSTEM COOLING COIL TOTAL COOLING ENERGY [J],AIR SYSTEM HEATING COIL TOTAL HEATING ENERGY [J],AIR SYSTEM HEAT EXCHANGER TOTAL HEATING ENERGY [J],AIR SYSTEM HEAT EXCHANGER TOTAL COOLING ENERGY [J],AIR SYSTEM HUMIDIFIER TOTAL HEATING ENERGY [J],AIR SYSTEM EVAPORATIVE COOLER TOTAL COOLING ENERGY [J],AIR SYSTEM DESICCANT DEHUMIDIFIER TOTAL COOLING ENERGY [J]
,January,2.912654E+09,4.622515E+10,0.00,0.00,0.00,0.00,0.00,0.00
,February,-,-,-,-,-,-,-,-
,March,-,-,-,-,-,-,-,-
,April,3.494338E+09,6.809740E+10,0.00,0.00,0.00,0.00,0.00,0.00
,May,-,-,-,-,-,-,-,-
,June,-,-,-,-,-,-,-,-
,July,3.155649E+09,7.073272E+10,0.00,0.00,0.00,0.00,0.00,0.00
,August,-,-,-,-,-,-,-,-
,September,-,-,-,-,-,-,-,-
,October,-,-,-,-,-,-,-,-
,November,-,-,-,-,-,-,-,-
,December,-,-,-,-,-,-,-,-
,,,,,,,,,
,Annual Sum or Average,9.562641E+09,1.850553E+11,0.00,0.00,0.00,0.00,0.00,0.00
,Minimum of Months,2.912654E+09,4.622515E+10,0.00,0.00,0.00,0.00,0.00,0.00
,Maximum of Months,3.494338E+09,7.073272E+10,0.00,0.00,0.00,0.00,0.00,0.00


----------------------------------------------------------------------------------------------------
REPORT:,AirLoopSystemComponentLoadsMonthly
FOR:,PACU_VAV_TOP
Custom Monthly Report

,,AIR SYSTEM FAN AIR HEATING ENERGY [J],AIR SYSTEM COOLING COIL TOTAL COOLING ENERGY [J],AIR SYSTEM HEATING COIL TOTAL HEATING ENERGY [J],AIR SYSTEM HEAT EXCHANGER TOTAL HEATING ENERGY [J],AIR SYSTEM HEAT EXCHANGER TOTAL COOLING ENERGY [J],AIR SYSTEM HUMIDIFIER TOTAL HEATING ENERGY [J],AIR SYSTEM EVAPORATIVE COOLER TOTAL COOLING ENERGY [J],AIR SYSTEM DESICCANT DEHUMIDIFIER TOTAL COOLING ENERGY [J]
,January,2.754876E+09,4.838888E+10,0.00,0.00,0.00,0.00,0.00,0.00
,February,-,-,-,-,-,-,-,-
,March,-,-,-,-,-,-,-,-
,April,3.583713E+09,7.379609E+10,0.00,0.00,0.00,0.00,0.00,0.00
,May,-,-,-,-,-,-,-,-
,June,-,-,-,-,-,-,-,-
,July,2.966230E+09,7.494170E+10,0.00,0.00,0.00,0.00,0.00,0.00
,August,-,-,-,-,-,-,-,-
,September,-,-,-,-,-,-,-,-
,October,-,-,-,-,-,-,-,-
,November,-,-,-,-,-,-,-,-
,December,-,-,-,-,-,-,-,-
,,,,,,,,,
,Annual Sum or Average,9.304818E+09,1.971267E+11,0.00,0.00,0.00,0.00,0.00,0.00
,Minimum of Months,2.754876E+09,4.838888E+10,0.00,0.00,0.00,0.00,0.00,0.00
,Maximum of Months,3.583713E+09,7.494170E+10,0.00,0.00,0.00,0.00,0.00,0.00


----------------------------------------------------------------------------------------------------
REPORT:,AirLoopSystemComponentEnergyUseMonthly
FOR:,PACU_VAV_BOT
Custom Monthly Report

,,AIR SYSTEM FAN ELECTRICITY ENERGY [J],AIR SYSTEM HEATING COIL HOT WATER ENERGY [J],AIR SYSTEM COOLING COIL CHILLED WATER ENERGY [J],AIR SYSTEM DX HEATING COIL ELECTRICITY ENERGY [J],AIR SYSTEM DX COOLING COIL ELECTRICITY ENERGY [J],AIR SYSTEM HEATING COIL ELECTRICITY ENERGY [J],AIR SYSTEM HEATING COIL NATURAL GAS ENERGY [],AIR SYSTEM HEATING COIL STEAM ENERGY [J],AIR SYSTEM HUMIDIFIER ELECTRICITY ENERGY [J],AIR SYSTEM HUMIDIFIER NATURAL GAS ENERGY [],AIR SYSTEM EVAPORATIVE COOLER ELECTRICITY ENERGY [J],AIR SYSTEM DESICCANT DEHUMIDIFIER ELECTRICITY ENERGY [J]
,January,3.483471E+09,0.00,0.00,0.00,1.361301E+10,0.00,0.00,0.00,0.00,0.00,0.00,0.00
,February,-,-,-,-,-,-,-,-,-,-,-,-
,March,-,-,-,-,-,-,-,-,-,-,-,-
,April,3.954159E+09,0.00,0.00,0.00,2.085674E+10,0.00,0.00,0.00,0.00,0.00,0.00,0.00
,May,-,-,-,-,-,-,-,-,-,-,-,-
,June,-,-,-,-,-,-,-,-,-,-,-,-
,July,3.681472E+09,0.00,0.00,0.00,2.009540E+10,0.00,0.00,0.00,0.00,0.00,0.00,0.00
,August,-,-,-,-,-,-,-,-,-,-,-,-
,September,-,-,-,-,-,-,-,-,-,-,-,-
,October,-,-,-,-,-,-,-,-,-,-,-,-
,November,-,-,-,-,-,-,-,-,-,-,-,-
,December,-,-,-,-,-,-,-,-,-,-,-,-
,,,,,,,,,,,,,
,Annual Sum or Average,1.111910E+10,0.00,0.00,0.00,5.456516E+10,0.00,0.00,0.00,0.00,0.00,0.00,0.00
,Minimum of Months,3.483471E+09,0.00,0.00,0.00,1.361301E+10,0.00,0.00,0.00,0.00,0.00,0.00,0.00
,Maximum of Months,3.954159E+09,0.00,0.00,0.00,2.085674E+10,0.00,0.00,0.00,0.00,0.00,0.00,0.00


----------------------------------------------------------------------------------------------------
REPORT:,AirLoopSystemComponentEnergyUseMonthly
FOR:,PACU_VAV_MID
Custom Monthly Report

,,AIR SYSTEM FAN ELECTRICITY ENERGY [J],AIR SYSTEM HEATING COIL HOT WATER ENERGY [J],AIR SYSTEM COOLING COIL CHILLED WATER ENERGY [J],AIR SYSTEM DX HEATING COIL ELECTRICITY ENERGY [J],AIR SYSTEM DX COOLING COIL ELECTRICITY ENERGY [J],AIR SYSTEM HEATING COIL ELECTRICITY ENERGY [J],AIR SYSTEM HEATING COIL NATURAL GAS ENERGY [],AIR SYSTEM HEATING COIL STEAM ENERGY [J],AIR SYSTEM HUMIDIFIER ELECTRICITY ENERGY [J],AIR SYSTEM HUMIDIFIER NATURAL GAS ENERGY [],AIR SYSTEM EVAPORATIVE COOLER ELECTRICITY ENERGY [J],AIR SYSTEM DESICCANT DEHUMIDIFIER ELECTRICITY ENERGY [J]
,January,2.912654E+09,0.00,0.00,0.00,1.106907E+10,0.00,0.00,0.00,0.00,0.00,0.00,0.00
,February,-,-,-,-,-,-,-,-,-,-,-,-
,March,-,-,-,-,-,-,-,-,-,-,-,-
,April,3.494338E+09,0.00,0.00,0.00,1.811150E+10,0.00,0.00,0.00,0.00,0.00,0.00,0.00
,May,-,-,-,-,-,-,-,-,-,-,-,-
,June,-,-,-,-,-,-,-,-,-,-,-,-
,July,3.155649E+09,0.00,0.00,0.00,1.683748E+10,0.00,0.00,0.00,0.00,0.00,0.00,0.00
,August,-,-,-,-,-,-,-,-,-,-,-,-
,September,-,-,-,-,-,-,-,-,-,-,-,-
,October,-,-,-,-,-,-,-,-,-,-,-,-
,November,-,-,-,-,-,-,-,-,-,-,-,-
,December,-,-,-,-,-,-,-,-,-,-,-,-
,,,,,,,,,,,,,
,Annual Sum or Average,9.562641E+09,0.00,0.00,0.00,4.601805E+10,0.00,0.00,0.00,0.00,0.00,0.00,0.00
,Minimum of Months,2.912654E+09,0.00,0.00,0.00,1.106907E+10,0.00,0.00,0.00,0.00,0.00,0.00,0.00
,Maximum of Months,3.494338E+09,0.00,0.00,0.00,1.811150E+10,0.00,0.00,0.00,0.00,0.00,0.00,0.00


----------------------------------------------------------------------------------------------------
REPORT:,AirLoopSystemComponentEnergyUseMonthly
FOR:,PACU_VAV_TOP
Custom Monthly Report

,,AIR SYSTEM FAN ELECTRICITY ENERGY [J],AIR SYSTEM HEATING COIL HOT WATER ENERGY [J],AIR SYSTEM COOLING COIL CHILLED WATER ENERGY [J],AIR SYSTEM DX HEATING COIL ELECTRICITY ENERGY [J],AIR SYSTEM DX COOLING COIL ELECTRICITY ENERGY [J],AIR SYSTEM HEATING COIL ELECTRICITY ENERGY [J],AIR SYSTEM HEATING COIL NATURAL GAS ENERGY [],AIR SYSTEM HEATING COIL STEAM ENERGY [J],AIR SYSTEM HUMIDIFIER ELECTRICITY ENERGY [J],AIR SYSTEM HUMIDIFIER NATURAL GAS ENERGY [],AIR SYSTEM EVAPORATIVE COOLER ELECTRICITY ENERGY [J],AIR SYSTEM DESICCANT DEHUMIDIFIER ELECTRICITY ENERGY [J]
,January,2.754876E+09,0.00,0.00,0.00,1.165894E+10,0.00,0.00,0.00,0.00,0.00,0.00,0.00
,February,-,-,-,-,-,-,-,-,-,-,-,-
,March,-,-,-,-,-,-,-,-,-,-,-,-
,April,3.583713E+09,0.00,0.00,0.00,1.977853E+10,0.00,0.00,0.00,0.00,0.00,0.00,0.00
,May,-,-,-,-,-,-,-,-,-,-,-,-
,June,-,-,-,-,-,-,-,-,-,-,-,-
,July,2.966230E+09,0.00,0.00,0.00,1.789563E+10,0.00,0.00,0.00,0.00,0.00,0.00,0.00
,August,-,-,-,-,-,-,-,-,-,-,-,-
,September,-,-,-,-,-,-,-,-,-,-,-,-
,October,-,-,-,-,-,-,-,-,-,-,-,-
,November,-,-,-,-,-,-,-,-,-,-,-,-
,December,-,-,-,-,-,-,-,-,-,-,-,-
,,,,,,,,,,,,,
,Annual Sum or Average,9.304818E+09,0.00,0.00,0.00,4.933310E+10,0.00,0.00,0.00,0.00,0.00,0.00,0.00
,Minimum of Months,2.754876E+09,0.00,0.00,0.00,1.165894E+10,0.00,0.00,0.00,0.00,0.00,0.00,0.00
,Maximum of Months,3.583713E+09,0.00,0.00,0.00,1.977853E+10,0.00,0.00,0.00,0.00,0.00,0.00,0.00


----------------------------------------------------------------------------------------------------
REPORT:,MechanicalVentilationLoadsMonthly
FOR:,CORE_BOTTOM
Custom Monthly Report

,,ZONE MECHANICAL VENTILATION NO LOAD HEAT REMOVAL ENERGY [J],ZONE MECHANICAL VENTILATION COOLING LOAD INCREASE ENERGY [J],ZONE MECHANICAL VENTILATION COOLING LOAD INCREASE DUE TO OVERHEATING ENERGY [J],ZONE MECHANICAL VENTILATION COOLING LOAD DECREASE ENERGY [J],ZONE MECHANICAL VENTILATION NO LOAD HEAT ADDITION ENERGY [J],ZONE MECHANICAL VENTILATION HEATING LOAD INCREASE ENERGY [J],ZONE MECHANICAL VENTILATION HEATING LOAD INCREASE DUE TO OVERCOOLING ENERGY [J],ZONE MECHANICAL VENTILATION HEATING LOAD DECREASE ENERGY [J],ZONE MECHANICAL VENTILATION AIR CHANGES PER HOUR [ach]
,January,1.242206E+08,1.861038E+09,0.00,20244141.43,1.823892E+08,0.00,4.314065E+09,0.00,0.86
,February,-,-,-,-,-,-,-,-,-
,March,-,-,-,-,-,-,-,-,-
,April,562498.10,8.568427E+09,0.00,2086979.63,2.437515E+08,0.00,1.075822E+08,0.00,0.44
,May,-,-,-,-,-,-,-,-,-
,June,-,-,-,-,-,-,-,-,-
,July,0.00,1.379543E+10,0.00,22565.38,4.733553E+08,0.00,3018476.61,0.00,0.72
,August,-,-,-,-,-,-,-,-,-
,September,-,-,-,-,-,-,-,-,-
,October,-,-,-,-,-,-,-,-,-
,November,-,-,-,-,-,-,-,-,-
,December,-,-,-,-,-,-,-,-,-
,,,,,,,,,,
,Annual Sum or Average,1.247831E+08,2.422490E+10,0.00,22353686.43,8.994960E+08,0.00,4.424666E+09,0.00,0.67
,Minimum of Months,0.00,1.861038E+09,0.00,22565.38,1.823892E+08,0.00,3018476.61,0.00,0.44
,Maximum of Months,1.242206E+08,1.379543E+10,0.00,20244141.43,4.733553E+08,0.00,4.314065E+09,0.00,0.86


----------------------------------------------------------------------------------------------------
REPORT:,MechanicalVentilationLoadsMonthly
FOR:,CORE_MID
Custom Monthly Report

,,ZONE MECHANICAL VENTILATION NO LOAD HEAT REMOVAL ENERGY [J],ZONE MECHANICAL VENTILATION COOLING LOAD INCREASE ENERGY [J],ZONE MECHANICAL VENTILATION COOLING LOAD INCREASE DUE TO OVERHEATING ENERGY [J],ZONE MECHANICAL VENTILATION COOLING LOAD DECREASE ENERGY [J],ZONE MECHANICAL VENTILATION NO LOAD HEAT ADDITION ENERGY [J],ZONE MECHANICAL VENTILATION HEATING LOAD INCREASE ENERGY [J],ZONE MECHANICAL VENTILATION HEATING LOAD INCREASE DUE TO OVERCOOLING ENERGY [J],ZONE MECHANICAL VENTILATION HEATING LOAD DECREASE ENERGY [J],ZONE MECHANICAL VENTILATION AIR CHANGES PER HOUR [ach]
,January,2.424867E+08,1.093501E+09,0.00,12325523.83,1.022540E+08,0.00,2.811153E+09,0.00,0.54
,February,-,-,-,-,-,-,-,-,-
,March,-,-,-,-,-,-,-,-,-
,April,11783990.82,5.816374E+09,0.00,1503722.75,3.285319E+08,0.00,91189970.03,0.00,0.33
,May,-,-,-,-,-,-,-,-,-
,June,-,-,-,-,-,-,-,-,-
,July,1321869.62,8.608038E+09,0.00,20578.96,6.177515E+08,0.00,2038314.47,0.00,0.48
,August,-,-,-,-,-,-,-,-,-
,September,-,-,-,-,-,-,-,-,-
,October,-,-,-,-,-,-,-,-,-
,November,-,-,-,-,-,-,-,-,-
,December,-,-,-,-,-,-,-,-,-
,,,,,,,,,,
,Annual Sum or Average,2.555926E+08,1.551791E+10,0.00,13849825.54,1.048537E+09,0.00,2.904381E+09,0.00,0.45
,Minimum of Months,1321869.62,1.093501E+09,0.00,20578.96,1.022540E+08,0.00,2038314.47,0.00,0.33
,Maximum of Months,2.424867E+08,8.608038E+09,0.00,12325523.83,6.177515E+08,0.00,2.811153E+09,0.00,0.54


----------------------------------------------------------------------------------------------------
REPORT:,MechanicalVentilationLoadsMonthly
FOR:,CORE_TOP
Custom Monthly Report

,,ZONE MECHANICAL VENTILATION NO LOAD HEAT REMOVAL ENERGY [J],ZONE MECHANICAL VENTILATION COOLING LOAD INCREASE ENERGY [J],ZONE MECHANICAL VENTILATION COOLING LOAD INCREASE DUE TO OVERHEATING ENERGY [J],ZONE MECHANICAL VENTILATION COOLING LOAD DECREASE ENERGY [J],ZONE MECHANICAL VENTILATION NO LOAD HEAT ADDITION ENERGY [J],ZONE MECHANICAL VENTILATION HEATING LOAD INCREASE ENERGY [J],ZONE MECHANICAL VENTILATION HEATING LOAD INCREASE DUE TO OVERCOOLING ENERGY [J],ZONE MECHANICAL VENTILATION HEATING LOAD DECREASE ENERGY [J],ZONE MECHANICAL VENTILATION AIR CHANGES PER HOUR [ach]
,January,2.825322E+08,1.233474E+09,0.00,11922008.92,71574137.24,0.00,2.446374E+09,0.00,0.58
,February,-,-,-,-,-,-,-,-,-
,March,-,-,-,-,-,-,-,-,-
,April,6461920.87,5.242725E+09,0.00,2564079.68,4.623689E+08,0.00,1.151873E+08,0.00,0.32
,May,-,-,-,-,-,-,-,-,-
,June,-,-,-,-,-,-,-,-,-
,July,517365.17,8.879117E+09,0.00,5851.71,6.425866E+08,0.00,341168.34,0.00,0.51
,August,-,-,-,-,-,-,-,-,-
,September,-,-,-,-,-,-,-,-,-
,October,-,-,-,-,-,-,-,-,-
,November,-,-,-,-,-,-,-,-,-
,December,-,-,-,-,-,-,-,-,-
,,,,,,,,,,
,Annual Sum or Average,2.895115E+08,1.535532E+10,0.00,14491940.31,1.176530E+09,0.00,2.561903E+09,0.00,0.47
,Minimum of Months,517365.17,1.233474E+09,0.00,5851.71,71574137.24,0.00,341168.34,0.00,0.32
,Maximum of Months,2.825322E+08,8.879117E+09,0.00,11922008.92,6.425866E+08,0.00,2.446374E+09,0.00,0.58


----------------------------------------------------------------------------------------------------
REPORT:,MechanicalVentilationLoadsMonthly
FOR:,PERIMETER_TOP_ZN_3
Custom Monthly Report

,,ZONE MECHANICAL VENTILATION NO LOAD HEAT REMOVAL ENERGY [J],ZONE MECHANICAL VENTILATION COOLING LOAD INCREASE ENERGY [J],ZONE MECHANICAL VENTILATION COOLING LOAD INCREASE DUE TO OVERHEATING ENERGY [J],ZONE MECHANICAL VENTILATION COOLING LOAD DECREASE ENERGY [J],ZONE MECHANICAL VENTILATION NO LOAD HEAT ADDITION ENERGY [J],ZONE MECHANICAL VENTILATION HEATING LOAD INCREASE ENERGY [J],ZONE MECHANICAL VENTILATION HEATING LOAD INCREASE DUE TO OVERCOOLING ENERGY [J],ZONE MECHANICAL VENTILATION HEATING LOAD DECREASE ENERGY [J],ZONE MECHANICAL VENTILATION AIR CHANGES PER HOUR [ach]
,January,1.200656E+08,3.257569E+08,0.00,2791714.59,22569021.82,0.00,5.397288E+08,0.00,0.69
,February,-,-,-,-,-,-,-,-,-
,March,-,-,-,-,-,-,-,-,-
,April,2901799.32,1.488604E+09,0.00,824104.25,1.435509E+08,0.00,33564910.41,0.00,0.45
,May,-,-,-,-,-,-,-,-,-
,June,-,-,-,-,-,-,-,-,-
,July,223973.98,3.041491E+09,0.00,0.00,92264155.69,0.00,0.00,0.00,0.77
,August,-,-,-,-,-,-,-,-,-
,September,-,-,-,-,-,-,-,-,-
,October,-,-,-,-,-,-,-,-,-
,November,-,-,-,-,-,-,-,-,-
,December,-,-,-,-,-,-,-,-,-
,,,,,,,,,,
,Annual Sum or Average,1.231914E+08,4.855852E+09,0.00,3615818.84,2.583841E+08,0.00,5.732937E+08,0.00,0.64
,Minimum of Months,223973.98,3.257569E+08,0.00,0.00,22569021.82,0.00,0.00,0.00,0.45
,Maximum of Months,1.200656E+08,3.041491E+09,0.00,2791714.59,1.435509E+08,0.00,5.397288E+08,0.00,0.77


----------------------------------------------------------------------------------------------------
REPORT:,MechanicalVentilationLoadsMonthly
FOR:,PERIMETER_TOP_ZN_2
Custom Monthly Report

,,ZONE MECHANICAL VENTILATION NO LOAD HEAT REMOVAL ENERGY [J],ZONE MECHANICAL VENTILATION COOLING LOAD INCREASE ENERGY [J],ZONE MECHANICAL VENTILATION COOLING LOAD INCREASE DUE TO OVERHEATING ENERGY [J],ZONE MECHANICAL VENTILATION COOLING LOAD DECREASE ENERGY [J],ZONE MECHANICAL VENTILATION NO LOAD HEAT ADDITION ENERGY [J],ZONE MECHANICAL VENTILATION HEATING LOAD INCREASE ENERGY [J],ZONE MECHANICAL VENTILATION HEATING LOAD INCREASE DUE TO OVERCOOLING ENERGY [J],ZONE MECHANICAL VENTILATION HEATING LOAD DECREASE ENERGY [J],ZONE MECHANICAL VENTILATION AIR CHANGES PER HOUR [ach]
,January,36304899.33,2.947608E+08,0.00,2907830.49,3590610.39,0.00,5.855281E+08,0.00,0.98
,February,-,-,-,-,-,-,-,-,-
,March,-,-,-,-,-,-,-,-,-
,April,944294.34,1.421554E+09,0.00,713590.23,41227453.99,0.00,28717426.42,0.00,0.60
,May,-,-,-,-,-,-,-,-,-
,June,-,-,-,-,-,-,-,-,-
,July,67649.66,2.272802E+09,0.00,147.00,41820881.61,0.00,45228.66,0.00,0.89
,August,-,-,-,-,-,-,-,-,-
,September,-,-,-,-,-,-,-,-,-
,October,-,-,-,-,-,-,-,-,-
,November,-,-,-,-,-,-,-,-,-
,December,-,-,-,-,-,-,-,-,-
,,,,,,,,,,
,Annual Sum or Average,37316843.33,3.989117E+09,0.00,3621567.72,86638946.00,0.00,6.142908E+08,0.00,0.83
,Minimum of Months,67649.66,2.947608E+08,0.00,147.00,3590610.39,0.00,45228.66,0.00,0.60
,Maximum of Months,36304899.33,2.272802E+09,0.00,2907830.49,41820881.61,0.00,5.855281E+08,0.00,0.98


----------------------------------------------------------------------------------------------------
REPORT:,MechanicalVentilationLoadsMonthly
FOR:,PERIMETER_TOP_ZN_1
Custom Monthly Report

,,ZONE MECHANICAL VENTILATION NO LOAD HEAT REMOVAL ENERGY [J],ZONE MECHANICAL VENTILATION COOLING LOAD INCREASE ENERGY [J],ZONE MECHANICAL VENTILATION COOLING LOAD INCREASE DUE TO OVERHEATING ENERGY [J],ZONE MECHANICAL VENTILATION COOLING LOAD DECREASE ENERGY [J],ZONE MECHANICAL VENTILATION NO LOAD HEAT ADDITION ENERGY [J],ZONE MECHANICAL VENTILATION HEATING LOAD INCREASE ENERGY [J],ZONE MECHANICAL VENTILATION HEATING LOAD INCREASE DUE TO OVERCOOLING ENERGY [J],ZONE MECHANICAL VENTILATION HEATING LOAD DECREASE ENERGY [J],ZONE MECHANICAL VENTILATION AIR CHANGES PER HOUR [ach]
,January,44300229.39,5.610623E+08,0.00,7005341.08,5122604.55,0.00,1.076053E+09,0.00,1.19
,February,-,-,-,-,-,-,-,-,-
,March,-,-,-,-,-,-,-,-,-
,April,1924508.47,1.496956E+09,0.00,842350.41,80260004.21,0.00,34140591.16,0.00,0.43
,May,-,-,-,-,-,-,-,-,-
,June,-,-,-,-,-,-,-,-,-
,July,102745.55,2.597133E+09,0.00,155.25,80207659.81,0.00,68760.81,0.00,0.65
,August,-,-,-,-,-,-,-,-,-
,September,-,-,-,-,-,-,-,-,-
,October,-,-,-,-,-,-,-,-,-
,November,-,-,-,-,-,-,-,-,-
,December,-,-,-,-,-,-,-,-,-
,,,,,,,,,,
,Annual Sum or Average,46327483.41,4.655151E+09,0.00,7847846.74,1.655903E+08,0.00,1.110263E+09,0.00,0.76
,Minimum of Months,102745.55,5.610623E+08,0.00,155.25,5122604.55,0.00,68760.81,0.00,0.43
,Maximum of Months,44300229.39,2.597133E+09,0.00,7005341.08,80260004.21,0.00,1.076053E+09,0.00,1.19


----------------------------------------------------------------------------------------------------
REPORT:,MechanicalVentilationLoadsMonthly
FOR:,PERIMETER_TOP_ZN_4
Custom Monthly Report

,,ZONE MECHANICAL VENTILATION NO LOAD HEAT REMOVAL ENERGY [J],ZONE MECHANICAL VENTILATION COOLING LOAD INCREASE ENERGY [J],ZONE MECHANICAL VENTILATION COOLING LOAD INCREASE DUE TO OVERHEATING ENERGY [J],ZONE MECHANICAL VENTILATION COOLING LOAD DECREASE ENERGY [J],ZONE MECHANICAL VENTILATION NO LOAD HEAT ADDITION ENERGY [J],ZONE MECHANICAL VENTILATION HEATING LOAD INCREASE ENERGY [J],ZONE MECHANICAL VENTILATION HEATING LOAD INCREASE DUE TO OVERCOOLING ENERGY [J],ZONE MECHANICAL VENTILATION HEATING LOAD DECREASE ENERGY [J],ZONE MECHANICAL VENTILATION AIR CHANGES PER HOUR [ach]
,January,50227716.00,2.616952E+08,0.00,2794808.82,4690307.77,0.00,5.021951E+08,0.00,0.90
,February,-,-,-,-,-,-,-,-,-
,March,-,-,-,-,-,-,-,-,-
,April,193952.56,1.169931E+09,0.00,812683.63,38486990.00,0.00,33170499.40,0.00,0.58
,May,-,-,-,-,-,-,-,-,-
,June,-,-,-,-,-,-,-,-,-
,July,69098.09,2.078674E+09,0.00,130.89,41874388.99,0.00,46216.30,0.00,0.82
,August,-,-,-,-,-,-,-,-,-
,September,-,-,-,-,-,-,-,-,-
,October,-,-,-,-,-,-,-,-,-
,November,-,-,-,-,-,-,-,-,-
,December,-,-,-,-,-,-,-,-,-
,,,,,,,,,,
,Annual Sum or Average,50490766.64,3.510301E+09,0.00,3607623.33,85051686.76,0.00,5.354118E+08,0.00,0.77
,Minimum of Months,69098.09,2.616952E+08,0.00,130.89,4690307.77,0.00,46216.30,0.00,0.58
,Maximum of Months,50227716.00,2.078674E+09,0.00,2794808.82,41874388.99,0.00,5.021951E+08,0.00,0.90


----------------------------------------------------------------------------------------------------
REPORT:,MechanicalVentilationLoadsMonthly
FOR:,PERIMETER_BOT_ZN_3
Custom Monthly Report

,,ZONE MECHANICAL VENTILATION NO LOAD HEAT REMOVAL ENERGY [J],ZONE MECHANICAL VENTILATION COOLING LOAD INCREASE ENERGY [J],ZONE MECHANICAL VENTILATION COOLING LOAD INCREASE DUE TO OVERHEATING ENERGY [J],ZONE MECHANICAL VENTILATION COOLING LOAD DECREASE ENERGY [J],ZONE MECHANICAL VENTILATION NO LOAD HEAT ADDITION ENERGY [J],ZONE MECHANICAL VENTILATION HEATING LOAD INCREASE ENERGY [J],ZONE MECHANICAL VENTILATION HEATING LOAD INCREASE DUE TO OVERCOOLING ENERGY [J],ZONE MECHANICAL VENTILATION HEATING LOAD DECREASE ENERGY [J],ZONE MECHANICAL VENTILATION AIR CHANGES PER HOUR [ach]
,January,1.629921E+08,2.194218E+08,0.00,1675590.20,62971721.87,0.00,3.393228E+08,0.00,0.50
,February,-,-,-,-,-,-,-,-,-
,March,-,-,-,-,-,-,-,-,-
,April,2235829.05,1.093517E+09,0.00,288003.65,2.537862E+08,0.00,13571192.93,0.00,0.32
,May,-,-,-,-,-,-,-,-,-
,June,-,-,-,-,-,-,-,-,-
,July,721666.22,2.276008E+09,0.00,0.00,1.551875E+08,0.00,0.00,0.00,0.57
,August,-,-,-,-,-,-,-,-,-
,September,-,-,-,-,-,-,-,-,-
,October,-,-,-,-,-,-,-,-,-
,November,-,-,-,-,-,-,-,-,-
,December,-,-,-,-,-,-,-,-,-
,,,,,,,,,,
,Annual Sum or Average,1.659496E+08,3.588946E+09,0.00,1963593.85,4.719455E+08,0.00,3.528940E+08,0.00,0.46
,Minimum of Months,721666.22,2.194218E+08,0.00,0.00,62971721.87,0.00,0.00,0.00,0.32
,Maximum of Months,1.629921E+08,2.276008E+09,0.00,1675590.20,2.537862E+08,0.00,3.393228E+08,0.00,0.57


----------------------------------------------------------------------------------------------------
REPORT:,MechanicalVentilationLoadsMonthly
FOR:,PERIMETER_BOT_ZN_2
Custom Monthly Report

,,ZONE MECHANICAL VENTILATION NO LOAD HEAT REMOVAL ENERGY [J],ZONE MECHANICAL VENTILATION COOLING LOAD INCREASE ENERGY [J],ZONE MECHANICAL VENTILATION COOLING LOAD INCREASE DUE TO OVERHEATING ENERGY [J],ZONE MECHANICAL VENTILATION COOLING LOAD DECREASE ENERGY [J],ZONE MECHANICAL VENTILATION NO LOAD HEAT ADDITION ENERGY [J],ZONE MECHANICAL VENTILATION HEATING LOAD INCREASE ENERGY [J],ZONE MECHANICAL VENTILATION HEATING LOAD INCREASE DUE TO OVERCOOLING ENERGY [J],ZONE MECHANICAL VENTILATION HEATING LOAD DECREASE ENERGY [J],ZONE MECHANICAL VENTILATION AIR CHANGES PER HOUR [ach]
,January,40450977.97,2.237602E+08,0.00,2237211.94,14989040.94,0.00,4.399009E+08,0.00,0.73
,February,-,-,-,-,-,-,-,-,-
,March,-,-,-,-,-,-,-,-,-
,April,863926.16,1.155231E+09,0.00,323239.30,87032793.18,0.00,14837753.18,0.00,0.47
,May,-,-,-,-,-,-,-,-,-
,June,-,-,-,-,-,-,-,-,-
,July,359065.98,1.731037E+09,0.00,0.00,59170993.38,0.00,0.00,0.00,0.65
,August,-,-,-,-,-,-,-,-,-
,September,-,-,-,-,-,-,-,-,-
,October,-,-,-,-,-,-,-,-,-
,November,-,-,-,-,-,-,-,-,-
,December,-,-,-,-,-,-,-,-,-
,,,,,,,,,,
,Annual Sum or Average,41673970.10,3.110028E+09,0.00,2560451.24,1.611928E+08,0.00,4.547387E+08,0.00,0.62
,Minimum of Months,359065.98,2.237602E+08,0.00,0.00,14989040.94,0.00,0.00,0.00,0.47
,Maximum of Months,40450977.97,1.731037E+09,0.00,2237211.94,87032793.18,0.00,4.399009E+08,0.00,0.73


----------------------------------------------------------------------------------------------------
REPORT:,MechanicalVentilationLoadsMonthly
FOR:,PERIMETER_BOT_ZN_1
Custom Monthly Report

,,ZONE MECHANICAL VENTILATION NO LOAD HEAT REMOVAL ENERGY [J],ZONE MECHANICAL VENTILATION COOLING LOAD INCREASE ENERGY [J],ZONE MECHANICAL VENTILATION COOLING LOAD INCREASE DUE TO OVERHEATING ENERGY [J],ZONE MECHANICAL VENTILATION COOLING LOAD DECREASE ENERGY [J],ZONE MECHANICAL VENTILATION NO LOAD HEAT ADDITION ENERGY [J],ZONE MECHANICAL VENTILATION HEATING LOAD INCREASE ENERGY [J],ZONE MECHANICAL VENTILATION HEATING LOAD INCREASE DUE TO OVERCOOLING ENERGY [J],ZONE MECHANICAL VENTILATION HEATING LOAD DECREASE ENERGY [J],ZONE MECHANICAL VENTILATION AIR CHANGES PER HOUR [ach]
,January,79876785.07,4.708473E+08,0.00,5656082.99,11042913.33,0.00,7.638303E+08,0.00,0.90
,February,-,-,-,-,-,-,-,-,-
,March,-,-,-,-,-,-,-,-,-
,April,2365687.55,1.184502E+09,0.00,398791.73,1.911097E+08,0.00,14341274.07,0.00,0.34
,May,-,-,-,-,-,-,-,-,-
,June,-,-,-,-,-,-,-,-,-
,July,516110.88,1.750780E+09,0.00,0.00,1.897453E+08,0.00,0.00,0.00,0.45
,August,-,-,-,-,-,-,-,-,-
,September,-,-,-,-,-,-,-,-,-
,October,-,-,-,-,-,-,-,-,-
,November,-,-,-,-,-,-,-,-,-
,December,-,-,-,-,-,-,-,-,-
,,,,,,,,,,
,Annual Sum or Average,82758583.50,3.406129E+09,0.00,6054874.71,3.918979E+08,0.00,7.781716E+08,0.00,0.56
,Minimum of Months,516110.88,4.708473E+08,0.00,0.00,11042913.33,0.00,0.00,0.00,0.34
,Maximum of Months,79876785.07,1.750780E+09,0.00,5656082.99,1.911097E+08,0.00,7.638303E+08,0.00,0.90


----------------------------------------------------------------------------------------------------
REPORT:,MechanicalVentilationLoadsMonthly
FOR:,PERIMETER_BOT_ZN_4
Custom Monthly Report

,,ZONE MECHANICAL VENTILATION NO LOAD HEAT REMOVAL ENERGY [J],ZONE MECHANICAL VENTILATION COOLING LOAD INCREASE ENERGY [J],ZONE MECHANICAL VENTILATION COOLING LOAD INCREASE DUE TO OVERHEATING ENERGY [J],ZONE MECHANICAL VENTILATION COOLING LOAD DECREASE ENERGY [J],ZONE MECHANICAL VENTILATION NO LOAD HEAT ADDITION ENERGY [J],ZONE MECHANICAL VENTILATION HEATING LOAD INCREASE ENERGY [J],ZONE MECHANICAL VENTILATION HEATING LOAD INCREASE DUE TO OVERCOOLING ENERGY [J],ZONE MECHANICAL VENTILATION HEATING LOAD DECREASE ENERGY [J],ZONE MECHANICAL VENTILATION AIR CHANGES PER HOUR [ach]
,January,42323694.68,2.060381E+08,0.00,2086038.25,10983391.86,0.00,3.643258E+08,0.00,0.66
,February,-,-,-,-,-,-,-,-,-
,March,-,-,-,-,-,-,-,-,-
,April,294632.59,1.039001E+09,0.00,310775.97,53860432.44,0.00,15021679.10,0.00,0.45
,May,-,-,-,-,-,-,-,-,-
,June,-,-,-,-,-,-,-,-,-
,July,343483.99,1.593334E+09,0.00,0.00,59120331.64,0.00,0.00,0.00,0.60
,August,-,-,-,-,-,-,-,-,-
,September,-,-,-,-,-,-,-,-,-
,October,-,-,-,-,-,-,-,-,-
,November,-,-,-,-,-,-,-,-,-
,December,-,-,-,-,-,-,-,-,-
,,,,,,,,,,
,Annual Sum or Average,42961811.26,2.838373E+09,0.00,2396814.22,1.239642E+08,0.00,3.793475E+08,0.00,0.57
,Minimum of Months,294632.59,2.060381E+08,0.00,0.00,10983391.86,0.00,0.00,0.00,0.45
,Maximum of Months,42323694.68,1.593334E+09,0.00,2086038.25,59120331.64,0.00,3.643258E+08,0.00,0.66


----------------------------------------------------------------------------------------------------
REPORT:,MechanicalVentilationLoadsMonthly
FOR:,PERIMETER_MID_ZN_3
Custom Monthly Report

,,ZONE MECHANICAL VENTILATION NO LOAD HEAT REMOVAL ENERGY [J],ZONE MECHANICAL VENTILATION COOLING LOAD INCREASE ENERGY [J],ZONE MECHANICAL VENTILATION COOLING LOAD INCREASE DUE TO OVERHEATING ENERGY [J],ZONE MECHANICAL VENTILATION COOLING LOAD DECREASE ENERGY [J],ZONE MECHANICAL VENTILATION NO LOAD HEAT ADDITION ENERGY [J],ZONE MECHANICAL VENTILATION HEATING LOAD INCREASE ENERGY [J],ZONE MECHANICAL VENTILATION HEATING LOAD INCREASE DUE TO OVERCOOLING ENERGY [J],ZONE MECHANICAL VENTILATION HEATING LOAD DECREASE ENERGY [J],ZONE MECHANICAL VENTILATION AIR CHANGES PER HOUR [ach]
,January,1.142453E+08,2.916648E+08,0.00,2748873.26,24071569.02,0.00,5.739003E+08,0.00,0.62
,February,-,-,-,-,-,-,-,-,-
,March,-,-,-,-,-,-,-,-,-
,April,3375130.01,1.680091E+09,0.00,459555.59,1.424991E+08,0.00,25382918.54,0.00,0.47
,May,-,-,-,-,-,-,-,-,-
,June,-,-,-,-,-,-,-,-,-
,July,356317.54,2.941353E+09,0.00,968.79,1.006304E+08,0.00,505630.07,0.00,0.72
,August,-,-,-,-,-,-,-,-,-
,September,-,-,-,-,-,-,-,-,-
,October,-,-,-,-,-,-,-,-,-
,November,-,-,-,-,-,-,-,-,-
,December,-,-,-,-,-,-,-,-,-
,,,,,,,,,,
,Annual Sum or Average,1.179768E+08,4.913109E+09,0.00,3209397.63,2.672010E+08,0.00,5.997889E+08,0.00,0.61
,Minimum of Months,356317.54,2.916648E+08,0.00,968.79,24071569.02,0.00,505630.07,0.00,0.47
,Maximum of Months,1.142453E+08,2.941353E+09,0.00,2748873.26,1.424991E+08,0.00,5.739003E+08,0.00,0.72


----------------------------------------------------------------------------------------------------
REPORT:,MechanicalVentilationLoadsMonthly
FOR:,PERIMETER_MID_ZN_2
Custom Monthly Report

,,ZONE MECHANICAL VENTILATION NO LOAD HEAT REMOVAL ENERGY [J],ZONE MECHANICAL VENTILATION COOLING LOAD INCREASE ENERGY [J],ZONE MECHANICAL VENTILATION COOLING LOAD INCREASE DUE TO OVERHEATING ENERGY [J],ZONE MECHANICAL VENTILATION COOLING LOAD DECREASE ENERGY [J],ZONE MECHANICAL VENTILATION NO LOAD HEAT ADDITION ENERGY [J],ZONE MECHANICAL VENTILATION HEATING LOAD INCREASE ENERGY [J],ZONE MECHANICAL VENTILATION HEATING LOAD INCREASE DUE TO OVERCOOLING ENERGY [J],ZONE MECHANICAL VENTILATION HEATING LOAD DECREASE ENERGY [J],ZONE MECHANICAL VENTILATION AIR CHANGES PER HOUR [ach]
,January,36176675.85,2.514353E+08,0.00,2765641.73,3087820.12,0.00,6.013437E+08,0.00,0.86
,February,-,-,-,-,-,-,-,-,-
,March,-,-,-,-,-,-,-,-,-
,April,977214.38,1.529493E+09,0.00,421020.52,39501838.02,0.00,22961819.87,0.00,0.62
,May,-,-,-,-,-,-,-,-,-
,June,-,-,-,-,-,-,-,-,-
,July,175253.65,2.093134E+09,0.00,1455.30,39038508.88,0.00,247713.73,0.00,0.80
,August,-,-,-,-,-,-,-,-,-
,September,-,-,-,-,-,-,-,-,-
,October,-,-,-,-,-,-,-,-,-
,November,-,-,-,-,-,-,-,-,-
,December,-,-,-,-,-,-,-,-,-
,,,,,,,,,,
,Annual Sum or Average,37329143.88,3.874062E+09,0.00,3188117.56,81628167.02,0.00,6.245533E+08,0.00,0.76
,Minimum of Months,175253.65,2.514353E+08,0.00,1455.30,3087820.12,0.00,247713.73,0.00,0.62
,Maximum of Months,36176675.85,2.093134E+09,0.00,2765641.73,39501838.02,0.00,6.013437E+08,0.00,0.86


----------------------------------------------------------------------------------------------------
REPORT:,MechanicalVentilationLoadsMonthly
FOR:,PERIMETER_MID_ZN_1
Custom Monthly Report

,,ZONE MECHANICAL VENTILATION NO LOAD HEAT REMOVAL ENERGY [J],ZONE MECHANICAL VENTILATION COOLING LOAD INCREASE ENERGY [J],ZONE MECHANICAL VENTILATION COOLING LOAD INCREASE DUE TO OVERHEATING ENERGY [J],ZONE MECHANICAL VENTILATION COOLING LOAD DECREASE ENERGY [J],ZONE MECHANICAL VENTILATION NO LOAD HEAT ADDITION ENERGY [J],ZONE MECHANICAL VENTILATION HEATING LOAD INCREASE ENERGY [J],ZONE MECHANICAL VENTILATION HEATING LOAD INCREASE DUE TO OVERCOOLING ENERGY [J],ZONE MECHANICAL VENTILATION HEATING LOAD DECREASE ENERGY [J],ZONE MECHANICAL VENTILATION AIR CHANGES PER HOUR [ach]
,January,48650859.81,5.010740E+08,0.00,6885634.62,3256880.60,0.00,1.023609E+09,0.00,1.01
,February,-,-,-,-,-,-,-,-,-
,March,-,-,-,-,-,-,-,-,-
,April,1458758.78,1.696069E+09,0.00,471158.94,69909484.30,0.00,26266922.09,0.00,0.46
,May,-,-,-,-,-,-,-,-,-
,June,-,-,-,-,-,-,-,-,-
,July,261613.83,2.501974E+09,0.00,2054.67,87829595.90,0.00,369898.02,0.00,0.61
,August,-,-,-,-,-,-,-,-,-
,September,-,-,-,-,-,-,-,-,-
,October,-,-,-,-,-,-,-,-,-
,November,-,-,-,-,-,-,-,-,-
,December,-,-,-,-,-,-,-,-,-
,,,,,,,,,,
,Annual Sum or Average,50371232.43,4.699117E+09,0.00,7358848.22,1.609960E+08,0.00,1.050246E+09,0.00,0.70
,Minimum of Months,261613.83,5.010740E+08,0.00,2054.67,3256880.60,0.00,369898.02,0.00,0.46
,Maximum of Months,48650859.81,2.501974E+09,0.00,6885634.62,87829595.90,0.00,1.023609E+09,0.00,1.01


----------------------------------------------------------------------------------------------------
REPORT:,MechanicalVentilationLoadsMonthly
FOR:,PERIMETER_MID_ZN_4
Custom Monthly Report

,,ZONE MECHANICAL VENTILATION NO LOAD HEAT REMOVAL ENERGY [J],ZONE MECHANICAL VENTILATION COOLING LOAD INCREASE ENERGY [J],ZONE MECHANICAL VENTILATION COOLING LOAD INCREASE DUE TO OVERHEATING ENERGY [J],ZONE MECHANICAL VENTILATION COOLING LOAD DECREASE ENERGY [J],ZONE MECHANICAL VENTILATION NO LOAD HEAT ADDITION ENERGY [J],ZONE MECHANICAL VENTILATION HEATING LOAD INCREASE ENERGY [J],ZONE MECHANICAL VENTILATION HEATING LOAD INCREASE DUE TO OVERCOOLING ENERGY [J],ZONE MECHANICAL VENTILATION HEATING LOAD DECREASE ENERGY [J],ZONE MECHANICAL VENTILATION AIR CHANGES PER HOUR [ach]
,January,45780984.63,2.455261E+08,0.00,2684440.16,4554356.00,0.00,4.963212E+08,0.00,0.80
,February,-,-,-,-,-,-,-,-,-
,March,-,-,-,-,-,-,-,-,-
,April,683701.17,1.354702E+09,0.00,443966.54,33311667.85,0.00,23732712.38,0.00,0.61
,May,-,-,-,-,-,-,-,-,-
,June,-,-,-,-,-,-,-,-,-
,July,179833.64,2.025623E+09,0.00,1383.25,42447828.02,0.00,254297.44,0.00,0.77
,August,-,-,-,-,-,-,-,-,-
,September,-,-,-,-,-,-,-,-,-
,October,-,-,-,-,-,-,-,-,-
,November,-,-,-,-,-,-,-,-,-
,December,-,-,-,-,-,-,-,-,-
,,,,,,,,,,
,Annual Sum or Average,46644519.44,3.625850E+09,0.00,3129789.95,80313851.87,0.00,5.203082E+08,0.00,0.73
,Minimum of Months,179833.64,2.455261E+08,0.00,1383.25,4554356.00,0.00,254297.44,0.00,0.61
,Maximum of Months,45780984.63,2.025623E+09,0.00,2684440.16,42447828.02,0.00,4.963212E+08,0.00,0.80


----------------------------------------------------------------------------------------------------
REPORT:,HeatEmissionsReportMonthly
FOR:,Environment
Custom Monthly Report

,,SITE TOTAL SURFACE HEAT EMISSION TO AIR [J],SITE TOTAL ZONE EXFILTRATION HEAT LOSS [J],SITE TOTAL ZONE EXHAUST AIR HEAT LOSS [J],AIR SYSTEM RELIEF AIR TOTAL HEAT LOSS ENERGY [J],HVAC SYSTEM TOTAL HEAT REJECTION ENERGY [J]
,January,3.367781E+11,1.052325E+09,0.00,3.873398E+10,1.876936E+11
,February,-,-,-,-,-
,March,-,-,-,-,-
,April,3.556325E+11,-2.732319E+09,0.00,-1.289823E+11,2.786436E+11
,May,-,-,-,-,-
,June,-,-,-,-,-
,July,3.636997E+11,-3.678711E+09,0.00,-1.508011E+11,2.846703E+11
,August,-,-,-,-,-
,September,-,-,-,-,-
,October,-,-,-,-,-
,November,-,-,-,-,-
,December,-,-,-,-,-
,,,,,,
,Annual Sum or Average,1.056110E+12,-5.358705E+09,0.00,-2.410495E+11,7.510075E+11
,Minimum of Months,3.367781E+11,-3.678711E+09,0.00,-1.508011E+11,1.876936E+11
,Maximum of Months,3.636997E+11,1.052325E+09,0.00,3.873398E+10,2.846703E+11


