DateTime,Temperature,Humidity,Building Power,HVAC Power,Comfort Score,Comfort Status,Energy Score,Energy Status,Carbon Score,Carbon Status,HVAC Score,HVAC Status
 01/01  01:00:00,26.424367957001973,36.04057107927632,12877.49848586644,168.54201567292012,93.63,Too Hot,100.0,Excellent,100.0,Excellent,100,Excellent
 01/01  02:00:00,26.352189015199524,37.3635933246697,12877.565474876648,168.6090046831275,94.72,Too Hot,100.0,Excellent,100.0,Excellent,100,Excellent
 01/01  03:00:00,26.25579404706563,39.02022001144652,12877.565474876648,168.6090046831275,96.16,Too Hot,100.0,Excellent,100.0,Excellent,100,Excellent
 01/01  04:00:00,26.15412934684672,40.62350045498045,12877.565474876648,168.6090046831275,97.69,Too Hot,100.0,Excellent,100.0,Excellent,100,Excellent
 01/01  05:00:00,26.079304021094085,41.866952139129005,12877.565474876648,168.6090046831275,98.81,Too Hot,100.0,Excellent,100.0,Excellent,100,Excellent
 01/01  06:00:00,26.01002309617329,42.845151293175554,12877.565474876648,168.6090046831275,99.85,Too Hot,100.0,Excellent,100.0,Excellent,100,Excellent
 01/01  07:00:00,25.826433488547337,44.06582996121506,18621.88161002504,1820.5524048943023,100.0,Excellent,100.0,Excellent,100.0,Excellent,100,Excellent
 01/01  08:00:00,26.02616824291199,44.27957389665804,13044.778307604887,197.9059071747864,99.61,Too Hot,100.0,Excellent,100.0,Excellent,100,Excellent
 01/01  09:00:00,26.302264757954266,43.92472693275627,17257.419100663614,4596.2067162269,95.47,Too Hot,100.0,Excellent,100.0,Excellent,100,Excellent
 01/01  10:00:00,26.221175830554884,42.35392658008648,22288.398995604024,9628.21889416715,96.68,Too Hot,100.0,Excellent,100.0,Excellent,100,Excellent
 01/01  11:00:00,26.346955792717964,40.34353637760779,24642.17096405048,11981.990862613602,94.8,Too Hot,100.0,Excellent,100.0,Excellent,100,Excellent
 01/01  12:00:00,26.5553183904834,38.933640520618205,26449.273170424785,13789.09306898791,91.67,Too Hot,100.0,Excellent,100.0,Excellent,100,Excellent
 01/01  13:00:00,26.73051230061631,38.66631651691141,27523.53314666849,14863.35304523162,89.04,Too Hot,100.0,Excellent,100.0,Excellent,55,Too Aggressive
 01/01  14:00:00,26.89953410090782,38.57644969459132,27963.833877770863,15303.653776333984,86.51,Too Hot,100.0,Excellent,100.0,Excellent,55,Too Aggressive
 01/01  15:00:00,26.94012441150069,38.4947664528238,27701.556900561514,15041.37679912464,85.9,Too Hot,100.0,Excellent,100.0,Excellent,55,Too Aggressive
 01/01  16:00:00,26.94487639457893,37.54602550499258,26718.48750617919,14058.30740474231,85.83,Too Hot,100.0,Excellent,100.0,Excellent,55,Too Aggressive
 01/01  17:00:00,26.796308763920926,36.142446103617296,24631.143550034634,11970.370327184795,88.06,Too Hot,100.0,Excellent,100.0,Excellent,55,Too Aggressive
 01/01  18:00:00,26.609352180858547,34.73445189238726,23385.4581854083,10683.67325058104,90.86,Too Hot,100.0,Excellent,100.0,Excellent,100,Excellent
 01/01  19:00:00,26.337501399093508,34.30093328813453,23969.880078152844,8222.19019996784,94.94,Too Hot,100.0,Excellent,100.0,Excellent,100,Excellent
 01/01  20:00:00,26.23484777708491,34.32477131289483,19584.427890291103,6168.421420097588,96.48,Too Hot,100.0,Excellent,100.0,Excellent,100,Excellent
 01/01  21:00:00,26.22282463214493,34.72051255069169,17955.775017100514,4539.768546906994,96.66,Too Hot,100.0,Excellent,100.0,Excellent,100,Excellent
 01/01  22:00:00,26.16857617336485,35.21297189193263,16206.046714083772,2790.0402438902506,97.47,Too Hot,100.0,Excellent,100.0,Excellent,100,Excellent
 01/01  23:00:00,26.466768744444902,34.933612305378006,14400.286885671589,984.2804154780664,93.0,Too Hot,100.0,Excellent,100.0,Excellent,100,Excellent
 01/01  24:00:00,26.33293276535872,35.62937052149058,14517.560702996248,1101.554232802726,95.01,Too Hot,100.0,Excellent,100.0,Excellent,100,Excellent
 01/02  01:00:00,26.08950947181138,36.8967657817,19688.39577976333,3886.855837221844,98.66,Too Hot,100.0,Excellent,100.0,Excellent,100,Excellent
 01/02  02:00:00,26.18116132474644,37.71919830179806,18951.77037073597,3150.2304281944807,97.28,Too Hot,100.0,Excellent,100.0,Excellent,100,Excellent
 01/02  03:00:00,26.02733040136693,39.55234146708964,17947.276056365714,2145.736113824227,99.59,Too Hot,100.0,Excellent,100.0,Excellent,100,Excellent
 01/02  04:00:00,26.06269698598133,40.77967147931535,17065.02238157632,1263.4824390348297,99.06,Too Hot,100.0,Excellent,100.0,Excellent,100,Excellent
 01/02  05:00:00,25.712771130547264,42.85494859690989,18865.564762030343,3064.024819488858,100.0,Excellent,100.0,Excellent,100.0,Excellent,100,Excellent
 01/02  06:00:00,25.8442708980622,42.89217244087367,16804.42985730726,1002.889914765772,100.0,Excellent,100.0,Excellent,100.0,Excellent,100,Excellent
 01/02  07:00:00,24.97618476817416,45.43854207624758,28407.16821753089,6663.986581433517,100.0,Excellent,100.0,Excellent,100.0,Excellent,100,Excellent
 01/02  08:00:00,24.11302340078884,47.24504332045768,50983.45649356133,16287.101229976504,100.0,Excellent,80.0,Acceptable,80.0,Acceptable,100,Excellent
 01/02  09:00:00,24.142275188299777,47.09150049970109,108305.77870670213,30619.62482473961,100.0,Excellent,0.0,Higher Consumption,0.0,Higher Carbon,60,Higher Consumption
 01/02  10:00:00,24.1756208235962,47.24987329602303,102244.61495458544,32939.532501194335,100.0,Excellent,0.0,Higher Consumption,0.0,Higher Carbon,60,Higher Consumption
 01/02  11:00:00,24.348324678855207,45.96235786054349,105084.41335704084,37713.42431024314,100.0,Excellent,0.0,Higher Consumption,0.0,Higher Carbon,60,Higher Consumption
 01/02  12:00:00,24.471979176183925,43.90100502386451,113031.21538130676,43726.13292791569,100.0,Excellent,0.0,Higher Consumption,0.0,Higher Carbon,60,Higher Consumption
 01/02  13:00:00,24.56986535001088,42.78293240770604,115203.05342952925,44894.718840093024,100.0,Excellent,0.0,Higher Consumption,0.0,Higher Carbon,60,Higher Consumption
 01/02  14:00:00,24.60797481145308,42.81083598962032,124670.63219886516,53753.80523997954,100.0,Excellent,0.0,Higher Consumption,0.0,Higher Carbon,60,Higher Consumption
 01/02  15:00:00,24.616765152105597,43.36685460216787,121719.0179057842,54348.02885898649,100.0,Excellent,0.0,Higher Consumption,0.0,Higher Carbon,60,Higher Consumption
 01/02  16:00:00,24.486422204998437,41.99574906524169,119559.52979644816,52188.540749650456,100.0,Excellent,0.0,Higher Consumption,0.0,Higher Carbon,60,Higher Consumption
 01/02  17:00:00,24.327103663176885,40.937767374628905,115209.93935531922,44937.81019863141,100.0,Excellent,0.0,Higher Consumption,0.0,Higher Carbon,60,Higher Consumption
 01/02  18:00:00,24.20858289451832,39.95054123645399,79295.67129304321,28009.483717277188,100.0,Excellent,27.96,Higher Consumption,27.96,Higher Carbon,60,Higher Consumption
 01/02  19:00:00,24.18100295351677,39.00801902174735,51787.29485690349,18475.714117736898,100.0,Excellent,80.0,Acceptable,80.0,Acceptable,100,Excellent
 01/02  20:00:00,24.148669580059146,38.33730156201568,43851.15250948968,15289.162979114286,100.0,Excellent,100.0,Excellent,100.0,Excellent,100,Excellent
 01/02  21:00:00,24.11593159058772,38.85677624474699,38359.40864588517,12757.075250251924,100.0,Excellent,100.0,Excellent,100.0,Excellent,100,Excellent
 01/02  22:00:00,24.079402599975023,40.26730472356183,35212.655732119085,10899.71794088144,100.0,Excellent,100.0,Excellent,100.0,Excellent,100,Excellent
 01/02  23:00:00,25.096552498465737,38.9231352843914,21603.55076409053,250.26910759502385,100.0,Excellent,100.0,Excellent,100.0,Excellent,100,Excellent
 01/02  24:00:00,25.35640467312596,38.83478648180423,20122.90815579052,249.454566666085,100.0,Excellent,100.0,Excellent,100.0,Excellent,100,Excellent
 01/03  01:00:00,25.28705303252261,39.446062729505634,16163.712511941816,201.28916140884087,100.0,Excellent,100.0,Excellent,100.0,Excellent,100,Excellent
 01/03  02:00:00,25.207451404420183,39.95177440201189,16002.738920482274,201.198977940785,100.0,Excellent,100.0,Excellent,100.0,Excellent,100,Excellent
 01/03  03:00:00,25.13942914351712,40.53680372102953,16002.738920482274,201.198977940785,100.0,Excellent,100.0,Excellent,100.0,Excellent,100,Excellent
 01/03  04:00:00,25.06885114706118,41.16262745194568,16002.738920482274,201.198977940785,100.0,Excellent,100.0,Excellent,100.0,Excellent,100,Excellent
 01/03  05:00:00,25.01432554018481,41.69880531395581,16002.738920482274,201.198977940785,100.0,Excellent,100.0,Excellent,100.0,Excellent,100,Excellent
 01/03  06:00:00,24.97764312446841,42.04767819727271,16002.738920482274,201.198977940785,100.0,Excellent,100.0,Excellent,100.0,Excellent,100,Excellent
 01/03  07:00:00,24.19232116927272,45.61197657285483,26235.35729757444,4492.175661477064,100.0,Excellent,100.0,Excellent,100.0,Excellent,100,Excellent
 01/03  08:00:00,23.779001893887678,48.68441827958283,43394.227824594906,8677.297433556334,100.0,Excellent,100.0,Excellent,100.0,Excellent,100,Excellent
 01/03  09:00:00,24.046500058125144,48.90180829743221,98088.96322007784,20402.8093381153,100.0,Excellent,0.0,Higher Consumption,0.0,Higher Carbon,90,Efficient
 01/03  10:00:00,24.112627022643206,47.95104220860039,95232.9357601454,25927.85330675432,100.0,Excellent,0.0,Higher Consumption,0.0,Higher Carbon,60,Higher Consumption
 01/03  11:00:00,24.207955714017714,47.37804835246283,96060.75487133944,28689.765824541755,100.0,Excellent,0.0,Higher Consumption,0.0,Higher Carbon,60,Higher Consumption
 01/03  12:00:00,24.22844072029109,47.04774033599543,102916.05891059947,33610.97645720838,100.0,Excellent,0.0,Higher Consumption,0.0,Higher Carbon,60,Higher Consumption
 01/03  13:00:00,24.347230306401872,45.35292614800895,105103.68980461852,34795.35521518229,100.0,Excellent,0.0,Higher Consumption,0.0,Higher Carbon,60,Higher Consumption
 01/03  14:00:00,24.390049396512826,44.70219363587879,112938.56929236947,42021.74233348388,100.0,Excellent,0.0,Higher Consumption,0.0,Higher Carbon,60,Higher Consumption
 01/03  15:00:00,24.422626831311355,44.54396933739368,109872.96876548916,42501.979718691466,100.0,Excellent,0.0,Higher Consumption,0.0,Higher Carbon,60,Higher Consumption
 01/03  16:00:00,24.325607744928057,43.789516551966,108791.423218721,41420.43417192331,100.0,Excellent,0.0,Higher Consumption,0.0,Higher Carbon,60,Higher Consumption
 01/03  17:00:00,24.22349220609675,43.875864619856166,107879.43545796051,37607.30630127271,100.0,Excellent,0.0,Higher Consumption,0.0,Higher Carbon,60,Higher Consumption
 01/03  18:00:00,24.17922318541772,43.4379712853264,75535.3693073892,24440.25025056757,100.0,Excellent,34.7,Higher Consumption,34.7,Higher Carbon,60,Higher Consumption
 01/03  19:00:00,24.148187204124028,41.96624641026345,51134.11975131235,17822.539012145746,100.0,Excellent,80.0,Acceptable,80.0,Acceptable,100,Excellent
 01/03  20:00:00,24.10095584140926,40.905212562825085,44013.97832959351,15451.98879921811,100.0,Excellent,100.0,Excellent,100.0,Excellent,100,Excellent
 01/03  21:00:00,24.050367935022177,41.13044198311912,39039.61283860701,13437.27944297376,100.0,Excellent,100.0,Excellent,100.0,Excellent,100,Excellent
 01/03  22:00:00,24.002208515853454,41.60264218538764,35926.75445102099,11613.816659783348,100.0,Excellent,100.0,Excellent,100.0,Excellent,100,Excellent
 01/03  23:00:00,24.816158579238653,40.28376460168336,21603.55076409053,250.26910759502385,100.0,Excellent,100.0,Excellent,100.0,Excellent,100,Excellent
 01/03  24:00:00,25.023324283406872,40.58360036730876,20122.90815579052,249.454566666085,100.0,Excellent,100.0,Excellent,100.0,Excellent,100,Excellent
 01/04  01:00:00,24.98379376161186,41.15646802663735,16163.712511941816,201.28916140884087,100.0,Excellent,100.0,Excellent,100.0,Excellent,100,Excellent
 01/04  02:00:00,24.96382896371041,41.30192350349479,16002.738920482274,201.198977940785,100.0,Excellent,100.0,Excellent,100.0,Excellent,100,Excellent
 01/04  03:00:00,24.928658371368087,41.418164988010574,16002.738920482274,201.198977940785,100.0,Excellent,100.0,Excellent,100.0,Excellent,100,Excellent
 01/04  04:00:00,24.845547687895085,41.69611372447178,16002.738920482274,201.198977940785,100.0,Excellent,100.0,Excellent,100.0,Excellent,100,Excellent
 01/04  05:00:00,24.75213102870311,42.02764209433888,16002.738920482274,201.198977940785,100.0,Excellent,100.0,Excellent,100.0,Excellent,100,Excellent
 01/04  06:00:00,24.70310339130009,41.98492539465647,16002.738920482274,201.198977940785,100.0,Excellent,100.0,Excellent,100.0,Excellent,100,Excellent
 01/04  07:00:00,23.96841242543369,42.85165444291156,29851.44011026187,8108.258474164495,100.0,Excellent,100.0,Excellent,100.0,Excellent,100,Excellent
 01/04  08:00:00,23.679036607023168,42.86857413645375,46897.78707287185,12204.42685320506,100.0,Excellent,90.0,Good,100.0,Excellent,100,Excellent
 01/04  09:00:00,24.02348577366764,43.80597251414624,99764.0047118386,22077.850829876064,100.0,Excellent,0.0,Higher Consumption,0.0,Higher Carbon,80,Acceptable
 01/04  10:00:00,24.097058199416235,46.34874432487728,94338.58745683543,25033.505003444345,100.0,Excellent,1.01,Higher Consumption,1.01,Higher Carbon,60,Higher Consumption
 01/04  11:00:00,24.17245059365679,48.28921180345177,97170.83057775984,29799.84153096213,100.0,Excellent,0.0,Higher Consumption,0.0,Higher Carbon,60,Higher Consumption
 01/04  12:00:00,24.236509236108144,49.18763651658006,103672.21078445856,34367.12833106747,100.0,Excellent,0.0,Higher Consumption,0.0,Higher Carbon,60,Higher Consumption
 01/04  13:00:00,24.235403793117907,48.934809490865625,105238.25254861193,34929.917959175706,100.0,Excellent,0.0,Higher Consumption,0.0,Higher Carbon,60,Higher Consumption
 01/04  14:00:00,24.22151118274841,49.06117215610275,111848.6232841892,40931.7963253036,100.0,Excellent,0.0,Higher Consumption,0.0,Higher Carbon,60,Higher Consumption
 01/04  15:00:00,24.269334466504414,48.81830730742429,108342.56206997045,40971.57302317273,100.0,Excellent,0.0,Higher Consumption,0.0,Higher Carbon,60,Higher Consumption
 01/04  16:00:00,24.18874462173808,48.92253115017725,107089.04579526332,39718.05674846562,100.0,Excellent,0.0,Higher Consumption,0.0,Higher Carbon,60,Higher Consumption
 01/04  17:00:00,24.167980711499183,49.06622735992155,108779.77188253116,38507.64272584337,100.0,Excellent,0.0,Higher Consumption,0.0,Higher Carbon,60,Higher Consumption
 01/04  18:00:00,24.1643213174142,48.253890721876274,76453.90592939613,25250.42230049012,100.0,Excellent,33.05,Higher Consumption,33.05,Higher Carbon,60,Higher Consumption
 01/04  19:00:00,24.129220272410727,45.47813765471807,52005.3745778938,18693.7938387272,100.0,Excellent,80.0,Acceptable,80.0,Acceptable,100,Excellent
 01/04  20:00:00,24.08100973595587,42.99373859517887,44380.31852947088,15818.328999095487,100.0,Excellent,100.0,Excellent,100.0,Excellent,100,Excellent
 01/04  21:00:00,24.032882092735186,42.218133472922574,38815.17647556528,13212.843079932034,100.0,Excellent,100.0,Excellent,100.0,Excellent,100,Excellent
 01/04  22:00:00,23.97155661140688,42.48208586479182,35346.68996997109,11033.752178733448,100.0,Excellent,100.0,Excellent,100.0,Excellent,100,Excellent
 01/04  23:00:00,24.753156505167496,41.08407810175772,21603.55076409053,250.26910759502385,100.0,Excellent,100.0,Excellent,100.0,Excellent,100,Excellent
 01/04  24:00:00,24.93185259733645,41.34617158242556,20122.90815579052,249.454566666085,100.0,Excellent,100.0,Excellent,100.0,Excellent,100,Excellent
 01/05  01:00:00,24.83555838892265,41.98547588776477,16163.712511941816,201.28916140884087,100.0,Excellent,100.0,Excellent,100.0,Excellent,100,Excellent
 01/05  02:00:00,24.76364470664228,42.1260066520669,16002.738920482274,201.198977940785,100.0,Excellent,100.0,Excellent,100.0,Excellent,100,Excellent
 01/05  03:00:00,24.69649353607385,42.081270871983634,16002.738920482274,201.198977940785,100.0,Excellent,100.0,Excellent,100.0,Excellent,100,Excellent
 01/05  04:00:00,24.645940455562567,41.9087477764472,16002.738920482274,201.198977940785,100.0,Excellent,100.0,Excellent,100.0,Excellent,100,Excellent
 01/05  05:00:00,24.576801409080343,42.13164396511152,16002.738920482274,201.198977940785,100.0,Excellent,100.0,Excellent,100.0,Excellent,100,Excellent
 01/05  06:00:00,24.5095349539623,42.98750483716509,16002.738920482274,201.198977940785,100.0,Excellent,100.0,Excellent,100.0,Excellent,100,Excellent
 01/05  07:00:00,23.832210220418776,46.17044592778228,29076.41007205708,7339.736861203763,100.0,Excellent,100.0,Excellent,100.0,Excellent,100,Excellent
 01/05  08:00:00,23.543652635879504,48.17797625756979,46381.15795962104,11587.991348842956,100.0,Excellent,90.0,Good,100.0,Excellent,100,Excellent
 01/05  09:00:00,23.970887745759647,48.76210456724196,98189.59832296538,20354.65167830836,100.0,Excellent,0.0,Higher Consumption,0.0,Higher Carbon,90,Efficient
 01/05  10:00:00,24.080599351890317,50.03982965838807,94971.18247271552,25666.100019324447,100.0,Excellent,0.0,Higher Consumption,0.0,Higher Carbon,60,Higher Consumption
 01/05  11:00:00,24.161689549211072,50.2522871273424,98089.76147562466,30718.77242882696,100.0,Excellent,0.0,Higher Consumption,0.0,Higher Carbon,60,Higher Consumption
 01/05  12:00:00,24.18604074302681,50.10607267280339,105757.28325854696,36452.20080515588,100.0,Excellent,0.0,Higher Consumption,0.0,Higher Carbon,60,Higher Consumption
 01/05  13:00:00,24.270626439556747,49.40147586083028,108231.31193245578,37922.97734301957,100.0,Excellent,0.0,Higher Consumption,0.0,Higher Carbon,60,Higher Consumption
 01/05  14:00:00,24.312641766415947,49.18808143796383,115954.74591377538,45037.91895488977,100.0,Excellent,0.0,Higher Consumption,0.0,Higher Carbon,60,Higher Consumption
 01/05  15:00:00,24.3441234372672,48.80225631172284,113239.56909943186,45868.58005263416,100.0,Excellent,0.0,Higher Consumption,0.0,Higher Carbon,60,Higher Consumption
 01/05  16:00:00,24.202904092099786,49.052980499199926,110785.49179433308,43414.50274753538,100.0,Excellent,0.0,Higher Consumption,0.0,Higher Carbon,60,Higher Consumption
 01/05  17:00:00,24.16548074681508,49.59743265061619,108856.51407509408,38566.06791636233,100.0,Excellent,0.0,Higher Consumption,0.0,Higher Carbon,60,Higher Consumption
 01/05  18:00:00,24.15775332144941,49.0489913610139,77290.54737485576,26160.10634090757,100.0,Excellent,31.55,Higher Consumption,31.55,Higher Carbon,60,Higher Consumption
 01/05  19:00:00,24.12479407459269,46.49962795469351,52671.25999157547,19359.679252408867,100.0,Excellent,80.0,Acceptable,80.0,Acceptable,100,Excellent
 01/05  20:00:00,24.072806164767805,44.67204460727714,45591.57841955107,17029.588889175677,100.0,Excellent,90.0,Good,100.0,Excellent,100,Excellent
 01/05  21:00:00,24.01583736471533,44.464435686529896,41133.18145249933,15530.848056866069,100.0,Excellent,100.0,Excellent,100.0,Excellent,100,Excellent
 01/05  22:00:00,23.944204912473147,45.39361256563734,38547.83971632307,14234.901925085422,100.0,Excellent,100.0,Excellent,100.0,Excellent,100,Excellent
 01/05  23:00:00,24.71199110362424,44.3294891665971,21603.55076409053,250.26910759502385,100.0,Excellent,100.0,Excellent,100.0,Excellent,100,Excellent
 01/05  24:00:00,24.92300191143845,44.81371891081851,20122.90815579052,249.454566666085,100.0,Excellent,100.0,Excellent,100.0,Excellent,100,Excellent
 01/06  01:00:00,24.83601439141664,45.63106014527378,16163.712511941816,201.28916140884087,100.0,Excellent,100.0,Excellent,100.0,Excellent,100,Excellent
 01/06  02:00:00,24.732914441752754,46.08479846992845,16002.738920482274,201.198977940785,100.0,Excellent,100.0,Excellent,100.0,Excellent,100,Excellent
 01/06  03:00:00,24.63074394668832,46.4679542849229,16002.738920482274,201.198977940785,100.0,Excellent,100.0,Excellent,100.0,Excellent,100,Excellent
 01/06  04:00:00,24.51480845760148,46.920497983535135,16002.738920482274,201.198977940785,100.0,Excellent,100.0,Excellent,100.0,Excellent,100,Excellent
 01/06  05:00:00,24.43870279572199,47.33017392666287,16002.738920482274,201.198977940785,100.0,Excellent,100.0,Excellent,100.0,Excellent,100,Excellent
 01/06  06:00:00,24.39962249227626,47.77300246488616,16002.738920482274,201.198977940785,100.0,Excellent,100.0,Excellent,100.0,Excellent,100,Excellent
 01/06  07:00:00,23.717047876829845,50.76937373063738,27820.56707743693,6077.385441339555,100.0,Excellent,100.0,Excellent,100.0,Excellent,100,Excellent
 01/06  08:00:00,23.454651857526912,52.51634536000316,45012.70120538634,10293.533801501317,100.0,Excellent,90.0,Good,100.0,Excellent,100,Excellent
 01/06  09:00:00,23.961033638220243,52.278660481770274,98917.25129224072,21231.09741027819,100.0,Excellent,0.0,Higher Consumption,0.0,Higher Carbon,80,Acceptable
 01/06  10:00:00,24.07682657047386,52.29137947955349,94855.5056245024,25550.423171111324,100.0,Excellent,0.09,Higher Consumption,0.09,Higher Carbon,60,Higher Consumption
 01/06  11:00:00,24.14217874593975,51.651819161106864,97476.8661407467,30105.877093949,100.0,Excellent,0.0,Higher Consumption,0.0,Higher Carbon,60,Higher Consumption
 01/06  12:00:00,24.17988362804253,50.67192865736676,107132.51712793244,37827.43467454132,100.0,Excellent,0.0,Higher Consumption,0.0,Higher Carbon,60,Higher Consumption
 01/06  13:00:00,24.29124454980046,49.745533326186624,108341.08873274324,38032.754143307015,100.0,Excellent,0.0,Higher Consumption,0.0,Higher Carbon,60,Higher Consumption
 01/06  14:00:00,24.323582792528875,49.43380313985119,115352.3815743087,44435.5546154231,100.0,Excellent,0.0,Higher Consumption,0.0,Higher Carbon,60,Higher Consumption
 01/06  15:00:00,24.289988306247693,49.19834844380365,109907.8866890636,42536.89764226589,100.0,Excellent,0.0,Higher Consumption,0.0,Higher Carbon,60,Higher Consumption
 01/06  16:00:00,24.184367087585745,49.201375924167,106294.1182988352,38923.12925203752,100.0,Excellent,0.0,Higher Consumption,0.0,Higher Carbon,60,Higher Consumption
 01/06  17:00:00,24.161131001780035,49.283385429636446,105611.17335836648,35339.044201678684,100.0,Excellent,0.0,Higher Consumption,0.0,Higher Carbon,60,Higher Consumption
 01/06  18:00:00,24.154589919269107,48.150475595046686,74847.86007696408,23718.719890959263,100.0,Excellent,35.93,Higher Consumption,35.93,Higher Carbon,60,Higher Consumption
 01/06  19:00:00,24.11185443526183,45.74590238635727,50585.60106359918,17274.020324432575,100.0,Excellent,80.0,Acceptable,80.0,Acceptable,100,Excellent
 01/06  20:00:00,24.05567449408959,44.55441025373973,43054.2893088912,14492.299778515802,100.0,Excellent,100.0,Excellent,100.0,Excellent,100,Excellent
 01/06  21:00:00,23.98968645710182,45.296113082748064,37838.81003131592,12236.47663568267,100.0,Excellent,100.0,Excellent,100.0,Excellent,100,Excellent
 01/06  22:00:00,23.908381087410284,46.21437466717898,35010.46667615659,10697.528884918947,100.0,Excellent,100.0,Excellent,100.0,Excellent,100,Excellent
 01/06  23:00:00,24.64707808912013,44.903076469843285,21603.55076409053,250.26910759502385,100.0,Excellent,100.0,Excellent,100.0,Excellent,100,Excellent
 01/06  24:00:00,24.82999324147726,45.194088051089146,20122.90815579052,249.454566666085,100.0,Excellent,100.0,Excellent,100.0,Excellent,100,Excellent
 01/07  01:00:00,24.697631030586763,46.185832189573176,13038.514687240193,168.67480905518886,100.0,Excellent,100.0,Excellent,100.0,Excellent,100,Excellent
 01/07  02:00:00,24.605029159437272,46.83620857353861,12877.565474876648,168.6090046831275,100.0,Excellent,100.0,Excellent,100.0,Excellent,100,Excellent
 01/07  03:00:00,24.52641281610677,47.476624323895166,12877.565474876648,168.6090046831275,100.0,Excellent,100.0,Excellent,100.0,Excellent,100,Excellent
 01/07  04:00:00,24.437174369026685,48.10073842205645,12877.565474876648,168.6090046831275,100.0,Excellent,100.0,Excellent,100.0,Excellent,100,Excellent
 01/07  05:00:00,24.376173643008716,48.603703473697706,12877.565474876648,168.6090046831275,100.0,Excellent,100.0,Excellent,100.0,Excellent,100,Excellent
 01/07  06:00:00,24.32615232715669,48.98360699315255,12877.565474876648,168.6090046831275,100.0,Excellent,100.0,Excellent,100.0,Excellent,100,Excellent
 01/07  07:00:00,23.67490965720449,51.028388992218765,29383.70927756245,7641.969954108518,100.0,Excellent,100.0,Excellent,100.0,Excellent,100,Excellent
 01/07  08:00:00,23.49702426676494,50.39803354721566,34288.0464916234,11111.266057903784,100.0,Excellent,100.0,Excellent,100.0,Excellent,100,Excellent
 01/07  09:00:00,23.784454475477265,47.76391086824388,45905.55382649063,15247.346548183215,100.0,Excellent,90.0,Good,100.0,Excellent,100,Excellent
 01/07  10:00:00,23.947543134689752,45.60842500751948,51291.82960012458,18377.180014124868,100.0,Excellent,80.0,Acceptable,80.0,Acceptable,100,Excellent
 01/07  11:00:00,24.09766696497319,44.86352682097501,53507.4996265405,21559.89674383749,100.0,Excellent,70.0,No Improvement,70.0,No Improvement,80,Acceptable
 01/07  12:00:00,24.142336779602537,45.697721157544734,57778.77465541799,23574.72946502267,100.0,Excellent,66.5,Higher Consumption,66.5,Higher Carbon,60,Higher Consumption
 01/07  13:00:00,24.222810461645164,45.74256130253086,46916.60016345429,23242.63052847764,100.0,Excellent,90.0,Good,100.0,Excellent,60,Higher Consumption
 01/07  14:00:00,24.2374127073568,45.07033179494297,45140.48414854647,24045.305722361023,100.0,Excellent,90.0,Good,100.0,Excellent,60,Higher Consumption
 01/07  15:00:00,24.2284709905784,43.82949053699596,43318.850069721,23835.416149030047,100.0,Excellent,100.0,Excellent,100.0,Excellent,60,Higher Consumption
 01/07  16:00:00,24.182220825174703,42.06314435177677,40865.52493021274,22671.4866139174,100.0,Excellent,100.0,Excellent,100.0,Excellent,80,Acceptable
 01/07  17:00:00,24.15761182675694,40.342109214442985,39577.57786751198,21061.190650117736,100.0,Excellent,100.0,Excellent,100.0,Excellent,90,Efficient
 01/07  18:00:00,24.6612982243811,36.623223698305,29859.858210552607,15234.030162575364,100.0,Excellent,100.0,Excellent,100.0,Excellent,100,Excellent
 01/07  19:00:00,25.34935939062776,34.23959073695323,18410.17735255095,197.9051438648484,100.0,Excellent,100.0,Excellent,100.0,Excellent,100,Excellent
 01/07  20:00:00,25.364349516960573,34.8385801307475,13745.564687240194,168.67480905518886,100.0,Excellent,100.0,Excellent,100.0,Excellent,100,Excellent
 01/07  21:00:00,25.215825715251217,35.53441461069034,13584.615474876648,168.6090046831275,100.0,Excellent,100.0,Excellent,100.0,Excellent,100,Excellent
 01/07  22:00:00,25.11438517254074,36.28653303439468,13584.615474876648,168.6090046831275,100.0,Excellent,100.0,Excellent,100.0,Excellent,100,Excellent
 01/07  23:00:00,25.01824754178965,37.19836130827953,13584.615474876648,168.6090046831275,100.0,Excellent,100.0,Excellent,100.0,Excellent,100,Excellent
 01/07  24:00:00,24.89219838482019,38.27798032136496,13584.615474876648,168.6090046831275,100.0,Excellent,100.0,Excellent,100.0,Excellent,100,Excellent
 01/08  01:00:00,24.77836808771587,39.376379095658095,12877.565474876648,168.6090046831275,100.0,Excellent,100.0,Excellent,100.0,Excellent,100,Excellent
 01/08  02:00:00,24.69235786423126,40.39244911329709,12877.565474876648,168.6090046831275,100.0,Excellent,100.0,Excellent,100.0,Excellent,100,Excellent
 01/08  03:00:00,24.603438898727926,41.3490328753257,12877.565474876648,168.6090046831275,100.0,Excellent,100.0,Excellent,100.0,Excellent,100,Excellent
 01/08  04:00:00,24.53317059484385,42.17643348085695,12877.565474876648,168.6090046831275,100.0,Excellent,100.0,Excellent,100.0,Excellent,100,Excellent
 01/08  05:00:00,24.52963535623144,42.79837921032384,12877.565474876648,168.6090046831275,100.0,Excellent,100.0,Excellent,100.0,Excellent,100,Excellent
 01/08  06:00:00,24.537431017285662,43.41214496941628,12877.565474876648,168.6090046831275,100.0,Excellent,100.0,Excellent,100.0,Excellent,100,Excellent
 01/08  07:00:00,24.55878523114952,44.122907906537336,16999.188007508215,197.858802377482,100.0,Excellent,100.0,Excellent,100.0,Excellent,100,Excellent
 01/08  08:00:00,24.6188799709098,44.9345942860375,13045.388346447591,197.90605972060504,100.0,Excellent,100.0,Excellent,100.0,Excellent,100,Excellent
 01/08  09:00:00,25.10682671241991,44.50313700069289,12859.104155816814,197.82525214784607,100.0,Excellent,100.0,Excellent,100.0,Excellent,100,Excellent
 01/08  10:00:00,25.56289405398797,43.770969194625735,16455.451626238693,3795.2715248018176,100.0,Excellent,100.0,Excellent,100.0,Excellent,100,Excellent
 01/08  11:00:00,25.52084297572396,42.844606635486,24481.86789125359,11821.687789816717,100.0,Excellent,100.0,Excellent,100.0,Excellent,100,Excellent
 01/08  12:00:00,25.674613584482746,41.185263140710205,25464.84750712884,12804.667405691962,100.0,Excellent,100.0,Excellent,100.0,Excellent,100,Excellent
 01/08  13:00:00,25.86228226150648,39.97808700379946,26201.498941122973,13541.318839686097,100.0,Excellent,100.0,Excellent,100.0,Excellent,100,Excellent
 01/08  14:00:00,26.07322995827564,39.22028042142096,26646.719100921426,13986.538999484548,98.9,Too Hot,100.0,Excellent,100.0,Excellent,100,Excellent
 01/08  15:00:00,26.234326043461007,38.9027387301028,26660.69516216602,14000.515060729143,96.49,Too Hot,100.0,Excellent,100.0,Excellent,100,Excellent
 01/08  16:00:00,26.1046372755345,38.94413522666966,26168.918694165583,13508.738592728709,98.43,Too Hot,100.0,Excellent,100.0,Excellent,100,Excellent
 01/08  17:00:00,26.042878385638865,38.77344446169791,25443.033120992804,12782.853019555929,99.36,Too Hot,100.0,Excellent,100.0,Excellent,100,Excellent
 01/08  18:00:00,25.92508645483848,38.82444587823977,21709.366257889647,9000.745623054296,100.0,Excellent,100.0,Excellent,100.0,Excellent,100,Excellent
 01/08  19:00:00,25.77443416703011,39.02649373932647,20058.216270198987,4310.52639201398,100.0,Excellent,100.0,Excellent,100.0,Excellent,100,Excellent
 01/08  20:00:00,26.01723200856401,38.7284787065112,13584.615474876648,168.6090046831275,99.74,Too Hot,100.0,Excellent,100.0,Excellent,100,Excellent
 01/08  21:00:00,25.90768264749713,39.459170362666406,13584.615474876648,168.6090046831275,100.0,Excellent,100.0,Excellent,100.0,Excellent,100,Excellent
 01/08  22:00:00,25.816072279004555,40.10028996690149,13584.615474876648,168.6090046831275,100.0,Excellent,100.0,Excellent,100.0,Excellent,100,Excellent
 01/08  23:00:00,25.722603097572023,40.78107645815069,13584.615474876648,168.6090046831275,100.0,Excellent,100.0,Excellent,100.0,Excellent,100,Excellent
 01/08  24:00:00,25.611044510982307,41.639411144059984,13584.615474876648,168.6090046831275,100.0,Excellent,100.0,Excellent,100.0,Excellent,100,Excellent
 01/09  01:00:00,25.553162996590476,42.589181963296966,16002.738920482274,201.198977940785,100.0,Excellent,100.0,Excellent,100.0,Excellent,100,Excellent
 01/09  02:00:00,25.44904380062392,43.7885879434474,16002.738920482274,201.198977940785,100.0,Excellent,100.0,Excellent,100.0,Excellent,100,Excellent
 01/09  03:00:00,25.365345128436843,44.9144862812318,16002.738920482274,201.198977940785,100.0,Excellent,100.0,Excellent,100.0,Excellent,100,Excellent
 01/09  04:00:00,25.32053961137269,45.71800257501262,16002.738920482274,201.198977940785,100.0,Excellent,100.0,Excellent,100.0,Excellent,100,Excellent
 01/09  05:00:00,25.276576771647765,46.32571058445242,16002.738920482274,201.198977940785,100.0,Excellent,100.0,Excellent,100.0,Excellent,100,Excellent
 01/09  06:00:00,25.24204059029956,46.78730066525869,16002.738920482274,201.198977940785,100.0,Excellent,100.0,Excellent,100.0,Excellent,100,Excellent
 01/09  07:00:00,24.3908842801459,49.29362570989604,32085.2692802651,10342.087644167725,100.0,Excellent,100.0,Excellent,100.0,Excellent,100,Excellent
 01/09  08:00:00,23.947612977324333,50.8270401576865,52306.238483673456,17585.913536240696,100.0,Excellent,80.0,Acceptable,80.0,Acceptable,100,Excellent
 01/09  09:00:00,24.082993411987545,51.41446861637842,112482.62697789982,34776.9836399427,100.0,Excellent,0.0,Higher Consumption,0.0,Higher Carbon,60,Higher Consumption
 01/09  10:00:00,24.137546312264803,50.75253149306288,114997.55825000156,45692.47579661047,100.0,Excellent,0.0,Higher Consumption,0.0,Higher Carbon,60,Higher Consumption
 01/09  11:00:00,24.31006977458251,49.4153889134046,117673.916558128,50302.92751133031,100.0,Excellent,0.0,Higher Consumption,0.0,Higher Carbon,60,Higher Consumption
 01/09  12:00:00,24.42135786344406,48.80549130242749,120309.19987735269,51004.11742396157,100.0,Excellent,0.0,Higher Consumption,0.0,Higher Carbon,60,Higher Consumption
 01/09  13:00:00,24.52893370874856,48.06761628773603,118678.52205805776,48370.18746862157,100.0,Excellent,0.0,Higher Consumption,0.0,Higher Carbon,60,Higher Consumption
 01/09  14:00:00,24.44053152459913,48.178789359970985,125281.80588590352,54364.978927017895,100.0,Excellent,0.0,Higher Consumption,0.0,Higher Carbon,60,Higher Consumption
 01/09  15:00:00,24.43479216294326,47.9585635717741,120615.60977189455,53244.62072509686,100.0,Excellent,0.0,Higher Consumption,0.0,Higher Carbon,60,Higher Consumption
 01/09  16:00:00,24.32164008078211,48.11499494725548,119123.04959426427,51752.06054746658,100.0,Excellent,0.0,Higher Consumption,0.0,Higher Carbon,60,Higher Consumption
 01/09  17:00:00,24.205255714451106,48.90544813680948,116484.15613711384,46143.25609649404,100.0,Excellent,0.0,Higher Consumption,0.0,Higher Carbon,60,Higher Consumption
 01/09  18:00:00,24.17909911467665,49.04560113374855,82352.10032447484,31087.998986578285,100.0,Excellent,22.48,Higher Consumption,22.48,Higher Carbon,60,Higher Consumption
 01/09  19:00:00,24.152672384271817,47.69093252860975,55483.32000373336,22171.73926456676,100.0,Excellent,70.0,No Improvement,70.0,No Improvement,80,Acceptable
 01/09  20:00:00,24.12454770308029,45.77736343225549,48970.77710028664,20408.787569911245,100.0,Excellent,90.0,Good,90.0,Good,90,Efficient
 01/09  21:00:00,24.095380106050747,44.712507797789016,45150.23929188322,19547.90589624997,100.0,Excellent,90.0,Good,100.0,Excellent,100,Excellent
 01/09  22:00:00,24.06222285559436,44.45089145318782,43353.02341871319,19040.08562747554,100.0,Excellent,100.0,Excellent,100.0,Excellent,100,Excellent
 01/09  23:00:00,25.09389476561273,42.23004230554724,21603.55076409053,250.26910759502385,100.0,Excellent,100.0,Excellent,100.0,Excellent,100,Excellent
 01/09  24:00:00,25.378296941187088,42.60735009057385,20122.90815579052,249.454566666085,100.0,Excellent,100.0,Excellent,100.0,Excellent,100,Excellent
 01/10  01:00:00,25.26406411063552,44.28507963929378,16163.712511941816,201.28916140884087,100.0,Excellent,100.0,Excellent,100.0,Excellent,100,Excellent
 01/10  02:00:00,25.14699174709531,45.941293695626,16002.738920482274,201.198977940785,100.0,Excellent,100.0,Excellent,100.0,Excellent,100,Excellent
 01/10  03:00:00,25.0790246766066,47.40200206558972,16002.738920482274,201.198977940785,100.0,Excellent,100.0,Excellent,100.0,Excellent,100,Excellent
 01/10  04:00:00,25.035641358951448,48.40932331687815,16002.738920482274,201.198977940785,100.0,Excellent,100.0,Excellent,100.0,Excellent,100,Excellent
 01/10  05:00:00,25.03080558894155,49.02181940261907,16002.738920482274,201.198977940785,100.0,Excellent,100.0,Excellent,100.0,Excellent,100,Excellent
 01/10  06:00:00,25.046083866272298,49.50888105291378,16002.738920482274,201.198977940785,100.0,Excellent,100.0,Excellent,100.0,Excellent,100,Excellent
 01/10  07:00:00,24.1692614581414,52.13639000474755,34915.511477220934,13172.329841123556,100.0,Excellent,100.0,Excellent,100.0,Excellent,100,Excellent
 01/10  08:00:00,23.845664035582008,52.76742563708012,53640.33731219148,18921.795586291784,100.0,Excellent,70.0,No Improvement,70.0,No Improvement,100,Excellent
 01/10  09:00:00,24.06281021550252,52.38253073617506,113832.70793190508,36126.75588744592,100.0,Excellent,0.0,Higher Consumption,0.0,Higher Carbon,60,Higher Consumption
 01/10  10:00:00,24.1102047523581,51.63090864847173,114621.19481971992,45316.11236632883,100.0,Excellent,0.0,Higher Consumption,0.0,Higher Carbon,60,Higher Consumption
 01/10  11:00:00,24.204869777924717,50.39676196654754,120636.80108184426,53265.81203504656,100.0,Excellent,0.0,Higher Consumption,0.0,Higher Carbon,60,Higher Consumption
 01/10  12:00:00,24.27595325661972,49.762396554326486,126682.82396654316,57377.74151315206,100.0,Excellent,0.0,Higher Consumption,0.0,Higher Carbon,60,Higher Consumption
 01/10  13:00:00,24.270825152345864,49.41526011452698,118910.10739441564,48601.77280497942,100.0,Excellent,0.0,Higher Consumption,0.0,Higher Carbon,60,Higher Consumption
 01/10  14:00:00,24.27299296759702,49.10507152806434,124537.09454284178,53620.26758395617,100.0,Excellent,0.0,Higher Consumption,0.0,Higher Carbon,60,Higher Consumption
 01/10  15:00:00,24.366749351079243,48.5126199634999,119091.25743694267,51720.26839014499,100.0,Excellent,0.0,Higher Consumption,0.0,Higher Carbon,60,Higher Consumption
 01/10  16:00:00,24.29139349955087,48.44662007780051,120056.94603994137,52685.95699314365,100.0,Excellent,0.0,Higher Consumption,0.0,Higher Carbon,60,Higher Consumption
 01/10  17:00:00,24.232120474999498,48.68649553274557,123028.63841113332,52756.5092544455,100.0,Excellent,0.0,Higher Consumption,0.0,Higher Carbon,60,Higher Consumption
 01/10  18:00:00,24.187811961209768,48.79131612486992,90731.4383476252,39738.227569337,100.0,Excellent,7.47,Higher Consumption,7.47,Higher Carbon,60,Higher Consumption
 01/10  19:00:00,24.161287650876417,48.61313202505109,59744.07566600728,26432.49492684068,100.0,Excellent,62.98,Higher Consumption,62.98,Higher Carbon,60,Higher Consumption
 01/10  20:00:00,24.129696996505395,48.10432595956605,51337.24615207824,22775.256621702843,100.0,Excellent,80.0,Acceptable,80.0,Acceptable,80,Acceptable
 01/10  21:00:00,24.091206305024627,47.32153576708215,46916.371420118565,21314.03802448531,100.0,Excellent,90.0,Good,100.0,Excellent,80,Acceptable
 01/10  22:00:00,24.04815821619863,47.02578899806228,44368.54356608292,20055.60577484528,100.0,Excellent,100.0,Excellent,100.0,Excellent,90,Efficient
 01/10  23:00:00,25.045019562590348,44.7948031239915,21603.55076409053,250.26910759502385,100.0,Excellent,100.0,Excellent,100.0,Excellent,100,Excellent
 01/10  24:00:00,25.33266343027168,45.315777402656366,20122.90815579052,249.454566666085,100.0,Excellent,100.0,Excellent,100.0,Excellent,100,Excellent
 01/11  01:00:00,25.269662954960072,46.54820282077421,16163.712511941816,201.28916140884087,100.0,Excellent,100.0,Excellent,100.0,Excellent,100,Excellent
 01/11  02:00:00,25.2311535176786,47.396998810752045,16002.738920482274,201.198977940785,100.0,Excellent,100.0,Excellent,100.0,Excellent,100,Excellent
 01/11  03:00:00,25.174467247757335,48.24242022762543,16002.738920482274,201.198977940785,100.0,Excellent,100.0,Excellent,100.0,Excellent,100,Excellent
 01/11  04:00:00,25.118907625418057,49.02457638528322,16002.738920482274,201.198977940785,100.0,Excellent,100.0,Excellent,100.0,Excellent,100,Excellent
 01/11  05:00:00,25.07700359722424,49.73165948406248,16002.738920482274,201.198977940785,100.0,Excellent,100.0,Excellent,100.0,Excellent,100,Excellent
 01/11  06:00:00,25.06979364076027,50.35588863695679,16002.738920482274,201.198977940785,100.0,Excellent,100.0,Excellent,100.0,Excellent,100,Excellent
 01/11  07:00:00,24.171472544043585,52.72694678891431,38201.10996068561,16457.92832458823,100.0,Excellent,100.0,Excellent,100.0,Excellent,100,Excellent
 01/11  08:00:00,23.871342297983308,52.67382729446047,57570.166117036766,22783.639759410184,100.0,Excellent,66.88,Higher Consumption,66.88,Higher Carbon,80,Acceptable
 01/11  09:00:00,24.06240365121055,52.15343215996193,117420.83692080367,39639.14367288837,100.0,Excellent,0.0,Higher Consumption,0.0,Higher Carbon,60,Higher Consumption
 01/11  10:00:00,24.10794716011827,51.546585032586606,117520.13080280033,48215.04834940923,100.0,Excellent,0.0,Higher Consumption,0.0,Higher Carbon,60,Higher Consumption
 01/11  11:00:00,24.196455919659385,50.38919153412967,123587.91908964788,56216.930042850174,100.0,Excellent,0.0,Higher Consumption,0.0,Higher Carbon,60,Higher Consumption
 01/11  12:00:00,24.263312728887666,49.76339264899764,124134.47458735733,54829.39213396622,100.0,Excellent,0.0,Higher Consumption,0.0,Higher Carbon,60,Higher Consumption
 01/11  13:00:00,24.35564038808901,49.29078995843085,120369.8831257273,50061.54853629108,100.0,Excellent,0.0,Higher Consumption,0.0,Higher Carbon,60,Higher Consumption
 01/11  14:00:00,24.31167397204684,49.08860608115398,126269.99153475252,55353.16457586692,100.0,Excellent,0.0,Higher Consumption,0.0,Higher Carbon,60,Higher Consumption
 01/11  15:00:00,24.32533970957701,48.69292169434881,121425.98603347164,54054.99698667396,100.0,Excellent,0.0,Higher Consumption,0.0,Higher Carbon,60,Higher Consumption
 01/11  16:00:00,24.278636738596436,48.508124064888335,121212.10338763772,53841.11434084003,100.0,Excellent,0.0,Higher Consumption,0.0,Higher Carbon,60,Higher Consumption
 01/11  17:00:00,24.20286592407668,48.894595175131705,119746.54630022854,49458.29963968554,100.0,Excellent,0.0,Higher Consumption,0.0,Higher Carbon,60,Higher Consumption
 01/11  18:00:00,24.177804694816334,49.14656674875257,86007.83460084723,34078.94780708036,100.0,Excellent,15.94,Higher Consumption,15.94,Higher Carbon,60,Higher Consumption
 01/11  19:00:00,24.15548246910599,48.92804688007242,59184.38194372752,25872.80120456092,100.0,Excellent,63.98,Higher Consumption,63.98,Higher Carbon,60,Higher Consumption
 01/11  20:00:00,24.12324470428292,48.66000312897203,52686.8084833035,24124.81895292811,100.0,Excellent,80.0,Acceptable,80.0,Acceptable,60,Higher Consumption
 01/11  21:00:00,24.08453455628252,48.632236677697264,48928.30798351438,23325.974587881137,100.0,Excellent,90.0,Good,90.0,Good,60,Higher Consumption
 01/11  22:00:00,24.043237882940996,48.75097701178891,46434.80824669756,22121.870455459924,100.0,Excellent,90.0,Good,100.0,Excellent,80,Acceptable
 01/11  23:00:00,24.99932048419176,46.81036806068231,21603.55076409053,250.26910759502385,100.0,Excellent,100.0,Excellent,100.0,Excellent,100,Excellent
 01/11  24:00:00,25.2955098310122,47.37436093813572,20122.90815579052,249.454566666085,100.0,Excellent,100.0,Excellent,100.0,Excellent,100,Excellent
 01/12  01:00:00,25.237888288002853,48.49667362628874,16163.712511941816,201.28916140884087,100.0,Excellent,100.0,Excellent,100.0,Excellent,100,Excellent
 01/12  02:00:00,25.16064193712336,49.292228261904114,16002.738920482274,201.198977940785,100.0,Excellent,100.0,Excellent,100.0,Excellent,100,Excellent
 01/12  03:00:00,25.121674908450565,49.968859645280574,16002.738920482274,201.198977940785,100.0,Excellent,100.0,Excellent,100.0,Excellent,100,Excellent
 01/12  04:00:00,25.077367847272445,50.65830006629872,16002.738920482274,201.198977940785,100.0,Excellent,100.0,Excellent,100.0,Excellent,100,Excellent
 01/12  05:00:00,25.06671599229282,51.14120743056768,16002.738920482274,201.198977940785,100.0,Excellent,100.0,Excellent,100.0,Excellent,100,Excellent
 01/12  06:00:00,25.073024739875336,51.24918464283197,16002.738920482274,201.198977940785,100.0,Excellent,100.0,Excellent,100.0,Excellent,100,Excellent
 01/12  07:00:00,24.129598250221687,53.557893704946046,37813.90907238469,16070.727436287314,100.0,Excellent,100.0,Excellent,100.0,Excellent,100,Excellent
 01/12  08:00:00,23.850212532058684,53.26786786093276,57297.59801925802,22578.524383463708,100.0,Excellent,67.36,Higher Consumption,67.36,Higher Carbon,80,Acceptable
 01/12  09:00:00,24.063752613845978,52.19884483701038,118714.20004131092,41008.579971638166,100.0,Excellent,0.0,Higher Consumption,0.0,Higher Carbon,60,Higher Consumption
 01/12  10:00:00,24.109098389353488,51.65348833440695,116654.24824027166,47349.16578688058,100.0,Excellent,0.0,Higher Consumption,0.0,Higher Carbon,60,Higher Consumption
 01/12  11:00:00,24.16696652823328,50.81903617828337,121654.8843942005,54283.8953474028,100.0,Excellent,0.0,Higher Consumption,0.0,Higher Carbon,60,Higher Consumption
 01/12  12:00:00,24.197752647865894,50.02607031232812,121421.50131456368,52116.41886117258,100.0,Excellent,0.0,Higher Consumption,0.0,Higher Carbon,60,Higher Consumption
 01/12  13:00:00,24.372084346710903,49.17939935643571,121181.57904575286,50873.24445631665,100.0,Excellent,0.0,Higher Consumption,0.0,Higher Carbon,60,Higher Consumption
 01/12  14:00:00,24.354950584144166,48.90146765961352,129352.75025143009,58435.92329254448,100.0,Excellent,0.0,Higher Consumption,0.0,Higher Carbon,60,Higher Consumption
 01/12  15:00:00,24.397597704816803,48.38493103168775,125015.91899689268,57644.92995009498,100.0,Excellent,0.0,Higher Consumption,0.0,Higher Carbon,60,Higher Consumption
 01/12  16:00:00,24.307908030472003,48.34489938108995,123275.6283824749,55904.6393356772,100.0,Excellent,0.0,Higher Consumption,0.0,Higher Carbon,60,Higher Consumption
 01/12  17:00:00,24.19421192144457,49.08046090344113,117664.8720670538,47274.62929047,100.0,Excellent,0.0,Higher Consumption,0.0,Higher Carbon,60,Higher Consumption
 01/12  18:00:00,24.17591673644165,49.360159049189,84833.524815374,33057.32117721318,100.0,Excellent,18.04,Higher Consumption,18.04,Higher Carbon,60,Higher Consumption
 01/12  19:00:00,24.15478003123869,48.83690770285676,57603.429028765866,24291.84828959927,100.0,Excellent,66.82,Higher Consumption,66.82,Higher Carbon,60,Higher Consumption
 01/12  20:00:00,24.12540246981933,48.16592224953184,51720.016276789145,23158.02674641375,100.0,Excellent,80.0,Acceptable,80.0,Acceptable,60,Higher Consumption
 01/12  21:00:00,24.094065992891835,48.04927278762764,48471.08581527024,22868.75241963698,100.0,Excellent,90.0,Good,90.0,Good,80,Acceptable
 01/12  22:00:00,24.06114932853021,48.32412698485077,46803.479189487225,22490.54139824958,100.0,Excellent,90.0,Good,100.0,Excellent,80,Acceptable
 01/12  23:00:00,25.017830973981678,47.16978112249352,21603.55076409053,250.26910759502385,100.0,Excellent,100.0,Excellent,100.0,Excellent,100,Excellent
 01/12  24:00:00,25.279330621568796,49.024428678403,20122.90815579052,249.454566666085,100.0,Excellent,100.0,Excellent,100.0,Excellent,100,Excellent
 01/13  01:00:00,25.21932586884478,50.93704460715203,16163.712511941816,201.28916140884087,100.0,Excellent,100.0,Excellent,100.0,Excellent,100,Excellent
 01/13  02:00:00,25.170552440749915,51.84281736308952,16002.738920482274,201.198977940785,100.0,Excellent,100.0,Excellent,100.0,Excellent,100,Excellent
 01/13  03:00:00,25.15416058335156,52.19428999217668,16002.738920482274,201.198977940785,100.0,Excellent,100.0,Excellent,100.0,Excellent,100,Excellent
 01/13  04:00:00,25.14364163090093,52.279604180761226,16002.738920482274,201.198977940785,100.0,Excellent,100.0,Excellent,100.0,Excellent,100,Excellent
 01/13  05:00:00,25.05495420706508,52.76817074953319,16002.738920482274,201.198977940785,100.0,Excellent,100.0,Excellent,100.0,Excellent,100,Excellent
 01/13  06:00:00,24.97946807485057,53.70444939076504,16002.738920482274,201.198977940785,100.0,Excellent,100.0,Excellent,100.0,Excellent,100,Excellent
 01/13  07:00:00,24.11254424394325,55.30709440894232,37793.9999151427,16050.81827904532,100.0,Excellent,100.0,Excellent,100.0,Excellent,100,Excellent
 01/13  08:00:00,23.8504629812983,53.794720272841545,56823.52890612365,22116.414576757805,100.0,Excellent,68.21,Higher Consumption,68.21,Higher Carbon,80,Acceptable
 01/13  09:00:00,24.06475710937912,52.09945443383605,119721.51522270408,42035.361340741554,100.0,Excellent,0.0,Higher Consumption,0.0,Higher Carbon,60,Higher Consumption
 01/13  10:00:00,24.114147816518624,51.24433352063696,119304.336858305,49999.254404913896,100.0,Excellent,0.0,Higher Consumption,0.0,Higher Carbon,60,Higher Consumption
 01/13  11:00:00,24.192589912923594,50.33099530202526,121857.94119650588,54486.9521497082,100.0,Excellent,0.0,Higher Consumption,0.0,Higher Carbon,60,Higher Consumption
 01/13  12:00:00,24.221881868063445,49.843251311208775,123315.78907849276,54010.70662510168,100.0,Excellent,0.0,Higher Consumption,0.0,Higher Carbon,60,Higher Consumption
 01/13  13:00:00,24.30814702967301,49.50086140866373,122315.60061257194,52007.26602313572,100.0,Excellent,0.0,Higher Consumption,0.0,Higher Carbon,60,Higher Consumption
 01/13  14:00:00,24.237843363625515,49.583332972424266,128072.3443484171,57155.51738953149,100.0,Excellent,0.0,Higher Consumption,0.0,Higher Carbon,60,Higher Consumption
 01/13  15:00:00,24.24993890981152,49.30898958921741,122651.60818338075,55280.61913658308,100.0,Excellent,0.0,Higher Consumption,0.0,Higher Carbon,60,Higher Consumption
 01/13  16:00:00,24.20585391790188,49.1932058705879,130031.05775817076,62660.06871137306,100.0,Excellent,0.0,Higher Consumption,0.0,Higher Carbon,60,Higher Consumption
 01/13  17:00:00,24.180848547933824,49.28884891163258,130224.55699520596,59952.42783851817,100.0,Excellent,0.0,Higher Consumption,0.0,Higher Carbon,60,Higher Consumption
 01/13  18:00:00,24.169652307495035,49.37826933627437,92967.47236204513,42025.19940379273,100.0,Excellent,3.47,Higher Consumption,3.47,Higher Carbon,60,Higher Consumption
 01/13  19:00:00,24.15163056516351,49.16957619098316,59644.35979676427,26332.77905759767,100.0,Excellent,63.16,Higher Consumption,63.16,Higher Carbon,60,Higher Consumption
 01/13  20:00:00,24.11845195666392,48.86849464442115,52027.00124768717,23465.01171731177,100.0,Excellent,80.0,Acceptable,80.0,Acceptable,60,Higher Consumption
 01/13  21:00:00,24.07453559511732,48.66733619945032,47849.908530471206,22247.57513483795,100.0,Excellent,90.0,Good,90.0,Good,80,Acceptable
 01/13  22:00:00,24.035100665624583,48.71136562329952,45404.29641222361,21091.358620985964,100.0,Excellent,90.0,Good,100.0,Excellent,90,Efficient
 01/13  23:00:00,24.98715311431496,47.05101741672741,21603.55076409053,250.26910759502385,100.0,Excellent,100.0,Excellent,100.0,Excellent,100,Excellent
 01/13  24:00:00,25.254807153820767,48.25533119113678,20122.90815579052,249.454566666085,100.0,Excellent,100.0,Excellent,100.0,Excellent,100,Excellent
 01/14  01:00:00,25.122769410192795,50.29887526463482,13038.514687240193,168.67480905518886,100.0,Excellent,100.0,Excellent,100.0,Excellent,100,Excellent
 01/14  02:00:00,25.03389754319015,51.83262819766375,12877.565474876648,168.6090046831275,100.0,Excellent,100.0,Excellent,100.0,Excellent,100,Excellent
 01/14  03:00:00,24.97856254296729,53.17441631158966,12877.565474876648,168.6090046831275,100.0,Excellent,100.0,Excellent,100.0,Excellent,100,Excellent
 01/14  04:00:00,24.933926013600686,54.25324133589263,12877.565474876648,168.6090046831275,100.0,Excellent,100.0,Excellent,100.0,Excellent,100,Excellent
 01/14  05:00:00,24.88654526557015,55.05717173185896,12877.565474876648,168.6090046831275,100.0,Excellent,100.0,Excellent,100.0,Excellent,100,Excellent
 01/14  06:00:00,24.8137918124513,55.53309314369102,12877.565474876648,168.6090046831275,100.0,Excellent,100.0,Excellent,100.0,Excellent,100,Excellent
 01/14  07:00:00,24.05214305618709,56.48211101382924,33166.3968034422,11423.215167344826,100.0,Excellent,100.0,Excellent,100.0,Excellent,100,Excellent
 01/14  08:00:00,23.80191531007653,54.44291924125367,38090.692896180655,14901.733738973931,100.0,Excellent,100.0,Excellent,100.0,Excellent,100,Excellent
 01/14  09:00:00,23.94717134914887,51.95746378648587,49534.51044504674,18864.290865972864,100.0,Excellent,90.0,Good,90.0,Good,100,Excellent
 01/14  10:00:00,24.051424363367445,49.928366358155856,57401.346074139845,24486.69648814012,100.0,Excellent,67.18,Higher Consumption,67.18,Higher Carbon,60,Higher Consumption
 01/14  11:00:00,24.15860263979713,49.13683417867763,60245.776746971205,28298.173864268192,100.0,Excellent,62.08,Higher Consumption,62.08,Higher Carbon,60,Higher Consumption
 01/14  12:00:00,24.18007778419713,48.83052711686039,66273.04610621354,32069.000915818226,100.0,Excellent,51.29,Higher Consumption,51.29,Higher Carbon,60,Higher Consumption
 01/14  13:00:00,24.318341938252143,48.05114958359514,52208.012673389705,28534.04303841305,100.0,Excellent,80.0,Acceptable,80.0,Acceptable,60,Higher Consumption
 01/14  14:00:00,24.324257098135583,47.64913315059013,51059.27664467711,29964.09821849167,100.0,Excellent,80.0,Acceptable,80.0,Acceptable,60,Higher Consumption
 01/14  15:00:00,24.287519938467742,47.40581714407919,49233.08718863905,29749.65326794811,100.0,Excellent,90.0,Good,90.0,Good,60,Higher Consumption
 01/14  16:00:00,24.2044657273706,47.1296232348156,44892.981067977904,26698.94275168256,100.0,Excellent,90.0,Good,100.0,Excellent,60,Higher Consumption
 01/14  17:00:00,24.18507577781922,46.79048589798363,43142.675046659526,24626.28782926528,100.0,Excellent,100.0,Excellent,100.0,Excellent,60,Higher Consumption
 01/14  18:00:00,24.82270143661875,43.26902969037486,32343.95132816403,17731.973222591587,100.0,Excellent,100.0,Excellent,100.0,Excellent,100,Excellent
 01/14  19:00:00,25.54168252882876,40.93966799191489,18410.17440957138,197.90220088528,100.0,Excellent,100.0,Excellent,100.0,Excellent,100,Excellent
 01/14  20:00:00,25.58734175916781,42.33648330467055,13745.564687240194,168.67480905518886,100.0,Excellent,100.0,Excellent,100.0,Excellent,100,Excellent
 01/14  21:00:00,25.47070394134724,43.843718404821885,13584.615474876648,168.6090046831275,100.0,Excellent,100.0,Excellent,100.0,Excellent,100,Excellent
 01/14  22:00:00,25.372161635775413,45.233489615215525,13584.615474876648,168.6090046831275,100.0,Excellent,100.0,Excellent,100.0,Excellent,100,Excellent
 01/14  23:00:00,25.27398206315964,46.578763887989936,13584.615474876648,168.6090046831275,100.0,Excellent,100.0,Excellent,100.0,Excellent,100,Excellent
 01/14  24:00:00,25.197970621365656,47.77739728092106,13584.615474876648,168.6090046831275,100.0,Excellent,100.0,Excellent,100.0,Excellent,100,Excellent
 01/15  01:00:00,25.147087932505176,48.86229079420827,12877.565474876648,168.6090046831275,100.0,Excellent,100.0,Excellent,100.0,Excellent,100,Excellent
 01/15  02:00:00,25.06845939209296,49.9455930683965,12877.565474876648,168.6090046831275,100.0,Excellent,100.0,Excellent,100.0,Excellent,100,Excellent
 01/15  03:00:00,25.01663697613519,50.903219973331694,12877.565474876648,168.6090046831275,100.0,Excellent,100.0,Excellent,100.0,Excellent,100,Excellent
 01/15  04:00:00,24.96414097735165,51.729057410775006,12877.565474876648,168.6090046831275,100.0,Excellent,100.0,Excellent,100.0,Excellent,100,Excellent
 01/15  05:00:00,24.887301087634015,52.472275912335625,12877.565474876648,168.6090046831275,100.0,Excellent,100.0,Excellent,100.0,Excellent,100,Excellent
 01/15  06:00:00,24.833128529039858,52.855956368151496,12877.565474876648,168.6090046831275,100.0,Excellent,100.0,Excellent,100.0,Excellent,100,Excellent
 01/15  07:00:00,24.85186152906748,53.09029069357654,16998.472296674132,197.858802377482,100.0,Excellent,100.0,Excellent,100.0,Excellent,100,Excellent
 01/15  08:00:00,24.941375291720327,53.23413382884434,13040.75261629794,197.9045099013373,100.0,Excellent,100.0,Excellent,100.0,Excellent,100,Excellent
 01/15  09:00:00,25.485099369518625,51.21240294068198,16527.6600151975,3867.479913760625,100.0,Excellent,100.0,Excellent,100.0,Excellent,100,Excellent
 01/15  10:00:00,25.52330155719156,46.7688430296272,22550.284202735857,9890.10410129898,100.0,Excellent,100.0,Excellent,100.0,Excellent,100,Excellent
 01/15  11:00:00,25.76586418092391,42.46560833579,25499.17980779201,12838.999706355138,100.0,Excellent,100.0,Excellent,100.0,Excellent,100,Excellent
 01/15  12:00:00,25.888454852689488,40.199014185510215,28003.686249666847,15343.506148229972,100.0,Excellent,100.0,Excellent,100.0,Excellent,100,Excellent
 01/15  13:00:00,26.1571781457787,38.66323762711349,24668.11607890726,12007.935977470384,97.64,Too Hot,100.0,Excellent,100.0,Excellent,100,Excellent
 01/15  14:00:00,26.36889816247022,37.54762341659468,26287.205044582,13627.024943145128,94.47,Too Hot,100.0,Excellent,100.0,Excellent,100,Excellent
 01/15  15:00:00,26.37928587453625,37.90277643862145,29134.89426639995,16474.71416496308,94.31,Too Hot,100.0,Excellent,100.0,Excellent,100,Excellent
 01/15  16:00:00,26.43409452164835,38.39247312685232,24909.307136882875,12249.127035445996,93.49,Too Hot,100.0,Excellent,100.0,Excellent,100,Excellent
 01/15  17:00:00,26.332218165943797,38.471182436933816,25736.175060771908,13075.994959335036,95.02,Too Hot,100.0,Excellent,100.0,Excellent,100,Excellent
 01/15  18:00:00,26.099505131281585,38.52006695368212,26250.89330483301,13574.20664670329,98.51,Too Hot,100.0,Excellent,100.0,Excellent,100,Excellent
 01/15  19:00:00,26.045431298333867,38.4655900326824,22551.518439747888,6803.828561562879,99.32,Too Hot,100.0,Excellent,100.0,Excellent,100,Excellent
 01/15  20:00:00,25.890269048080484,38.820058588816366,16419.241517417602,3003.2350472240805,100.0,Excellent,100.0,Excellent,100.0,Excellent,100,Excellent
 01/15  21:00:00,26.176587048005715,39.05020837319934,13584.615474876648,168.6090046831275,97.35,Too Hot,100.0,Excellent,100.0,Excellent,100,Excellent
 01/15  22:00:00,26.10586233435401,39.98172113668721,13584.615474876648,168.6090046831275,98.41,Too Hot,100.0,Excellent,100.0,Excellent,100,Excellent
 01/15  23:00:00,26.01883931685192,40.890076505363126,13584.615474876648,168.6090046831275,99.72,Too Hot,100.0,Excellent,100.0,Excellent,100,Excellent
 01/15  24:00:00,25.914604184772116,41.88327195107244,13584.615474876648,168.6090046831275,100.0,Excellent,100.0,Excellent,100.0,Excellent,100,Excellent
 01/16  01:00:00,25.77680285162846,43.1383706470742,12877.565474876648,168.6090046831275,100.0,Excellent,100.0,Excellent,100.0,Excellent,100,Excellent
 01/16  02:00:00,25.663520483539276,44.4077718754162,12877.565474876648,168.6090046831275,100.0,Excellent,100.0,Excellent,100.0,Excellent,100,Excellent
 01/16  03:00:00,25.555496238858524,45.65862406143444,12877.565474876648,168.6090046831275,100.0,Excellent,100.0,Excellent,100.0,Excellent,100,Excellent
 01/16  04:00:00,25.46131908447036,46.70684856529786,12877.565474876648,168.6090046831275,100.0,Excellent,100.0,Excellent,100.0,Excellent,100,Excellent
 01/16  05:00:00,25.417180374223857,47.3999543291943,12877.565474876648,168.6090046831275,100.0,Excellent,100.0,Excellent,100.0,Excellent,100,Excellent
 01/16  06:00:00,25.39873103314384,47.75251879851035,12877.565474876648,168.6090046831275,100.0,Excellent,100.0,Excellent,100.0,Excellent,100,Excellent
 01/16  07:00:00,25.413723265566645,48.17329283968168,16999.188007508215,197.858802377482,100.0,Excellent,100.0,Excellent,100.0,Excellent,100,Excellent
 01/16  08:00:00,25.484608759447287,48.61865407140278,13042.7521373216,197.9054207495037,100.0,Excellent,100.0,Excellent,100.0,Excellent,100,Excellent
 01/16  09:00:00,25.793709928081164,47.75399594333732,18166.310849005986,5506.13074756911,100.0,Excellent,100.0,Excellent,100.0,Excellent,100,Excellent
 01/16  10:00:00,25.78124960390244,43.60944218486592,21681.48294348505,9021.302842048184,100.0,Excellent,100.0,Excellent,100.0,Excellent,100,Excellent
 01/16  11:00:00,26.008137778584608,39.04445164800804,24099.66205200496,11439.481950568086,99.88,Too Hot,100.0,Excellent,100.0,Excellent,100,Excellent
 01/16  12:00:00,26.12099619144564,36.384204051916825,26321.783770495946,13661.60366905907,98.19,Too Hot,100.0,Excellent,100.0,Excellent,100,Excellent
 01/16  13:00:00,26.378176949129383,35.99312800406176,24307.506285539966,11647.326184103087,94.33,Too Hot,100.0,Excellent,100.0,Excellent,100,Excellent
 01/16  14:00:00,26.553429513849206,36.94338537805948,27266.905148342103,14606.725046905229,91.7,Too Hot,100.0,Excellent,100.0,Excellent,100,Excellent
 01/16  15:00:00,26.58508257280648,38.52549005214439,28903.720616006445,16243.54051456957,91.22,Too Hot,100.0,Excellent,100.0,Excellent,100,Excellent
 01/16  16:00:00,26.623208890144937,38.78978519607424,24541.15436234305,11880.97426090618,90.65,Too Hot,100.0,Excellent,100.0,Excellent,100,Excellent
 01/16  17:00:00,26.48354472824099,38.61409175302661,25174.30415711283,12514.124055675957,92.75,Too Hot,100.0,Excellent,100.0,Excellent,100,Excellent
 01/16  18:00:00,26.30160849063573,37.85655869552036,25537.86864969623,12862.837426416045,95.48,Too Hot,100.0,Excellent,100.0,Excellent,100,Excellent
 01/16  19:00:00,26.084523008590025,37.54724011589834,23550.42931830872,7802.739440123708,98.73,Too Hot,100.0,Excellent,100.0,Excellent,100,Excellent
 01/16  20:00:00,26.02058294188025,37.31477601403256,19702.779175769487,6286.772705575968,99.69,Too Hot,100.0,Excellent,100.0,Excellent,100,Excellent
 01/16  21:00:00,26.07828810127745,37.52958072474116,16085.116521284996,2669.110051091475,98.83,Too Hot,100.0,Excellent,100.0,Excellent,100,Excellent
 01/16  22:00:00,26.273938502556938,37.89139769425736,13584.615474876648,168.6090046831275,95.89,Too Hot,100.0,Excellent,100.0,Excellent,100,Excellent
 01/16  23:00:00,26.180213845449504,38.99988095113717,13584.615474876648,168.6090046831275,97.3,Too Hot,100.0,Excellent,100.0,Excellent,100,Excellent
 01/16  24:00:00,26.10414200425008,40.173090685237895,13584.615474876648,168.6090046831275,98.44,Too Hot,100.0,Excellent,100.0,Excellent,100,Excellent
 01/17  01:00:00,26.075760836417786,41.41191196724906,16002.738920482274,201.198977940785,98.86,Too Hot,100.0,Excellent,100.0,Excellent,100,Excellent
 01/17  02:00:00,26.02902021612803,42.67367227080987,16002.738920482274,201.198977940785,99.56,Too Hot,100.0,Excellent,100.0,Excellent,100,Excellent
 01/17  03:00:00,25.992628514916543,43.78595834353351,16002.738920482274,201.198977940785,100.0,Excellent,100.0,Excellent,100.0,Excellent,100,Excellent
 01/17  04:00:00,25.952510249877257,44.57462781834187,16002.738920482274,201.198977940785,100.0,Excellent,100.0,Excellent,100.0,Excellent,100,Excellent
 01/17  05:00:00,25.847047729680177,45.35562841318241,16002.738920482274,201.198977940785,100.0,Excellent,100.0,Excellent,100.0,Excellent,100,Excellent
 01/17  06:00:00,25.7014650134016,45.9888084349386,16002.738920482274,201.198977940785,100.0,Excellent,100.0,Excellent,100.0,Excellent,100,Excellent
 01/17  07:00:00,24.83132210294109,48.29450960740897,29324.384133217063,7581.202497119688,100.0,Excellent,100.0,Excellent,100.0,Excellent,100,Excellent
 01/17  08:00:00,24.07598342717697,50.34444823778481,51495.201862360125,16800.45752374201,100.0,Excellent,80.0,Acceptable,80.0,Acceptable,100,Excellent
 01/17  09:00:00,24.12294922835555,50.67433886114434,111385.42097301774,33699.267091055204,100.0,Excellent,0.0,Higher Consumption,0.0,Higher Carbon,60,Higher Consumption
 01/17  10:00:00,24.155857412777294,50.30300002537207,111761.2159314968,42456.1334781057,100.0,Excellent,0.0,Higher Consumption,0.0,Higher Carbon,60,Higher Consumption
 01/17  11:00:00,24.348266654062986,48.76949096917353,119521.37504314038,52150.385996342695,100.0,Excellent,0.0,Higher Consumption,0.0,Higher Carbon,60,Higher Consumption
 01/17  12:00:00,24.45283375977694,48.24771316122306,126957.67796607118,57652.59551268008,100.0,Excellent,0.0,Higher Consumption,0.0,Higher Carbon,60,Higher Consumption
 01/17  13:00:00,24.5387738638058,47.68279754790392,122490.35006256613,52182.01547312991,100.0,Excellent,0.0,Higher Consumption,0.0,Higher Carbon,60,Higher Consumption
 01/17  14:00:00,24.48010844286256,47.69337168273496,127569.31926931757,56652.492310431946,100.0,Excellent,0.0,Higher Consumption,0.0,Higher Carbon,60,Higher Consumption
 01/17  15:00:00,24.474724472168543,47.39152336689568,120521.75477395167,53150.765727154,100.0,Excellent,0.0,Higher Consumption,0.0,Higher Carbon,60,Higher Consumption
 01/17  16:00:00,24.403897827652557,47.32622642033354,117936.7992152049,50565.8101684072,100.0,Excellent,0.0,Higher Consumption,0.0,Higher Carbon,60,Higher Consumption
 01/17  17:00:00,24.315682871084128,47.65565868976344,118360.00831510508,48087.87915841729,100.0,Excellent,0.0,Higher Consumption,0.0,Higher Carbon,60,Higher Consumption
 01/17  18:00:00,24.21029500812998,47.68847240760389,85249.49949491274,34320.49930980868,100.0,Excellent,17.29,Higher Consumption,17.29,Higher Carbon,60,Higher Consumption
 01/17  19:00:00,24.18308437042577,46.859496319242254,56240.42857412864,22928.84783496204,100.0,Excellent,69.26,Higher Consumption,69.26,Higher Carbon,80,Acceptable
 01/17  20:00:00,24.15007143327328,45.180048782904166,48965.65324171513,20403.66371133974,100.0,Excellent,90.0,Good,90.0,Good,90,Efficient
 01/17  21:00:00,24.12112943007967,43.9828586466962,43986.46357563625,18384.130180003,100.0,Excellent,100.0,Excellent,100.0,Excellent,100,Excellent
 01/17  22:00:00,24.089756693232108,43.66668208729677,40713.83230519577,16400.894513958126,100.0,Excellent,100.0,Excellent,100.0,Excellent,100,Excellent
 01/17  23:00:00,25.116056899879997,41.62861834995621,21603.55076409053,250.26910759502385,100.0,Excellent,100.0,Excellent,100.0,Excellent,100,Excellent
 01/17  24:00:00,25.368894364298896,42.05195163467458,20122.90815579052,249.454566666085,100.0,Excellent,100.0,Excellent,100.0,Excellent,100,Excellent
 01/18  01:00:00,25.28894190137986,43.03423813123023,16163.712511941816,201.28916140884087,100.0,Excellent,100.0,Excellent,100.0,Excellent,100,Excellent
 01/18  02:00:00,25.22752276571009,43.70479004133372,16002.738920482274,201.198977940785,100.0,Excellent,100.0,Excellent,100.0,Excellent,100,Excellent
 01/18  03:00:00,25.17406953201765,44.39745121491489,16002.738920482274,201.198977940785,100.0,Excellent,100.0,Excellent,100.0,Excellent,100,Excellent
 01/18  04:00:00,25.11519397695689,45.168437536475984,16002.738920482274,201.198977940785,100.0,Excellent,100.0,Excellent,100.0,Excellent,100,Excellent
 01/18  05:00:00,25.060401935390384,45.83683049824863,16002.738920482274,201.198977940785,100.0,Excellent,100.0,Excellent,100.0,Excellent,100,Excellent
 01/18  06:00:00,25.013923017181757,46.342958130056815,16002.738920482274,201.198977940785,100.0,Excellent,100.0,Excellent,100.0,Excellent,100,Excellent
 01/18  07:00:00,24.223881246705552,49.73839441791767,29875.929407342795,8132.747771245416,100.0,Excellent,100.0,Excellent,100.0,Excellent,100,Excellent
 01/18  08:00:00,23.84891308291589,52.55558332597343,50306.70322297084,15548.091851166908,100.0,Excellent,80.0,Acceptable,80.0,Acceptable,100,Excellent
 01/18  09:00:00,24.06414237203544,52.63848859248465,107329.76993979583,29601.88569386476,100.0,Excellent,0.0,Higher Consumption,0.0,Higher Carbon,60,Higher Consumption
 01/18  10:00:00,24.12168851269813,51.2632524484817,104801.74897057176,35496.666517180674,100.0,Excellent,0.0,Higher Consumption,0.0,Higher Carbon,60,Higher Consumption
 01/18  11:00:00,24.268683184103068,49.35497641272991,104331.96151217529,36960.97246537758,100.0,Excellent,0.0,Higher Consumption,0.0,Higher Carbon,60,Higher Consumption
 01/18  12:00:00,24.385268161880852,46.92691881234117,111113.19447313956,41808.11201974845,100.0,Excellent,0.0,Higher Consumption,0.0,Higher Carbon,60,Higher Consumption
 01/18  13:00:00,24.51046240660232,45.31855529895064,111537.48145016422,41229.146860728,100.0,Excellent,0.0,Higher Consumption,0.0,Higher Carbon,60,Higher Consumption
 01/18  14:00:00,24.53202275497511,45.47181052565196,118666.3063721542,47749.479413268615,100.0,Excellent,0.0,Higher Consumption,0.0,Higher Carbon,60,Higher Consumption
 01/18  15:00:00,24.53741330522986,46.24659127659883,116193.08328853516,48822.09424173747,100.0,Excellent,0.0,Higher Consumption,0.0,Higher Carbon,60,Higher Consumption
 01/18  16:00:00,24.407237564762774,47.24357518790898,115451.11462169694,48080.125574899226,100.0,Excellent,0.0,Higher Consumption,0.0,Higher Carbon,60,Higher Consumption
 01/18  17:00:00,24.30043653708784,48.0396595466929,115235.15683076456,44963.02767407674,100.0,Excellent,0.0,Higher Consumption,0.0,Higher Carbon,60,Higher Consumption
 01/18  18:00:00,24.19344673874679,48.04065189552877,81255.53603920546,30305.241737939472,100.0,Excellent,24.45,Higher Consumption,24.45,Higher Carbon,60,Higher Consumption
 01/18  19:00:00,24.1629336294432,46.08845138981771,54396.96660202231,21085.38586285571,100.0,Excellent,70.0,No Improvement,70.0,No Improvement,90,Efficient
 01/18  20:00:00,24.124349335824963,43.38201641480031,47105.54677691327,18543.55724653788,100.0,Excellent,90.0,Good,100.0,Excellent,100,Excellent
 01/18  21:00:00,24.0792267918514,41.916990309369695,42366.769110467896,16764.43571483465,100.0,Excellent,100.0,Excellent,100.0,Excellent,100,Excellent
 01/18  22:00:00,24.04076008562184,41.61563736429565,39475.58331613679,15162.645524899146,100.0,Excellent,100.0,Excellent,100.0,Excellent,100,Excellent
 01/18  23:00:00,24.99889959613168,39.833679755456615,21603.55076409053,250.26910759502385,100.0,Excellent,100.0,Excellent,100.0,Excellent,100,Excellent
 01/18  24:00:00,25.239414475940123,40.2437688164305,20122.90815579052,249.454566666085,100.0,Excellent,100.0,Excellent,100.0,Excellent,100,Excellent
 01/19  01:00:00,25.14170221166204,41.41174526937302,16163.712511941816,201.28916140884087,100.0,Excellent,100.0,Excellent,100.0,Excellent,100,Excellent
 01/19  02:00:00,25.036703552630588,42.4764681487862,16002.738920482274,201.198977940785,100.0,Excellent,100.0,Excellent,100.0,Excellent,100,Excellent
 01/19  03:00:00,24.943842936766977,43.524025798166015,16002.738920482274,201.198977940785,100.0,Excellent,100.0,Excellent,100.0,Excellent,100,Excellent
 01/19  04:00:00,24.883028462146957,44.3686503597702,16002.738920482274,201.198977940785,100.0,Excellent,100.0,Excellent,100.0,Excellent,100,Excellent
 01/19  05:00:00,24.854519559196675,45.00296224167924,16002.738920482274,201.198977940785,100.0,Excellent,100.0,Excellent,100.0,Excellent,100,Excellent
 01/19  06:00:00,24.79261557457211,45.589325546451406,16002.738920482274,201.198977940785,100.0,Excellent,100.0,Excellent,100.0,Excellent,100,Excellent
 01/19  07:00:00,24.0322430577145,48.876948097150965,26012.04431339243,4268.8626772950565,100.0,Excellent,100.0,Excellent,100.0,Excellent,100,Excellent
 01/19  08:00:00,23.68143272548535,51.6561838718752,42581.67108586566,7859.34898212824,100.0,Excellent,100.0,Excellent,100.0,Excellent,100,Excellent
 01/19  09:00:00,24.02024842406139,51.131703615211926,97829.61737535703,20133.420590042337,100.0,Excellent,0.0,Higher Consumption,0.0,Higher Carbon,90,Efficient
 01/19  10:00:00,24.106592033463464,48.18917770652985,95097.73691225162,25792.654458860547,100.0,Excellent,0.0,Higher Consumption,0.0,Higher Carbon,60,Higher Consumption
 01/19  11:00:00,24.309681167907573,44.46233216380866,99086.23410862638,31715.24506182869,100.0,Excellent,0.0,Higher Consumption,0.0,Higher Carbon,60,Higher Consumption
 01/19  12:00:00,24.430383004542843,40.26049288005241,107720.0519376446,38414.96948425352,100.0,Excellent,0.0,Higher Consumption,0.0,Higher Carbon,60,Higher Consumption
 01/19  13:00:00,24.56036094781918,39.34299676992404,109776.93529535751,39468.6007059213,100.0,Excellent,0.0,Higher Consumption,0.0,Higher Carbon,60,Higher Consumption
 01/19  14:00:00,24.54777690889189,40.61188965975223,117340.63024503272,46423.80328614712,100.0,Excellent,0.0,Higher Consumption,0.0,Higher Carbon,60,Higher Consumption
 01/19  15:00:00,24.521784350655928,42.95650141779,113893.14447983692,46522.15543303922,100.0,Excellent,0.0,Higher Consumption,0.0,Higher Carbon,60,Higher Consumption
 01/19  16:00:00,24.36510669450035,45.14376311148264,111867.35330587949,44496.36425908179,100.0,Excellent,0.0,Higher Consumption,0.0,Higher Carbon,60,Higher Consumption
 01/19  17:00:00,24.2218041806956,46.53619190009725,109554.33332197218,39282.20416528438,100.0,Excellent,0.0,Higher Consumption,0.0,Higher Carbon,60,Higher Consumption
 01/19  18:00:00,24.17679655274111,46.84605472119432,78534.56527832395,27597.04728761535,100.0,Excellent,29.32,Higher Consumption,29.32,Higher Carbon,60,Higher Consumption
 01/19  19:00:00,24.149747663611645,44.58506126244018,53473.26015152066,20161.679412354053,100.0,Excellent,70.0,No Improvement,70.0,No Improvement,90,Efficient
 01/19  20:00:00,24.10909489567141,42.40701182452128,46892.542820661314,18330.553290285912,100.0,Excellent,90.0,Good,100.0,Excellent,100,Excellent
 01/19  21:00:00,24.06560159752497,41.61261730754248,42939.44929072371,17337.115895090457,100.0,Excellent,100.0,Excellent,100.0,Excellent,100,Excellent
 01/19  22:00:00,24.02633273324042,41.75692792241423,40495.15419794584,16182.216406708196,100.0,Excellent,100.0,Excellent,100.0,Excellent,100,Excellent
 01/19  23:00:00,24.9419697705045,40.445891847381695,21603.55076409053,250.26910759502385,100.0,Excellent,100.0,Excellent,100.0,Excellent,100,Excellent
 01/19  24:00:00,25.18217558771764,41.2171030221704,20122.90815579052,249.454566666085,100.0,Excellent,100.0,Excellent,100.0,Excellent,100,Excellent
 01/20  01:00:00,25.119571531936145,42.27583040489984,16163.712511941816,201.28916140884087,100.0,Excellent,100.0,Excellent,100.0,Excellent,100,Excellent
 01/20  02:00:00,25.04545142527081,42.92303269942277,16002.738920482274,201.198977940785,100.0,Excellent,100.0,Excellent,100.0,Excellent,100,Excellent
 01/20  03:00:00,24.96583618240977,43.47587780087061,16002.738920482274,201.198977940785,100.0,Excellent,100.0,Excellent,100.0,Excellent,100,Excellent
 01/20  04:00:00,24.89770061189341,43.98851377592657,16002.738920482274,201.198977940785,100.0,Excellent,100.0,Excellent,100.0,Excellent,100,Excellent
 01/20  05:00:00,24.814542293851886,44.65162972761616,16002.738920482274,201.198977940785,100.0,Excellent,100.0,Excellent,100.0,Excellent,100,Excellent
 01/20  06:00:00,24.736871609987432,45.48463265306541,16002.738920482274,201.198977940785,100.0,Excellent,100.0,Excellent,100.0,Excellent,100,Excellent
 01/20  07:00:00,23.99511317444594,48.855885273925935,29891.538391985272,8148.356755887894,100.0,Excellent,100.0,Excellent,100.0,Excellent,100,Excellent
 01/20  08:00:00,23.69575295334485,51.42020118611255,47844.21846594656,13121.987251813876,100.0,Excellent,90.0,Good,90.0,Good,100,Excellent
 01/20  09:00:00,24.026588985777227,51.85323374689519,102882.44908682536,25158.857165743702,100.0,Excellent,0.0,Higher Consumption,0.0,Higher Carbon,60,Higher Consumption
 01/20  10:00:00,24.10058823133817,51.377554819001226,100753.66512569424,31448.582672303142,100.0,Excellent,0.0,Higher Consumption,0.0,Higher Carbon,60,Higher Consumption
 01/20  11:00:00,24.189787249247296,50.17101862389723,102271.8910559414,34900.902009143705,100.0,Excellent,0.0,Higher Consumption,0.0,Higher Carbon,60,Higher Consumption
 01/20  12:00:00,24.291873045436272,49.306804858201055,108211.3712181976,38906.28876480648,100.0,Excellent,0.0,Higher Consumption,0.0,Higher Carbon,60,Higher Consumption
 01/20  13:00:00,24.430315636622325,48.04839663000366,109486.98188666951,39178.64729723331,100.0,Excellent,0.0,Higher Consumption,0.0,Higher Carbon,60,Higher Consumption
 01/20  14:00:00,24.451725297658903,47.99012575384947,115985.1949576166,45068.36799873098,100.0,Excellent,0.0,Higher Consumption,0.0,Higher Carbon,60,Higher Consumption
 01/20  15:00:00,24.44000710884221,47.99786914469409,112035.12714196576,44664.138095168055,100.0,Excellent,0.0,Higher Consumption,0.0,Higher Carbon,60,Higher Consumption
 01/20  16:00:00,24.314247047695098,47.83630408875396,110208.25092623496,42837.26187943726,100.0,Excellent,0.0,Higher Consumption,0.0,Higher Carbon,60,Higher Consumption
 01/20  17:00:00,24.240976982617624,48.333548482996015,111587.74778885116,41315.61863216336,100.0,Excellent,0.0,Higher Consumption,0.0,Higher Carbon,60,Higher Consumption
 01/20  18:00:00,24.17714823887846,48.130015115801655,78764.87537498532,27669.918661355867,100.0,Excellent,28.91,Higher Consumption,28.91,Higher Carbon,60,Higher Consumption
 01/20  19:00:00,24.14702044481765,46.02942012681779,53873.89488560958,20562.31414644298,100.0,Excellent,70.0,No Improvement,70.0,No Improvement,90,Efficient
 01/20  20:00:00,24.10394830987369,43.71372688007625,46885.146511830106,18323.15698145472,100.0,Excellent,90.0,Good,100.0,Excellent,100,Excellent
 01/20  21:00:00,24.058771493236907,42.5461879990109,41756.29898744886,16153.965591815611,100.0,Excellent,100.0,Excellent,100.0,Excellent,100,Excellent
 01/20  22:00:00,24.014038281353056,42.230265646093365,38446.89231377978,14133.95452254214,100.0,Excellent,100.0,Excellent,100.0,Excellent,100,Excellent
 01/20  23:00:00,24.85669801783559,40.884684216731706,21603.55076409053,250.26910759502385,100.0,Excellent,100.0,Excellent,100.0,Excellent,100,Excellent
 01/20  24:00:00,25.06724947474481,41.58407956434134,20122.90815579052,249.454566666085,100.0,Excellent,100.0,Excellent,100.0,Excellent,100,Excellent
 01/21  01:00:00,24.95100615026406,42.9443723467996,13038.514687240193,168.67480905518886,100.0,Excellent,100.0,Excellent,100.0,Excellent,100,Excellent
 01/21  02:00:00,24.875208369392976,43.92823063100435,12877.565474876648,168.6090046831275,100.0,Excellent,100.0,Excellent,100.0,Excellent,100,Excellent
 01/21  03:00:00,24.83598245371925,44.828138902826296,12877.565474876648,168.6090046831275,100.0,Excellent,100.0,Excellent,100.0,Excellent,100,Excellent
 01/21  04:00:00,24.78543125179789,45.65799740302656,12877.565474876648,168.6090046831275,100.0,Excellent,100.0,Excellent,100.0,Excellent,100,Excellent
 01/21  05:00:00,24.721920444529573,46.34460995919182,12877.565474876648,168.6090046831275,100.0,Excellent,100.0,Excellent,100.0,Excellent,100,Excellent
 01/21  06:00:00,24.689221397696755,46.60607923197138,12877.565474876648,168.6090046831275,100.0,Excellent,100.0,Excellent,100.0,Excellent,100,Excellent
 01/21  07:00:00,23.954187014840343,49.0220178852506,29697.48569725485,7954.304061157479,100.0,Excellent,100.0,Excellent,100.0,Excellent,100,Excellent
 01/21  08:00:00,23.69168513404636,49.31513540541381,36155.91277215694,12970.11380707594,100.0,Excellent,100.0,Excellent,100.0,Excellent,100,Excellent
 01/21  09:00:00,23.88741527202208,47.59822052886193,48622.1020122615,17960.391869566407,100.0,Excellent,90.0,Good,90.0,Good,100,Excellent
 01/21  10:00:00,24.023898129240862,46.85026277859328,55735.889922065406,22821.24033606569,100.0,Excellent,70.0,No Improvement,70.0,No Improvement,80,Acceptable
 01/21  11:00:00,24.155909883671345,47.359294935346654,56735.42013629951,24787.81725359649,100.0,Excellent,68.37,Higher Consumption,68.37,Higher Carbon,60,Higher Consumption
 01/21  12:00:00,24.20091788220396,48.02029919272191,61116.40765651385,26912.362466118524,100.0,Excellent,60.52,Higher Consumption,60.52,Higher Carbon,60,Higher Consumption
 01/21  13:00:00,24.31618427737902,47.50308145227714,48830.53732592294,25156.567690946285,100.0,Excellent,90.0,Good,90.0,Good,60,Higher Consumption
 01/21  14:00:00,24.31453432445987,46.924835682751656,47596.84188302756,26501.6634568421,100.0,Excellent,90.0,Good,90.0,Good,60,Higher Consumption
 01/21  15:00:00,24.276547814929973,46.32221997162418,46185.97349114808,26702.539570457127,100.0,Excellent,90.0,Good,100.0,Excellent,60,Higher Consumption
 01/21  16:00:00,24.224484013585244,45.94957395399328,44648.67753038234,26454.639214087,100.0,Excellent,100.0,Excellent,100.0,Excellent,60,Higher Consumption
 01/21  17:00:00,24.185573386492525,45.325732353304346,41284.32703115059,22767.939813756348,100.0,Excellent,100.0,Excellent,100.0,Excellent,80,Acceptable
 01/21  18:00:00,24.82948346161757,41.01452413703138,30932.70075093039,16323.354322626596,100.0,Excellent,100.0,Excellent,100.0,Excellent,100,Excellent
 01/21  19:00:00,25.52967485908762,38.28883773271214,18410.173922825656,197.9017141395585,100.0,Excellent,100.0,Excellent,100.0,Excellent,100,Excellent
 01/21  20:00:00,25.55639179326832,39.05210157227732,13745.564687240194,168.67480905518886,100.0,Excellent,100.0,Excellent,100.0,Excellent,100,Excellent
 01/21  21:00:00,25.4273916193656,39.736138032199634,13584.615474876648,168.6090046831275,100.0,Excellent,100.0,Excellent,100.0,Excellent,100,Excellent
 01/21  22:00:00,25.319545788037264,40.29290950960828,13584.615474876648,168.6090046831275,100.0,Excellent,100.0,Excellent,100.0,Excellent,100,Excellent
 01/21  23:00:00,25.22132176339888,40.82608340716199,13584.615474876648,168.6090046831275,100.0,Excellent,100.0,Excellent,100.0,Excellent,100,Excellent
 01/21  24:00:00,25.123120163919427,41.42985214275483,13584.615474876648,168.6090046831275,100.0,Excellent,100.0,Excellent,100.0,Excellent,100,Excellent
 01/22  01:00:00,25.009302482995626,42.19323062181245,12877.565474876648,168.6090046831275,100.0,Excellent,100.0,Excellent,100.0,Excellent,100,Excellent
 01/22  02:00:00,24.89102630368904,43.04263097885519,12877.565474876648,168.6090046831275,100.0,Excellent,100.0,Excellent,100.0,Excellent,100,Excellent
 01/22  03:00:00,24.799128422164987,43.82361091246932,12877.565474876648,168.6090046831275,100.0,Excellent,100.0,Excellent,100.0,Excellent,100,Excellent
 01/22  04:00:00,24.73340378215897,44.43010084547608,12877.565474876648,168.6090046831275,100.0,Excellent,100.0,Excellent,100.0,Excellent,100,Excellent
 01/22  05:00:00,24.693532488827955,44.84976193207538,12877.565474876648,168.6090046831275,100.0,Excellent,100.0,Excellent,100.0,Excellent,100,Excellent
 01/22  06:00:00,24.680397485087887,45.11534065498967,12877.565474876648,168.6090046831275,100.0,Excellent,100.0,Excellent,100.0,Excellent,100,Excellent
 01/22  07:00:00,24.74261310829834,45.30951482878432,16999.188007508215,197.858802377482,100.0,Excellent,100.0,Excellent,100.0,Excellent,100,Excellent
 01/22  08:00:00,24.85077835737746,45.59443779560544,13043.936755314837,197.90582705414144,100.0,Excellent,100.0,Excellent,100.0,Excellent,100,Excellent
 01/22  09:00:00,25.399000396472328,44.39635875031543,16153.170988354304,3492.990886917428,100.0,Excellent,100.0,Excellent,100.0,Excellent,100,Excellent
 01/22  10:00:00,25.44691778841454,42.7154831145518,22028.47982646577,9368.299725028894,100.0,Excellent,100.0,Excellent,100.0,Excellent,100,Excellent
 01/22  11:00:00,25.74917253708416,40.5708415736379,23551.682006580508,10891.501905143632,100.0,Excellent,100.0,Excellent,100.0,Excellent,100,Excellent
 01/22  12:00:00,25.830072146033334,39.7561952209181,27804.783350595208,15144.603249158332,100.0,Excellent,100.0,Excellent,100.0,Excellent,100,Excellent
 01/22  13:00:00,26.023892937331365,38.77523746582205,26142.625180415707,13482.445078978832,99.64,Too Hot,100.0,Excellent,100.0,Excellent,100,Excellent
 01/22  14:00:00,26.318470051686376,37.50052338950317,24808.15404022606,12147.973938789186,95.22,Too Hot,100.0,Excellent,100.0,Excellent,100,Excellent
 01/22  15:00:00,26.372226861019627,36.96727854990325,28248.6636358566,15588.483534419722,94.42,Too Hot,100.0,Excellent,100.0,Excellent,100,Excellent
 01/22  16:00:00,26.38588973390077,36.353823777244536,26221.58692412312,13561.40682268624,94.21,Too Hot,100.0,Excellent,100.0,Excellent,100,Excellent
 01/22  17:00:00,26.341830168221108,36.38584713105023,24116.225026954664,11456.044925517792,94.87,Too Hot,100.0,Excellent,100.0,Excellent,100,Excellent
 01/22  18:00:00,26.120766108131555,36.89476354380314,26424.803297720176,13751.279434272144,98.19,Too Hot,100.0,Excellent,100.0,Excellent,100,Excellent
 01/22  19:00:00,25.99299954580452,37.19895690173283,22662.11045507375,6914.420576888745,100.0,Excellent,100.0,Excellent,100.0,Excellent,100,Excellent
 01/22  20:00:00,25.83672404192926,37.72848436045337,17759.530228368018,4343.523758174497,100.0,Excellent,100.0,Excellent,100.0,Excellent,100,Excellent
 01/22  21:00:00,26.14276164964343,37.9660424954791,13584.615474876648,168.6090046831275,97.86,Too Hot,100.0,Excellent,100.0,Excellent,100,Excellent
 01/22  22:00:00,26.05559307905789,39.15924545505422,13584.615474876648,168.6090046831275,99.17,Too Hot,100.0,Excellent,100.0,Excellent,100,Excellent
 01/22  23:00:00,25.976094120171076,40.2022311725647,13584.615474876648,168.6090046831275,100.0,Excellent,100.0,Excellent,100.0,Excellent,100,Excellent
 01/22  24:00:00,25.87645893988535,41.089254490059965,13584.615474876648,168.6090046831275,100.0,Excellent,100.0,Excellent,100.0,Excellent,100,Excellent
 01/23  01:00:00,25.82609085885095,41.64821510658124,16002.738920482274,201.198977940785,100.0,Excellent,100.0,Excellent,100.0,Excellent,100,Excellent
 01/23  02:00:00,25.75946785534973,42.10224216731714,16002.738920482274,201.198977940785,100.0,Excellent,100.0,Excellent,100.0,Excellent,100,Excellent
 01/23  03:00:00,25.66930390854152,42.52638418963764,16002.738920482274,201.198977940785,100.0,Excellent,100.0,Excellent,100.0,Excellent,100,Excellent
 01/23  04:00:00,25.57358290184139,42.951990740442696,16002.738920482274,201.198977940785,100.0,Excellent,100.0,Excellent,100.0,Excellent,100,Excellent
 01/23  05:00:00,25.529003872450108,43.28087533756468,16002.738920482274,201.198977940785,100.0,Excellent,100.0,Excellent,100.0,Excellent,100,Excellent
 01/23  06:00:00,25.53469990406336,43.62847828107292,16002.738920482274,201.198977940785,100.0,Excellent,100.0,Excellent,100.0,Excellent,100,Excellent
 01/23  07:00:00,24.646059207027875,46.64727932776975,32689.42482172076,10946.243185623383,100.0,Excellent,100.0,Excellent,100.0,Excellent,100,Excellent
 01/23  08:00:00,24.039992378580067,49.23959320169411,53953.57633272242,19245.154253244007,100.0,Excellent,70.0,No Improvement,70.0,No Improvement,100,Excellent
 01/23  09:00:00,24.104093186048217,50.53826500845494,114059.16659471388,36363.001372765015,100.0,Excellent,0.0,Higher Consumption,0.0,Higher Carbon,60,Higher Consumption
 01/23  10:00:00,24.156310558117188,50.23252678832998,113359.16894459716,44054.08649120607,100.0,Excellent,0.0,Higher Consumption,0.0,Higher Carbon,60,Higher Consumption
 01/23  11:00:00,24.330339544960644,49.02335207119134,115897.8340990598,48526.8450522621,100.0,Excellent,0.0,Higher Consumption,0.0,Higher Carbon,60,Higher Consumption
 01/23  12:00:00,24.433690053187476,48.564861094952185,122538.58559417928,53233.503140788176,100.0,Excellent,0.0,Higher Consumption,0.0,Higher Carbon,60,Higher Consumption
 01/23  13:00:00,24.535261605856878,47.93507880367935,120064.5875650496,49756.252975613366,100.0,Excellent,0.0,Higher Consumption,0.0,Higher Carbon,60,Higher Consumption
 01/23  14:00:00,24.548323888677533,47.83214839408412,126948.70796452346,56031.88100563787,100.0,Excellent,0.0,Higher Consumption,0.0,Higher Carbon,60,Higher Consumption
 01/23  15:00:00,24.546175159618706,47.5511980149726,124202.5515400605,56831.56249326282,100.0,Excellent,0.0,Higher Consumption,0.0,Higher Carbon,60,Higher Consumption
 01/23  16:00:00,24.402034322438457,47.71857262245918,123016.28303124776,55645.29398445007,100.0,Excellent,0.0,Higher Consumption,0.0,Higher Carbon,60,Higher Consumption
 01/23  17:00:00,24.273485038847404,48.298594446847375,121980.08841833832,51707.95926165053,100.0,Excellent,0.0,Higher Consumption,0.0,Higher Carbon,60,Higher Consumption
 01/23  18:00:00,24.195449971642702,48.42237617258888,85512.53783818957,34503.73448694126,100.0,Excellent,16.82,Higher Consumption,16.82,Higher Carbon,60,Higher Consumption
 01/23  19:00:00,24.167324384747985,47.51987338369966,56089.78295246828,22778.20221330168,100.0,Excellent,69.53,Higher Consumption,69.53,Higher Carbon,80,Acceptable
 01/23  20:00:00,24.136373541588476,45.66102733442406,48925.16839452009,20363.178864144706,100.0,Excellent,90.0,Good,90.0,Good,90,Efficient
 01/23  21:00:00,24.104621821863773,44.28043891631477,44389.63291278156,18787.2995171483,100.0,Excellent,100.0,Excellent,100.0,Excellent,100,Excellent
 01/23  22:00:00,24.070748847116043,43.65982325747495,41808.06643031468,17495.128639077033,100.0,Excellent,100.0,Excellent,100.0,Excellent,100,Excellent
 01/23  23:00:00,25.10679087516436,41.41936654878575,21603.55076409053,250.26910759502385,100.0,Excellent,100.0,Excellent,100.0,Excellent,100,Excellent
 01/23  24:00:00,25.384820567812547,41.85077585861083,20122.90815579052,249.454566666085,100.0,Excellent,100.0,Excellent,100.0,Excellent,100,Excellent
 01/24  01:00:00,25.297790348161836,43.02520492927686,16163.712511941816,201.28916140884087,100.0,Excellent,100.0,Excellent,100.0,Excellent,100,Excellent
 01/24  02:00:00,25.205652919238467,43.94911173285209,16002.738920482274,201.198977940785,100.0,Excellent,100.0,Excellent,100.0,Excellent,100,Excellent
 01/24  03:00:00,25.16699082600577,44.70873112715812,16002.738920482274,201.198977940785,100.0,Excellent,100.0,Excellent,100.0,Excellent,100,Excellent
 01/24  04:00:00,25.13646436814993,45.36959671627036,16002.738920482274,201.198977940785,100.0,Excellent,100.0,Excellent,100.0,Excellent,100,Excellent
 01/24  05:00:00,25.09255204337574,45.92541447909609,16002.738920482274,201.198977940785,100.0,Excellent,100.0,Excellent,100.0,Excellent,100,Excellent
 01/24  06:00:00,25.02561710895892,46.366536517401656,16002.738920482274,201.198977940785,100.0,Excellent,100.0,Excellent,100.0,Excellent,100,Excellent
 01/24  07:00:00,24.18479242504862,48.39992171229751,31317.51590671016,9574.334270612784,100.0,Excellent,100.0,Excellent,100.0,Excellent,100,Excellent
 01/24  08:00:00,23.847133452301104,48.41279671681198,49720.30006212069,15012.941249492196,100.0,Excellent,90.0,Good,90.0,Good,100,Excellent
 01/24  09:00:00,24.061239771816805,48.80538672330127,105757.03540825476,28060.854986143924,100.0,Excellent,0.0,Higher Consumption,0.0,Higher Carbon,60,Higher Consumption
 01/24  10:00:00,24.12622386319369,49.95599659578156,106603.94572693684,37298.863273545736,100.0,Excellent,0.0,Higher Consumption,0.0,Higher Carbon,60,Higher Consumption
 01/24  11:00:00,24.278809018028248,49.39372710031213,111230.46582757808,43859.476780780366,100.0,Excellent,0.0,Higher Consumption,0.0,Higher Carbon,60,Higher Consumption
 01/24  12:00:00,24.426935521006172,48.81653798944959,117799.40607061496,48494.323617223854,100.0,Excellent,0.0,Higher Consumption,0.0,Higher Carbon,60,Higher Consumption
 01/24  13:00:00,24.56444296939481,47.99535726170833,118071.07592231546,47762.74133287925,100.0,Excellent,0.0,Higher Consumption,0.0,Higher Carbon,60,Higher Consumption
 01/24  14:00:00,24.46267241778322,48.13139835103201,125973.9362392538,55057.109280368175,100.0,Excellent,0.0,Higher Consumption,0.0,Higher Carbon,60,Higher Consumption
 01/24  15:00:00,24.51363435235163,47.67292189721344,121770.95169404232,54399.96264724464,100.0,Excellent,0.0,Higher Consumption,0.0,Higher Carbon,60,Higher Consumption
 01/24  16:00:00,24.426158916326184,47.61150837149615,120667.2725117994,53296.283465001725,100.0,Excellent,0.0,Higher Consumption,0.0,Higher Carbon,60,Higher Consumption
 01/24  17:00:00,24.28545971775793,47.90329705977037,118545.81363065608,48273.68447396827,100.0,Excellent,0.0,Higher Consumption,0.0,Higher Carbon,60,Higher Consumption
 01/24  18:00:00,24.19895749438625,46.92007473409344,82994.09561079287,32074.020778862377,100.0,Excellent,21.33,Higher Consumption,21.33,Higher Carbon,60,Higher Consumption
 01/24  19:00:00,24.163786794646235,45.45404415954712,54971.87330655835,21660.29256739175,100.0,Excellent,70.0,No Improvement,70.0,No Improvement,80,Acceptable
 01/24  20:00:00,24.13053120295228,43.604031900676624,48123.27172981848,19561.28219944308,100.0,Excellent,90.0,Good,90.0,Good,90,Efficient
 01/24  21:00:00,24.09321354744789,42.48260859275034,43698.25197438884,18095.9185787556,100.0,Excellent,100.0,Excellent,100.0,Excellent,100,Excellent
 01/24  22:00:00,24.05713318516443,42.25046737631383,40982.32940822845,16669.391616990797,100.0,Excellent,100.0,Excellent,100.0,Excellent,100,Excellent
 01/24  23:00:00,25.044557061544584,40.53278410513902,21603.55076409053,250.26910759502385,100.0,Excellent,100.0,Excellent,100.0,Excellent,100,Excellent
 01/24  24:00:00,25.308506957367,41.12605207454793,20122.90815579052,249.454566666085,100.0,Excellent,100.0,Excellent,100.0,Excellent,100,Excellent
 01/25  01:00:00,25.225838952975444,42.33559599876738,16163.712511941816,201.28916140884087,100.0,Excellent,100.0,Excellent,100.0,Excellent,100,Excellent
 01/25  02:00:00,25.153592476764207,43.1807503163086,16002.738920482274,201.198977940785,100.0,Excellent,100.0,Excellent,100.0,Excellent,100,Excellent
 01/25  03:00:00,25.11994862909308,43.80535428539308,16002.738920482274,201.198977940785,100.0,Excellent,100.0,Excellent,100.0,Excellent,100,Excellent
 01/25  04:00:00,25.067168351489823,44.33453727463095,16002.738920482274,201.198977940785,100.0,Excellent,100.0,Excellent,100.0,Excellent,100,Excellent
 01/25  05:00:00,25.00201773467045,44.80859441987664,16002.738920482274,201.198977940785,100.0,Excellent,100.0,Excellent,100.0,Excellent,100,Excellent
 01/25  06:00:00,24.91680870848886,45.28116899866065,16002.738920482274,201.198977940785,100.0,Excellent,100.0,Excellent,100.0,Excellent,100,Excellent
 01/25  07:00:00,24.10551910842432,47.20751714989227,31375.420372709188,9638.667056956396,100.0,Excellent,100.0,Excellent,100.0,Excellent,100,Excellent
 01/25  08:00:00,23.81298474529213,46.882086096308086,49480.90699188676,14867.016318933713,100.0,Excellent,90.0,Good,90.0,Good,100,Excellent
 01/25  09:00:00,24.05580184051966,47.19173999198741,104560.5052244376,26874.351342475074,100.0,Excellent,0.0,Higher Consumption,0.0,Higher Carbon,60,Higher Consumption
 01/25  10:00:00,24.125089361523308,49.152918268454215,102520.30353270464,33215.22107931355,100.0,Excellent,0.0,Higher Consumption,0.0,Higher Carbon,60,Higher Consumption
 01/25  11:00:00,24.253427332469684,49.231040119964256,106884.9647041035,39513.97565730582,100.0,Excellent,0.0,Higher Consumption,0.0,Higher Carbon,60,Higher Consumption
 01/25  12:00:00,24.288521965733725,49.09963438518274,115772.09698037904,46467.01452698795,100.0,Excellent,0.0,Higher Consumption,0.0,Higher Carbon,60,Higher Consumption
 01/25  13:00:00,24.44915065078472,48.21178914082196,116351.4086370972,46043.074047660986,100.0,Excellent,0.0,Higher Consumption,0.0,Higher Carbon,60,Higher Consumption
 01/25  14:00:00,24.489957457535823,48.21023492549971,124593.13392140927,53676.30696252368,100.0,Excellent,0.0,Higher Consumption,0.0,Higher Carbon,60,Higher Consumption
 01/25  15:00:00,24.437779111103737,48.12389561103213,122327.00522588976,54956.01617909207,100.0,Excellent,0.0,Higher Consumption,0.0,Higher Carbon,60,Higher Consumption
 01/25  16:00:00,24.323711108493544,48.22385437990251,121431.28151160404,54060.29246480635,100.0,Excellent,0.0,Higher Consumption,0.0,Higher Carbon,60,Higher Consumption
 01/25  17:00:00,24.241624327972332,48.59076768300961,121201.8206944247,50929.6915377369,100.0,Excellent,0.0,Higher Consumption,0.0,Higher Carbon,60,Higher Consumption
 01/25  18:00:00,24.18578492845725,48.69704774425887,84578.23384695375,32986.70894367983,100.0,Excellent,18.5,Higher Consumption,18.5,Higher Carbon,60,Higher Consumption
 01/25  19:00:00,24.15782412272645,47.2369126193227,55219.44201481335,21907.86127564674,100.0,Excellent,70.0,No Improvement,70.0,No Improvement,80,Acceptable
 01/25  20:00:00,24.12285585464713,44.85176409830613,48049.40812422484,19487.418593849445,100.0,Excellent,90.0,Good,90.0,Good,100,Excellent
 01/25  21:00:00,24.082035916187223,43.47038840393014,43909.65183830746,18307.318442674205,100.0,Excellent,100.0,Excellent,100.0,Excellent,100,Excellent
 01/25  22:00:00,24.044614102499867,43.34670027807163,41769.44439172409,17456.50660048645,100.0,Excellent,100.0,Excellent,100.0,Excellent,100,Excellent
 01/25  23:00:00,25.03156586939768,41.52377343356578,21603.55076409053,250.26910759502385,100.0,Excellent,100.0,Excellent,100.0,Excellent,100,Excellent
 01/25  24:00:00,25.31089963209218,41.96441503916144,20122.90815579052,249.454566666085,100.0,Excellent,100.0,Excellent,100.0,Excellent,100,Excellent
 01/26  01:00:00,25.23347373054884,42.98179777734894,16163.712511941816,201.28916140884087,100.0,Excellent,100.0,Excellent,100.0,Excellent,100,Excellent
 01/26  02:00:00,25.161991866463488,43.57322938146121,16002.738920482274,201.198977940785,100.0,Excellent,100.0,Excellent,100.0,Excellent,100,Excellent
 01/26  03:00:00,25.080950152563005,44.04329432879112,16002.738920482274,201.198977940785,100.0,Excellent,100.0,Excellent,100.0,Excellent,100,Excellent
 01/26  04:00:00,24.99860642979677,44.48637404170088,16002.738920482274,201.198977940785,100.0,Excellent,100.0,Excellent,100.0,Excellent,100,Excellent
 01/26  05:00:00,24.942819254047425,44.91125522598925,16002.738920482274,201.198977940785,100.0,Excellent,100.0,Excellent,100.0,Excellent,100,Excellent
 01/26  06:00:00,24.91113449999108,45.46544570349814,16002.738920482274,201.198977940785,100.0,Excellent,100.0,Excellent,100.0,Excellent,100,Excellent
 01/26  07:00:00,24.07358401273667,48.44623186917542,33339.522558421726,11596.340922324349,100.0,Excellent,100.0,Excellent,100.0,Excellent,100,Excellent
 01/26  08:00:00,23.787041686649456,49.48822249888712,51333.46955720626,16623.750496215413,100.0,Excellent,80.0,Acceptable,80.0,Acceptable,100,Excellent
 01/26  09:00:00,24.0529521200636,49.75383150570367,107398.87974368132,29712.725861718816,100.0,Excellent,0.0,Higher Consumption,0.0,Higher Carbon,60,Higher Consumption
 01/26  10:00:00,24.117941339280865,50.21520085127764,104232.24769052878,34927.16523713768,100.0,Excellent,0.0,Higher Consumption,0.0,Higher Carbon,60,Higher Consumption
 01/26  11:00:00,24.266581581888104,49.43904515241145,107399.69496244007,40028.70591564239,100.0,Excellent,0.0,Higher Consumption,0.0,Higher Carbon,60,Higher Consumption
 01/26  12:00:00,24.376482508568383,48.91580485731336,114550.93622058642,45245.85376719534,100.0,Excellent,0.0,Higher Consumption,0.0,Higher Carbon,60,Higher Consumption
 01/26  13:00:00,24.53014605758095,47.87335569238823,114098.78443863726,43790.44984920103,100.0,Excellent,0.0,Higher Consumption,0.0,Higher Carbon,60,Higher Consumption
 01/26  14:00:00,24.514231584243888,47.93650643063895,121972.9973271906,51056.170368305,100.0,Excellent,0.0,Higher Consumption,0.0,Higher Carbon,60,Higher Consumption
 01/26  15:00:00,24.5281429960742,47.7089820875646,119823.0683212055,52452.079274407806,100.0,Excellent,0.0,Higher Consumption,0.0,Higher Carbon,60,Higher Consumption
 01/26  16:00:00,24.384416574705394,47.83462381581509,118776.55855208971,51405.56950529204,100.0,Excellent,0.0,Higher Consumption,0.0,Higher Carbon,60,Higher Consumption
 01/26  17:00:00,24.29698146234045,48.02816664407689,119258.27941863389,48986.15026194608,100.0,Excellent,0.0,Higher Consumption,0.0,Higher Carbon,60,Higher Consumption
 01/26  18:00:00,24.20049256821607,45.61570278170803,82582.86404299048,31657.77791605317,100.0,Excellent,22.07,Higher Consumption,22.07,Higher Carbon,60,Higher Consumption
 01/26  19:00:00,24.163930161257664,42.28050324463829,53108.38788102116,19796.80714185455,100.0,Excellent,70.0,No Improvement,70.0,No Improvement,90,Efficient
 01/26  20:00:00,24.12424313512232,39.469833323519794,45615.04126449602,17053.05173412063,100.0,Excellent,90.0,Good,100.0,Excellent,100,Excellent
 01/26  21:00:00,24.077460605407328,38.26477391764991,41102.3375964055,15500.004200772248,100.0,Excellent,100.0,Excellent,100.0,Excellent,100,Excellent
 01/26  22:00:00,24.042196133325675,38.26918447067815,38803.97743988705,14491.039648649405,100.0,Excellent,100.0,Excellent,100.0,Excellent,100,Excellent
 01/26  23:00:00,25.00420162522154,36.96782743535491,21603.55076409053,250.26910759502385,100.0,Excellent,100.0,Excellent,100.0,Excellent,100,Excellent
 01/26  24:00:00,25.271178342163868,37.52042374409801,20122.90815579052,249.454566666085,100.0,Excellent,100.0,Excellent,100.0,Excellent,100,Excellent
 01/27  01:00:00,25.208490864190026,38.64958266866651,16163.712511941816,201.28916140884087,100.0,Excellent,100.0,Excellent,100.0,Excellent,100,Excellent
 01/27  02:00:00,25.150822377953656,39.456946739104815,16002.738920482274,201.198977940785,100.0,Excellent,100.0,Excellent,100.0,Excellent,100,Excellent
 01/27  03:00:00,25.107029850846377,40.18778983431922,16002.738920482274,201.198977940785,100.0,Excellent,100.0,Excellent,100.0,Excellent,100,Excellent
 01/27  04:00:00,25.069688857157526,40.93184717113021,16002.738920482274,201.198977940785,100.0,Excellent,100.0,Excellent,100.0,Excellent,100,Excellent
 01/27  05:00:00,24.98411583676379,41.7632325861977,16002.738920482274,201.198977940785,100.0,Excellent,100.0,Excellent,100.0,Excellent,100,Excellent
 01/27  06:00:00,24.85191934015065,42.55719609286855,16002.738920482274,201.198977940785,100.0,Excellent,100.0,Excellent,100.0,Excellent,100,Excellent
 01/27  07:00:00,24.06520868213936,46.77405828936048,27330.53879658804,5587.357160490664,100.0,Excellent,100.0,Excellent,100.0,Excellent,100,Excellent
 01/27  08:00:00,23.73677043558255,49.77580038301784,45054.25513300627,10349.71326559699,100.0,Excellent,90.0,Good,100.0,Excellent,100,Excellent
 01/27  09:00:00,24.03867296815312,49.806716923203794,100952.31753026608,23266.16364830355,100.0,Excellent,0.0,Higher Consumption,0.0,Higher Carbon,60,Higher Consumption
 01/27  10:00:00,24.105653985436813,49.80659222428067,97930.61920310585,28625.536749714745,100.0,Excellent,0.0,Higher Consumption,0.0,Higher Carbon,60,Higher Consumption
 01/27  11:00:00,24.21016823259225,49.42686354706216,101325.06147527564,33954.07242847793,100.0,Excellent,0.0,Higher Consumption,0.0,Higher Carbon,60,Higher Consumption
 01/27  12:00:00,24.366674401126417,48.53171968373792,111217.6243894886,41912.54193609751,100.0,Excellent,0.0,Higher Consumption,0.0,Higher Carbon,60,Higher Consumption
 01/27  13:00:00,24.55332908448875,47.712118618178906,112441.9894070778,42133.6548176416,100.0,Excellent,0.0,Higher Consumption,0.0,Higher Carbon,60,Higher Consumption
 01/27  14:00:00,24.55312288007076,47.37473062611483,121463.69730787928,50546.87034899368,100.0,Excellent,0.0,Higher Consumption,0.0,Higher Carbon,60,Higher Consumption
 01/27  15:00:00,24.583238506732982,46.21224863837901,119465.81223425725,52094.82318745954,100.0,Excellent,0.0,Higher Consumption,0.0,Higher Carbon,60,Higher Consumption
 01/27  16:00:00,24.459765490385717,44.76988615451639,119394.8506048295,52023.86155803179,100.0,Excellent,0.0,Higher Consumption,0.0,Higher Carbon,60,Higher Consumption
 01/27  17:00:00,24.304022017439163,43.5564496712236,118310.2190068529,48038.089850165095,100.0,Excellent,0.0,Higher Consumption,0.0,Higher Carbon,60,Higher Consumption
 01/27  18:00:00,24.21059229468121,39.50719759376442,84350.35954581492,33446.862431275535,100.0,Excellent,18.91,Higher Consumption,18.91,Higher Carbon,60,Higher Consumption
 01/27  19:00:00,24.16525333277121,34.724091534085545,52861.19681927507,19549.61608010848,100.0,Excellent,80.0,Acceptable,80.0,Acceptable,100,Excellent
 01/27  20:00:00,24.12502449703272,34.87844633000917,45441.63105561016,16879.64152523476,100.0,Excellent,90.0,Good,100.0,Excellent,100,Excellent
 01/27  21:00:00,24.076326456641663,35.89022543493488,40844.34979214687,15242.016396513614,100.0,Excellent,100.0,Excellent,100.0,Excellent,100,Excellent
 01/27  22:00:00,24.03888448374793,37.504078254004725,38056.49113994843,13743.553348710791,100.0,Excellent,100.0,Excellent,100.0,Excellent,100,Excellent
 01/27  23:00:00,24.94929993562589,37.18847870890893,21603.55076409053,250.26910759502385,100.0,Excellent,100.0,Excellent,100.0,Excellent,100,Excellent
 01/27  24:00:00,25.180612398418244,37.79977422936059,20122.90815579052,249.454566666085,100.0,Excellent,100.0,Excellent,100.0,Excellent,100,Excellent
 01/28  01:00:00,25.093213136745675,38.83791034618712,13038.514687240193,168.67480905518886,100.0,Excellent,100.0,Excellent,100.0,Excellent,100,Excellent
 01/28  02:00:00,25.046852372809905,39.5569674825654,12877.565474876648,168.6090046831275,100.0,Excellent,100.0,Excellent,100.0,Excellent,100,Excellent
 01/28  03:00:00,25.000137622324573,40.19980868737032,12877.565474876648,168.6090046831275,100.0,Excellent,100.0,Excellent,100.0,Excellent,100,Excellent
 01/28  04:00:00,24.931821171205407,40.84001578753266,12877.565474876648,168.6090046831275,100.0,Excellent,100.0,Excellent,100.0,Excellent,100,Excellent
 01/28  05:00:00,24.835272910814897,41.530622562315344,12877.565474876648,168.6090046831275,100.0,Excellent,100.0,Excellent,100.0,Excellent,100,Excellent
 01/28  06:00:00,24.732603893650037,42.46291786357496,12877.565474876648,168.6090046831275,100.0,Excellent,100.0,Excellent,100.0,Excellent,100,Excellent
 01/28  07:00:00,24.031269418217857,46.15395167949964,27584.710983299345,5841.529347201969,100.0,Excellent,100.0,Excellent,100.0,Excellent,100,Excellent
 01/28  08:00:00,23.75249093280499,48.04864180020563,32309.405326058048,9119.831497575102,100.0,Excellent,100.0,Excellent,100.0,Excellent,100,Excellent
 01/28  09:00:00,23.92788451511711,46.67997278859538,43994.9454935964,13324.753135002988,100.0,Excellent,100.0,Excellent,100.0,Excellent,100,Excellent
 01/28  10:00:00,24.038650486569463,43.95006992738655,51502.9500514514,18588.300465451688,100.0,Excellent,80.0,Acceptable,80.0,Acceptable,100,Excellent
 01/28  11:00:00,24.18404593085256,42.20671680090094,53712.65136706927,21765.04848436626,100.0,Excellent,70.0,No Improvement,70.0,No Improvement,80,Acceptable
 01/28  12:00:00,24.307050707417435,40.96487584212056,59212.72723917905,25008.68204878372,100.0,Excellent,63.93,Higher Consumption,63.93,Higher Carbon,60,Higher Consumption
 01/28  13:00:00,24.39225358335337,40.10137587516034,49148.16082462521,25474.19118964855,100.0,Excellent,90.0,Good,90.0,Good,60,Higher Consumption
 01/28  14:00:00,24.434391385793944,39.60797376583496,49361.15384485824,28265.975418672795,100.0,Excellent,90.0,Good,90.0,Good,60,Higher Consumption
 01/28  15:00:00,24.471925835039958,38.74955524472116,49899.06791624914,30415.6339955582,100.0,Excellent,90.0,Good,90.0,Good,60,Higher Consumption
 01/28  16:00:00,24.36512143123726,37.83355347893527,49004.0430463716,30810.004730076264,100.0,Excellent,90.0,Good,90.0,Good,60,Higher Consumption
 01/28  17:00:00,24.23500566536482,37.2680766862932,45412.395047685575,26896.00783029132,100.0,Excellent,90.0,Good,100.0,Excellent,60,Higher Consumption
 01/28  18:00:00,24.793325515383223,34.197762596475364,30508.45273491084,15831.082806142647,100.0,Excellent,100.0,Excellent,100.0,Excellent,100,Excellent
 01/28  19:00:00,25.60759070824356,31.81139072393178,18410.184809966573,197.912601280476,100.0,Excellent,100.0,Excellent,100.0,Excellent,100,Excellent
 01/28  20:00:00,25.69961878467511,32.07709332406104,13745.564687240194,168.67480905518886,100.0,Excellent,100.0,Excellent,100.0,Excellent,100,Excellent
 01/28  21:00:00,25.59686796976916,32.30827011312391,13584.615474876648,168.6090046831275,100.0,Excellent,100.0,Excellent,100.0,Excellent,100,Excellent
 01/28  22:00:00,25.496172301755237,32.632999373347175,13584.615474876648,168.6090046831275,100.0,Excellent,100.0,Excellent,100.0,Excellent,100,Excellent
 01/28  23:00:00,25.37572174710437,33.256792016702235,13584.615474876648,168.6090046831275,100.0,Excellent,100.0,Excellent,100.0,Excellent,100,Excellent
 01/28  24:00:00,25.26693984007638,34.10558460143615,13584.615474876648,168.6090046831275,100.0,Excellent,100.0,Excellent,100.0,Excellent,100,Excellent
 01/29  01:00:00,25.152492256268378,35.14034481401121,12877.565474876648,168.6090046831275,100.0,Excellent,100.0,Excellent,100.0,Excellent,100,Excellent
 01/29  02:00:00,25.04765749323361,36.1554007966101,12877.565474876648,168.6090046831275,100.0,Excellent,100.0,Excellent,100.0,Excellent,100,Excellent
 01/29  03:00:00,24.964005361566592,37.12384608930234,12877.565474876648,168.6090046831275,100.0,Excellent,100.0,Excellent,100.0,Excellent,100,Excellent
 01/29  04:00:00,24.90623258579512,37.91559440006685,12877.565474876648,168.6090046831275,100.0,Excellent,100.0,Excellent,100.0,Excellent,100,Excellent
 01/29  05:00:00,24.835257653325243,38.71405454902285,12877.565474876648,168.6090046831275,100.0,Excellent,100.0,Excellent,100.0,Excellent,100,Excellent
 01/29  06:00:00,24.752888996468705,39.56213411373016,12877.565474876648,168.6090046831275,100.0,Excellent,100.0,Excellent,100.0,Excellent,100,Excellent
 01/29  07:00:00,24.73942170563257,40.50537103552196,16999.188007508215,197.858802377482,100.0,Excellent,100.0,Excellent,100.0,Excellent,100,Excellent
 01/29  08:00:00,24.802505627648365,41.365518565649445,13042.394807965393,197.9053325459003,100.0,Excellent,100.0,Excellent,100.0,Excellent,100,Excellent
 01/29  09:00:00,25.442989366061653,40.54098892753409,13678.636468457637,1018.4563670207624,100.0,Excellent,100.0,Excellent,100.0,Excellent,100,Excellent
 01/29  10:00:00,25.48117934511104,39.12025593767543,21608.686551252147,8948.506449815271,100.0,Excellent,100.0,Excellent,100.0,Excellent,100,Excellent
 01/29  11:00:00,25.727624446628795,35.403063263584244,23620.36191828326,10960.181816846383,100.0,Excellent,100.0,Excellent,100.0,Excellent,100,Excellent
 01/29  12:00:00,25.959538588903985,31.8874029771589,25069.094164739683,12408.914063302807,100.0,Excellent,100.0,Excellent,100.0,Excellent,100,Excellent
 01/29  13:00:00,26.13052956019781,30.41280611103287,26575.38192630084,13915.201824863962,98.04,Too Hot,100.0,Excellent,100.0,Excellent,100,Excellent
 01/29  14:00:00,26.4062072016987,29.26945384172691,27170.172831986027,14509.992730549156,93.91,Too Hot,100.0,Excellent,100.0,Excellent,100,Excellent
 01/29  15:00:00,26.551491862586097,29.09156894273336,26948.288464208174,14288.108362771298,91.73,Too Hot,100.0,Excellent,100.0,Excellent,100,Excellent
 01/29  16:00:00,26.540462594824103,29.209356155382984,26783.35829007194,14123.178188635062,91.89,Too Hot,100.0,Excellent,100.0,Excellent,100,Excellent
 01/29  17:00:00,26.43622175508603,29.40875527365875,25375.41901779468,12715.2389163578,93.46,Too Hot,100.0,Excellent,100.0,Excellent,100,Excellent
 01/29  18:00:00,26.19088176941305,29.40995557892802,23734.86553906137,11039.075353414217,97.14,Too Hot,100.0,Excellent,100.0,Excellent,100,Excellent
 01/29  19:00:00,25.99080450915664,29.1499490465822,21541.02947163977,7126.472900626548,100.0,Excellent,100.0,Excellent,100.0,Excellent,100,Excellent
 01/29  20:00:00,25.74563402189943,28.846570523538464,18733.91053471503,5317.904064521506,100.0,Excellent,100.0,Excellent,100.0,Excellent,100,Excellent
 01/29  21:00:00,26.09790020674464,28.20704232529064,13584.615474876648,168.6090046831275,98.53,Too Hot,100.0,Excellent,100.0,Excellent,100,Excellent
 01/29  22:00:00,26.059547762671578,28.354521516548044,13584.615474876648,168.6090046831275,99.11,Too Hot,100.0,Excellent,100.0,Excellent,100,Excellent
 01/29  23:00:00,25.993348994781112,28.57266770331863,13584.615474876648,168.6090046831275,100.0,Excellent,100.0,Excellent,100.0,Excellent,100,Excellent
 01/29  24:00:00,25.90239396100593,28.93892840927501,13584.615474876648,168.6090046831275,100.0,Excellent,100.0,Excellent,100.0,Excellent,100,Excellent
 01/30  01:00:00,25.828735180366188,29.558489236480348,16002.738920482274,201.198977940785,100.0,Excellent,100.0,Excellent,100.0,Excellent,100,Excellent
 01/30  02:00:00,25.75706344514903,30.54777960301461,16002.738920482274,201.198977940785,100.0,Excellent,100.0,Excellent,100.0,Excellent,100,Excellent
 01/30  03:00:00,25.702245691893143,31.49127700188825,16002.738920482274,201.198977940785,100.0,Excellent,100.0,Excellent,100.0,Excellent,100,Excellent
 01/30  04:00:00,25.63087551585149,32.30504198594761,16002.738920482274,201.198977940785,100.0,Excellent,100.0,Excellent,100.0,Excellent,100,Excellent
 01/30  05:00:00,25.524476176126672,33.00079569725512,16002.738920482274,201.198977940785,100.0,Excellent,100.0,Excellent,100.0,Excellent,100,Excellent
 01/30  06:00:00,25.40213603194466,33.45099237105095,16002.738920482274,201.198977940785,100.0,Excellent,100.0,Excellent,100.0,Excellent,100,Excellent
 01/30  07:00:00,24.572741031245425,39.48279977170228,27194.7287034919,5451.547067394524,100.0,Excellent,100.0,Excellent,100.0,Excellent,100,Excellent
 01/30  08:00:00,24.00176453888946,48.16057835576699,51284.411474431,16569.161089672292,100.0,Excellent,80.0,Acceptable,80.0,Acceptable,100,Excellent
 01/30  09:00:00,24.100130935024083,51.03482536113805,114897.3095375086,37211.155655546085,100.0,Excellent,0.0,Higher Consumption,0.0,Higher Carbon,60,Higher Consumption
 01/30  10:00:00,24.227252390046047,49.40003430508262,108525.10354668826,39220.02109329718,100.0,Excellent,0.0,Higher Consumption,0.0,Higher Carbon,60,Higher Consumption
 01/30  11:00:00,24.48490579675872,44.12873810958605,111491.2918907584,44120.3028439607,100.0,Excellent,0.0,Higher Consumption,0.0,Higher Carbon,60,Higher Consumption
 01/30  12:00:00,24.63053914695997,41.92895287779341,119144.01041509645,49838.92796170536,100.0,Excellent,0.0,Higher Consumption,0.0,Higher Carbon,60,Higher Consumption
 01/30  13:00:00,24.762308331889496,39.21860996045827,119669.4780873758,49361.14349793959,100.0,Excellent,0.0,Higher Consumption,0.0,Higher Carbon,60,Higher Consumption
 01/30  14:00:00,24.724124118990428,37.89204339399701,128761.15980783707,57844.33284895148,100.0,Excellent,0.0,Higher Consumption,0.0,Higher Carbon,60,Higher Consumption
 01/30  15:00:00,24.708367173115093,37.542502042032055,126061.42129220229,58690.4322454046,100.0,Excellent,0.0,Higher Consumption,0.0,Higher Carbon,60,Higher Consumption
 01/30  16:00:00,24.552584952345804,37.38186503426174,125327.9114429407,57956.92239614301,100.0,Excellent,0.0,Higher Consumption,0.0,Higher Carbon,60,Higher Consumption
 01/30  17:00:00,24.47373408530531,37.07465243530643,126109.25556697036,55837.12641028256,100.0,Excellent,0.0,Higher Consumption,0.0,Higher Carbon,60,Higher Consumption
 01/30  18:00:00,24.28200113759737,32.48771860044852,87946.83823969995,36993.69163882686,100.0,Excellent,12.46,Higher Consumption,12.46,Higher Carbon,60,Higher Consumption
 01/30  19:00:00,24.19017632759512,26.336287346902797,52906.866673893564,21077.88962215431,100.0,Excellent,80.0,Acceptable,80.0,Acceptable,90,Efficient
 01/30  20:00:00,24.1493619554698,26.41378751177979,44420.26541041644,15858.275880041045,100.0,Excellent,100.0,Excellent,100.0,Excellent,100,Excellent
 01/30  21:00:00,24.113717545796558,28.435317601440403,38861.53426918072,13259.200873547465,100.0,Excellent,100.0,Excellent,100.0,Excellent,100,Excellent
 01/30  22:00:00,24.07330253757499,30.49010614630288,36062.13716234395,11749.199371106304,100.0,Excellent,100.0,Excellent,100.0,Excellent,100,Excellent
 01/30  23:00:00,25.11324379243667,30.158435984858613,21603.55076409053,250.26910759502385,100.0,Excellent,100.0,Excellent,100.0,Excellent,100,Excellent
 01/30  24:00:00,25.375621974369675,30.22359891069027,20122.90815579052,249.454566666085,100.0,Excellent,100.0,Excellent,100.0,Excellent,100,Excellent
 01/31  01:00:00,25.31031289110025,30.754771745991533,16163.712511941816,201.28916140884087,100.0,Excellent,100.0,Excellent,100.0,Excellent,100,Excellent
 01/31  02:00:00,25.22781834302441,31.024222640116676,16002.738920482274,201.198977940785,100.0,Excellent,100.0,Excellent,100.0,Excellent,100,Excellent
 01/31  03:00:00,25.140092517589167,31.204750896577853,16002.738920482274,201.198977940785,100.0,Excellent,100.0,Excellent,100.0,Excellent,100,Excellent
 01/31  04:00:00,25.04918681789995,31.299464958138067,16002.738920482274,201.198977940785,100.0,Excellent,100.0,Excellent,100.0,Excellent,100,Excellent
 01/31  05:00:00,24.96064444286968,31.69521873485718,16002.738920482274,201.198977940785,100.0,Excellent,100.0,Excellent,100.0,Excellent,100,Excellent
 01/31  06:00:00,24.889939069788365,32.17573021740619,16002.738920482274,201.198977940785,100.0,Excellent,100.0,Excellent,100.0,Excellent,100,Excellent
 01/31  07:00:00,24.137895221020734,35.29911279602371,26090.266229050485,4360.842817405664,100.0,Excellent,100.0,Excellent,100.0,Excellent,100,Excellent
 01/31  08:00:00,23.791695880354204,37.82880808523044,44383.72855104143,9867.456089890837,100.0,Excellent,100.0,Excellent,100.0,Excellent,100,Excellent
 01/31  09:00:00,24.05021023589008,39.485449039199054,101472.65714085136,23786.50325888885,100.0,Excellent,0.0,Higher Consumption,0.0,Higher Carbon,60,Higher Consumption
 01/31  10:00:00,24.14295973527141,40.8371824542812,101490.37910101844,32185.29664762736,100.0,Excellent,0.0,Higher Consumption,0.0,Higher Carbon,60,Higher Consumption
 01/31  11:00:00,24.29135469364416,39.48401236507848,107135.2935794448,39764.30453264711,100.0,Excellent,0.0,Higher Consumption,0.0,Higher Carbon,60,Higher Consumption
 01/31  12:00:00,24.424605650548173,39.96146678712922,114953.3009001636,45648.218446772495,100.0,Excellent,0.0,Higher Consumption,0.0,Higher Carbon,60,Higher Consumption
 01/31  13:00:00,24.58699249549745,38.66892111185939,116127.5157589707,45819.18116953448,100.0,Excellent,0.0,Higher Consumption,0.0,Higher Carbon,60,Higher Consumption
 01/31  14:00:00,24.555707246265783,37.88615970527562,125148.1081787786,54231.28121989299,100.0,Excellent,0.0,Higher Consumption,0.0,Higher Carbon,60,Higher Consumption
 01/31  15:00:00,24.577547890861258,37.18494408992319,122584.62331288314,55213.63426608544,100.0,Excellent,0.0,Higher Consumption,0.0,Higher Carbon,60,Higher Consumption
 01/31  16:00:00,24.46396390777832,36.96023540664984,122166.6246048502,54795.6355580525,100.0,Excellent,0.0,Higher Consumption,0.0,Higher Carbon,60,Higher Consumption
 01/31  17:00:00,24.342719346188144,37.114163289620336,121191.33938582736,50919.21022913957,100.0,Excellent,0.0,Higher Consumption,0.0,Higher Carbon,60,Higher Consumption
 01/31  18:00:00,24.218730364884426,33.84643460332405,83174.38673612018,32196.29383765552,100.0,Excellent,21.01,Higher Consumption,21.01,Higher Carbon,60,Higher Consumption
 01/31  19:00:00,24.169275952942808,30.565721123625465,50736.33643561426,18885.90473140656,100.0,Excellent,80.0,Acceptable,80.0,Acceptable,100,Excellent
 01/31  20:00:00,24.126131359650035,31.078251802493703,43671.79163808153,15109.80210770614,100.0,Excellent,100.0,Excellent,100.0,Excellent,100,Excellent
 01/31  21:00:00,24.07659343619927,31.8344223466882,39087.40931443054,13485.075918797287,100.0,Excellent,100.0,Excellent,100.0,Excellent,100,Excellent
 01/31  22:00:00,24.031853534996603,33.37548024040929,36701.13312449055,12388.195333252908,100.0,Excellent,100.0,Excellent,100.0,Excellent,100,Excellent
 01/31  23:00:00,24.96580533723396,32.82195449020271,21603.55076409053,250.26910759502385,100.0,Excellent,100.0,Excellent,100.0,Excellent,100,Excellent
 01/31  24:00:00,25.223452693426797,33.27374799729405,20122.90815579052,249.454566666085,100.0,Excellent,100.0,Excellent,100.0,Excellent,100,Excellent
 04/01  01:00:00,26.407179533421797,38.44176062989986,19456.579142859853,6747.622672666333,93.89,Too Hot,100.0,Excellent,100.0,Excellent,100,Excellent
 04/01  02:00:00,26.32945237946809,38.97431675593941,15987.76670018449,3278.8102299909697,95.06,Too Hot,100.0,Excellent,100.0,Excellent,100,Excellent
 04/01  03:00:00,26.71623375880794,38.1009123812844,12877.565474876648,168.6090046831275,89.26,Too Hot,100.0,Excellent,100.0,Excellent,55,Too Aggressive
 04/01  04:00:00,26.56721829079932,38.491975880333285,16052.367403584913,3343.410933391392,91.49,Too Hot,100.0,Excellent,100.0,Excellent,100,Excellent
 04/01  05:00:00,26.57112374396368,38.7773279807472,12877.565474876648,168.6090046831275,91.43,Too Hot,100.0,Excellent,100.0,Excellent,100,Excellent
 04/01  06:00:00,26.29446961447475,40.412778982388346,24355.61014405364,6245.155938922899,95.58,Too Hot,100.0,Excellent,100.0,Excellent,100,Excellent
 04/01  07:00:00,26.51359788180573,41.06437149123512,14415.050156545944,197.9169678743051,92.3,Too Hot,100.0,Excellent,100.0,Excellent,100,Excellent
 04/01  08:00:00,26.41608595042865,42.49999613016003,19461.063479557964,6774.753517624793,93.76,Too Hot,100.0,Excellent,100.0,Excellent,100,Excellent
 04/01  09:00:00,26.301597569048354,43.09330470474044,23565.421888862988,10905.24178742611,95.48,Too Hot,100.0,Excellent,100.0,Excellent,100,Excellent
 04/01  10:00:00,26.452604721111552,42.48112032612752,30924.960920880458,18264.780819443586,93.21,Too Hot,100.0,Excellent,100.0,Excellent,100,Excellent
 04/01  11:00:00,26.78566408953869,39.82571018219854,25591.822701208454,12931.642599771578,88.22,Too Hot,100.0,Excellent,100.0,Excellent,55,Too Aggressive
 04/01  12:00:00,26.86979908435337,38.00795860764077,28306.947578808395,15646.767477371515,86.95,Too Hot,100.0,Excellent,100.0,Excellent,55,Too Aggressive
 04/01  13:00:00,26.942900702688284,36.55108195725811,30668.705110784056,18008.525009347177,85.86,Too Hot,100.0,Excellent,100.0,Excellent,55,Too Aggressive
 04/01  14:00:00,27.17889776375422,35.31854375178236,27434.274967184818,14774.094865747938,82.32,Too Hot,100.0,Excellent,100.0,Excellent,55,Too Aggressive
 04/01  15:00:00,27.153575081901764,35.054354186162264,31702.22468676525,19042.04458532837,82.7,Too Hot,100.0,Excellent,100.0,Excellent,55,Too Aggressive
 04/01  16:00:00,27.05149644148213,34.93695520591138,31382.37769033624,18722.19758889936,84.23,Too Hot,100.0,Excellent,100.0,Excellent,55,Too Aggressive
 04/01  17:00:00,27.14378088798458,34.243288071631795,26705.10948122265,14044.929379785775,82.84,Too Hot,100.0,Excellent,100.0,Excellent,55,Too Aggressive
 04/01  18:00:00,26.941980039346237,34.01086422672623,25912.58241463295,15568.78824498435,85.87,Too Hot,100.0,Excellent,100.0,Excellent,55,Too Aggressive
 04/01  19:00:00,26.729905391029025,33.578785301986244,26196.45900835057,13503.303613123517,89.05,Too Hot,100.0,Excellent,100.0,Excellent,55,Too Aggressive
 04/01  20:00:00,26.63494261532237,32.79135647757201,23229.75499652165,9813.748526328129,90.48,Too Hot,100.0,Excellent,100.0,Excellent,100,Excellent
 04/01  21:00:00,26.56728295053593,33.21566286885541,23466.65693279472,10050.6504626012,91.49,Too Hot,100.0,Excellent,100.0,Excellent,100,Excellent
 04/01  22:00:00,26.451709487395966,34.609888149558884,23323.51283464584,9907.506364452322,93.22,Too Hot,100.0,Excellent,100.0,Excellent,100,Excellent
 04/01  23:00:00,26.347776865350628,36.37649967361253,23301.281134699027,9885.274664505509,94.78,Too Hot,100.0,Excellent,100.0,Excellent,100,Excellent
 04/01  24:00:00,26.42125327935736,37.64476936051285,23832.74284879945,8031.202906257962,93.68,Too Hot,100.0,Excellent,100.0,Excellent,100,Excellent
 04/02  01:00:00,26.3863074802574,38.68565355968924,22312.865339519536,6511.325396978048,94.21,Too Hot,100.0,Excellent,100.0,Excellent,100,Excellent
 04/02  02:00:00,26.31997098109342,39.14883679127007,20779.67127945457,4978.131336913085,95.2,Too Hot,100.0,Excellent,100.0,Excellent,100,Excellent
 04/02  03:00:00,26.157919807567865,39.27678384381372,25093.362440541023,9291.82249799954,97.63,Too Hot,100.0,Excellent,100.0,Excellent,100,Excellent
 04/02  04:00:00,26.378912514797108,38.67469591265941,23607.3127766463,7805.772834104811,94.32,Too Hot,100.0,Excellent,100.0,Excellent,100,Excellent
 04/02  05:00:00,26.298470581732666,38.86464200341575,19269.362901264776,3467.8229587232872,95.52,Too Hot,100.0,Excellent,100.0,Excellent,100,Excellent
 04/02  06:00:00,25.345058040380888,42.625210718909486,47792.964995430215,24740.65835933284,100.0,Excellent,90.0,Good,90.0,Good,60,Higher Consumption
 04/02  07:00:00,24.26827761315557,47.59797637662875,79992.85003410978,43613.19737781452,100.0,Excellent,26.71,Higher Consumption,26.71,Higher Carbon,60,Higher Consumption
 04/02  08:00:00,24.176752264765557,48.97756307859798,134114.07275701917,56015.1018240511,100.0,Excellent,0.0,Higher Consumption,0.0,Higher Carbon,60,Higher Consumption
 04/02  09:00:00,24.18204633485933,48.813766890112085,126493.59695065871,57188.51449726762,100.0,Excellent,0.0,Higher Consumption,0.0,Higher Carbon,60,Higher Consumption
 04/02  10:00:00,24.238136783913617,48.0723349695804,126002.107562113,58631.1185153153,100.0,Excellent,0.0,Higher Consumption,0.0,Higher Carbon,60,Higher Consumption
 04/02  11:00:00,24.23643143852904,47.72550831708932,133395.21203174035,64090.12957834922,100.0,Excellent,0.0,Higher Consumption,0.0,Higher Carbon,60,Higher Consumption
 04/02  12:00:00,24.34200277083873,46.74320026686076,130284.76316646751,59976.4285770313,100.0,Excellent,0.0,Higher Consumption,0.0,Higher Carbon,60,Higher Consumption
 04/02  13:00:00,24.268055664304303,46.56980135804695,136849.5864040458,65932.7594451602,100.0,Excellent,0.0,Higher Consumption,0.0,Higher Carbon,60,Higher Consumption
 04/02  14:00:00,24.28848958906481,45.56910013312682,134261.38837312424,66890.39932632654,100.0,Excellent,0.0,Higher Consumption,0.0,Higher Carbon,60,Higher Consumption
 04/02  15:00:00,24.25122251639749,44.35170606806676,137917.32835369307,70546.33930689536,100.0,Excellent,0.0,Higher Consumption,0.0,Higher Carbon,60,Higher Consumption
 04/02  16:00:00,24.23897760637461,43.05800327407293,141165.9147571631,70893.78560047525,100.0,Excellent,0.0,Higher Consumption,0.0,Higher Carbon,60,Higher Consumption
 04/02  17:00:00,24.284862495372508,40.85563915991898,106420.32287700428,55632.42450546224,100.0,Excellent,0.0,Higher Consumption,0.0,Higher Carbon,60,Higher Consumption
 04/02  18:00:00,24.239439259737843,39.37938723398576,63588.54921022369,37393.42639505485,100.0,Excellent,56.1,Higher Consumption,56.1,Higher Carbon,60,Higher Consumption
 04/02  19:00:00,24.217190083760784,39.87146752540209,55826.09513684712,28396.03017586316,100.0,Excellent,70.0,Higher Consumption,70.0,Higher Carbon,60,Higher Consumption
 04/02  20:00:00,24.19242115994661,41.74153193621728,49335.41621213262,23733.082816499373,100.0,Excellent,90.0,Good,90.0,Good,60,Higher Consumption
 04/02  21:00:00,24.174669532084657,42.58505835635585,46280.44810114882,21967.510309911188,100.0,Excellent,90.0,Good,100.0,Excellent,80,Acceptable
 04/02  22:00:00,25.57133853939956,39.18492160739601,21603.55076409053,250.26910759502385,100.0,Excellent,100.0,Excellent,100.0,Excellent,100,Excellent
 04/02  23:00:00,26.01247730087217,38.797808246007,20122.90815579052,249.454566666085,99.81,Too Hot,100.0,Excellent,100.0,Excellent,100,Excellent
 04/02  24:00:00,26.00487672183924,39.32731203321116,16163.712511941816,201.28916140884087,99.93,Too Hot,100.0,Excellent,100.0,Excellent,100,Excellent
 04/03  01:00:00,25.955642464941917,39.88993163169059,16002.738920482274,201.198977940785,100.0,Excellent,100.0,Excellent,100.0,Excellent,100,Excellent
 04/03  02:00:00,25.9372544776362,40.32246213441057,16002.738920482274,201.198977940785,100.0,Excellent,100.0,Excellent,100.0,Excellent,100,Excellent
 04/03  03:00:00,25.91930252982118,40.43552935520228,16002.738920482274,201.198977940785,100.0,Excellent,100.0,Excellent,100.0,Excellent,100,Excellent
 04/03  04:00:00,25.90004292012226,40.48087515031435,16002.738920482274,201.198977940785,100.0,Excellent,100.0,Excellent,100.0,Excellent,100,Excellent
 04/03  05:00:00,25.869219721111094,40.55694778156224,16002.738920482274,201.198977940785,100.0,Excellent,100.0,Excellent,100.0,Excellent,100,Excellent
 04/03  06:00:00,24.796275851522363,41.6771624132249,37096.644903467975,14044.338267370596,100.0,Excellent,100.0,Excellent,100.0,Excellent,100,Excellent
 04/03  07:00:00,24.119873010279896,42.13020535753645,56767.88779897198,20577.36645480298,100.0,Excellent,68.31,Higher Consumption,68.31,Higher Carbon,90,Efficient
 04/03  08:00:00,24.122636855911296,44.891240622247686,110831.119409305,33073.74402843344,100.0,Excellent,0.0,Higher Consumption,0.0,Higher Carbon,60,Higher Consumption
 04/03  09:00:00,24.146287450258573,47.0414450251761,110711.68995058852,41406.60749719743,100.0,Excellent,0.0,Higher Consumption,0.0,Higher Carbon,60,Higher Consumption
 04/03  10:00:00,24.211252247113627,48.40877340888971,116693.0260557806,49322.03700898289,100.0,Excellent,0.0,Higher Consumption,0.0,Higher Carbon,60,Higher Consumption
 04/03  11:00:00,24.210793954583444,48.60889156190075,127724.49931102069,58419.41685762959,100.0,Excellent,0.0,Higher Consumption,0.0,Higher Carbon,60,Higher Consumption
 04/03  12:00:00,24.3285150352849,47.506974870585736,127603.6017058746,57295.26711643838,100.0,Excellent,0.0,Higher Consumption,0.0,Higher Carbon,60,Higher Consumption
 04/03  13:00:00,24.243940319378787,48.2895149532944,133659.3786492849,62742.55169039929,100.0,Excellent,0.0,Higher Consumption,0.0,Higher Carbon,60,Higher Consumption
 04/03  14:00:00,24.26727394942562,48.160540577473554,132944.15849417192,65573.1694473742,100.0,Excellent,0.0,Higher Consumption,0.0,Higher Carbon,60,Higher Consumption
 04/03  15:00:00,24.22839309151325,47.798145182684,136431.62967014592,69060.64062334823,100.0,Excellent,0.0,Higher Consumption,0.0,Higher Carbon,60,Higher Consumption
 04/03  16:00:00,24.21764730388865,47.625758587545626,140003.61124703003,69731.48209034224,100.0,Excellent,0.0,Higher Consumption,0.0,Higher Carbon,60,Higher Consumption
 04/03  17:00:00,24.286743284401567,45.963930723813945,104700.78089312674,53912.88252158468,100.0,Excellent,0.0,Higher Consumption,0.0,Higher Carbon,60,Higher Consumption
 04/03  18:00:00,24.222144173529045,43.10512914636436,64296.40351841444,38106.18107849105,100.0,Excellent,54.83,Higher Consumption,54.83,Higher Carbon,60,Higher Consumption
 04/03  19:00:00,24.203277852293688,39.49530302508827,55542.32383995056,28115.55889601331,100.0,Excellent,70.0,No Improvement,70.0,No Improvement,60,Higher Consumption
 04/03  20:00:00,24.17915265956083,36.42180729759878,48250.09357954544,22647.7601839122,100.0,Excellent,90.0,Good,90.0,Good,80,Acceptable
 04/03  21:00:00,24.15494007610694,33.65946276746442,43582.26377433942,19269.32598310178,100.0,Excellent,100.0,Excellent,100.0,Excellent,100,Excellent
 04/03  22:00:00,25.435114688724543,30.368409008405983,21603.55076409053,250.26910759502385,100.0,Excellent,100.0,Excellent,100.0,Excellent,100,Excellent
 04/03  23:00:00,25.81651287708976,30.048682711337904,20122.90815579052,249.454566666085,100.0,Excellent,100.0,Excellent,100.0,Excellent,100,Excellent
 04/03  24:00:00,25.796770379347816,30.600956323665727,16163.712511941816,201.28916140884087,100.0,Excellent,100.0,Excellent,100.0,Excellent,100,Excellent
 04/04  01:00:00,25.759100922199288,31.153332254655613,16002.738920482274,201.198977940785,100.0,Excellent,100.0,Excellent,100.0,Excellent,100,Excellent
 04/04  02:00:00,25.74605236212549,31.73455373112143,16002.738920482274,201.198977940785,100.0,Excellent,100.0,Excellent,100.0,Excellent,100,Excellent
 04/04  03:00:00,25.707161901807453,32.26963150236566,16002.738920482274,201.198977940785,100.0,Excellent,100.0,Excellent,100.0,Excellent,100,Excellent
 04/04  04:00:00,25.639758679993164,32.641345685431,16002.738920482274,201.198977940785,100.0,Excellent,100.0,Excellent,100.0,Excellent,100,Excellent
 04/04  05:00:00,25.548349705358405,33.01507788218998,16002.738920482274,201.198977940785,100.0,Excellent,100.0,Excellent,100.0,Excellent,100,Excellent
 04/04  06:00:00,24.532131220930648,35.41131568993864,36674.42340252694,13622.116766429564,100.0,Excellent,100.0,Excellent,100.0,Excellent,100,Excellent
 04/04  07:00:00,24.06261262750696,38.7554538379828,55798.22070556487,19607.41724704712,100.0,Excellent,70.0,No Improvement,70.0,No Improvement,90,Efficient
 04/04  08:00:00,24.107853482930224,44.92685305806837,109178.16206737302,31432.447507259363,100.0,Excellent,0.0,Higher Consumption,0.0,Higher Carbon,60,Higher Consumption
 04/04  09:00:00,24.13302026436286,48.633582056957685,106997.19056802725,37692.10811463615,100.0,Excellent,0.0,Higher Consumption,0.0,Higher Carbon,60,Higher Consumption
 04/04  10:00:00,24.19629260983297,48.84817990483569,112075.46836707364,44704.479320275925,100.0,Excellent,0.0,Higher Consumption,0.0,Higher Carbon,60,Higher Consumption
 04/04  11:00:00,24.199352984107467,47.96672580578628,120503.0530237848,51197.970570393714,100.0,Excellent,0.0,Higher Consumption,0.0,Higher Carbon,60,Higher Consumption
 04/04  12:00:00,24.307227331249827,44.74670374190296,121532.41912092076,51224.08453148456,100.0,Excellent,0.0,Higher Consumption,0.0,Higher Carbon,60,Higher Consumption
 04/04  13:00:00,24.239838910400355,43.25057719653333,129048.0695337864,58131.24257490078,100.0,Excellent,0.0,Higher Consumption,0.0,Higher Carbon,60,Higher Consumption
 04/04  14:00:00,24.265918167633764,42.387347320899394,129378.26883369085,62007.27978689317,100.0,Excellent,0.0,Higher Consumption,0.0,Higher Carbon,60,Higher Consumption
 04/04  15:00:00,24.231088316911418,41.81124779260208,135436.45470532894,68065.46565853123,100.0,Excellent,0.0,Higher Consumption,0.0,Higher Carbon,60,Higher Consumption
 04/04  16:00:00,24.21924553015336,41.214138512198815,139551.80301136448,69279.67385467669,100.0,Excellent,0.0,Higher Consumption,0.0,Higher Carbon,60,Higher Consumption
 04/04  17:00:00,24.293831938906926,38.73781179013312,103053.08406243072,52265.18569088866,100.0,Excellent,0.0,Higher Consumption,0.0,Higher Carbon,60,Higher Consumption
 04/04  18:00:00,24.21777090719696,35.46096685669901,61702.41688318292,35498.909362383165,100.0,Excellent,59.47,Higher Consumption,59.47,Higher Carbon,60,Higher Consumption
 04/04  19:00:00,24.1941761167012,32.483431219315136,53409.54259181324,25950.38567310573,100.0,Excellent,70.0,No Improvement,70.0,No Improvement,60,Higher Consumption
 04/04  20:00:00,24.16478624011577,30.779537187592528,46418.37197864629,20816.03858301304,100.0,Excellent,90.0,Good,100.0,Excellent,90,Efficient
 04/04  21:00:00,24.13547933892328,30.54859083273,42275.8738347169,17962.93604347926,100.0,Excellent,100.0,Excellent,100.0,Excellent,100,Excellent
 04/04  22:00:00,25.35311194751138,28.81934757272814,21603.55076409053,250.26910759502385,100.0,Excellent,100.0,Excellent,100.0,Excellent,100,Excellent
 04/04  23:00:00,25.74589973544944,28.803892276563516,20122.90815579052,249.454566666085,100.0,Excellent,100.0,Excellent,100.0,Excellent,100,Excellent
 04/04  24:00:00,25.746306349837266,29.54440498589356,16163.712511941816,201.28916140884087,100.0,Excellent,100.0,Excellent,100.0,Excellent,100,Excellent
 04/05  01:00:00,25.697249999688932,30.25560084893589,16002.738920482274,201.198977940785,100.0,Excellent,100.0,Excellent,100.0,Excellent,100,Excellent
 04/05  02:00:00,25.63612646734601,31.02323547254642,16002.738920482274,201.198977940785,100.0,Excellent,100.0,Excellent,100.0,Excellent,100,Excellent
 04/05  03:00:00,25.56964433184269,31.685258551258933,16002.738920482274,201.198977940785,100.0,Excellent,100.0,Excellent,100.0,Excellent,100,Excellent
 04/05  04:00:00,25.47175215426436,32.30498651005635,16002.738920482274,201.198977940785,100.0,Excellent,100.0,Excellent,100.0,Excellent,100,Excellent
 04/05  05:00:00,25.44362689114254,32.803287122555844,16002.738920482274,201.198977940785,100.0,Excellent,100.0,Excellent,100.0,Excellent,100,Excellent
 04/05  06:00:00,24.480545334884688,37.67863989035293,40870.41822603403,17818.111589936656,100.0,Excellent,100.0,Excellent,100.0,Excellent,100,Excellent
 04/05  07:00:00,24.069540912952974,44.17408424896332,62955.35434674702,26757.580529591072,100.0,Excellent,57.23,Higher Consumption,57.23,Higher Carbon,60,Higher Consumption
 04/05  08:00:00,24.103373634867616,48.85697063526533,119526.56536032334,41757.7637884438,100.0,Excellent,0.0,Higher Consumption,0.0,Higher Carbon,60,Higher Consumption
 04/05  09:00:00,24.129009983280017,50.36858885058727,112051.86587892548,42746.78342553438,100.0,Excellent,0.0,Higher Consumption,0.0,Higher Carbon,60,Higher Consumption
 04/05  10:00:00,24.187747677898784,49.84456157678946,115755.64663221165,48384.657585413945,100.0,Excellent,0.0,Higher Consumption,0.0,Higher Carbon,60,Higher Consumption
 04/05  11:00:00,24.19096994850992,49.2734123069972,123187.80814018352,53882.72568679241,100.0,Excellent,0.0,Higher Consumption,0.0,Higher Carbon,60,Higher Consumption
 04/05  12:00:00,24.30874251789646,48.10504449108916,121724.08791044047,51415.75332100429,100.0,Excellent,0.0,Higher Consumption,0.0,Higher Carbon,60,Higher Consumption
 04/05  13:00:00,24.234687067890768,48.26992025455917,128079.92161981054,57163.09466092494,100.0,Excellent,0.0,Higher Consumption,0.0,Higher Carbon,60,Higher Consumption
 04/05  14:00:00,24.25480685425366,48.26162641878603,129489.7940016338,62118.80495483612,100.0,Excellent,0.0,Higher Consumption,0.0,Higher Carbon,60,Higher Consumption
 04/05  15:00:00,24.22070462284851,47.98616681558384,133129.70024694124,65758.71120014356,100.0,Excellent,0.0,Higher Consumption,0.0,Higher Carbon,60,Higher Consumption
 04/05  16:00:00,24.21194302762602,47.96664733666712,136155.317020159,65883.18786347122,100.0,Excellent,0.0,Higher Consumption,0.0,Higher Carbon,60,Higher Consumption
 04/05  17:00:00,24.277023062936237,46.87175392627782,102868.00676273514,52080.10839119309,100.0,Excellent,0.0,Higher Consumption,0.0,Higher Carbon,60,Higher Consumption
 04/05  18:00:00,24.21509058509937,44.98062321349946,64143.18046157093,37953.40104822414,100.0,Excellent,55.1,Higher Consumption,55.1,Higher Carbon,60,Higher Consumption
 04/05  19:00:00,24.19746471757753,42.77532609022612,56155.00602337005,28706.886456051783,100.0,Excellent,69.41,Higher Consumption,69.41,Higher Carbon,60,Higher Consumption
 04/05  20:00:00,24.17286139484819,41.700467820699714,49956.08256201883,24353.74916638558,100.0,Excellent,90.0,Good,90.0,Good,60,Higher Consumption
 04/05  21:00:00,24.15246987390715,41.10274235932869,46566.16258784791,22253.22479661028,100.0,Excellent,90.0,Good,100.0,Excellent,80,Acceptable
 04/05  22:00:00,25.478329876317176,38.10709979738217,21603.55076409053,250.26910759502385,100.0,Excellent,100.0,Excellent,100.0,Excellent,100,Excellent
 04/05  23:00:00,25.87406985508882,38.189436143075305,20122.90815579052,249.454566666085,100.0,Excellent,100.0,Excellent,100.0,Excellent,100,Excellent
 04/05  24:00:00,25.849854709124333,39.183401298352095,16163.712511941816,201.28916140884087,100.0,Excellent,100.0,Excellent,100.0,Excellent,100,Excellent
 04/06  01:00:00,25.801219675329392,39.73838106943843,16002.738920482274,201.198977940785,100.0,Excellent,100.0,Excellent,100.0,Excellent,100,Excellent
 04/06  02:00:00,25.740120436847327,40.085198741689055,16002.738920482274,201.198977940785,100.0,Excellent,100.0,Excellent,100.0,Excellent,100,Excellent
 04/06  03:00:00,25.70905301305205,40.187018558447576,16002.738920482274,201.198977940785,100.0,Excellent,100.0,Excellent,100.0,Excellent,100,Excellent
 04/06  04:00:00,25.657625630659098,40.34301123332865,16002.738920482274,201.198977940785,100.0,Excellent,100.0,Excellent,100.0,Excellent,100,Excellent
 04/06  05:00:00,25.594791791379365,40.75470408455136,16002.738920482274,201.198977940785,100.0,Excellent,100.0,Excellent,100.0,Excellent,100,Excellent
 04/06  06:00:00,24.566697905356182,44.92965905982752,42610.40260372384,19558.09596762646,100.0,Excellent,100.0,Excellent,100.0,Excellent,90,Efficient
 04/06  07:00:00,24.07625799063264,48.67942693564012,66073.17151637404,29662.414885460865,100.0,Excellent,51.64,Higher Consumption,51.64,Higher Carbon,60,Higher Consumption
 04/06  08:00:00,24.106545585782417,50.695982789151074,128159.63272376788,50013.27597902077,100.0,Excellent,0.0,Higher Consumption,0.0,Higher Carbon,60,Higher Consumption
 04/06  09:00:00,24.12510412174413,51.22444598334603,113942.2121161217,44637.129662730586,100.0,Excellent,0.0,Higher Consumption,0.0,Higher Carbon,60,Higher Consumption
 04/06  10:00:00,24.184243771655645,50.22184406497319,115778.19730245876,48407.20825566105,100.0,Excellent,0.0,Higher Consumption,0.0,Higher Carbon,60,Higher Consumption
 04/06  11:00:00,24.18883604363537,49.4725416214471,122547.35990710623,53242.27745371515,100.0,Excellent,0.0,Higher Consumption,0.0,Higher Carbon,60,Higher Consumption
 04/06  12:00:00,24.3012902723542,48.2425080759738,121456.90195072677,51148.56736129052,100.0,Excellent,0.0,Higher Consumption,0.0,Higher Carbon,60,Higher Consumption
 04/06  13:00:00,24.233067086696494,48.23796055257567,127753.76978087529,56836.94282198968,100.0,Excellent,0.0,Higher Consumption,0.0,Higher Carbon,60,Higher Consumption
 04/06  14:00:00,24.258921239569258,47.84304869289898,126283.70759626829,58912.71854947059,100.0,Excellent,0.0,Higher Consumption,0.0,Higher Carbon,60,Higher Consumption
 04/06  15:00:00,24.225740677951805,47.74034724156332,130193.13414660373,62822.145099806046,100.0,Excellent,0.0,Higher Consumption,0.0,Higher Carbon,60,Higher Consumption
 04/06  16:00:00,24.21546127062245,47.70580885433569,134173.4635255945,63901.3343689067,100.0,Excellent,0.0,Higher Consumption,0.0,Higher Carbon,60,Higher Consumption
 04/06  17:00:00,24.26701887947734,46.66765886275615,100832.29595588474,50044.39758434268,100.0,Excellent,0.0,Higher Consumption,0.0,Higher Carbon,60,Higher Consumption
 04/06  18:00:00,24.215260138928222,45.98175007836748,61421.71171289998,35232.11376292165,100.0,Excellent,59.98,Higher Consumption,59.98,Higher Carbon,60,Higher Consumption
 04/06  19:00:00,24.1969013012142,47.01148199667634,55057.80800164535,27652.740098508075,100.0,Excellent,70.0,No Improvement,70.0,No Improvement,60,Higher Consumption
 04/06  20:00:00,24.17252538570001,46.94192807101647,50667.76442701947,25065.431031386222,100.0,Excellent,80.0,Acceptable,80.0,Acceptable,60,Higher Consumption
 04/06  21:00:00,24.1497684495372,45.98041591576029,47611.34898362192,23298.411192384283,100.0,Excellent,90.0,Good,90.0,Good,60,Higher Consumption
 04/06  22:00:00,25.468480394101263,42.05417613125417,21603.55076409053,250.26910759502385,100.0,Excellent,100.0,Excellent,100.0,Excellent,100,Excellent
 04/06  23:00:00,25.86981120176557,41.85944385225439,20122.90815579052,249.454566666085,100.0,Excellent,100.0,Excellent,100.0,Excellent,100,Excellent
 04/06  24:00:00,25.76973675161291,42.61190159357139,13038.514687240193,168.67480905518886,100.0,Excellent,100.0,Excellent,100.0,Excellent,100,Excellent
 04/07  01:00:00,25.660272082189756,43.39330642620878,12877.565474876648,168.6090046831275,100.0,Excellent,100.0,Excellent,100.0,Excellent,100,Excellent
 04/07  02:00:00,25.570199456707943,44.31245222318203,12877.565474876648,168.6090046831275,100.0,Excellent,100.0,Excellent,100.0,Excellent,100,Excellent
 04/07  03:00:00,25.50450580782908,45.26190409515215,12877.565474876648,168.6090046831275,100.0,Excellent,100.0,Excellent,100.0,Excellent,100,Excellent
 04/07  04:00:00,25.439631427198822,46.17687759797714,12877.565474876648,168.6090046831275,100.0,Excellent,100.0,Excellent,100.0,Excellent,100,Excellent
 04/07  05:00:00,25.37185691816204,47.288584019233234,12877.565474876648,168.6090046831275,100.0,Excellent,100.0,Excellent,100.0,Excellent,100,Excellent
 04/07  06:00:00,24.46078386532337,49.79301702893422,42040.47062947109,18988.16399337372,100.0,Excellent,100.0,Excellent,100.0,Excellent,100,Excellent
 04/07  07:00:00,24.06788287424539,49.53912435958068,49660.446607741454,25106.23205704936,100.0,Excellent,90.0,Good,90.0,Good,60,Higher Consumption
 04/07  08:00:00,24.08831381443464,49.16839121473594,61134.31785513053,30451.03177361585,100.0,Excellent,60.49,Higher Consumption,60.49,Higher Carbon,60,Higher Consumption
 04/07  09:00:00,24.12766733790441,49.11340107285867,64217.16000072272,31302.51041472301,100.0,Excellent,54.97,Higher Consumption,54.97,Higher Carbon,60,Higher Consumption
 04/07  10:00:00,24.19928589757219,48.73506880405241,67255.47637282664,35307.87349012363,100.0,Excellent,49.53,Higher Consumption,49.53,Higher Carbon,60,Higher Consumption
 04/07  11:00:00,24.205143128448867,48.472233461240194,71699.9373360379,37495.89214564257,100.0,Excellent,41.57,Higher Consumption,41.57,Higher Carbon,60,Higher Consumption
 04/07  12:00:00,24.264502354764375,47.77362776948818,56439.95612682204,32765.986491845382,100.0,Excellent,68.9,Higher Consumption,68.9,Higher Carbon,60,Higher Consumption
 04/07  13:00:00,24.24132114339891,45.61345516029811,56355.21176678491,35260.03334059945,100.0,Excellent,69.05,Higher Consumption,69.05,Higher Carbon,60,Higher Consumption
 04/07  14:00:00,24.270726130904837,42.44383954331079,55988.5400183451,36505.10609765416,100.0,Excellent,69.71,Higher Consumption,69.71,Higher Carbon,60,Higher Consumption
 04/07  15:00:00,24.24131032035457,39.50471156667979,56551.86666139183,38357.828345096495,100.0,Excellent,68.7,Higher Consumption,68.7,Higher Carbon,60,Higher Consumption
 04/07  16:00:00,24.23513070519255,37.1463976897955,57614.87744234307,39098.49022494882,100.0,Excellent,66.8,Higher Consumption,66.8,Higher Carbon,60,Higher Consumption
 04/07  17:00:00,25.35279565834464,32.735908761516185,37882.9377464974,23288.66423846712,100.0,Excellent,100.0,Excellent,100.0,Excellent,60,Higher Consumption
 04/07  18:00:00,25.92027829466428,30.5384440298073,22479.454323849943,9817.816846765592,100.0,Excellent,100.0,Excellent,100.0,Excellent,100,Excellent
 04/07  19:00:00,25.754163797537004,30.188289601468757,22216.60590478679,9428.906537973558,100.0,Excellent,100.0,Excellent,100.0,Excellent,100,Excellent
 04/07  20:00:00,25.78065590178087,29.772806253557885,19274.307100631897,5858.300630438375,100.0,Excellent,100.0,Excellent,100.0,Excellent,100,Excellent
 04/07  21:00:00,25.934872258355963,29.40493967591918,16382.811217989643,2966.8047477961227,100.0,Excellent,100.0,Excellent,100.0,Excellent,100,Excellent
 04/07  22:00:00,26.023844066416395,29.252881198766868,13584.615474876648,168.6090046831275,99.64,Too Hot,100.0,Excellent,100.0,Excellent,100,Excellent
 04/07  23:00:00,26.012171279380578,29.49498784875624,13584.615474876648,168.6090046831275,99.82,Too Hot,100.0,Excellent,100.0,Excellent,100,Excellent
 04/07  24:00:00,25.992881089990806,29.87808578773925,12877.565474876648,168.6090046831275,100.0,Excellent,100.0,Excellent,100.0,Excellent,100,Excellent
 04/08  01:00:00,25.97615251363242,30.551630438254204,12877.565474876648,168.6090046831275,100.0,Excellent,100.0,Excellent,100.0,Excellent,100,Excellent
 04/08  02:00:00,25.94233455019539,31.80336750093904,12877.565474876648,168.6090046831275,100.0,Excellent,100.0,Excellent,100.0,Excellent,100,Excellent
 04/08  03:00:00,25.901264061668403,33.68369169650181,12877.565474876648,168.6090046831275,100.0,Excellent,100.0,Excellent,100.0,Excellent,100,Excellent
 04/08  04:00:00,25.786022692087247,36.209693720378986,12877.565474876648,168.6090046831275,100.0,Excellent,100.0,Excellent,100.0,Excellent,100,Excellent
 04/08  05:00:00,25.717408959779405,38.15464039907016,12877.565474876648,168.6090046831275,100.0,Excellent,100.0,Excellent,100.0,Excellent,100,Excellent
 04/08  06:00:00,25.78057971866813,38.45156513397688,18308.31300750821,197.858802377482,100.0,Excellent,100.0,Excellent,100.0,Excellent,100,Excellent
 04/08  07:00:00,25.797298574280944,38.840930448758414,14413.04885434598,197.91680364870052,100.0,Excellent,100.0,Excellent,100.0,Excellent,100,Excellent
 04/08  08:00:00,26.024286125337937,38.724359823915606,12880.434329443677,197.83976297365743,99.64,Too Hot,100.0,Excellent,100.0,Excellent,100,Excellent
 04/08  09:00:00,25.785912866752884,39.341242633116806,25924.29425776532,13264.114156328438,100.0,Excellent,100.0,Excellent,100.0,Excellent,100,Excellent
 04/08  10:00:00,25.88506574963887,36.86791696800604,25771.14393182325,13110.963830386376,100.0,Excellent,100.0,Excellent,100.0,Excellent,100,Excellent
 04/08  11:00:00,26.292396881615208,34.66876666333815,24726.5072117656,12066.327110328726,95.61,Too Hot,100.0,Excellent,100.0,Excellent,100,Excellent
 04/08  12:00:00,26.376429799954373,33.31054021174578,28764.78762999987,16104.607528563,94.35,Too Hot,100.0,Excellent,100.0,Excellent,100,Excellent
 04/08  13:00:00,26.494827173405536,32.22428427227425,27450.78941756175,14790.609316124874,92.58,Too Hot,100.0,Excellent,100.0,Excellent,100,Excellent
 04/08  14:00:00,26.822490385974017,31.14403206255365,26565.10144329097,13904.921341854091,87.66,Too Hot,100.0,Excellent,100.0,Excellent,55,Too Aggressive
 04/08  15:00:00,26.771765663300226,30.95968200873613,32573.16855481085,19912.98845337397,88.42,Too Hot,100.0,Excellent,100.0,Excellent,55,Too Aggressive
 04/08  16:00:00,26.817824858680417,30.765641862919697,29839.503883675225,17179.323782238353,87.73,Too Hot,100.0,Excellent,100.0,Excellent,55,Too Aggressive
 04/08  17:00:00,26.909506681725546,30.48865063877619,26961.944765474545,14301.76466403767,86.36,Too Hot,100.0,Excellent,100.0,Excellent,55,Too Aggressive
 04/08  18:00:00,26.621799578473,30.67298517352488,27549.60156838033,17204.481567773695,90.67,Too Hot,100.0,Excellent,100.0,Excellent,100,Excellent
 04/08  19:00:00,26.343533741004904,30.345356978076097,25735.19913012772,13065.17353510077,94.85,Too Hot,100.0,Excellent,100.0,Excellent,100,Excellent
 04/08  20:00:00,26.236154408200445,29.461316997206545,22574.353518835163,9158.347048641645,96.46,Too Hot,100.0,Excellent,100.0,Excellent,100,Excellent
 04/08  21:00:00,26.22787876839111,28.73193537393684,22208.73436541803,8792.727895224507,96.58,Too Hot,100.0,Excellent,100.0,Excellent,100,Excellent
 04/08  22:00:00,26.182857665460283,27.600520689202146,18759.62245611189,5343.615985918369,97.26,Too Hot,100.0,Excellent,100.0,Excellent,100,Excellent
 04/08  23:00:00,26.25461674931069,26.344898244103987,18594.39991401748,5178.393443823958,96.18,Too Hot,100.0,Excellent,100.0,Excellent,100,Excellent
 04/08  24:00:00,26.30450185681644,25.64375369425225,19983.99450684782,4182.454564306328,95.43,Too Hot,100.0,Excellent,100.0,Excellent,100,Excellent
 04/09  01:00:00,26.247141467306992,26.06339123421911,20338.96919836392,4537.429255822433,96.29,Too Hot,100.0,Excellent,100.0,Excellent,100,Excellent
 04/09  02:00:00,26.508259785210424,26.07364834707352,16002.738920482274,201.198977940785,92.38,Too Hot,100.0,Excellent,100.0,Excellent,100,Excellent
 04/09  03:00:00,26.577631203373457,26.002420861391634,16002.738920482274,201.198977940785,91.34,Too Hot,100.0,Excellent,100.0,Excellent,100,Excellent
 04/09  04:00:00,26.523775006523167,26.21794018570592,16002.738920482274,201.198977940785,92.14,Too Hot,100.0,Excellent,100.0,Excellent,100,Excellent
 04/09  05:00:00,26.49984657501433,26.280340236364097,16002.738920482274,201.198977940785,92.5,Too Hot,100.0,Excellent,100.0,Excellent,100,Excellent
 04/09  06:00:00,25.079752252432627,35.07171200981779,52680.83659387025,29628.52995777288,100.0,Excellent,80.0,Acceptable,80.0,Acceptable,60,Higher Consumption
 04/09  07:00:00,24.236265504435128,45.649998578186114,84370.68338791045,49493.46977143064,100.0,Excellent,18.87,Higher Consumption,18.87,Higher Carbon,60,Higher Consumption
 04/09  08:00:00,24.158308429633365,49.09628239101376,132603.0233789604,54859.27101231322,100.0,Excellent,0.0,Higher Consumption,0.0,Higher Carbon,60,Higher Consumption
 04/09  09:00:00,24.175454510299545,49.038103912496496,132980.36578336972,63675.28332997863,100.0,Excellent,0.0,Higher Consumption,0.0,Higher Carbon,60,Higher Consumption
 04/09  10:00:00,24.234917915723607,48.31203756472812,134166.32955797634,66795.34051117863,100.0,Excellent,0.0,Higher Consumption,0.0,Higher Carbon,60,Higher Consumption
 04/09  11:00:00,24.228373921368245,48.00268042590999,140320.7829524894,71015.70049909831,100.0,Excellent,0.0,Higher Consumption,0.0,Higher Carbon,60,Higher Consumption
 04/09  12:00:00,24.36849418345743,46.86923067487938,135470.0889861184,65161.7543966822,100.0,Excellent,0.0,Higher Consumption,0.0,Higher Carbon,60,Higher Consumption
 04/09  13:00:00,24.26113810274323,47.78254783763347,141198.63386218747,70281.80690330185,100.0,Excellent,0.0,Higher Consumption,0.0,Higher Carbon,60,Higher Consumption
 04/09  14:00:00,24.284889760039174,47.55699420563278,141737.3498727241,74366.36082592641,100.0,Excellent,0.0,Higher Consumption,0.0,Higher Carbon,60,Higher Consumption
 04/09  15:00:00,24.25022512467229,47.25908739363025,146998.67641719632,79627.6873703986,100.0,Excellent,0.0,Higher Consumption,0.0,Higher Carbon,60,Higher Consumption
 04/09  16:00:00,24.24238749688537,47.11627273916552,153460.340573668,83188.2114169802,100.0,Excellent,0.0,Higher Consumption,0.0,Higher Carbon,60,Higher Consumption
 04/09  17:00:00,24.35350378101993,46.20223230320874,115021.38374385206,64233.48537231002,100.0,Excellent,0.0,Higher Consumption,0.0,Higher Carbon,60,Higher Consumption
 04/09  18:00:00,24.24947321041009,46.75060580897113,67356.2971889049,41125.911199167545,100.0,Excellent,49.35,Higher Consumption,49.35,Higher Carbon,60,Higher Consumption
 04/09  19:00:00,24.219908211836728,47.63840461280367,58618.55683621642,31030.041029301967,100.0,Excellent,65.0,Higher Consumption,65.0,Higher Carbon,60,Higher Consumption
 04/09  20:00:00,24.189238481522857,48.06268065708741,57042.04179408271,31439.70839844946,100.0,Excellent,67.82,Higher Consumption,67.82,Higher Carbon,60,Higher Consumption
 04/09  21:00:00,24.15542603502235,48.52683737404116,51194.44650539645,26881.50871415881,100.0,Excellent,80.0,Acceptable,80.0,Acceptable,60,Higher Consumption
 04/09  22:00:00,25.34164722565873,46.64770314390932,21603.55076409053,250.26910759502385,100.0,Excellent,100.0,Excellent,100.0,Excellent,100,Excellent
 04/09  23:00:00,25.76359938930245,47.51902931051961,20122.90815579052,249.454566666085,100.0,Excellent,100.0,Excellent,100.0,Excellent,100,Excellent
 04/09  24:00:00,25.85776693935579,48.12566280156336,16163.712511941816,201.28916140884087,100.0,Excellent,100.0,Excellent,100.0,Excellent,100,Excellent
 04/10  01:00:00,25.91816561500179,48.10688506768357,16002.738920482274,201.198977940785,100.0,Excellent,100.0,Excellent,100.0,Excellent,100,Excellent
 04/10  02:00:00,25.95523402791204,47.741253997478566,16002.738920482274,201.198977940785,100.0,Excellent,100.0,Excellent,100.0,Excellent,100,Excellent
 04/10  03:00:00,25.96675697175631,47.54002929694842,16002.738920482274,201.198977940785,100.0,Excellent,100.0,Excellent,100.0,Excellent,100,Excellent
 04/10  04:00:00,25.95228235828859,47.88099609111617,16002.738920482274,201.198977940785,100.0,Excellent,100.0,Excellent,100.0,Excellent,100,Excellent
 04/10  05:00:00,25.907252935584804,48.56916787479631,16002.738920482274,201.198977940785,100.0,Excellent,100.0,Excellent,100.0,Excellent,100,Excellent
 04/10  06:00:00,24.83627380451331,51.39819419664678,45209.48797630413,22157.18134020676,100.0,Excellent,90.0,Good,100.0,Excellent,80,Acceptable
 04/10  07:00:00,24.154998092109,51.55349861052146,71903.2220871414,36660.98529510177,100.0,Excellent,41.2,Higher Consumption,41.2,Higher Carbon,60,Higher Consumption
 04/10  08:00:00,24.12465183375457,51.22838269172552,131216.36368774666,52543.8260265474,100.0,Excellent,0.0,Higher Consumption,0.0,Higher Carbon,60,Higher Consumption
 04/10  09:00:00,24.140144384753903,50.63218651150104,118518.01736284173,49212.93490945062,100.0,Excellent,0.0,Higher Consumption,0.0,Higher Carbon,60,Higher Consumption
 04/10  10:00:00,24.201781112364344,49.723478742556125,121552.7516691377,54181.76262234,100.0,Excellent,0.0,Higher Consumption,0.0,Higher Carbon,60,Higher Consumption
 04/10  11:00:00,24.19680047422357,49.21673510296328,128916.18461737366,59611.10216398256,100.0,Excellent,0.0,Higher Consumption,0.0,Higher Carbon,60,Higher Consumption
 04/10  12:00:00,24.293180106740756,48.46293255621354,126946.12111787396,56637.78652843775,100.0,Excellent,0.0,Higher Consumption,0.0,Higher Carbon,60,Higher Consumption
 04/10  13:00:00,24.235321053217163,48.72066054367632,130926.099982499,60009.273023613394,100.0,Excellent,0.0,Higher Consumption,0.0,Higher Carbon,60,Higher Consumption
 04/10  14:00:00,24.26173314364149,48.12939062329791,127643.04229916024,60272.05325236256,100.0,Excellent,0.0,Higher Consumption,0.0,Higher Carbon,60,Higher Consumption
 04/10  15:00:00,24.227273685169965,47.92831306934508,129109.99660277872,61739.00755598102,100.0,Excellent,0.0,Higher Consumption,0.0,Higher Carbon,60,Higher Consumption
 04/10  16:00:00,24.21638218696324,47.84065029550382,132033.87012052475,61761.740963836935,100.0,Excellent,0.0,Higher Consumption,0.0,Higher Carbon,60,Higher Consumption
 04/10  17:00:00,24.25649490576932,46.6960122292632,100025.19519318089,49237.296821638825,100.0,Excellent,0.0,Higher Consumption,0.0,Higher Carbon,60,Higher Consumption
 04/10  18:00:00,24.21584965411063,46.07499627272442,62410.910434185294,36222.51201151237,100.0,Excellent,58.2,Higher Consumption,58.2,Higher Carbon,60,Higher Consumption
 04/10  19:00:00,24.200856252802545,47.06753107280043,56632.65943670688,29232.344802877968,100.0,Excellent,68.56,Higher Consumption,68.56,Higher Carbon,60,Higher Consumption
 04/10  20:00:00,24.17858583086515,47.56087615444585,52266.957462796025,26664.62406716278,100.0,Excellent,80.0,Acceptable,80.0,Acceptable,60,Higher Consumption
 04/10  21:00:00,24.1568987438375,47.33471290312017,48903.38612967293,24590.448338435293,100.0,Excellent,90.0,Good,90.0,Good,60,Higher Consumption
 04/10  22:00:00,25.483057037978927,43.99606793591223,21603.55076409053,250.26910759502385,100.0,Excellent,100.0,Excellent,100.0,Excellent,100,Excellent
 04/10  23:00:00,25.847208145450693,44.29336284327204,20122.90815579052,249.454566666085,100.0,Excellent,100.0,Excellent,100.0,Excellent,100,Excellent
 04/10  24:00:00,25.79909363330883,45.38398066646616,16163.712511941816,201.28916140884087,100.0,Excellent,100.0,Excellent,100.0,Excellent,100,Excellent
 04/11  01:00:00,25.767373028911734,46.25865148590515,16002.738920482274,201.198977940785,100.0,Excellent,100.0,Excellent,100.0,Excellent,100,Excellent
 04/11  02:00:00,25.73129955286481,47.45781028946813,16002.738920482274,201.198977940785,100.0,Excellent,100.0,Excellent,100.0,Excellent,100,Excellent
 04/11  03:00:00,25.698543271928344,49.0761041369204,16002.738920482274,201.198977940785,100.0,Excellent,100.0,Excellent,100.0,Excellent,100,Excellent
 04/11  04:00:00,25.6624068920933,51.03707452150189,16002.738920482274,201.198977940785,100.0,Excellent,100.0,Excellent,100.0,Excellent,100,Excellent
 04/11  05:00:00,25.650467874625267,52.459196411280814,16002.738920482274,201.198977940785,100.0,Excellent,100.0,Excellent,100.0,Excellent,100,Excellent
 04/11  06:00:00,24.638209263964274,53.06825955000889,41789.59812583783,18737.29148974045,100.0,Excellent,100.0,Excellent,100.0,Excellent,100,Excellent
 04/11  07:00:00,24.09868557737517,51.09479463154217,61771.22453319281,26872.199803567382,100.0,Excellent,59.35,Higher Consumption,59.35,Higher Carbon,60,Higher Consumption
 04/11  08:00:00,24.112032555144445,50.80828947575293,124453.94113074294,46674.173422826905,100.0,Excellent,0.0,Higher Consumption,0.0,Higher Carbon,60,Higher Consumption
 04/11  09:00:00,24.13254239952303,50.70650590778809,116799.44049768183,47494.35804429077,100.0,Excellent,0.0,Higher Consumption,0.0,Higher Carbon,60,Higher Consumption
 04/11  10:00:00,24.19456080409953,49.94530181910845,119108.8822374724,51737.89319067473,100.0,Excellent,0.0,Higher Consumption,0.0,Higher Carbon,60,Higher Consumption
 04/11  11:00:00,24.1957606806017,49.45311190704943,127064.29104426036,57759.20859086927,100.0,Excellent,0.0,Higher Consumption,0.0,Higher Carbon,60,Higher Consumption
 04/11  12:00:00,24.299934646744177,48.468880363539256,125338.24647598607,55029.91188654986,100.0,Excellent,0.0,Higher Consumption,0.0,Higher Carbon,60,Higher Consumption
 04/11  13:00:00,24.233018523568852,48.46168538060488,128310.2737772502,57393.44681836458,100.0,Excellent,0.0,Higher Consumption,0.0,Higher Carbon,60,Higher Consumption
 04/11  14:00:00,24.25656248216707,48.19637535534249,125684.4251529067,58313.436106109,100.0,Excellent,0.0,Higher Consumption,0.0,Higher Carbon,60,Higher Consumption
 04/11  15:00:00,24.222102658183918,47.6638035919956,127932.5010210056,60561.51197420792,100.0,Excellent,0.0,Higher Consumption,0.0,Higher Carbon,60,Higher Consumption
 04/11  16:00:00,24.21259949622892,47.89442558705622,128956.57072143225,58684.44156474443,100.0,Excellent,0.0,Higher Consumption,0.0,Higher Carbon,60,Higher Consumption
 04/11  17:00:00,24.220672977865878,47.90792328620792,94225.55102050902,43437.65264896698,100.0,Excellent,1.22,Higher Consumption,1.22,Higher Carbon,60,Higher Consumption
 04/11  18:00:00,24.20341468345141,48.23734343326779,56545.72039376084,30160.88142523248,100.0,Excellent,68.71,Higher Consumption,68.71,Higher Carbon,60,Higher Consumption
 04/11  19:00:00,24.1797961797522,48.375859233698286,55027.28904342397,27352.37217071048,100.0,Excellent,70.0,No Improvement,70.0,No Improvement,60,Higher Consumption
 04/11  20:00:00,24.14589212300852,48.55927178432126,51304.61129035092,25702.27789471767,100.0,Excellent,80.0,Acceptable,80.0,Acceptable,60,Higher Consumption
 04/11  21:00:00,24.12000876456017,48.19854354316344,46631.34149048096,22318.40369924332,100.0,Excellent,90.0,Good,100.0,Excellent,80,Acceptable
 04/11  22:00:00,25.24580207586114,44.91669773184117,21603.55076409053,250.26910759502385,100.0,Excellent,100.0,Excellent,100.0,Excellent,100,Excellent
 04/11  23:00:00,25.619387052109136,44.642212695231656,20122.90815579052,249.454566666085,100.0,Excellent,100.0,Excellent,100.0,Excellent,100,Excellent
 04/11  24:00:00,25.586106598369025,45.05221842244615,16163.712511941816,201.28916140884087,100.0,Excellent,100.0,Excellent,100.0,Excellent,100,Excellent
 04/12  01:00:00,25.550989484003694,45.24314800425103,16002.738920482274,201.198977940785,100.0,Excellent,100.0,Excellent,100.0,Excellent,100,Excellent
 04/12  02:00:00,25.53457207347144,45.60376302259586,16002.738920482274,201.198977940785,100.0,Excellent,100.0,Excellent,100.0,Excellent,100,Excellent
 04/12  03:00:00,25.520202191126437,46.354895296234375,16002.738920482274,201.198977940785,100.0,Excellent,100.0,Excellent,100.0,Excellent,100,Excellent
 04/12  04:00:00,25.490229686813404,47.33499800009646,16002.738920482274,201.198977940785,100.0,Excellent,100.0,Excellent,100.0,Excellent,100,Excellent
 04/12  05:00:00,25.463083975660982,48.10913066511623,16002.738920482274,201.198977940785,100.0,Excellent,100.0,Excellent,100.0,Excellent,100,Excellent
 04/12  06:00:00,24.466484171062397,50.36609982227866,42551.78611545288,19499.47947935551,100.0,Excellent,100.0,Excellent,100.0,Excellent,100,Excellent
 04/12  07:00:00,24.05016089371898,50.84439571640516,62535.37977129148,27546.847870391925,100.0,Excellent,57.98,Higher Consumption,57.98,Higher Carbon,60,Higher Consumption
 04/12  08:00:00,24.098264360508825,51.04776147418214,121704.27887584332,43768.38422967677,100.0,Excellent,0.0,Higher Consumption,0.0,Higher Carbon,60,Higher Consumption
 04/12  09:00:00,24.12725257882103,50.791826608567376,114058.857139648,44753.774686256926,100.0,Excellent,0.0,Higher Consumption,0.0,Higher Carbon,60,Higher Consumption
 04/12  10:00:00,24.19564213328656,49.730113229475,115851.15156843235,48480.16252163467,100.0,Excellent,0.0,Higher Consumption,0.0,Higher Carbon,60,Higher Consumption
 04/12  11:00:00,24.199886012310515,49.002846433994165,122826.04891356976,53520.96646017866,100.0,Excellent,0.0,Higher Consumption,0.0,Higher Carbon,60,Higher Consumption
 04/12  12:00:00,24.325170228586703,46.61235992379623,123635.68083813548,53327.34624869926,100.0,Excellent,0.0,Higher Consumption,0.0,Higher Carbon,60,Higher Consumption
 04/12  13:00:00,24.2338017591075,46.5203937315128,129673.13647855016,58756.309519664544,100.0,Excellent,0.0,Higher Consumption,0.0,Higher Carbon,60,Higher Consumption
 04/12  14:00:00,24.257282465549693,46.95850682722294,128766.3322959652,61395.3432491675,100.0,Excellent,0.0,Higher Consumption,0.0,Higher Carbon,60,Higher Consumption
 04/12  15:00:00,24.22455690994846,47.73741810104414,133386.62320545575,66015.63415865804,100.0,Excellent,0.0,Higher Consumption,0.0,Higher Carbon,60,Higher Consumption
 04/12  16:00:00,24.215046404840383,47.80900475946655,137974.55651546372,67702.42735877592,100.0,Excellent,0.0,Higher Consumption,0.0,Higher Carbon,60,Higher Consumption
 04/12  17:00:00,24.29201310242204,45.69760477533205,106431.9174039898,55644.019032447744,100.0,Excellent,0.0,Higher Consumption,0.0,Higher Carbon,60,Higher Consumption
 04/12  18:00:00,24.2182403852518,42.62250330717748,65437.32877289162,39248.20624568363,100.0,Excellent,52.78,Higher Consumption,52.78,Higher Carbon,60,Higher Consumption
 04/12  19:00:00,24.197691556800123,40.55486271546593,56059.57681308758,28652.860622361903,100.0,Excellent,69.58,Higher Consumption,69.58,Higher Carbon,60,Higher Consumption
 04/12  20:00:00,24.170825642766555,39.163825834819725,48320.30571644376,22717.972320810502,100.0,Excellent,90.0,Good,90.0,Good,80,Acceptable
 04/12  21:00:00,24.141259708214285,37.73582996763551,43520.77918303861,19207.84139180097,100.0,Excellent,100.0,Excellent,100.0,Excellent,100,Excellent
 04/12  22:00:00,25.365267251154226,33.938605830814936,21603.55076409053,250.26910759502385,100.0,Excellent,100.0,Excellent,100.0,Excellent,100,Excellent
 04/12  23:00:00,25.718689305333548,33.724345418773424,20122.90815579052,249.454566666085,100.0,Excellent,100.0,Excellent,100.0,Excellent,100,Excellent
 04/12  24:00:00,25.659994499747278,34.14721520987959,16163.712511941816,201.28916140884087,100.0,Excellent,100.0,Excellent,100.0,Excellent,100,Excellent
 04/13  01:00:00,25.60005848668147,34.55507104832719,16002.738920482274,201.198977940785,100.0,Excellent,100.0,Excellent,100.0,Excellent,100,Excellent
 04/13  02:00:00,25.55211696807578,35.556882587384266,16002.738920482274,201.198977940785,100.0,Excellent,100.0,Excellent,100.0,Excellent,100,Excellent
 04/13  03:00:00,25.52347321251105,37.08521442929566,16002.738920482274,201.198977940785,100.0,Excellent,100.0,Excellent,100.0,Excellent,100,Excellent
 04/13  04:00:00,25.50811109269008,38.39699703027896,16002.738920482274,201.198977940785,100.0,Excellent,100.0,Excellent,100.0,Excellent,100,Excellent
 04/13  05:00:00,25.50816605518265,39.07338824451735,16002.738920482274,201.198977940785,100.0,Excellent,100.0,Excellent,100.0,Excellent,100,Excellent
 04/13  06:00:00,24.522040461391,42.98868724252255,43911.95868165616,20859.65204555877,100.0,Excellent,100.0,Excellent,100.0,Excellent,90,Efficient
 04/13  07:00:00,24.076925232338105,47.65017760085624,67339.84596323133,32469.458812881625,100.0,Excellent,49.38,Higher Consumption,49.38,Higher Carbon,60,Higher Consumption
 04/13  08:00:00,24.10475468478357,50.14390358305539,125311.88857786296,47598.91297514399,100.0,Excellent,0.0,Higher Consumption,0.0,Higher Carbon,60,Higher Consumption
 04/13  09:00:00,24.13169721037369,50.53204702435136,115758.89930396694,46453.816850575866,100.0,Excellent,0.0,Higher Consumption,0.0,Higher Carbon,60,Higher Consumption
 04/13  10:00:00,24.19739556520559,49.64527661488159,118295.95588577712,50924.96683897944,100.0,Excellent,0.0,Higher Consumption,0.0,Higher Carbon,60,Higher Consumption
 04/13  11:00:00,24.20326558517397,48.92368575799955,124613.73283599036,55308.650382599255,100.0,Excellent,0.0,Higher Consumption,0.0,Higher Carbon,60,Higher Consumption
 04/13  12:00:00,24.337025595995737,46.38190831067695,125136.53339792168,54828.19880848547,100.0,Excellent,0.0,Higher Consumption,0.0,Higher Carbon,60,Higher Consumption
 04/13  13:00:00,24.234572338159477,45.2353564676041,133103.8504061456,62187.02344725997,100.0,Excellent,0.0,Higher Consumption,0.0,Higher Carbon,60,Higher Consumption
 04/13  14:00:00,24.25353009074904,44.35539763660275,132622.03214841455,65251.04310161685,100.0,Excellent,0.0,Higher Consumption,0.0,Higher Carbon,60,Higher Consumption
 04/13  15:00:00,24.21918214096216,43.88115950497669,134047.63284850313,66676.64380170546,100.0,Excellent,0.0,Higher Consumption,0.0,Higher Carbon,60,Higher Consumption
 04/13  16:00:00,24.209635446664542,42.92006275534479,136532.52780999715,66260.39865330933,100.0,Excellent,0.0,Higher Consumption,0.0,Higher Carbon,60,Higher Consumption
 04/13  17:00:00,24.28711977601621,40.68750285929895,103973.4743509969,53185.57597945484,100.0,Excellent,0.0,Higher Consumption,0.0,Higher Carbon,60,Higher Consumption
 04/13  18:00:00,24.220735350710616,39.875702346424085,62437.93411504413,36228.69583851324,100.0,Excellent,58.16,Higher Consumption,58.16,Higher Carbon,60,Higher Consumption
 04/13  19:00:00,24.20024541639428,43.08261977092124,55605.65929263336,28108.00281415791,100.0,Excellent,70.0,No Improvement,70.0,No Improvement,60,Higher Consumption
 04/13  20:00:00,24.17583423981412,46.32234394240954,54058.71418039892,28456.380784765675,100.0,Excellent,70.0,No Improvement,70.0,No Improvement,60,Higher Consumption
 04/13  21:00:00,24.151005356211503,47.77178071593704,52587.25788955822,28274.32009832057,100.0,Excellent,80.0,Acceptable,80.0,Acceptable,60,Higher Consumption
 04/13  22:00:00,25.454997238635546,45.59560515014852,21603.55076409053,250.26910759502385,100.0,Excellent,100.0,Excellent,100.0,Excellent,100,Excellent
 04/13  23:00:00,25.885196645064035,46.300046461404776,20122.90815579052,249.454566666085,100.0,Excellent,100.0,Excellent,100.0,Excellent,100,Excellent
 04/13  24:00:00,25.8271806430602,47.27680487682434,13038.514687240193,168.67480905518886,100.0,Excellent,100.0,Excellent,100.0,Excellent,100,Excellent
 04/14  01:00:00,25.74513721635201,47.520062013867786,12877.565474876648,168.6090046831275,100.0,Excellent,100.0,Excellent,100.0,Excellent,100,Excellent
 04/14  02:00:00,25.69489263338088,47.54978379871125,12877.565474876648,168.6090046831275,100.0,Excellent,100.0,Excellent,100.0,Excellent,100,Excellent
 04/14  03:00:00,25.653859598152085,47.65304626220385,12877.565474876648,168.6090046831275,100.0,Excellent,100.0,Excellent,100.0,Excellent,100,Excellent
 04/14  04:00:00,25.626962263516184,47.73247809011821,12877.565474876648,168.6090046831275,100.0,Excellent,100.0,Excellent,100.0,Excellent,100,Excellent
 04/14  05:00:00,25.613402890444767,47.90891650202707,12877.565474876648,168.6090046831275,100.0,Excellent,100.0,Excellent,100.0,Excellent,100,Excellent
 04/14  06:00:00,24.625814059305824,49.8382388718557,44046.65273412691,20994.34609802953,100.0,Excellent,100.0,Excellent,100.0,Excellent,90,Efficient
 04/14  07:00:00,24.114765886548977,49.32476726117893,51986.27383387018,28743.48040230857,100.0,Excellent,80.0,Acceptable,80.0,Acceptable,60,Higher Consumption
 04/14  08:00:00,24.111889885857952,48.93780271740518,61099.54569347974,30413.566048092107,100.0,Excellent,60.55,Higher Consumption,60.55,Higher Carbon,60,Higher Consumption
 04/14  09:00:00,24.14221765047901,48.90846631568169,69799.22639441516,36884.57680841545,100.0,Excellent,44.97,Higher Consumption,44.97,Higher Carbon,60,Higher Consumption
 04/14  10:00:00,24.20869923391065,48.55992487225426,73507.45219350906,41559.84931080605,100.0,Excellent,38.33,Higher Consumption,38.33,Higher Carbon,60,Higher Consumption
 04/14  11:00:00,24.210996109101387,48.3460710650388,79087.11067593923,44883.06548554391,100.0,Excellent,28.33,Higher Consumption,28.33,Higher Carbon,60,Higher Consumption
 04/14  12:00:00,24.26669299256612,47.86256363056788,62393.12380052511,38719.15416554845,100.0,Excellent,58.24,Higher Consumption,58.24,Higher Carbon,60,Higher Consumption
 04/14  13:00:00,24.242877100429823,47.640042599575885,57841.38027084926,36746.20184466381,100.0,Excellent,66.39,Higher Consumption,66.39,Higher Carbon,60,Higher Consumption
 04/14  14:00:00,24.264509167256364,47.3684837883411,53085.03198314029,33601.598062449346,100.0,Excellent,70.0,No Improvement,70.0,No Improvement,60,Higher Consumption
 04/14  15:00:00,24.22784167621832,47.2873470138234,51249.0468847396,33055.00856844426,100.0,Excellent,80.0,Acceptable,80.0,Acceptable,60,Higher Consumption
 04/14  16:00:00,24.22036044054046,47.23101174751545,50465.99763211053,31949.610414716284,100.0,Excellent,80.0,Acceptable,80.0,Acceptable,60,Higher Consumption
 04/14  17:00:00,25.206510963505377,43.333347965746725,36841.3683991843,22247.09489115401,100.0,Excellent,100.0,Excellent,100.0,Excellent,80,Acceptable
 04/14  18:00:00,25.80425645419155,40.54670013771794,20542.16733149708,7873.683164878481,100.0,Excellent,100.0,Excellent,100.0,Excellent,100,Excellent
 04/14  19:00:00,25.557533377541816,40.11650137239444,21115.27460821446,8344.543225589117,100.0,Excellent,100.0,Excellent,100.0,Excellent,100,Excellent
 04/14  20:00:00,25.98999055092253,39.25667965493904,13584.615474876648,168.6090046831275,100.0,Excellent,100.0,Excellent,100.0,Excellent,100,Excellent
 04/14  21:00:00,25.965619571847483,39.91723891680505,13584.615474876648,168.6090046831275,100.0,Excellent,100.0,Excellent,100.0,Excellent,100,Excellent
 04/14  22:00:00,25.949975454329557,40.52852392398389,13584.615474876648,168.6090046831275,100.0,Excellent,100.0,Excellent,100.0,Excellent,100,Excellent
 04/14  23:00:00,25.93229574126777,41.10835384881555,13584.615474876648,168.6090046831275,100.0,Excellent,100.0,Excellent,100.0,Excellent,100,Excellent
 04/14  24:00:00,25.90159038643024,41.70833154225119,12877.565474876648,168.6090046831275,100.0,Excellent,100.0,Excellent,100.0,Excellent,100,Excellent
 04/15  01:00:00,25.8687815373069,42.41212169440225,12877.565474876648,168.6090046831275,100.0,Excellent,100.0,Excellent,100.0,Excellent,100,Excellent
 04/15  02:00:00,25.814166611970567,43.36117372235639,12877.565474876648,168.6090046831275,100.0,Excellent,100.0,Excellent,100.0,Excellent,100,Excellent
 04/15  03:00:00,25.78094330394294,44.43805432157683,12877.565474876648,168.6090046831275,100.0,Excellent,100.0,Excellent,100.0,Excellent,100,Excellent
 04/15  04:00:00,25.76244331548282,45.53650670254999,12877.565474876648,168.6090046831275,100.0,Excellent,100.0,Excellent,100.0,Excellent,100,Excellent
 04/15  05:00:00,25.73202325208032,46.39059462049268,12877.565474876648,168.6090046831275,100.0,Excellent,100.0,Excellent,100.0,Excellent,100,Excellent
 04/15  06:00:00,25.769154490192225,46.61414560973421,18308.31300750821,197.858802377482,100.0,Excellent,100.0,Excellent,100.0,Excellent,100,Excellent
 04/15  07:00:00,25.843599344195606,47.04358408703018,13072.117350217704,197.9121586874217,100.0,Excellent,100.0,Excellent,100.0,Excellent,100,Excellent
 04/15  08:00:00,25.87653631973609,47.46140214593303,20148.932016945306,7484.202633604653,100.0,Excellent,100.0,Excellent,100.0,Excellent,100,Excellent
 04/15  09:00:00,25.701752440425324,46.61862447124818,23164.58475778481,10504.404656347937,100.0,Excellent,100.0,Excellent,100.0,Excellent,100,Excellent
 04/15  10:00:00,25.938440555953303,43.38003066992943,25998.204192871977,13338.0240914351,100.0,Excellent,100.0,Excellent,100.0,Excellent,100,Excellent
 04/15  11:00:00,26.12502046399841,40.70468479893577,28345.689552225645,15685.50945078877,98.12,Too Hot,100.0,Excellent,100.0,Excellent,100,Excellent
 04/15  12:00:00,26.396299201236204,38.48067590176646,25078.930885237874,12418.750783800995,94.06,Too Hot,100.0,Excellent,100.0,Excellent,100,Excellent
 04/15  13:00:00,26.54459223542965,36.960649779494105,27577.86293429964,14917.682832862763,91.83,Too Hot,100.0,Excellent,100.0,Excellent,100,Excellent
 04/15  14:00:00,26.59816809340163,35.69271944620479,29669.81897669248,17009.638875255605,91.03,Too Hot,100.0,Excellent,100.0,Excellent,100,Excellent
 04/15  15:00:00,26.820541540907357,34.448635320257615,26633.18522094484,13973.00511950796,87.69,Too Hot,100.0,Excellent,100.0,Excellent,55,Too Aggressive
 04/15  16:00:00,26.78516550373199,34.05878869657735,29551.2468166721,16891.066715235225,88.22,Too Hot,100.0,Excellent,100.0,Excellent,55,Too Aggressive
 04/15  17:00:00,26.617714955387992,33.70439205254668,29160.192415540943,16500.012314104068,90.73,Too Hot,100.0,Excellent,100.0,Excellent,100,Excellent
 04/15  18:00:00,26.57722517990899,33.02814302618409,22468.3750014614,12121.713465440114,91.34,Too Hot,100.0,Excellent,100.0,Excellent,100,Excellent
 04/15  19:00:00,26.369460959450763,32.79572974971203,24240.987662092222,11566.289819430976,94.46,Too Hot,100.0,Excellent,100.0,Excellent,100,Excellent
 04/15  20:00:00,26.25133278547534,32.32162687498126,21104.04848034976,7688.042010156236,96.23,Too Hot,100.0,Excellent,100.0,Excellent,100,Excellent
 04/15  21:00:00,26.26054299889086,31.96587174977428,19153.916560691243,5737.91009049772,96.09,Too Hot,100.0,Excellent,100.0,Excellent,100,Excellent
 04/15  22:00:00,26.179546609463237,31.779445590382984,19084.951402605057,5668.944932411535,97.31,Too Hot,100.0,Excellent,100.0,Excellent,100,Excellent
 04/15  23:00:00,26.401661740015268,31.276083911762232,15060.536080621883,1644.5296104283657,93.98,Too Hot,100.0,Excellent,100.0,Excellent,100,Excellent
 04/15  24:00:00,26.403197611648416,31.5616708947815,17549.806798898644,1748.2668563571542,93.95,Too Hot,100.0,Excellent,100.0,Excellent,100,Excellent
 04/16  01:00:00,26.58371177243433,31.735692694758317,16002.738920482274,201.198977940785,91.24,Too Hot,100.0,Excellent,100.0,Excellent,100,Excellent
 04/16  02:00:00,26.558025908325853,32.38975060426457,16002.738920482274,201.198977940785,91.63,Too Hot,100.0,Excellent,100.0,Excellent,100,Excellent
 04/16  03:00:00,26.49652654107829,33.138579800549834,16002.738920482274,201.198977940785,92.55,Too Hot,100.0,Excellent,100.0,Excellent,100,Excellent
 04/16  04:00:00,26.447446435494097,33.652811250921886,16002.738920482274,201.198977940785,93.29,Too Hot,100.0,Excellent,100.0,Excellent,100,Excellent
 04/16  05:00:00,26.434904989270493,33.91124966877783,16002.738920482274,201.198977940785,93.48,Too Hot,100.0,Excellent,100.0,Excellent,100,Excellent
 04/16  06:00:00,25.242370702636872,39.09374645081747,46574.8924816534,23522.585845556023,100.0,Excellent,90.0,Good,100.0,Excellent,60,Higher Consumption
 04/16  07:00:00,24.23413516278535,46.740654916444655,83022.77873441741,48092.2173147067,100.0,Excellent,21.28,Higher Consumption,21.28,Higher Carbon,60,Higher Consumption
 04/16  08:00:00,24.15629773557466,52.60631051450122,147331.44248850664,69554.5646620712,100.0,Excellent,0.0,Higher Consumption,0.0,Higher Carbon,60,Higher Consumption
 04/16  09:00:00,24.16652339752628,50.420390590006576,131516.8516878447,62211.76923445361,100.0,Excellent,0.0,Higher Consumption,0.0,Higher Carbon,60,Higher Consumption
 04/16  10:00:00,24.22245320821762,49.00921826390358,131571.3261183338,64200.337071536094,100.0,Excellent,0.0,Higher Consumption,0.0,Higher Carbon,60,Higher Consumption
 04/16  11:00:00,24.2127578041797,48.505938540278265,139353.2421414533,70048.1596880622,100.0,Excellent,0.0,Higher Consumption,0.0,Higher Carbon,60,Higher Consumption
 04/16  12:00:00,24.33906427759732,47.76124277508242,136173.9988829999,65865.66429356376,100.0,Excellent,0.0,Higher Consumption,0.0,Higher Carbon,60,Higher Consumption
 04/16  13:00:00,24.252479012047157,47.975084718409065,142058.7430850783,71141.91612619272,100.0,Excellent,0.0,Higher Consumption,0.0,Higher Carbon,60,Higher Consumption
 04/16  14:00:00,24.27703651598828,47.77032284597905,141638.28723019455,74267.29818339685,100.0,Excellent,0.0,Higher Consumption,0.0,Higher Carbon,60,Higher Consumption
 04/16  15:00:00,24.240191681918205,47.53994701157696,142766.36765642228,75395.37860962457,100.0,Excellent,0.0,Higher Consumption,0.0,Higher Carbon,60,Higher Consumption
 04/16  16:00:00,24.225906286831865,47.48849799559756,145860.0416325555,75587.9124758677,100.0,Excellent,0.0,Higher Consumption,0.0,Higher Carbon,60,Higher Consumption
 04/16  17:00:00,24.303753305521173,46.95293438733552,107920.71320271963,57132.8148311776,100.0,Excellent,0.0,Higher Consumption,0.0,Higher Carbon,60,Higher Consumption
 04/16  18:00:00,24.231324774650396,47.18367152567363,65904.2817399053,39693.88641017732,100.0,Excellent,51.95,Higher Consumption,51.95,Higher Carbon,60,Higher Consumption
 04/16  19:00:00,24.211370368818184,47.6422022692008,58857.01956693475,31378.118870490995,100.0,Excellent,64.57,Higher Consumption,64.57,Higher Carbon,60,Higher Consumption
 04/16  20:00:00,24.19049015656049,47.4759732418044,52348.14681529942,26745.81341966617,100.0,Excellent,80.0,Acceptable,80.0,Acceptable,60,Higher Consumption
 04/16  21:00:00,24.17309415288268,46.27761079118997,48486.60928374391,24173.671492506262,100.0,Excellent,90.0,Good,90.0,Good,60,Higher Consumption
 04/16  22:00:00,25.591801504845197,41.76312904811978,21603.55076409053,250.26910759502385,100.0,Excellent,100.0,Excellent,100.0,Excellent,100,Excellent
 04/16  23:00:00,26.04051216095307,41.1418902945547,20122.90815579052,249.454566666085,99.39,Too Hot,100.0,Excellent,100.0,Excellent,100,Excellent
 04/16  24:00:00,26.04602700241097,41.42128540968821,16163.712511941816,201.28916140884087,99.31,Too Hot,100.0,Excellent,100.0,Excellent,100,Excellent
 04/17  01:00:00,26.0448849168889,41.49426595524242,16002.738920482274,201.198977940785,99.33,Too Hot,100.0,Excellent,100.0,Excellent,100,Excellent
 04/17  02:00:00,26.058685321889403,41.53212225445395,16002.738920482274,201.198977940785,99.12,Too Hot,100.0,Excellent,100.0,Excellent,100,Excellent
 04/17  03:00:00,26.037231525530064,41.59733948040021,16002.738920482274,201.198977940785,99.44,Too Hot,100.0,Excellent,100.0,Excellent,100,Excellent
 04/17  04:00:00,25.99124329975426,41.71103278247962,16002.738920482274,201.198977940785,100.0,Excellent,100.0,Excellent,100.0,Excellent,100,Excellent
 04/17  05:00:00,25.94837052940744,42.01870216486171,16002.738920482274,201.198977940785,100.0,Excellent,100.0,Excellent,100.0,Excellent,100,Excellent
 04/17  06:00:00,24.875677852381603,45.94816423481699,46143.720918293606,23091.414282196223,100.0,Excellent,90.0,Good,100.0,Excellent,60,Higher Consumption
 04/17  07:00:00,24.163415336746965,49.62689146889316,75917.20683191871,41037.43393923384,100.0,Excellent,34.01,Higher Consumption,34.01,Higher Carbon,60,Higher Consumption
 04/17  08:00:00,24.13260971497046,54.24431291449672,151086.94303168886,73320.04643938378,100.0,Excellent,0.0,Higher Consumption,0.0,Higher Carbon,60,Higher Consumption
 04/17  09:00:00,24.144725069728224,52.76068241763655,123929.67121793875,54624.58876454765,100.0,Excellent,0.0,Higher Consumption,0.0,Higher Carbon,60,Higher Consumption
 04/17  10:00:00,24.197884444198937,50.25480463068561,126257.032648431,58886.043601633326,100.0,Excellent,0.0,Higher Consumption,0.0,Higher Carbon,60,Higher Consumption
 04/17  11:00:00,24.196896472946246,49.40890699099233,135482.09883051887,66177.01637712779,100.0,Excellent,0.0,Higher Consumption,0.0,Higher Carbon,60,Higher Consumption
 04/17  12:00:00,24.34468966485765,48.275712134618345,136089.29095341574,65780.95636397954,100.0,Excellent,0.0,Higher Consumption,0.0,Higher Carbon,60,Higher Consumption
 04/17  13:00:00,24.24934638568015,48.71650424522248,142272.7993201391,71355.97236125349,100.0,Excellent,0.0,Higher Consumption,0.0,Higher Carbon,60,Higher Consumption
 04/17  14:00:00,24.269588950243023,48.425187815663406,138184.53153106352,70813.54248426582,100.0,Excellent,0.0,Higher Consumption,0.0,Higher Carbon,60,Higher Consumption
 04/17  15:00:00,24.228537829046324,48.3578892407756,129846.46749763882,62475.478450841125,100.0,Excellent,0.0,Higher Consumption,0.0,Higher Carbon,60,Higher Consumption
 04/17  16:00:00,24.19989951268305,49.34181378521326,124959.34153248629,51655.58352274634,100.0,Excellent,0.0,Higher Consumption,0.0,Higher Carbon,60,Higher Consumption
 04/17  17:00:00,24.1649003195172,50.65866001933176,93730.89422283348,39868.08207121327,100.0,Excellent,2.1,Higher Consumption,2.1,Higher Carbon,60,Higher Consumption
 04/17  18:00:00,24.1461574433302,50.59274104374309,56454.759169093326,28379.67842992673,100.0,Excellent,68.87,Higher Consumption,68.87,Higher Carbon,60,Higher Consumption
 04/17  19:00:00,24.122634698893368,50.11361673600452,55155.03891790468,27359.47438752929,100.0,Excellent,70.0,No Improvement,70.0,No Improvement,60,Higher Consumption
 04/17  20:00:00,24.0969326747373,49.61880744577465,53504.703941574495,27902.37054594125,100.0,Excellent,70.0,No Improvement,70.0,No Improvement,60,Higher Consumption
 04/17  21:00:00,24.08037837010631,49.289076004688326,52103.49560710017,27790.557815862536,100.0,Excellent,80.0,Acceptable,80.0,Acceptable,60,Higher Consumption
 04/17  22:00:00,25.15282959737862,46.492133615747335,21603.55076409053,250.26910759502385,100.0,Excellent,100.0,Excellent,100.0,Excellent,100,Excellent
 04/17  23:00:00,25.54173657661552,46.149636241108766,20122.90815579052,249.454566666085,100.0,Excellent,100.0,Excellent,100.0,Excellent,100,Excellent
 04/17  24:00:00,25.544110324022856,46.45687277920845,16163.712511941816,201.28916140884087,100.0,Excellent,100.0,Excellent,100.0,Excellent,100,Excellent
 04/18  01:00:00,25.53472631340621,46.48735860516783,16002.738920482274,201.198977940785,100.0,Excellent,100.0,Excellent,100.0,Excellent,100,Excellent
 04/18  02:00:00,25.55773391991365,46.42371343871604,16002.738920482274,201.198977940785,100.0,Excellent,100.0,Excellent,100.0,Excellent,100,Excellent
 04/18  03:00:00,25.59034653281735,46.36227196487425,16002.738920482274,201.198977940785,100.0,Excellent,100.0,Excellent,100.0,Excellent,100,Excellent
 04/18  04:00:00,25.59232542032607,46.524775579458826,16002.738920482274,201.198977940785,100.0,Excellent,100.0,Excellent,100.0,Excellent,100,Excellent
 04/18  05:00:00,25.320784596229185,47.301392155139645,19782.49195886288,3980.95201632139,100.0,Excellent,100.0,Excellent,100.0,Excellent,100,Excellent
 04/18  06:00:00,24.467843417326097,49.43630604849552,43763.80745785174,20711.50082175436,100.0,Excellent,100.0,Excellent,100.0,Excellent,90,Efficient
 04/18  07:00:00,24.05579956673205,50.23189616918842,61862.06444163592,26931.50801920547,100.0,Excellent,59.19,Higher Consumption,59.19,Higher Carbon,60,Higher Consumption
 04/18  08:00:00,24.09884919804011,50.7209616980208,121756.81701172236,43976.89625106308,100.0,Excellent,0.0,Higher Consumption,0.0,Higher Carbon,60,Higher Consumption
 04/18  09:00:00,24.126918723337884,50.82436315386198,112908.70224358227,43603.6197901912,100.0,Excellent,0.0,Higher Consumption,0.0,Higher Carbon,60,Higher Consumption
 04/18  10:00:00,24.191122512777405,50.02485457480505,116594.21506678352,49223.22601998581,100.0,Excellent,0.0,Higher Consumption,0.0,Higher Carbon,60,Higher Consumption
 04/18  11:00:00,24.19209258850562,49.575884699590034,126377.2114394996,57072.12898610853,100.0,Excellent,0.0,Higher Consumption,0.0,Higher Carbon,60,Higher Consumption
 04/18  12:00:00,24.304184635687804,48.59648753819103,127299.05548702503,56990.72089758884,100.0,Excellent,0.0,Higher Consumption,0.0,Higher Carbon,60,Higher Consumption
 04/18  13:00:00,24.23025121552772,49.168960998441285,133335.06716463683,62418.24020575122,100.0,Excellent,0.0,Higher Consumption,0.0,Higher Carbon,60,Higher Consumption
 04/18  14:00:00,24.25505872648432,48.70685569820135,133147.49871464376,65776.50966784608,100.0,Excellent,0.0,Higher Consumption,0.0,Higher Carbon,60,Higher Consumption
 04/18  15:00:00,24.222295899070165,48.21713904007128,134823.69563278032,67452.70658598265,100.0,Excellent,0.0,Higher Consumption,0.0,Higher Carbon,60,Higher Consumption
 04/18  16:00:00,24.21413395895984,48.04218368479519,137950.66350996183,67678.53435327402,100.0,Excellent,0.0,Higher Consumption,0.0,Higher Carbon,60,Higher Consumption
 04/18  17:00:00,24.29258800332336,46.90228089178775,105355.59407661072,54567.69570506868,100.0,Excellent,0.0,Higher Consumption,0.0,Higher Carbon,60,Higher Consumption
 04/18  18:00:00,24.22037955840636,46.503237040213406,65134.1976914539,38944.93386284249,100.0,Excellent,53.33,Higher Consumption,53.33,Higher Carbon,60,Higher Consumption
 04/18  19:00:00,24.201330842039948,47.40996350881466,58579.318652786416,31177.6604189937,100.0,Excellent,65.07,Higher Consumption,65.07,Higher Carbon,60,Higher Consumption
 04/18  20:00:00,24.178813404641964,47.8120833099438,53642.202103686286,28039.86870805304,100.0,Excellent,70.0,No Improvement,70.0,No Improvement,60,Higher Consumption
 04/18  21:00:00,24.161510210543355,47.73619332767545,49952.62568354321,25639.687892305563,100.0,Excellent,90.0,Good,90.0,Good,60,Higher Consumption
 04/18  22:00:00,25.56576806703642,43.623003203572665,21603.55076409053,250.26910759502385,100.0,Excellent,100.0,Excellent,100.0,Excellent,100,Excellent
 04/18  23:00:00,26.004832212503345,42.91692833320678,20122.90815579052,249.454566666085,99.93,Too Hot,100.0,Excellent,100.0,Excellent,100,Excellent
 04/18  24:00:00,25.971854643591243,43.178093516454574,16163.712511941816,201.28916140884087,100.0,Excellent,100.0,Excellent,100.0,Excellent,100,Excellent
 04/19  01:00:00,25.931920809015768,43.28646699306797,16002.738920482274,201.198977940785,100.0,Excellent,100.0,Excellent,100.0,Excellent,100,Excellent
 04/19  02:00:00,25.88035287971508,43.44363255490368,16002.738920482274,201.198977940785,100.0,Excellent,100.0,Excellent,100.0,Excellent,100,Excellent
 04/19  03:00:00,25.808911077809213,43.63377777861842,16002.738920482274,201.198977940785,100.0,Excellent,100.0,Excellent,100.0,Excellent,100,Excellent
 04/19  04:00:00,25.77277491451214,43.72813408044525,16002.738920482274,201.198977940785,100.0,Excellent,100.0,Excellent,100.0,Excellent,100,Excellent
 04/19  05:00:00,25.743540597578093,44.21181397123621,16002.738920482274,201.198977940785,100.0,Excellent,100.0,Excellent,100.0,Excellent,100,Excellent
 04/19  06:00:00,24.709126957882624,47.8354051294959,45328.634945260754,22276.32830916338,100.0,Excellent,90.0,Good,100.0,Excellent,80,Acceptable
 04/19  07:00:00,24.130328184187963,50.06074131516483,70117.95355832177,34981.12803542527,100.0,Excellent,44.4,Higher Consumption,44.4,Higher Carbon,60,Higher Consumption
 04/19  08:00:00,24.11585630187806,51.08490836874321,129501.33127981568,51235.08557546417,100.0,Excellent,0.0,Higher Consumption,0.0,Higher Carbon,60,Higher Consumption
 04/19  09:00:00,24.12935859011988,51.179252455272426,115386.28015005017,46081.19769665906,100.0,Excellent,0.0,Higher Consumption,0.0,Higher Carbon,60,Higher Consumption
 04/19  10:00:00,24.18708342662038,50.20581520244233,120604.47514466394,53233.48609786624,100.0,Excellent,0.0,Higher Consumption,0.0,Higher Carbon,60,Higher Consumption
 04/19  11:00:00,24.192301702237533,49.34170268163921,129317.34915285908,60012.26669946797,100.0,Excellent,0.0,Higher Consumption,0.0,Higher Carbon,60,Higher Consumption
 04/19  12:00:00,24.33239937806924,48.53853931249429,129096.9736621003,58788.63907266409,100.0,Excellent,0.0,Higher Consumption,0.0,Higher Carbon,60,Higher Consumption
 04/19  13:00:00,24.24561339980638,48.92690848344263,136256.7729424698,65339.94598358419,100.0,Excellent,0.0,Higher Consumption,0.0,Higher Carbon,60,Higher Consumption
 04/19  14:00:00,24.2685525304712,48.56308223303055,135896.83762448127,68525.84857768357,100.0,Excellent,0.0,Higher Consumption,0.0,Higher Carbon,60,Higher Consumption
 04/19  15:00:00,24.233100428978904,48.102198738438176,139666.06636076164,72295.07731396395,100.0,Excellent,0.0,Higher Consumption,0.0,Higher Carbon,60,Higher Consumption
 04/19  16:00:00,24.218590113589737,48.017701072892464,140079.03042110548,69806.90126441767,100.0,Excellent,0.0,Higher Consumption,0.0,Higher Carbon,60,Higher Consumption
 04/19  17:00:00,24.30248496143882,47.21084122017972,102738.26185132228,51950.36347978022,100.0,Excellent,0.0,Higher Consumption,0.0,Higher Carbon,60,Higher Consumption
 04/19  18:00:00,24.21766249326436,46.74714865894334,63251.85706163733,37046.15736406901,100.0,Excellent,56.7,Higher Consumption,56.7,Higher Carbon,60,Higher Consumption
 04/19  19:00:00,24.197596024433764,46.66255526533869,56927.36249987375,29480.252020653345,100.0,Excellent,68.03,Higher Consumption,68.03,Higher Carbon,60,Higher Consumption
 04/19  20:00:00,24.17500161525381,46.059988594520256,51347.103761330174,25744.770365696924,100.0,Excellent,80.0,Acceptable,80.0,Acceptable,60,Higher Consumption
 04/19  21:00:00,24.155595839374456,44.95519056044709,48145.49384497093,23832.55605373329,100.0,Excellent,90.0,Good,90.0,Good,60,Higher Consumption
 04/19  22:00:00,25.513023362205946,40.72467533955399,21603.55076409053,250.26910759502385,100.0,Excellent,100.0,Excellent,100.0,Excellent,100,Excellent
 04/19  23:00:00,25.956139831791788,40.08288435371031,20122.90815579052,249.454566666085,100.0,Excellent,100.0,Excellent,100.0,Excellent,100,Excellent
 04/19  24:00:00,25.96391630453449,40.37622419283259,16163.712511941816,201.28916140884087,100.0,Excellent,100.0,Excellent,100.0,Excellent,100,Excellent
 04/20  01:00:00,25.95319468552692,40.59498444820999,16002.738920482274,201.198977940785,100.0,Excellent,100.0,Excellent,100.0,Excellent,100,Excellent
 04/20  02:00:00,25.92732690818917,41.08886689570741,16002.738920482274,201.198977940785,100.0,Excellent,100.0,Excellent,100.0,Excellent,100,Excellent
 04/20  03:00:00,25.91525143063357,41.62400969180339,16002.738920482274,201.198977940785,100.0,Excellent,100.0,Excellent,100.0,Excellent,100,Excellent
 04/20  04:00:00,25.87261895038206,43.02135283498968,16002.738920482274,201.198977940785,100.0,Excellent,100.0,Excellent,100.0,Excellent,100,Excellent
 04/20  05:00:00,25.08836650524864,46.19311602213536,27333.96881806974,11532.428875528258,100.0,Excellent,100.0,Excellent,100.0,Excellent,100,Excellent
 04/20  06:00:00,24.63681337842845,48.09668768892414,47788.10162759779,24735.79499150042,100.0,Excellent,90.0,Good,90.0,Good,60,Higher Consumption
 04/20  07:00:00,24.13903849193214,50.566317837854285,76494.14760608632,41632.66158070057,100.0,Excellent,32.98,Higher Consumption,32.98,Higher Carbon,60,Higher Consumption
 04/20  08:00:00,24.126793024552253,53.95364325679058,135307.33544776234,57559.128574329545,100.0,Excellent,0.0,Higher Consumption,0.0,Higher Carbon,60,Higher Consumption
 04/20  09:00:00,24.13885762500663,51.506231033425166,123373.33012555185,54068.24767216074,100.0,Excellent,0.0,Higher Consumption,0.0,Higher Carbon,60,Higher Consumption
 04/20  10:00:00,24.196786963554047,50.09560967376028,123596.04909628772,56225.06004949002,100.0,Excellent,0.0,Higher Consumption,0.0,Higher Carbon,60,Higher Consumption
 04/20  11:00:00,24.19264863155776,49.41865544001747,130284.25876034124,60979.17630695014,100.0,Excellent,0.0,Higher Consumption,0.0,Higher Carbon,60,Higher Consumption
 04/20  12:00:00,24.320451727541247,48.150951267582855,127659.79528800402,57351.46069856781,100.0,Excellent,0.0,Higher Consumption,0.0,Higher Carbon,60,Higher Consumption
 04/20  13:00:00,24.23280691665592,48.691286874692246,135277.98611754816,64361.15915866254,100.0,Excellent,0.0,Higher Consumption,0.0,Higher Carbon,60,Higher Consumption
 04/20  14:00:00,24.25399223609595,48.34540428956326,136730.71206056245,69359.72301376477,100.0,Excellent,0.0,Higher Consumption,0.0,Higher Carbon,60,Higher Consumption
 04/20  15:00:00,24.22467459013036,47.99972392110219,141629.4453710812,74258.45632428353,100.0,Excellent,0.0,Higher Consumption,0.0,Higher Carbon,60,Higher Consumption
 04/20  16:00:00,24.21828760023549,47.90146321235591,146624.11799428475,76351.98883759693,100.0,Excellent,0.0,Higher Consumption,0.0,Higher Carbon,60,Higher Consumption
 04/20  17:00:00,24.3187274475057,47.207984894395736,111207.23973157356,60419.341360031525,100.0,Excellent,0.0,Higher Consumption,0.0,Higher Carbon,60,Higher Consumption
 04/20  18:00:00,24.225657115014272,47.24047937289221,68739.56618139007,42551.044803662735,100.0,Excellent,46.87,Higher Consumption,46.87,Higher Carbon,60,Higher Consumption
 04/20  19:00:00,24.205188875393198,47.07950821803158,58975.08482906516,31568.87188921866,100.0,Excellent,64.36,Higher Consumption,64.36,Higher Carbon,60,Higher Consumption
 04/20  20:00:00,24.1818369921581,46.58674766686053,52092.78354699077,26490.450151357523,100.0,Excellent,80.0,Acceptable,80.0,Acceptable,60,Higher Consumption
 04/20  21:00:00,24.16529056337241,45.92669753276474,49217.05762526774,24904.1198340301,100.0,Excellent,90.0,Good,90.0,Good,60,Higher Consumption
 04/20  22:00:00,25.57653820779995,42.29364168779916,21603.55076409053,250.26910759502385,100.0,Excellent,100.0,Excellent,100.0,Excellent,100,Excellent
 04/20  23:00:00,26.052898362060528,41.80267562785977,20122.90815579052,249.454566666085,99.21,Too Hot,100.0,Excellent,100.0,Excellent,100,Excellent
 04/20  24:00:00,26.02005973638485,42.40786673853981,13038.514687240193,168.67480905518886,99.7,Too Hot,100.0,Excellent,100.0,Excellent,100,Excellent
 04/21  01:00:00,25.994365594064835,42.61610494989909,12877.565474876648,168.6090046831275,100.0,Excellent,100.0,Excellent,100.0,Excellent,100,Excellent
 04/21  02:00:00,25.979171920853403,42.72554513381052,12877.565474876648,168.6090046831275,100.0,Excellent,100.0,Excellent,100.0,Excellent,100,Excellent
 04/21  03:00:00,25.946655248296626,42.83348184026619,12877.565474876648,168.6090046831275,100.0,Excellent,100.0,Excellent,100.0,Excellent,100,Excellent
 04/21  04:00:00,25.90190298021724,43.049333073253656,12877.565474876648,168.6090046831275,100.0,Excellent,100.0,Excellent,100.0,Excellent,100,Excellent
 04/21  05:00:00,25.35250735226616,44.48406583522415,20049.162131490288,7340.205661296764,100.0,Excellent,100.0,Excellent,100.0,Excellent,100,Excellent
 04/21  06:00:00,24.740215777303845,46.378546988012594,47304.74085005729,24252.43421395992,100.0,Excellent,90.0,Good,100.0,Excellent,60,Higher Consumption
 04/21  07:00:00,24.14659274013342,48.09783039032843,58771.15624534819,35535.425344796706,100.0,Excellent,64.72,Higher Consumption,64.72,Higher Carbon,60,Higher Consumption
 04/21  08:00:00,24.132164583234584,48.58814222191362,63764.94503746012,33091.851642633475,100.0,Excellent,55.78,Higher Consumption,55.78,Higher Carbon,60,Higher Consumption
 04/21  09:00:00,24.152242372104663,48.79365780826871,70764.24697260071,37849.597386601,100.0,Excellent,43.24,Higher Consumption,43.24,Higher Carbon,60,Higher Consumption
 04/21  10:00:00,24.21212950768104,48.45148185131566,72208.7832315923,40261.18034888929,100.0,Excellent,40.65,Higher Consumption,40.65,Higher Carbon,60,Higher Consumption
 04/21  11:00:00,24.211317426232004,48.18881672326775,77297.90042379018,43093.85523339486,100.0,Excellent,31.54,Higher Consumption,31.54,Higher Carbon,60,Higher Consumption
 04/21  12:00:00,24.264154786556485,47.43167373453519,63050.056272945774,39376.08663796912,100.0,Excellent,57.06,Higher Consumption,57.06,Higher Carbon,60,Higher Consumption
 04/21  13:00:00,24.252688277891703,47.50174404491677,58700.572475129375,37605.39404894393,100.0,Excellent,64.85,Higher Consumption,64.85,Higher Carbon,60,Higher Consumption
 04/21  14:00:00,24.28369509889904,47.3980394887313,60113.83642351825,40630.4025028273,100.0,Excellent,62.32,Higher Consumption,62.32,Higher Carbon,60,Higher Consumption
 04/21  15:00:00,24.24950939238407,47.31820689300841,60934.06755145898,42740.029235163645,100.0,Excellent,60.85,Higher Consumption,60.85,Higher Carbon,60,Higher Consumption
 04/21  16:00:00,24.24085471190477,47.1964076955625,61597.47359975815,43081.08638236389,100.0,Excellent,59.66,Higher Consumption,59.66,Higher Carbon,60,Higher Consumption
 04/21  17:00:00,25.47163952764033,42.25173518356249,40685.59704523834,26091.32353720806,100.0,Excellent,100.0,Excellent,100.0,Excellent,60,Higher Consumption
 04/21  18:00:00,26.010795232579117,38.81903595462008,23566.18598230589,10899.188489943974,99.84,Too Hot,100.0,Excellent,100.0,Excellent,100,Excellent
 04/21  19:00:00,25.8671271507564,37.415998376359504,23148.245193344206,10371.65356942746,100.0,Excellent,100.0,Excellent,100.0,Excellent,100,Excellent
 04/21  20:00:00,25.84883210754863,36.19048199653904,19855.844954634053,6439.838484440536,100.0,Excellent,100.0,Excellent,100.0,Excellent,100,Excellent
 04/21  21:00:00,26.044555870965954,35.63006295087079,16652.465465784622,3236.4589955911024,99.33,Too Hot,100.0,Excellent,100.0,Excellent,100,Excellent
 04/21  22:00:00,26.16168584815961,35.47745898928824,13584.615474876648,168.6090046831275,97.57,Too Hot,100.0,Excellent,100.0,Excellent,100,Excellent
 04/21  23:00:00,26.1419543100389,35.82913028252224,13584.615474876648,168.6090046831275,97.87,Too Hot,100.0,Excellent,100.0,Excellent,100,Excellent
 04/21  24:00:00,26.119887734651027,36.220709751974205,12877.565474876648,168.6090046831275,98.2,Too Hot,100.0,Excellent,100.0,Excellent,100,Excellent
 04/22  01:00:00,26.085033869655565,36.62150963380752,12877.565474876648,168.6090046831275,98.72,Too Hot,100.0,Excellent,100.0,Excellent,100,Excellent
 04/22  02:00:00,26.048688174796094,36.878593489651344,12877.565474876648,168.6090046831275,99.27,Too Hot,100.0,Excellent,100.0,Excellent,100,Excellent
 04/22  03:00:00,26.034190463911397,36.93710978818398,12877.565474876648,168.6090046831275,99.49,Too Hot,100.0,Excellent,100.0,Excellent,100,Excellent
 04/22  04:00:00,26.000090430920302,37.011108298086896,12877.565474876648,168.6090046831275,100.0,Too Hot,100.0,Excellent,100.0,Excellent,100,Excellent
 04/22  05:00:00,25.94430144799205,37.13404192067973,12877.565474876648,168.6090046831275,100.0,Excellent,100.0,Excellent,100.0,Excellent,100,Excellent
 04/22  06:00:00,25.93517989282828,37.33818870266459,18308.31300750821,197.858802377482,100.0,Excellent,100.0,Excellent,100.0,Excellent,100,Excellent
 04/22  07:00:00,25.976179277753904,37.682591421060486,13074.558422233964,197.91297018756532,100.0,Excellent,100.0,Excellent,100.0,Excellent,100,Excellent
 04/22  08:00:00,26.11534379342176,37.81761506954592,17820.27147702885,5155.49674110368,98.27,Too Hot,100.0,Excellent,100.0,Excellent,100,Excellent
 04/22  09:00:00,25.872726504250902,37.56723181495626,23609.83548178728,10949.655380350405,100.0,Excellent,100.0,Excellent,100.0,Excellent,100,Excellent
 04/22  10:00:00,26.11874056009741,35.80305474186227,26000.9154274954,13340.735326058522,98.22,Too Hot,100.0,Excellent,100.0,Excellent,100,Excellent
 04/22  11:00:00,26.338404636295863,34.71075274822443,28465.27153939623,15805.091437959356,94.92,Too Hot,100.0,Excellent,100.0,Excellent,100,Excellent
 04/22  12:00:00,26.53451132136358,33.88213881684472,25547.844425213705,12887.664323776828,91.98,Too Hot,100.0,Excellent,100.0,Excellent,100,Excellent
 04/22  13:00:00,26.70752477912262,32.96610173291277,27796.58708753013,15136.406986093254,89.39,Too Hot,100.0,Excellent,100.0,Excellent,55,Too Aggressive
 04/22  14:00:00,26.697672224409,32.38845155383981,31238.28321922784,18578.103117790964,89.53,Too Hot,100.0,Excellent,100.0,Excellent,55,Too Aggressive
 04/22  15:00:00,26.887350874197026,31.60940640975977,27983.07333829488,15322.893236858008,86.69,Too Hot,100.0,Excellent,100.0,Excellent,55,Too Aggressive
 04/22  16:00:00,26.92851135550417,31.243949419366384,29803.158024520744,17142.97792308387,86.07,Too Hot,100.0,Excellent,100.0,Excellent,55,Too Aggressive
 04/22  17:00:00,26.80574949346012,31.304818276053368,32257.61011539494,19597.43001395806,87.91,Too Hot,100.0,Excellent,100.0,Excellent,55,Too Aggressive
 04/22  18:00:00,26.7733325511593,31.054841683733382,24073.90309656084,13727.845946458652,88.4,Too Hot,100.0,Excellent,100.0,Excellent,55,Too Aggressive
 04/22  19:00:00,26.564890482311608,30.687053470332778,24531.595393817737,11854.375529596113,91.53,Too Hot,100.0,Excellent,100.0,Excellent,100,Excellent
 04/22  20:00:00,26.29862343213682,30.273172518452512,26002.99721321982,12586.9907430263,95.52,Too Hot,100.0,Excellent,100.0,Excellent,100,Excellent
 04/22  21:00:00,26.242139407833424,29.57075440618435,23865.38849116256,10449.382020969042,96.37,Too Hot,100.0,Excellent,100.0,Excellent,100,Excellent
 04/22  22:00:00,26.404441076593884,28.96102854103314,19457.99279858747,6041.98632839395,93.93,Too Hot,100.0,Excellent,100.0,Excellent,100,Excellent
 04/22  23:00:00,26.43720925861687,28.944204202694227,17921.442538542608,4505.43606834909,93.44,Too Hot,100.0,Excellent,100.0,Excellent,100,Excellent
 04/22  24:00:00,26.37109577592886,29.030023620331196,20473.674191656784,4672.134249115295,94.43,Too Hot,100.0,Excellent,100.0,Excellent,100,Excellent
 04/23  01:00:00,26.37757865547788,29.39003792351225,20394.32121433304,4592.781271791546,94.34,Too Hot,100.0,Excellent,100.0,Excellent,100,Excellent
 04/23  02:00:00,26.365799068957585,30.008351239714685,20439.59368953779,4638.053746996299,94.51,Too Hot,100.0,Excellent,100.0,Excellent,100,Excellent
 04/23  03:00:00,26.31250608221828,30.854843936085157,18947.99054732674,3146.45060478525,95.31,Too Hot,100.0,Excellent,100.0,Excellent,100,Excellent
 04/23  04:00:00,26.59876342598388,30.62755994149747,16002.738920482274,201.198977940785,91.02,Too Hot,100.0,Excellent,100.0,Excellent,100,Excellent
 04/23  05:00:00,26.5865438816369,30.71347296820621,16002.738920482274,201.198977940785,91.2,Too Hot,100.0,Excellent,100.0,Excellent,100,Excellent
 04/23  06:00:00,25.316854753692493,35.60256639169315,41960.27652921816,18907.969893120782,100.0,Excellent,100.0,Excellent,100.0,Excellent,100,Excellent
 04/23  07:00:00,24.245953136414627,44.12839886789218,70116.7215064115,35225.65335651684,100.0,Excellent,44.4,Higher Consumption,44.4,Higher Carbon,60,Higher Consumption
 04/23  08:00:00,24.16115212129839,48.561357519775015,133775.9914569679,56008.95861825774,100.0,Excellent,0.0,Higher Consumption,0.0,Higher Carbon,60,Higher Consumption
 04/23  09:00:00,24.17105301266689,49.21373419962286,125923.17195746272,56618.08950407163,100.0,Excellent,0.0,Higher Consumption,0.0,Higher Carbon,60,Higher Consumption
 04/23  10:00:00,24.22594257178509,48.65961567484712,133089.05090712165,65718.06186032396,100.0,Excellent,0.0,Higher Consumption,0.0,Higher Carbon,60,Higher Consumption
 04/23  11:00:00,24.226383401752216,48.12079010481074,143044.57157815312,73739.48912476204,100.0,Excellent,0.0,Higher Consumption,0.0,Higher Carbon,60,Higher Consumption
 04/23  12:00:00,24.37734401123381,47.7112513280821,140987.5433137061,70679.20872426988,100.0,Excellent,0.0,Higher Consumption,0.0,Higher Carbon,60,Higher Consumption
 04/23  13:00:00,24.271873772933084,48.16924440734642,148031.34647668758,77114.51951780196,100.0,Excellent,0.0,Higher Consumption,0.0,Higher Carbon,60,Higher Consumption
 04/23  14:00:00,24.288768167537192,47.76057446443674,145728.7940571091,78357.8050103114,100.0,Excellent,0.0,Higher Consumption,0.0,Higher Carbon,60,Higher Consumption
 04/23  15:00:00,24.25256644125369,47.370490259970985,149684.7204115867,82313.731364789,100.0,Excellent,0.0,Higher Consumption,0.0,Higher Carbon,60,Higher Consumption
 04/23  16:00:00,24.23987481849552,47.206215515129735,153717.81469335163,83445.68553666383,100.0,Excellent,0.0,Higher Consumption,0.0,Higher Carbon,60,Higher Consumption
 04/23  17:00:00,24.340387947424208,46.59723332743136,115539.83160024924,64751.93322870719,100.0,Excellent,0.0,Higher Consumption,0.0,Higher Carbon,60,Higher Consumption
 04/23  18:00:00,24.24283586799161,46.95744861326753,70715.11156174223,44523.9727788414,100.0,Excellent,43.33,Higher Consumption,43.33,Higher Carbon,60,Higher Consumption
 04/23  19:00:00,24.21926131818327,47.41035030551011,60486.87758966247,33044.93585419084,100.0,Excellent,61.65,Higher Consumption,61.65,Higher Carbon,60,Higher Consumption
 04/23  20:00:00,24.19510615279252,47.51919535286348,52618.32562999155,27015.99223435831,100.0,Excellent,80.0,Acceptable,80.0,Acceptable,60,Higher Consumption
 04/23  21:00:00,24.178132988812063,46.15541954659614,48436.29989873029,24123.36210749264,100.0,Excellent,90.0,Good,90.0,Good,60,Higher Consumption
 04/23  22:00:00,25.655132088194343,41.622218636106695,21603.55076409053,250.26910759502385,100.0,Excellent,100.0,Excellent,100.0,Excellent,100,Excellent
 04/23  23:00:00,26.140180161557893,41.07203261564807,20122.90815579052,249.454566666085,97.9,Too Hot,100.0,Excellent,100.0,Excellent,100,Excellent
 04/23  24:00:00,26.14975614673002,41.330253463459634,16163.712511941816,201.28916140884087,97.75,Too Hot,100.0,Excellent,100.0,Excellent,100,Excellent
 04/24  01:00:00,26.130999651599502,41.37942007841379,16002.738920482274,201.198977940785,98.04,Too Hot,100.0,Excellent,100.0,Excellent,100,Excellent
 04/24  02:00:00,26.113038290469085,41.16635653694161,16002.738920482274,201.198977940785,98.3,Too Hot,100.0,Excellent,100.0,Excellent,100,Excellent
 04/24  03:00:00,26.06156130361397,41.148883882141824,16002.738920482274,201.198977940785,99.08,Too Hot,100.0,Excellent,100.0,Excellent,100,Excellent
 04/24  04:00:00,25.998386049606903,41.37687705986289,16002.738920482274,201.198977940785,100.0,Excellent,100.0,Excellent,100.0,Excellent,100,Excellent
 04/24  05:00:00,25.826859235614663,42.268017429438494,22106.846274838164,6305.306332296674,100.0,Excellent,100.0,Excellent,100.0,Excellent,100,Excellent
 04/24  06:00:00,24.759174832935454,46.01543327398927,47737.94027523634,24685.633639138963,100.0,Excellent,90.0,Good,90.0,Good,60,Higher Consumption
 04/24  07:00:00,24.177462475240144,49.00636195631897,73218.37222771122,38378.03958288957,100.0,Excellent,38.85,Higher Consumption,38.85,Higher Carbon,60,Higher Consumption
 04/24  08:00:00,24.134616533314183,50.05034970351564,127897.7566535793,50190.31864732829,100.0,Excellent,0.0,Higher Consumption,0.0,Higher Carbon,60,Higher Consumption
 04/24  09:00:00,24.15490881167868,49.84574767727528,125805.7756233258,56500.69316993472,100.0,Excellent,0.0,Higher Consumption,0.0,Higher Carbon,60,Higher Consumption
 04/24  10:00:00,24.210484043748057,49.19980269948083,128642.13443344989,61271.14538665218,100.0,Excellent,0.0,Higher Consumption,0.0,Higher Carbon,60,Higher Consumption
 04/24  11:00:00,24.20586387271396,48.62929503096025,137738.58676740198,68433.50431401089,100.0,Excellent,0.0,Higher Consumption,0.0,Higher Carbon,60,Higher Consumption
 04/24  12:00:00,24.36158187844513,48.15199880589593,136469.87004978984,66161.53546035361,100.0,Excellent,0.0,Higher Consumption,0.0,Higher Carbon,60,Higher Consumption
 04/24  13:00:00,24.252668834368976,48.66408058201088,144997.77195533022,74080.94499644461,100.0,Excellent,0.0,Higher Consumption,0.0,Higher Carbon,60,Higher Consumption
 04/24  14:00:00,24.273104392151,48.202117649505496,146147.7546962832,78776.7656494855,100.0,Excellent,0.0,Higher Consumption,0.0,Higher Carbon,60,Higher Consumption
 04/24  15:00:00,24.242329624706283,47.74915488515108,149663.896413392,82292.9073665943,100.0,Excellent,0.0,Higher Consumption,0.0,Higher Carbon,60,Higher Consumption
 04/24  16:00:00,24.23102249035677,47.62172117492487,152669.5085458466,82397.37938915878,100.0,Excellent,0.0,Higher Consumption,0.0,Higher Carbon,60,Higher Consumption
 04/24  17:00:00,24.33356334470598,46.973880949542526,114190.11384689204,63402.21547534997,100.0,Excellent,0.0,Higher Consumption,0.0,Higher Carbon,60,Higher Consumption
 04/24  18:00:00,24.233330800322214,47.186325626333385,67914.89764387705,41704.07325437612,100.0,Excellent,48.35,Higher Consumption,48.35,Higher Carbon,60,Higher Consumption
 04/24  19:00:00,24.208980481287384,47.40808593737539,58817.41579629137,31361.138902028004,100.0,Excellent,64.64,Higher Consumption,64.64,Higher Carbon,60,Higher Consumption
 04/24  20:00:00,24.185149511515988,47.03284038538532,51859.73499352551,26257.40159789225,100.0,Excellent,80.0,Acceptable,80.0,Acceptable,60,Higher Consumption
 04/24  21:00:00,24.16646225140748,45.78678586020074,48264.20117919614,23951.263387958497,100.0,Excellent,90.0,Good,90.0,Good,60,Higher Consumption
 04/24  22:00:00,25.560456608457443,41.58020074052387,21603.55076409053,250.26910759502385,100.0,Excellent,100.0,Excellent,100.0,Excellent,100,Excellent
 04/24  23:00:00,26.03496067128418,41.01424459719509,20122.90815579052,249.454566666085,99.48,Too Hot,100.0,Excellent,100.0,Excellent,100,Excellent
 04/24  24:00:00,26.04244784366592,41.87269400004787,16163.712511941816,201.28916140884087,99.36,Too Hot,100.0,Excellent,100.0,Excellent,100,Excellent
 04/25  01:00:00,26.031960635833524,42.561784381056285,16002.738920482274,201.198977940785,99.52,Too Hot,100.0,Excellent,100.0,Excellent,100,Excellent
 04/25  02:00:00,26.0316847215596,43.00224605551391,16002.738920482274,201.198977940785,99.52,Too Hot,100.0,Excellent,100.0,Excellent,100,Excellent
 04/25  03:00:00,26.011830686650203,43.12525007515716,16002.738920482274,201.198977940785,99.82,Too Hot,100.0,Excellent,100.0,Excellent,100,Excellent
 04/25  04:00:00,25.972477578633654,43.22539332025088,16002.738920482274,201.198977940785,100.0,Excellent,100.0,Excellent,100.0,Excellent,100,Excellent
 04/25  05:00:00,25.184816319944787,45.24140814993011,28634.92407963509,12833.384137093606,100.0,Excellent,100.0,Excellent,100.0,Excellent,100,Excellent
 04/25  06:00:00,24.6899779508969,47.13886094127335,48651.20853970888,25598.901903611502,100.0,Excellent,90.0,Good,90.0,Good,60,Higher Consumption
 04/25  07:00:00,24.14820230389884,49.89823073666548,73735.59410597724,38915.59749856471,100.0,Excellent,37.92,Higher Consumption,37.92,Higher Carbon,60,Higher Consumption
 04/25  08:00:00,24.122420574640657,50.71289264590676,128079.32524975888,50372.925607450896,100.0,Excellent,0.0,Higher Consumption,0.0,Higher Carbon,60,Higher Consumption
 04/25  09:00:00,24.146479335823557,50.38197516070457,125973.1411840328,56668.05873064172,100.0,Excellent,0.0,Higher Consumption,0.0,Higher Carbon,60,Higher Consumption
 04/25  10:00:00,24.2054892291237,49.63957182709797,127810.63740745684,60439.64836065914,100.0,Excellent,0.0,Higher Consumption,0.0,Higher Carbon,60,Higher Consumption
 04/25  11:00:00,24.200353639622207,49.01116662905815,135422.28992882895,66117.20747543787,100.0,Excellent,0.0,Higher Consumption,0.0,Higher Carbon,60,Higher Consumption
 04/25  12:00:00,24.336739790001097,48.5770137957272,134591.4615417192,64283.12695228298,100.0,Excellent,0.0,Higher Consumption,0.0,Higher Carbon,60,Higher Consumption
 04/25  13:00:00,24.24132678606889,48.955855649468674,142500.9018748719,71584.07491598629,100.0,Excellent,0.0,Higher Consumption,0.0,Higher Carbon,60,Higher Consumption
 04/25  14:00:00,24.263650774376487,48.511439214847314,142577.8138584487,75206.82481165101,100.0,Excellent,0.0,Higher Consumption,0.0,Higher Carbon,60,Higher Consumption
 04/25  15:00:00,24.22719346486192,48.19736093760885,144143.95805118995,76772.96900439226,100.0,Excellent,0.0,Higher Consumption,0.0,Higher Carbon,60,Higher Consumption
 04/25  16:00:00,24.21459868754219,48.23561781661587,144191.63648814353,73919.50733145574,100.0,Excellent,0.0,Higher Consumption,0.0,Higher Carbon,60,Higher Consumption
 04/25  17:00:00,24.303928123133915,47.81915662386415,106420.25649955792,55632.35812801588,100.0,Excellent,0.0,Higher Consumption,0.0,Higher Carbon,60,Higher Consumption
 04/25  18:00:00,24.21994177696628,47.77279401026927,65150.93552492885,38916.834458434816,100.0,Excellent,53.3,Higher Consumption,53.3,Higher Carbon,60,Higher Consumption
 04/25  19:00:00,24.20009353093565,47.87393183269953,57914.96278948968,30321.88935431496,100.0,Excellent,66.26,Higher Consumption,66.26,Higher Carbon,60,Higher Consumption
 04/25  20:00:00,24.179191078206504,47.72288181963441,52133.376482696,26531.04308706276,100.0,Excellent,80.0,Acceptable,80.0,Acceptable,60,Higher Consumption
 04/25  21:00:00,24.15885201311508,47.06598076463599,48978.61115631789,24665.67336508025,100.0,Excellent,90.0,Good,90.0,Good,60,Higher Consumption
 04/25  22:00:00,25.481503537148303,43.5888642084656,21603.55076409053,250.26910759502385,100.0,Excellent,100.0,Excellent,100.0,Excellent,100,Excellent
 04/25  23:00:00,25.91628712090378,43.48429374689984,20122.90815579052,249.454566666085,100.0,Excellent,100.0,Excellent,100.0,Excellent,100,Excellent
 04/25  24:00:00,25.91576333431222,44.45910917062529,16163.712511941816,201.28916140884087,100.0,Excellent,100.0,Excellent,100.0,Excellent,100,Excellent
 04/26  01:00:00,25.905479308074494,45.175914027449984,16002.738920482274,201.198977940785,100.0,Excellent,100.0,Excellent,100.0,Excellent,100,Excellent
 04/26  02:00:00,25.8760932478456,46.08233411406088,16002.738920482274,201.198977940785,100.0,Excellent,100.0,Excellent,100.0,Excellent,100,Excellent
 04/26  03:00:00,25.855957712713124,46.813045441349246,16002.738920482274,201.198977940785,100.0,Excellent,100.0,Excellent,100.0,Excellent,100,Excellent
 04/26  04:00:00,25.83813877558086,47.05373084473787,16002.738920482274,201.198977940785,100.0,Excellent,100.0,Excellent,100.0,Excellent,100,Excellent
 04/26  05:00:00,25.321514740253583,48.56142665446819,24375.442658434786,8573.9027158933,100.0,Excellent,100.0,Excellent,100.0,Excellent,100,Excellent
 04/26  06:00:00,24.6434795824865,50.43695028524363,49910.57653933785,26858.26990324048,100.0,Excellent,90.0,Good,90.0,Good,60,Higher Consumption
 04/26  07:00:00,24.136834809562213,51.38868295520448,73878.42633917739,38982.29756005629,100.0,Excellent,37.66,Higher Consumption,37.66,Higher Carbon,60,Higher Consumption
 04/26  08:00:00,24.11924073003121,51.99994197462565,133656.82746878584,55881.823270368455,100.0,Excellent,0.0,Higher Consumption,0.0,Higher Carbon,60,Higher Consumption
 04/26  09:00:00,24.13644967663889,51.22406028469424,121341.82564364336,52036.74319025226,100.0,Excellent,0.0,Higher Consumption,0.0,Higher Carbon,60,Higher Consumption
 04/26  10:00:00,24.19617387960677,50.06161792365047,125538.5145733216,58167.52552652389,100.0,Excellent,0.0,Higher Consumption,0.0,Higher Carbon,60,Higher Consumption
 04/26  11:00:00,24.198684190674957,49.54003412694457,133435.64222276674,64130.55976937563,100.0,Excellent,0.0,Higher Consumption,0.0,Higher Carbon,60,Higher Consumption
 04/26  12:00:00,24.32177359913861,48.5861735500292,131624.804188935,61316.46959949877,100.0,Excellent,0.0,Higher Consumption,0.0,Higher Carbon,60,Higher Consumption
 04/26  13:00:00,24.236694760934977,49.053373199321726,136259.1689362912,65342.341977405566,100.0,Excellent,0.0,Higher Consumption,0.0,Higher Carbon,60,Higher Consumption
 04/26  14:00:00,24.26002125637353,48.65549702556709,133970.7333561757,66599.74430937803,100.0,Excellent,0.0,Higher Consumption,0.0,Higher Carbon,60,Higher Consumption
 04/26  15:00:00,24.22497620049725,48.178259245989125,136273.11522120415,68902.12617440645,100.0,Excellent,0.0,Higher Consumption,0.0,Higher Carbon,60,Higher Consumption
 04/26  16:00:00,24.215575638578237,47.92562731801704,139267.46977371792,68995.34061703013,100.0,Excellent,0.0,Higher Consumption,0.0,Higher Carbon,60,Higher Consumption
 04/26  17:00:00,24.28840820773978,47.12843062205037,102013.4670692744,51225.56869773238,100.0,Excellent,0.0,Higher Consumption,0.0,Higher Carbon,60,Higher Consumption
 04/26  18:00:00,24.21709675505376,46.971011122972165,63878.279810858985,37688.500764854885,100.0,Excellent,55.58,Higher Consumption,55.58,Higher Carbon,60,Higher Consumption
 04/26  19:00:00,24.199359260323288,47.4981681430784,56082.30027879863,29564.37599843894,100.0,Excellent,69.54,Higher Consumption,69.54,Higher Carbon,60,Higher Consumption
 04/26  20:00:00,24.176766265387865,47.44652768380977,51340.48234188925,25738.148946255995,100.0,Excellent,80.0,Acceptable,80.0,Acceptable,60,Higher Consumption
 04/26  21:00:00,24.155648612336662,46.27287047707868,47511.84043653346,23198.902645295813,100.0,Excellent,90.0,Good,90.0,Good,60,Higher Consumption
 04/26  22:00:00,25.457981759384243,41.87256638618722,21603.55076409053,250.26910759502385,100.0,Excellent,100.0,Excellent,100.0,Excellent,100,Excellent
 04/26  23:00:00,25.87937182837898,41.57674301002452,20122.90815579052,249.454566666085,100.0,Excellent,100.0,Excellent,100.0,Excellent,100,Excellent
 04/26  24:00:00,25.89317330153167,41.72075404691933,16163.712511941816,201.28916140884087,100.0,Excellent,100.0,Excellent,100.0,Excellent,100,Excellent
 04/27  01:00:00,25.895343390248293,41.56276508677212,16002.738920482274,201.198977940785,100.0,Excellent,100.0,Excellent,100.0,Excellent,100,Excellent
 04/27  02:00:00,25.90580089603782,41.53634035781222,16002.738920482274,201.198977940785,100.0,Excellent,100.0,Excellent,100.0,Excellent,100,Excellent
 04/27  03:00:00,25.90955125513489,41.75862393871376,16002.738920482274,201.198977940785,100.0,Excellent,100.0,Excellent,100.0,Excellent,100,Excellent
 04/27  04:00:00,25.87413540107103,43.027671502155584,16002.738920482274,201.198977940785,100.0,Excellent,100.0,Excellent,100.0,Excellent,100,Excellent
 04/27  05:00:00,25.323047323128225,45.71952459541536,24870.711396719213,9069.171454177733,100.0,Excellent,100.0,Excellent,100.0,Excellent,100,Excellent
 04/27  06:00:00,24.67771097316417,48.2049083219497,46583.28001319185,23530.97337709448,100.0,Excellent,90.0,Good,100.0,Excellent,60,Higher Consumption
 04/27  07:00:00,24.136397696059102,50.63530417932405,75425.16389912122,40459.89625619796,100.0,Excellent,34.89,Higher Consumption,34.89,Higher Carbon,60,Higher Consumption
 04/27  08:00:00,24.120427613740564,53.60050574890392,134756.81755347695,56860.35097582357,100.0,Excellent,0.0,Higher Consumption,0.0,Higher Carbon,60,Higher Consumption
 04/27  09:00:00,24.13435646111361,51.88277872346709,123039.03449546942,53733.95204207832,100.0,Excellent,0.0,Higher Consumption,0.0,Higher Carbon,60,Higher Consumption
 04/27  10:00:00,24.19280184362886,50.026117302716,125008.40383204492,57637.41478524722,100.0,Excellent,0.0,Higher Consumption,0.0,Higher Carbon,60,Higher Consumption
 04/27  11:00:00,24.189419255292805,49.58015482342108,133917.1370760168,64612.0546226257,100.0,Excellent,0.0,Higher Consumption,0.0,Higher Carbon,60,Higher Consumption
 04/27  12:00:00,24.33001975292976,48.81567485141599,133308.87386117812,63000.53927174189,100.0,Excellent,0.0,Higher Consumption,0.0,Higher Carbon,60,Higher Consumption
 04/27  13:00:00,24.2334825877175,49.04657870078318,140801.58746655774,69884.76050767215,100.0,Excellent,0.0,Higher Consumption,0.0,Higher Carbon,60,Higher Consumption
 04/27  14:00:00,24.254144668484376,48.45843647391434,140116.10377973635,72745.11473293867,100.0,Excellent,0.0,Higher Consumption,0.0,Higher Carbon,60,Higher Consumption
 04/27  15:00:00,24.223312096550707,48.06638152151935,141594.35362827283,74223.36458147512,100.0,Excellent,0.0,Higher Consumption,0.0,Higher Carbon,60,Higher Consumption
 04/27  16:00:00,24.215282235112475,47.94702156562683,144030.25253548863,73758.12337880084,100.0,Excellent,0.0,Higher Consumption,0.0,Higher Carbon,60,Higher Consumption
 04/27  17:00:00,24.302511879969387,47.12862173425437,108213.0596065682,57425.16123502614,100.0,Excellent,0.0,Higher Consumption,0.0,Higher Carbon,60,Higher Consumption
 04/27  18:00:00,24.2229908403662,46.60450028715488,66670.32339939199,40481.0385367448,100.0,Excellent,50.57,Higher Consumption,50.57,Higher Carbon,60,Higher Consumption
 04/27  19:00:00,24.203158035788245,45.85694234038434,57453.83153080247,30907.35322741436,100.0,Excellent,67.08,Higher Consumption,67.08,Higher Carbon,60,Higher Consumption
 04/27  20:00:00,24.18133833519276,45.54979707058103,51871.29499303301,26268.96159739976,100.0,Excellent,80.0,Acceptable,80.0,Acceptable,60,Higher Consumption
 04/27  21:00:00,24.163966343646145,45.15176715095125,48801.172560415405,24488.23476917776,100.0,Excellent,90.0,Good,90.0,Good,60,Higher Consumption
 04/27  22:00:00,25.576252045809667,41.447039590876535,21603.55076409053,250.26910759502385,100.0,Excellent,100.0,Excellent,100.0,Excellent,100,Excellent
 04/27  23:00:00,26.019126983502268,41.07818971957995,20122.90815579052,249.454566666085,99.71,Too Hot,100.0,Excellent,100.0,Excellent,100,Excellent
 04/27  24:00:00,25.96022390483257,41.71726080572376,13038.514687240193,168.67480905518886,100.0,Excellent,100.0,Excellent,100.0,Excellent,100,Excellent
 04/28  01:00:00,25.87991881428353,42.03995302201034,12877.565474876648,168.6090046831275,100.0,Excellent,100.0,Excellent,100.0,Excellent,100,Excellent
 04/28  02:00:00,25.798135979164314,42.303879901789074,12877.565474876648,168.6090046831275,100.0,Excellent,100.0,Excellent,100.0,Excellent,100,Excellent
 04/28  03:00:00,25.737065087528304,42.50837348983996,12877.565474876648,168.6090046831275,100.0,Excellent,100.0,Excellent,100.0,Excellent,100,Excellent
 04/28  04:00:00,25.689737033620467,42.87149725251493,12877.565474876648,168.6090046831275,100.0,Excellent,100.0,Excellent,100.0,Excellent,100,Excellent
 04/28  05:00:00,25.611765571539603,43.50526107306345,15033.567294813069,2324.610824619545,100.0,Excellent,100.0,Excellent,100.0,Excellent,100,Excellent
 04/28  06:00:00,24.60014656763089,46.64045370669993,50346.34554944536,27294.038913347984,100.0,Excellent,80.0,Acceptable,80.0,Acceptable,60,Higher Consumption
 04/28  07:00:00,24.130828232985262,47.82565435945949,54939.72556186278,31719.278760189623,100.0,Excellent,70.0,No Improvement,70.0,No Improvement,60,Higher Consumption
 04/28  08:00:00,24.12598469806882,48.60996639547651,67799.23428742742,37134.813510697815,100.0,Excellent,48.55,Higher Consumption,48.55,Higher Carbon,60,Higher Consumption
 04/28  09:00:00,24.152698620258327,48.97308583633462,76297.27658026526,43382.62699426553,100.0,Excellent,33.33,Higher Consumption,33.33,Higher Carbon,60,Higher Consumption
 04/28  10:00:00,24.217870400502093,48.70258767416237,79534.9295309899,47587.3266482869,100.0,Excellent,27.53,Higher Consumption,27.53,Higher Carbon,60,Higher Consumption
 04/28  11:00:00,24.217837759069152,48.48333249298853,86309.00811448085,52104.96292408553,100.0,Excellent,15.4,Higher Consumption,15.4,Higher Carbon,60,Higher Consumption
 04/28  12:00:00,24.265439682717798,47.9397056284419,74634.66886701202,50960.69923203536,100.0,Excellent,36.31,Higher Consumption,36.31,Higher Carbon,60,Higher Consumption
 04/28  13:00:00,24.250038805126977,47.70333718139869,72716.75274608278,51621.57431989733,100.0,Excellent,39.74,Higher Consumption,39.74,Higher Carbon,60,Higher Consumption
 04/28  14:00:00,24.2860650954912,47.4503833020866,72827.55529063847,53344.12136994752,100.0,Excellent,39.55,Higher Consumption,39.55,Higher Carbon,60,Higher Consumption
 04/28  15:00:00,24.253812452381624,47.337546166117846,73284.38531931973,55090.347003024384,100.0,Excellent,38.73,Higher Consumption,38.73,Higher Carbon,60,Higher Consumption
 04/28  16:00:00,24.243628211230973,47.26616651261013,69983.05530027927,51466.66808288502,100.0,Excellent,44.64,Higher Consumption,44.64,Higher Carbon,60,Higher Consumption
 04/28  17:00:00,25.50859915660381,43.11960545045238,41677.692943609065,27083.419435578784,100.0,Excellent,100.0,Excellent,100.0,Excellent,60,Higher Consumption
 04/28  18:00:00,26.103975881112948,40.07581328671825,23693.35783907824,11031.659462619402,98.44,Too Hot,100.0,Excellent,100.0,Excellent,100,Excellent
 04/28  19:00:00,25.91433924346059,38.32627817122651,22486.72898855873,10484.603100429063,100.0,Excellent,100.0,Excellent,100.0,Excellent,100,Excellent
 04/28  20:00:00,25.94820294753676,36.96343965226729,19951.899226822567,6535.892756629049,100.0,Excellent,100.0,Excellent,100.0,Excellent,100,Excellent
 04/28  21:00:00,26.137465706747385,35.99190782960724,16771.84640252473,3355.8399323312105,97.94,Too Hot,100.0,Excellent,100.0,Excellent,100,Excellent
 04/28  22:00:00,26.26715140672531,35.47675544738733,13584.615474876648,168.6090046831275,95.99,Too Hot,100.0,Excellent,100.0,Excellent,100,Excellent
 04/28  23:00:00,26.273113982345013,35.476127959808096,13584.615474876648,168.6090046831275,95.9,Too Hot,100.0,Excellent,100.0,Excellent,100,Excellent
 04/28  24:00:00,26.24113610446332,35.54074785029206,12877.565474876648,168.6090046831275,96.38,Too Hot,100.0,Excellent,100.0,Excellent,100,Excellent
 04/29  01:00:00,26.182433480018474,35.69078626033645,12877.565474876648,168.6090046831275,97.26,Too Hot,100.0,Excellent,100.0,Excellent,100,Excellent
 04/29  02:00:00,26.128647858974407,35.899358629015815,12877.565474876648,168.6090046831275,98.07,Too Hot,100.0,Excellent,100.0,Excellent,100,Excellent
 04/29  03:00:00,26.073697554543525,36.033359508797886,12877.565474876648,168.6090046831275,98.89,Too Hot,100.0,Excellent,100.0,Excellent,100,Excellent
 04/29  04:00:00,26.00992917924641,36.16717086326816,12877.565474876648,168.6090046831275,99.85,Too Hot,100.0,Excellent,100.0,Excellent,100,Excellent
 04/29  05:00:00,25.964169801378063,36.264050560614045,12877.565474876648,168.6090046831275,100.0,Excellent,100.0,Excellent,100.0,Excellent,100,Excellent
 04/29  06:00:00,26.001747266345337,36.46598191778244,18308.31300750821,197.858802377482,99.97,Too Hot,100.0,Excellent,100.0,Excellent,100,Excellent
 04/29  07:00:00,26.08788686064337,37.20350099076972,13057.983936663648,197.91027563490505,98.68,Too Hot,100.0,Excellent,100.0,Excellent,100,Excellent
 04/29  08:00:00,25.983744044075323,37.98240407426571,22142.763650763107,9481.68921113662,100.0,Excellent,100.0,Excellent,100.0,Excellent,100,Excellent
 04/29  09:00:00,25.98818544917212,37.40183479110772,26488.846717459222,13828.666616022354,100.0,Excellent,100.0,Excellent,100.0,Excellent,100,Excellent
 04/29  10:00:00,26.222336864715327,37.04268070974464,29514.68351409008,16854.503412653197,96.66,Too Hot,100.0,Excellent,100.0,Excellent,100,Excellent
 04/29  11:00:00,26.586171300778886,36.51234126466157,26581.27847660013,13921.098375163254,91.21,Too Hot,100.0,Excellent,100.0,Excellent,100,Excellent
 04/29  12:00:00,26.71509617434433,36.158424649839006,29981.138768719666,17320.958667282786,89.27,Too Hot,100.0,Excellent,100.0,Excellent,55,Too Aggressive
 04/29  13:00:00,26.685234709303803,35.66596817499869,31400.113415996875,18739.93331456,89.72,Too Hot,100.0,Excellent,100.0,Excellent,55,Too Aggressive
 04/29  14:00:00,26.935830984528632,34.55832600651783,27812.425180138416,15152.24507870154,85.96,Too Hot,100.0,Excellent,100.0,Excellent,55,Too Aggressive
 04/29  15:00:00,26.91154879614894,34.134891365701726,31164.483268933847,18504.30316749697,86.33,Too Hot,100.0,Excellent,100.0,Excellent,55,Too Aggressive
 04/29  16:00:00,26.74090761544052,33.82817406905146,30068.341177917497,17408.161076480625,88.89,Too Hot,100.0,Excellent,100.0,Excellent,55,Too Aggressive
 04/29  17:00:00,26.796129837797054,32.98883361801739,25544.36076292433,12884.18066148746,88.06,Too Hot,100.0,Excellent,100.0,Excellent,55,Too Aggressive
 04/29  18:00:00,26.629214244785576,32.532870874430365,24695.00735044766,14349.078965100663,90.56,Too Hot,100.0,Excellent,100.0,Excellent,100,Excellent
 04/29  19:00:00,26.41290521316695,31.907259723230467,24849.63910081926,12946.906818613868,93.81,Too Hot,100.0,Excellent,100.0,Excellent,100,Excellent
 04/29  20:00:00,26.38468419436068,31.21852970188225,22731.997100370623,9315.9906301771,94.23,Too Hot,100.0,Excellent,100.0,Excellent,100,Excellent
 04/29  21:00:00,26.48929034182231,30.99029041576925,19672.90682508884,6256.900354895312,92.66,Too Hot,100.0,Excellent,100.0,Excellent,100,Excellent
 04/29  22:00:00,26.52569090567633,31.840612058140223,18629.448950753074,5213.442480559555,92.11,Too Hot,100.0,Excellent,100.0,Excellent,100,Excellent
 04/29  23:00:00,26.393668928012342,34.337512808749146,18846.91429201291,5430.907821819389,94.09,Too Hot,100.0,Excellent,100.0,Excellent,100,Excellent
 04/29  24:00:00,26.4219710541071,36.55074716648982,23927.24158628528,8125.701643743784,93.67,Too Hot,100.0,Excellent,100.0,Excellent,100,Excellent
 04/30  01:00:00,26.634229686666643,38.07271125725151,18362.582051527388,2561.042108985902,90.49,Too Hot,100.0,Excellent,100.0,Excellent,100,Excellent
 04/30  02:00:00,26.59264411589017,39.26429659147962,18526.44330371242,2724.9033611709315,91.11,Too Hot,100.0,Excellent,100.0,Excellent,100,Excellent
 04/30  03:00:00,26.79040377108136,38.907668647366,16002.738920482274,201.198977940785,88.14,Too Hot,100.0,Excellent,100.0,Excellent,55,Too Aggressive
 04/30  04:00:00,26.78642081407624,38.91320001131671,16002.738920482274,201.198977940785,88.2,Too Hot,100.0,Excellent,100.0,Excellent,55,Too Aggressive
 04/30  05:00:00,25.78510437746029,41.96450573687984,30120.855512929367,14319.315570387884,100.0,Excellent,100.0,Excellent,100.0,Excellent,100,Excellent
 04/30  06:00:00,25.280122629227577,44.11463226787146,45265.96229250354,22213.65565640617,100.0,Excellent,90.0,Good,100.0,Excellent,80,Acceptable
 04/30  07:00:00,24.247287438340692,48.333882007268926,82194.24452401209,47377.86892508508,100.0,Excellent,22.77,Higher Consumption,22.77,Higher Carbon,60,Higher Consumption
 04/30  08:00:00,24.165746813527445,49.2221986734961,136894.09875710256,59188.64211243596,100.0,Excellent,0.0,Higher Consumption,0.0,Higher Carbon,60,Higher Consumption
 04/30  09:00:00,24.181202113226263,49.06251172135383,139904.8579039834,70599.77545059231,100.0,Excellent,0.0,Higher Consumption,0.0,Higher Carbon,60,Higher Consumption
 04/30  10:00:00,24.238952394727605,48.59617427800737,145271.01284899408,77900.0238021964,100.0,Excellent,0.0,Higher Consumption,0.0,Higher Carbon,60,Higher Consumption
 04/30  11:00:00,24.233192712397155,48.45750201216146,155806.44116639896,86501.35871300787,100.0,Excellent,0.0,Higher Consumption,0.0,Higher Carbon,60,Higher Consumption
 04/30  12:00:00,24.414521715980023,47.95755791841236,153482.83457099175,83174.49998155555,100.0,Excellent,0.0,Higher Consumption,0.0,Higher Carbon,60,Higher Consumption
 04/30  13:00:00,24.280085868036807,48.24723513856156,160745.2920500761,89828.46509119048,100.0,Excellent,0.0,Higher Consumption,0.0,Higher Carbon,60,Higher Consumption
 04/30  14:00:00,24.304688716352725,47.90714521908304,159079.14304329932,91708.15399650164,100.0,Excellent,0.0,Higher Consumption,0.0,Higher Carbon,60,Higher Consumption
 04/30  15:00:00,24.27097297883301,47.89735544598854,159305.38547771546,91934.39643091775,100.0,Excellent,0.0,Higher Consumption,0.0,Higher Carbon,60,Higher Consumption
 04/30  16:00:00,24.243894994929388,47.57659605752558,153922.31217056926,83650.18301388145,100.0,Excellent,0.0,Higher Consumption,0.0,Higher Carbon,60,Higher Consumption
 04/30  17:00:00,24.30948418481904,47.41990404421583,111576.31032184575,60788.41195030371,100.0,Excellent,0.0,Higher Consumption,0.0,Higher Carbon,60,Higher Consumption
 04/30  18:00:00,24.23462336485708,47.50578476249397,67668.84478393167,41451.00178524341,100.0,Excellent,48.79,Higher Consumption,48.79,Higher Carbon,60,Higher Consumption
 04/30  19:00:00,24.21434961868882,47.66250999177559,58062.308355491085,31372.95193579622,100.0,Excellent,65.99,Higher Consumption,65.99,Higher Carbon,60,Higher Consumption
 04/30  20:00:00,24.190851661076675,47.786219068395134,52173.1976730257,26570.86427739245,100.0,Excellent,80.0,Acceptable,80.0,Acceptable,60,Higher Consumption
 04/30  21:00:00,24.171945932807,47.44154309334746,49311.18325015207,24998.24545891443,100.0,Excellent,90.0,Good,90.0,Good,60,Higher Consumption
 04/30  22:00:00,25.60053574024185,44.207003622142686,21603.55076409053,250.26910759502385,100.0,Excellent,100.0,Excellent,100.0,Excellent,100,Excellent
 04/30  23:00:00,26.053965915644437,44.69842804371697,20122.90815579052,249.454566666085,99.19,Too Hot,100.0,Excellent,100.0,Excellent,100,Excellent
 04/30  24:00:00,26.058824895853405,46.090455468781215,16163.712511941816,201.28916140884087,99.12,Too Hot,100.0,Excellent,100.0,Excellent,100,Excellent
 07/01  01:00:00,26.59620123062567,46.91998300991322,12877.49848586644,168.54201567292012,91.06,Too Hot,100.0,Excellent,100.0,Excellent,100,Excellent
 07/01  02:00:00,26.436367621114176,48.21249480238683,16148.926438294431,3439.9699681009106,93.45,Too Hot,100.0,Excellent,100.0,Excellent,100,Excellent
 07/01  03:00:00,26.567582810238623,48.72177055402413,12877.565474876648,168.6090046831275,91.49,Too Hot,100.0,Excellent,100.0,Excellent,100,Excellent
 07/01  04:00:00,26.544871354353013,49.93349010582576,12877.565474876648,168.6090046831275,91.83,Too Hot,100.0,Excellent,100.0,Excellent,100,Excellent
 07/01  05:00:00,26.25975412598769,51.12721368176582,15955.879967164332,3246.923496970812,96.1,Too Hot,100.0,Excellent,100.0,Excellent,100,Excellent
 07/01  06:00:00,26.228200749521715,51.65449704157555,24414.275128952155,6303.820923821419,96.58,Too Hot,100.0,Excellent,100.0,Excellent,100,Excellent
 07/01  07:00:00,26.013096991404844,51.05471555929401,16367.276564087617,3487.950684287768,99.8,Too Hot,100.0,Excellent,100.0,Excellent,100,Excellent
 07/01  08:00:00,26.145076318576976,50.794934549245845,21027.12318868728,8359.755204899273,97.82,Too Hot,100.0,Excellent,100.0,Excellent,100,Excellent
 07/01  09:00:00,26.25203680228316,49.03095520557354,27204.47194729312,14544.291845856238,96.22,Too Hot,100.0,Excellent,100.0,Excellent,100,Excellent
 07/01  10:00:00,26.514459025745733,46.584915727510136,26784.980295453694,14124.800194016814,92.28,Too Hot,100.0,Excellent,100.0,Excellent,100,Excellent
 07/01  11:00:00,26.74988398616458,44.75139413446104,29156.859196113328,16496.679094676456,88.75,Too Hot,100.0,Excellent,100.0,Excellent,55,Too Aggressive
 07/01  12:00:00,26.861408963885275,43.05869927759864,31567.19791698463,18907.01781554776,87.08,Too Hot,100.0,Excellent,100.0,Excellent,55,Too Aggressive
 07/01  13:00:00,27.01744025207594,41.66078501060728,30340.362456896004,17680.18235545913,84.74,Too Hot,100.0,Excellent,100.0,Excellent,55,Too Aggressive
 07/01  14:00:00,27.14033693736433,41.21367539045077,31318.2677212316,18658.08761979472,82.89,Too Hot,100.0,Excellent,100.0,Excellent,55,Too Aggressive
 07/01  15:00:00,26.979425290284397,41.76191438675923,34423.15972344238,21762.979622005507,85.31,Too Hot,100.0,Excellent,100.0,Excellent,40,Poor Comfort
 07/01  16:00:00,26.94846217764224,43.27463756408944,32079.605781002323,19419.42567956545,85.77,Too Hot,100.0,Excellent,100.0,Excellent,55,Too Aggressive
 07/01  17:00:00,26.85421080362018,44.84844942913642,28816.53191458497,16156.3518131481,87.19,Too Hot,100.0,Excellent,100.0,Excellent,55,Too Aggressive
 07/01  18:00:00,26.673340949469427,45.87064720236748,24858.23969675974,14491.408913299489,89.9,Too Hot,100.0,Excellent,100.0,Excellent,55,Too Aggressive
 07/01  19:00:00,26.6554894510056,46.20529600045421,20913.076690781312,9768.217728785708,90.17,Too Hot,100.0,Excellent,100.0,Excellent,100,Excellent
 07/01  20:00:00,26.43943012359057,46.68330510208705,23049.41197785504,9633.405507661522,93.41,Too Hot,100.0,Excellent,100.0,Excellent,100,Excellent
 07/01  21:00:00,26.38390712056206,46.76491668070701,22633.792648452363,9217.786178258844,94.24,Too Hot,100.0,Excellent,100.0,Excellent,100,Excellent
 07/01  22:00:00,26.479473981888187,46.36301920980858,19045.29714953594,5629.29067934242,92.81,Too Hot,100.0,Excellent,100.0,Excellent,100,Excellent
 07/01  23:00:00,26.404518927340145,46.89505854389241,22072.045580210703,8656.039110017186,93.93,Too Hot,100.0,Excellent,100.0,Excellent,100,Excellent
 07/01  24:00:00,26.395455802798963,46.627490288693856,21017.776106666268,5216.236164124778,94.07,Too Hot,100.0,Excellent,100.0,Excellent,100,Excellent
 07/02  01:00:00,26.146377948915767,47.19832774684252,22846.38225731342,7044.842314771931,97.8,Too Hot,100.0,Excellent,100.0,Excellent,100,Excellent
 07/02  02:00:00,26.363364037575305,47.05096090457722,21231.005772582743,5429.465830041252,94.55,Too Hot,100.0,Excellent,100.0,Excellent,100,Excellent
 07/02  03:00:00,26.034284160833277,47.96928014975423,24736.0776831514,8934.537740609914,99.49,Too Hot,100.0,Excellent,100.0,Excellent,100,Excellent
 07/02  04:00:00,26.16705869012861,47.67397965554176,22662.438432985,6860.898490443515,97.49,Too Hot,100.0,Excellent,100.0,Excellent,100,Excellent
 07/02  05:00:00,26.27435842528634,47.81393346228455,18563.34747326995,2761.8075307284626,95.88,Too Hot,100.0,Excellent,100.0,Excellent,100,Excellent
 07/02  06:00:00,25.203034143674124,50.02339488550797,44000.476783869526,20948.170147772147,100.0,Excellent,100.0,Excellent,100.0,Excellent,90,Efficient
 07/02  07:00:00,24.223911926444348,51.16275548340028,80289.1694794323,45485.590563980506,100.0,Excellent,26.18,Higher Consumption,26.18,Higher Carbon,60,Higher Consumption
 07/02  08:00:00,24.168849740959388,51.79649718832101,157091.5192391859,79350.15457801674,100.0,Excellent,0.0,Higher Consumption,0.0,Higher Carbon,60,Higher Consumption
 07/02  09:00:00,24.224505257504163,54.97811928497392,159834.83558766978,90529.75313427868,100.0,Excellent,0.0,Higher Consumption,0.0,Higher Carbon,60,Higher Consumption
 07/02  10:00:00,24.4201514195504,56.963469806391885,167889.52880948526,100518.53976268756,100.0,Excellent,0.0,Higher Consumption,0.0,Higher Carbon,60,Higher Consumption
 07/02  11:00:00,24.336112247288803,54.17444112713723,153654.46439906413,84349.38194567304,100.0,Excellent,0.0,Higher Consumption,0.0,Higher Carbon,60,Higher Consumption
 07/02  12:00:00,24.27657877937476,49.19353555116775,138897.86264687075,68589.52805743454,100.0,Excellent,0.0,Higher Consumption,0.0,Higher Carbon,60,Higher Consumption
 07/02  13:00:00,24.24034151908437,48.37622132743995,143757.90578616274,72841.07882727712,100.0,Excellent,0.0,Higher Consumption,0.0,Higher Carbon,60,Higher Consumption
 07/02  14:00:00,24.268575166366958,47.9137788459464,138914.50888625236,71543.51983945465,100.0,Excellent,0.0,Higher Consumption,0.0,Higher Carbon,60,Higher Consumption
 07/02  15:00:00,24.236064617192557,47.69327486055624,139760.83660971944,72389.84756292174,100.0,Excellent,0.0,Higher Consumption,0.0,Higher Carbon,60,Higher Consumption
 07/02  16:00:00,24.224182478425583,47.88206663662034,137504.70320501493,67232.57404832714,100.0,Excellent,0.0,Higher Consumption,0.0,Higher Carbon,60,Higher Consumption
 07/02  17:00:00,24.222992153719687,48.106487185996365,103644.92675471638,52857.02838317433,100.0,Excellent,0.0,Higher Consumption,0.0,Higher Carbon,60,Higher Consumption
 07/02  18:00:00,24.220826179605197,48.06517190688592,68877.02613259526,42647.61203999276,100.0,Excellent,46.62,Higher Consumption,46.62,Higher Carbon,60,Higher Consumption
 07/02  19:00:00,24.201228487247526,48.23735436354987,63368.62204277968,37731.76433854047,100.0,Excellent,56.49,Higher Consumption,56.49,Higher Carbon,60,Higher Consumption
 07/02  20:00:00,24.18142326239825,48.39779228746607,59230.572049382965,33628.238653749715,100.0,Excellent,63.9,Higher Consumption,63.9,Higher Carbon,60,Higher Consumption
 07/02  21:00:00,24.164229191336155,48.59872797253356,55450.47049905601,31137.53270781837,100.0,Excellent,70.0,No Improvement,70.0,No Improvement,60,Higher Consumption
 07/02  22:00:00,25.4618184957994,45.96489397950096,21603.55076409053,250.26910759502385,100.0,Excellent,100.0,Excellent,100.0,Excellent,100,Excellent
 07/02  23:00:00,25.871511403005297,46.7082061696575,20122.90815579052,249.454566666085,100.0,Excellent,100.0,Excellent,100.0,Excellent,100,Excellent
 07/02  24:00:00,25.850863302378706,48.15629584603148,16163.712511941816,201.28916140884087,100.0,Excellent,100.0,Excellent,100.0,Excellent,100,Excellent
 07/03  01:00:00,25.775980234050618,49.23908518775666,16002.738920482274,201.198977940785,100.0,Excellent,100.0,Excellent,100.0,Excellent,100,Excellent
 07/03  02:00:00,25.71424337687658,50.05622353127171,16002.738920482274,201.198977940785,100.0,Excellent,100.0,Excellent,100.0,Excellent,100,Excellent
 07/03  03:00:00,25.652241594673026,50.75825329694659,16002.738920482274,201.198977940785,100.0,Excellent,100.0,Excellent,100.0,Excellent,100,Excellent
 07/03  04:00:00,25.578912031331257,51.47231535040829,16002.738920482274,201.198977940785,100.0,Excellent,100.0,Excellent,100.0,Excellent,100,Excellent
 07/03  05:00:00,25.52152664184675,52.28568574414111,16002.738920482274,201.198977940785,100.0,Excellent,100.0,Excellent,100.0,Excellent,100,Excellent
 07/03  06:00:00,24.58324411822826,54.23359133054655,41220.70379044341,18168.39715434604,100.0,Excellent,100.0,Excellent,100.0,Excellent,100,Excellent
 07/03  07:00:00,24.07589849687677,53.762185285227,65413.17488105412,30463.432952204224,100.0,Excellent,52.83,Higher Consumption,52.83,Higher Carbon,60,Higher Consumption
 07/03  08:00:00,24.106145988499403,52.724051240512416,128261.0433526352,50415.73700436239,100.0,Excellent,0.0,Higher Consumption,0.0,Higher Carbon,60,Higher Consumption
 07/03  09:00:00,24.127559133824796,51.73573668459076,121570.46803783283,52265.38558444173,100.0,Excellent,0.0,Higher Consumption,0.0,Higher Carbon,60,Higher Consumption
 07/03  10:00:00,24.18309722016468,50.61086088073316,119628.4862984911,52257.4972516934,100.0,Excellent,0.0,Higher Consumption,0.0,Higher Carbon,60,Higher Consumption
 07/03  11:00:00,24.17672582096072,49.979909427983024,124525.64527244846,55220.56281905736,100.0,Excellent,0.0,Higher Consumption,0.0,Higher Carbon,60,Higher Consumption
 07/03  12:00:00,24.229854417921917,49.37716809252301,124425.56405548664,54117.22946605042,100.0,Excellent,0.0,Higher Consumption,0.0,Higher Carbon,60,Higher Consumption
 07/03  13:00:00,24.209291236220444,49.46842878028496,127755.30152716675,56838.47456828117,100.0,Excellent,0.0,Higher Consumption,0.0,Higher Carbon,60,Higher Consumption
 07/03  14:00:00,24.243132181738705,49.13073907005232,125717.21644221676,58346.22739541908,100.0,Excellent,0.0,Higher Consumption,0.0,Higher Carbon,60,Higher Consumption
 07/03  15:00:00,24.21073167761453,48.8412445554467,130398.66141441689,63027.672367619176,100.0,Excellent,0.0,Higher Consumption,0.0,Higher Carbon,60,Higher Consumption
 07/03  16:00:00,24.20172904008967,48.80574365768232,133447.04576031186,63174.91660362405,100.0,Excellent,0.0,Higher Consumption,0.0,Higher Carbon,60,Higher Consumption
 07/03  17:00:00,24.202660765302745,49.29417462076562,99143.75097069948,48355.85259915744,100.0,Excellent,0.0,Higher Consumption,0.0,Higher Carbon,60,Higher Consumption
 07/03  18:00:00,24.193145523764123,49.1640659348146,66121.9215899328,39913.86800278115,100.0,Excellent,51.56,Higher Consumption,51.56,Higher Carbon,60,Higher Consumption
 07/03  19:00:00,24.174806450875117,49.0835858889988,57024.14497174644,31249.69553351267,100.0,Excellent,67.85,Higher Consumption,67.85,Higher Carbon,60,Higher Consumption
 07/03  20:00:00,24.150358303623893,49.35383487529853,52335.999139222935,26733.66574358968,100.0,Excellent,80.0,Acceptable,80.0,Acceptable,60,Higher Consumption
 07/03  21:00:00,24.12351305169273,50.24431747352581,47502.688787864,23189.75099662636,100.0,Excellent,90.0,Good,90.0,Good,60,Higher Consumption
 07/03  22:00:00,25.02627187592021,49.72574635016768,21603.55076409053,250.26910759502385,100.0,Excellent,100.0,Excellent,100.0,Excellent,100,Excellent
 07/03  23:00:00,25.30718271083599,51.84476159915538,20122.90815579052,249.454566666085,100.0,Excellent,100.0,Excellent,100.0,Excellent,100,Excellent
 07/03  24:00:00,25.25498307085475,54.12519425845622,13038.514687240193,168.67480905518886,100.0,Excellent,100.0,Excellent,100.0,Excellent,100,Excellent
 07/04  01:00:00,25.231202006507463,55.40622846028023,12877.565474876648,168.6090046831275,100.0,Excellent,100.0,Excellent,100.0,Excellent,100,Excellent
 07/04  02:00:00,25.190824326279014,56.11636847407661,12877.565474876648,168.6090046831275,100.0,Excellent,100.0,Excellent,100.0,Excellent,100,Excellent
 07/04  03:00:00,25.16180993137197,56.50912564812888,12877.565474876648,168.6090046831275,100.0,Excellent,100.0,Excellent,100.0,Excellent,100,Excellent
 07/04  04:00:00,25.111866482951868,56.90055756919666,12877.565474876648,168.6090046831275,100.0,Excellent,100.0,Excellent,100.0,Excellent,100,Excellent
 07/04  05:00:00,25.042836458508507,57.57763124289386,12877.565474876648,168.6090046831275,100.0,Excellent,100.0,Excellent,100.0,Excellent,100,Excellent
 07/04  06:00:00,25.09759497390764,58.47760861579829,18308.31300750821,197.858802377482,100.0,Excellent,100.0,Excellent,100.0,Excellent,100,Excellent
 07/04  07:00:00,25.182386822017715,59.4559481002391,13126.837571522745,197.9192608799163,100.0,Excellent,100.0,Excellent,100.0,Excellent,100,Excellent
 07/04  08:00:00,25.37609274300819,60.01768515094895,12902.089011201737,197.85139994032204,100.0,Excellent,100.0,Excellent,100.0,Excellent,100,Excellent
 07/04  09:00:00,25.86490268128046,59.12150886115361,12858.003476659122,197.8233752222465,100.0,Excellent,100.0,Excellent,100.0,Excellent,100,Excellent
 07/04  10:00:00,26.16218607304356,58.48998064736973,14457.570930993375,1797.3908295565,97.57,Too Hot,100.0,Excellent,100.0,Excellent,100,Excellent
 07/04  11:00:00,25.859625566374607,56.01899150642854,26603.4666934418,13943.286592004924,100.0,Excellent,100.0,Excellent,100.0,Excellent,100,Excellent
 07/04  12:00:00,26.069001260366413,51.28159412303387,25779.84596576188,13119.665864325005,98.96,Too Hot,100.0,Excellent,100.0,Excellent,100,Excellent
 07/04  13:00:00,26.42713005513338,49.334587356428834,24634.660784466658,11974.480683029782,93.59,Too Hot,100.0,Excellent,100.0,Excellent,100,Excellent
 07/04  14:00:00,26.42628999335693,49.526740560770975,30325.91406488025,17665.73396344337,93.61,Too Hot,100.0,Excellent,100.0,Excellent,100,Excellent
 07/04  15:00:00,26.37891617852459,49.77154525210247,29242.65933373189,16582.479232295016,94.32,Too Hot,100.0,Excellent,100.0,Excellent,100,Excellent
 07/04  16:00:00,26.460681844638245,49.6913791576667,20192.965774005665,7532.785672568787,93.09,Too Hot,100.0,Excellent,100.0,Excellent,100,Excellent
 07/04  17:00:00,26.433786124733214,50.459145238058255,16170.846278782345,3495.555891686421,93.49,Too Hot,100.0,Excellent,100.0,Excellent,100,Excellent
 07/04  18:00:00,26.42951896219772,51.02665053789512,13493.051885076566,3138.189115624405,93.56,Too Hot,100.0,Excellent,100.0,Excellent,100,Excellent
 07/04  19:00:00,26.29849137633649,51.42406363596121,11306.680796748273,168.60975312418358,95.52,Too Hot,100.0,Excellent,100.0,Excellent,100,Excellent
 07/04  20:00:00,26.19597731969265,52.208506591506335,13584.615474876648,168.6090046831275,97.06,Too Hot,100.0,Excellent,100.0,Excellent,100,Excellent
 07/04  21:00:00,26.145002759540603,52.81239893295526,13584.615474876648,168.6090046831275,97.82,Too Hot,100.0,Excellent,100.0,Excellent,100,Excellent
 07/04  22:00:00,26.07171983298371,53.4519216872297,13584.615474876648,168.6090046831275,98.92,Too Hot,100.0,Excellent,100.0,Excellent,100,Excellent
 07/04  23:00:00,26.007226002786325,54.108446529241625,13584.615474876648,168.6090046831275,99.89,Too Hot,100.0,Excellent,100.0,Excellent,100,Excellent
 07/04  24:00:00,25.98437951083979,54.68579424977264,16002.738920482274,201.198977940785,100.0,Excellent,100.0,Excellent,100.0,Excellent,100,Excellent
 07/05  01:00:00,25.88637338128761,55.70625976036379,16002.738920482274,201.198977940785,100.0,Excellent,100.0,Excellent,100.0,Excellent,100,Excellent
 07/05  02:00:00,25.79499434953148,56.78547322997573,16002.738920482274,201.198977940785,100.0,Excellent,100.0,Excellent,100.0,Excellent,100,Excellent
 07/05  03:00:00,25.72398462488153,57.852679774798986,16002.738920482274,201.198977940785,100.0,Excellent,100.0,Excellent,100.0,Excellent,100,Excellent
 07/05  04:00:00,25.66612958006664,58.63328520785683,16002.738920482274,201.198977940785,100.0,Excellent,100.0,Excellent,100.0,Excellent,100,Excellent
 07/05  05:00:00,25.699428865703688,58.9835332358883,16002.738920482274,201.198977940785,100.0,Excellent,100.0,Excellent,100.0,Excellent,100,Excellent
 07/05  06:00:00,24.775438651688987,58.4630508818132,41256.182062662905,18203.87542656553,100.0,Excellent,100.0,Excellent,100.0,Excellent,100,Excellent
 07/05  07:00:00,24.103369601363298,55.129225270452885,65001.81298023557,29840.617078514304,100.0,Excellent,53.56,Higher Consumption,53.56,Higher Carbon,60,Higher Consumption
 07/05  08:00:00,24.115159464234,53.07639309705533,124297.34538455728,45897.8047864968,100.0,Excellent,0.0,Higher Consumption,0.0,Higher Carbon,60,Higher Consumption
 07/05  09:00:00,24.130454922632037,52.11112673450758,119147.16104791078,49842.07859451969,100.0,Excellent,0.0,Higher Consumption,0.0,Higher Carbon,60,Higher Consumption
 07/05  10:00:00,24.177363302017184,50.95596094681676,125057.93753997493,57686.94849317724,100.0,Excellent,0.0,Higher Consumption,0.0,Higher Carbon,60,Higher Consumption
 07/05  11:00:00,24.184394470446662,51.94441974582189,142190.41859194153,72885.33613855041,100.0,Excellent,0.0,Higher Consumption,0.0,Higher Carbon,60,Higher Consumption
 07/05  12:00:00,24.23665078815553,50.0440412130718,127446.68772438592,57138.35313494972,100.0,Excellent,0.0,Higher Consumption,0.0,Higher Carbon,60,Higher Consumption
 07/05  13:00:00,24.22049333590924,49.59904239030367,132452.3400072044,61535.5130483188,100.0,Excellent,0.0,Higher Consumption,0.0,Higher Carbon,60,Higher Consumption
 07/05  14:00:00,24.25472192966711,49.10156198748767,131109.13096811678,63738.14192131907,100.0,Excellent,0.0,Higher Consumption,0.0,Higher Carbon,60,Higher Consumption
 07/05  15:00:00,24.22237775394229,48.56632492157183,134035.03035419108,66664.04130739342,100.0,Excellent,0.0,Higher Consumption,0.0,Higher Carbon,60,Higher Consumption
 07/05  16:00:00,24.213524032676226,48.2955274202254,135697.63748949845,65425.50833281065,100.0,Excellent,0.0,Higher Consumption,0.0,Higher Carbon,60,Higher Consumption
 07/05  17:00:00,24.21368064754948,48.29056209624266,98168.81357304363,47380.91520150159,100.0,Excellent,0.0,Higher Consumption,0.0,Higher Carbon,60,Higher Consumption
 07/05  18:00:00,24.20587326612316,48.158046703478895,60769.360658743375,34587.83256307212,100.0,Excellent,61.15,Higher Consumption,61.15,Higher Carbon,60,Higher Consumption
 07/05  19:00:00,24.19140101810296,48.19845423016995,55223.73600813396,29788.14424164253,100.0,Excellent,70.0,No Improvement,70.0,No Improvement,60,Higher Consumption
 07/05  20:00:00,24.17230486319364,48.4455302280343,54218.52806212942,28616.19466649617,100.0,Excellent,70.0,No Improvement,70.0,No Improvement,60,Higher Consumption
 07/05  21:00:00,24.154068287535992,48.864387135948505,50289.359907955964,25976.42211671832,100.0,Excellent,80.0,Acceptable,80.0,Acceptable,60,Higher Consumption
 07/05  22:00:00,25.340212017934466,46.49546913139472,21603.55076409053,250.26910759502385,100.0,Excellent,100.0,Excellent,100.0,Excellent,100,Excellent
 07/05  23:00:00,25.680761640474337,47.36968716183917,20122.90815579052,249.454566666085,100.0,Excellent,100.0,Excellent,100.0,Excellent,100,Excellent
 07/05  24:00:00,25.629960918482787,48.73266609925927,16163.712511941816,201.28916140884087,100.0,Excellent,100.0,Excellent,100.0,Excellent,100,Excellent
 07/06  01:00:00,25.56074915409932,49.7333816390393,16002.738920482274,201.198977940785,100.0,Excellent,100.0,Excellent,100.0,Excellent,100,Excellent
 07/06  02:00:00,25.50645682456357,50.34149828522863,16002.738920482274,201.198977940785,100.0,Excellent,100.0,Excellent,100.0,Excellent,100,Excellent
 07/06  03:00:00,25.471741201454435,51.01631614591244,16002.738920482274,201.198977940785,100.0,Excellent,100.0,Excellent,100.0,Excellent,100,Excellent
 07/06  04:00:00,25.452931803681253,51.870754536877165,16002.738920482274,201.198977940785,100.0,Excellent,100.0,Excellent,100.0,Excellent,100,Excellent
 07/06  05:00:00,25.417902259472672,53.13816684443158,16002.738920482274,201.198977940785,100.0,Excellent,100.0,Excellent,100.0,Excellent,100,Excellent
 07/06  06:00:00,24.45674846220531,54.99099093096429,40866.23925113109,17813.932615033715,100.0,Excellent,100.0,Excellent,100.0,Excellent,100,Excellent
 07/06  07:00:00,24.048262159372037,53.25511234062672,60400.52446443986,25620.86830522809,100.0,Excellent,61.81,Higher Consumption,61.81,Higher Carbon,60,Higher Consumption
 07/06  08:00:00,24.09911711241546,51.8205265210973,122337.84469810556,44614.4178629957,100.0,Excellent,0.0,Higher Consumption,0.0,Higher Carbon,60,Higher Consumption
 07/06  09:00:00,24.123768814530088,51.34851910177397,118832.1155262493,49527.033072858205,100.0,Excellent,0.0,Higher Consumption,0.0,Higher Carbon,60,Higher Consumption
 07/06  10:00:00,24.1802513717575,50.45041972146055,121446.0336465245,54075.0445997268,100.0,Excellent,0.0,Higher Consumption,0.0,Higher Carbon,60,Higher Consumption
 07/06  11:00:00,24.177554372889382,49.633457057599,125011.21604098652,55706.13358759545,100.0,Excellent,0.0,Higher Consumption,0.0,Higher Carbon,60,Higher Consumption
 07/06  12:00:00,24.24854829663988,49.32238666702705,126114.01947397397,55805.68488453775,100.0,Excellent,0.0,Higher Consumption,0.0,Higher Carbon,60,Higher Consumption
 07/06  13:00:00,24.21684245594698,49.41337400564933,133906.53636248177,62989.70940359618,100.0,Excellent,0.0,Higher Consumption,0.0,Higher Carbon,60,Higher Consumption
 07/06  14:00:00,24.24418637551811,48.81275120665669,133376.4898094496,66005.50076265191,100.0,Excellent,0.0,Higher Consumption,0.0,Higher Carbon,60,Higher Consumption
 07/06  15:00:00,24.214394800715898,48.33013975233746,135937.8836718187,68566.89462502101,100.0,Excellent,0.0,Higher Consumption,0.0,Higher Carbon,60,Higher Consumption
 07/06  16:00:00,24.20961850332184,48.097154348791335,139477.21178485372,69205.08262816591,100.0,Excellent,0.0,Higher Consumption,0.0,Higher Carbon,60,Higher Consumption
 07/06  17:00:00,24.2441239837065,47.56731458587334,104563.83121962608,53775.93284808403,100.0,Excellent,0.0,Higher Consumption,0.0,Higher Carbon,60,Higher Consumption
 07/06  18:00:00,24.213301728985144,47.54070389534556,61556.38095752192,35367.79230510846,100.0,Excellent,59.74,Higher Consumption,59.74,Higher Carbon,60,Higher Consumption
 07/06  19:00:00,24.192748132403764,47.85444349195415,53893.87366708348,28336.17769755002,100.0,Excellent,70.0,No Improvement,70.0,No Improvement,60,Higher Consumption
 07/06  20:00:00,24.16919176192035,47.62936585259259,50266.49693112535,24664.163535492105,100.0,Excellent,80.0,Acceptable,80.0,Acceptable,60,Higher Consumption
 07/06  21:00:00,24.149745524826173,46.47290313164719,47326.70016392168,23013.762372684032,100.0,Excellent,90.0,Good,100.0,Excellent,60,Higher Consumption
 07/06  22:00:00,25.440212184236355,42.65203198671206,21603.55076409053,250.26910759502385,100.0,Excellent,100.0,Excellent,100.0,Excellent,100,Excellent
 07/06  23:00:00,25.842331819471717,42.78026358109725,20122.90815579052,249.454566666085,100.0,Excellent,100.0,Excellent,100.0,Excellent,100,Excellent
 07/06  24:00:00,25.775301704673605,43.88832419369703,13038.514687240193,168.67480905518886,100.0,Excellent,100.0,Excellent,100.0,Excellent,100,Excellent
 07/07  01:00:00,25.69389398162705,44.95020627597833,12877.565474876648,168.6090046831275,100.0,Excellent,100.0,Excellent,100.0,Excellent,100,Excellent
 07/07  02:00:00,25.58454327572989,46.52850576980474,12877.565474876648,168.6090046831275,100.0,Excellent,100.0,Excellent,100.0,Excellent,100,Excellent
 07/07  03:00:00,25.47375405437693,48.39976433871251,12877.565474876648,168.6090046831275,100.0,Excellent,100.0,Excellent,100.0,Excellent,100,Excellent
 07/07  04:00:00,25.369084520012954,50.17187092360007,12877.565474876648,168.6090046831275,100.0,Excellent,100.0,Excellent,100.0,Excellent,100,Excellent
 07/07  05:00:00,25.384406681381265,50.9575165409994,12877.565474876648,168.6090046831275,100.0,Excellent,100.0,Excellent,100.0,Excellent,100,Excellent
 07/07  06:00:00,24.51921434651572,51.8640455152108,43839.78409775739,20787.47746166001,100.0,Excellent,100.0,Excellent,100.0,Excellent,90,Efficient
 07/07  07:00:00,24.106151777830124,50.30591472310607,48971.258957475286,25718.27660447653,100.0,Excellent,90.0,Good,90.0,Good,60,Higher Consumption
 07/07  08:00:00,24.11132111862508,49.77305470536052,57843.14919909627,27136.880496078666,100.0,Excellent,66.39,Higher Consumption,66.39,Higher Carbon,60,Higher Consumption
 07/07  09:00:00,24.124167525393823,49.86229452616387,62991.27908574399,30076.62949974428,100.0,Excellent,57.17,Higher Consumption,57.17,Higher Carbon,60,Higher Consumption
 07/07  10:00:00,24.179615553191056,49.444114867926686,67450.14356516534,35502.540682462335,100.0,Excellent,49.18,Higher Consumption,49.18,Higher Carbon,60,Higher Consumption
 07/07  11:00:00,24.180951845208565,49.05164052598374,71184.3942896058,36980.34909921048,100.0,Excellent,42.49,Higher Consumption,42.49,Higher Carbon,60,Higher Consumption
 07/07  12:00:00,24.23472599596697,48.43426462922795,56986.113423502735,33312.143788526075,100.0,Excellent,67.92,Higher Consumption,67.92,Higher Carbon,60,Higher Consumption
 07/07  13:00:00,24.22378077046163,48.14901461545952,55024.91356194859,33929.73513576313,100.0,Excellent,70.0,No Improvement,70.0,No Improvement,60,Higher Consumption
 07/07  14:00:00,24.26255217591368,47.8891659630703,55262.84505237499,35779.41113168404,100.0,Excellent,70.0,No Improvement,70.0,No Improvement,60,Higher Consumption
 07/07  15:00:00,24.230813407339014,47.77444047370189,55177.75286107257,36983.71454477723,100.0,Excellent,70.0,No Improvement,70.0,No Improvement,60,Higher Consumption
 07/07  16:00:00,24.219107690869304,47.81628128944566,52721.97740459512,34205.59018720088,100.0,Excellent,80.0,Acceptable,80.0,Acceptable,60,Higher Consumption
 07/07  17:00:00,24.999898038769945,45.44825298138039,36996.75657340362,22402.483065373337,100.0,Excellent,100.0,Excellent,100.0,Excellent,80,Acceptable
 07/07  18:00:00,25.816748423822887,44.628757193727296,13028.21054470612,197.8581766760053,100.0,Excellent,100.0,Excellent,100.0,Excellent,100,Excellent
 07/07  19:00:00,25.86280864046681,47.06722538637484,11434.396329573416,168.66713123865333,100.0,Excellent,100.0,Excellent,100.0,Excellent,100,Excellent
 07/07  20:00:00,25.71414567466401,49.35833958414179,13584.615474876648,168.6090046831275,100.0,Excellent,100.0,Excellent,100.0,Excellent,100,Excellent
 07/07  21:00:00,25.60144108899904,51.28435481270029,13584.615474876648,168.6090046831275,100.0,Excellent,100.0,Excellent,100.0,Excellent,100,Excellent
 07/07  22:00:00,25.52097701511313,52.93015053499524,13584.615474876648,168.6090046831275,100.0,Excellent,100.0,Excellent,100.0,Excellent,100,Excellent
 07/07  23:00:00,25.460624819649382,54.52196201110034,13584.615474876648,168.6090046831275,100.0,Excellent,100.0,Excellent,100.0,Excellent,100,Excellent
 07/07  24:00:00,25.440531682127183,55.116818312632645,12877.565474876648,168.6090046831275,100.0,Excellent,100.0,Excellent,100.0,Excellent,100,Excellent
 07/08  01:00:00,25.47318533404276,55.06212030602296,12877.565474876648,168.6090046831275,100.0,Excellent,100.0,Excellent,100.0,Excellent,100,Excellent
 07/08  02:00:00,25.5222277961247,54.94298460460905,12877.565474876648,168.6090046831275,100.0,Excellent,100.0,Excellent,100.0,Excellent,100,Excellent
 07/08  03:00:00,25.561143120098627,54.81883051568625,12877.565474876648,168.6090046831275,100.0,Excellent,100.0,Excellent,100.0,Excellent,100,Excellent
 07/08  04:00:00,25.576000475762665,54.86521739696681,12877.565474876648,168.6090046831275,100.0,Excellent,100.0,Excellent,100.0,Excellent,100,Excellent
 07/08  05:00:00,25.49004236118061,55.42509114578145,12877.565474876648,168.6090046831275,100.0,Excellent,100.0,Excellent,100.0,Excellent,100,Excellent
 07/08  06:00:00,25.397073206483213,56.668961377986975,18308.31300750821,197.858802377482,100.0,Excellent,100.0,Excellent,100.0,Excellent,100,Excellent
 07/08  07:00:00,25.414278922001795,57.53398475069285,13075.309810834253,197.91209943814405,100.0,Excellent,100.0,Excellent,100.0,Excellent,100,Excellent
 07/08  08:00:00,25.67799321025185,57.225715749558326,12864.773395798313,197.8304664273653,100.0,Excellent,100.0,Excellent,100.0,Excellent,100,Excellent
 07/08  09:00:00,26.002002783685725,56.67304933507715,12858.003476659122,197.8233752222465,99.97,Too Hot,100.0,Excellent,100.0,Excellent,100,Excellent
 07/08  10:00:00,25.823753296947714,54.30251531033628,26188.21829080165,13528.03818936478,100.0,Excellent,100.0,Excellent,100.0,Excellent,100,Excellent
 07/08  11:00:00,25.94365664812114,49.56123006115254,26609.17280263382,13948.992701196948,100.0,Excellent,100.0,Excellent,100.0,Excellent,100,Excellent
 07/08  12:00:00,26.274341959736805,46.27818955234063,23287.703781840377,10627.523680403505,95.88,Too Hot,100.0,Excellent,100.0,Excellent,100,Excellent
 07/08  13:00:00,26.354742637923923,44.515717134834205,26863.3045613454,14203.124459908518,94.68,Too Hot,100.0,Excellent,100.0,Excellent,100,Excellent
 07/08  14:00:00,26.512054557667238,43.03939655716305,27069.870686965365,14409.690585528491,92.32,Too Hot,100.0,Excellent,100.0,Excellent,100,Excellent
 07/08  15:00:00,26.745550280033587,41.71391038290252,23944.460870888164,11284.280769451289,88.82,Too Hot,100.0,Excellent,100.0,Excellent,55,Too Aggressive
 07/08  16:00:00,26.647535426026423,41.3969922111647,28106.495323252933,15446.315221816058,90.29,Too Hot,100.0,Excellent,100.0,Excellent,100,Excellent
 07/08  17:00:00,26.56577664664688,41.20711375919123,29282.95474442556,16622.774642988683,91.51,Too Hot,100.0,Excellent,100.0,Excellent,100,Excellent
 07/08  18:00:00,26.47105077132893,40.97105426481331,22639.27572219237,12296.622929578214,92.93,Too Hot,100.0,Excellent,100.0,Excellent,100,Excellent
 07/08  19:00:00,26.25574258789532,40.76918688117684,23983.49292284044,12864.098525777605,96.16,Too Hot,100.0,Excellent,100.0,Excellent,100,Excellent
 07/08  20:00:00,26.21412019674876,40.50174606271308,17990.92444826315,4574.9179780696295,96.79,Too Hot,100.0,Excellent,100.0,Excellent,100,Excellent
 07/08  21:00:00,26.10146057849023,41.263393837464754,17835.21151974691,4419.20504955339,98.48,Too Hot,100.0,Excellent,100.0,Excellent,100,Excellent
 07/08  22:00:00,26.40156922656408,41.646971517033656,13584.615474876648,168.6090046831275,93.98,Too Hot,100.0,Excellent,100.0,Excellent,100,Excellent
 07/08  23:00:00,26.338318311153877,43.00681623741784,13584.615474876648,168.6090046831275,94.93,Too Hot,100.0,Excellent,100.0,Excellent,100,Excellent
 07/08  24:00:00,26.325675300901704,44.339608654725005,16002.738920482274,201.198977940785,95.11,Too Hot,100.0,Excellent,100.0,Excellent,100,Excellent
 07/09  01:00:00,26.25197448537848,45.85638084434589,16002.738920482274,201.198977940785,96.22,Too Hot,100.0,Excellent,100.0,Excellent,100,Excellent
 07/09  02:00:00,26.193170160783374,47.04579789032567,16002.738920482274,201.198977940785,97.1,Too Hot,100.0,Excellent,100.0,Excellent,100,Excellent
 07/09  03:00:00,26.14565832638327,48.19276063263328,16002.738920482274,201.198977940785,97.82,Too Hot,100.0,Excellent,100.0,Excellent,100,Excellent
 07/09  04:00:00,26.08748662511301,49.38478377736968,16002.738920482274,201.198977940785,98.69,Too Hot,100.0,Excellent,100.0,Excellent,100,Excellent
 07/09  05:00:00,26.0338609225912,50.72212991143695,16002.738920482274,201.198977940785,99.49,Too Hot,100.0,Excellent,100.0,Excellent,100,Excellent
 07/09  06:00:00,25.033758908692377,52.73589870008009,41371.81026844317,18319.5036323458,100.0,Excellent,100.0,Excellent,100.0,Excellent,100,Excellent
 07/09  07:00:00,24.146920020207208,52.76382759661442,71642.41800274467,36749.40315127726,100.0,Excellent,41.67,Higher Consumption,41.67,Higher Carbon,60,Higher Consumption
 07/09  08:00:00,24.135291469858625,51.59879885071668,136744.0441655704,58970.40575643172,100.0,Excellent,0.0,Higher Consumption,0.0,Higher Carbon,60,Higher Consumption
 07/09  09:00:00,24.151634987975985,50.71781458086401,136690.49892651069,67385.4164731196,100.0,Excellent,0.0,Higher Consumption,0.0,Higher Carbon,60,Higher Consumption
 07/09  10:00:00,24.2198513551745,51.63551535452318,145774.02246497764,78403.03341817996,100.0,Excellent,0.0,Higher Consumption,0.0,Higher Carbon,60,Higher Consumption
 07/09  11:00:00,24.218415889612416,51.51263549931354,140259.22362665948,70954.14117326839,100.0,Excellent,0.0,Higher Consumption,0.0,Higher Carbon,60,Higher Consumption
 07/09  12:00:00,24.24850413267099,49.29770973445446,129579.83885434463,59271.50426490843,100.0,Excellent,0.0,Higher Consumption,0.0,Higher Carbon,60,Higher Consumption
 07/09  13:00:00,24.224839503518837,49.07120692042187,134846.14049746143,63929.31353857581,100.0,Excellent,0.0,Higher Consumption,0.0,Higher Carbon,60,Higher Consumption
 07/09  14:00:00,24.25132418220516,48.62344469744611,132163.321763281,64792.33271648332,100.0,Excellent,0.0,Higher Consumption,0.0,Higher Carbon,60,Higher Consumption
 07/09  15:00:00,24.21706821939797,48.374384819788425,132534.93004017635,65163.94099337865,100.0,Excellent,0.0,Higher Consumption,0.0,Higher Carbon,60,Higher Consumption
 07/09  16:00:00,24.207090945931093,48.531222625787166,132145.582149742,61873.45299305418,100.0,Excellent,0.0,Higher Consumption,0.0,Higher Carbon,60,Higher Consumption
 07/09  17:00:00,24.208376257208545,48.412717050135385,99900.50535140192,49112.60697985986,100.0,Excellent,0.0,Higher Consumption,0.0,Higher Carbon,60,Higher Consumption
 07/09  18:00:00,24.209074172656464,48.03564061261798,60907.2945947907,34725.76649911945,100.0,Excellent,60.9,Higher Consumption,60.9,Higher Carbon,60,Higher Consumption
 07/09  19:00:00,24.19348744058719,48.15958736404711,58619.13017677391,33184.026983705066,100.0,Excellent,65.0,Higher Consumption,65.0,Higher Carbon,60,Higher Consumption
 07/09  20:00:00,24.174109235963225,48.45194901976326,52485.76619502202,26883.43279938877,100.0,Excellent,80.0,Acceptable,80.0,Acceptable,60,Higher Consumption
 07/09  21:00:00,24.15549331510133,48.80269707865533,48867.31949685292,24554.38170561528,100.0,Excellent,90.0,Good,90.0,Good,60,Higher Consumption
 07/09  22:00:00,25.318832178983644,46.57772055082744,21603.55076409053,250.26910759502385,100.0,Excellent,100.0,Excellent,100.0,Excellent,100,Excellent
 07/09  23:00:00,25.658809698234144,47.77688762934189,20122.90815579052,249.454566666085,100.0,Excellent,100.0,Excellent,100.0,Excellent,100,Excellent
 07/09  24:00:00,25.645899294531308,49.43922630209795,16163.712511941816,201.28916140884087,100.0,Excellent,100.0,Excellent,100.0,Excellent,100,Excellent
 07/10  01:00:00,25.59751987988939,50.76385051925877,16002.738920482274,201.198977940785,100.0,Excellent,100.0,Excellent,100.0,Excellent,100,Excellent
 07/10  02:00:00,25.53381618077545,51.97057342566942,16002.738920482274,201.198977940785,100.0,Excellent,100.0,Excellent,100.0,Excellent,100,Excellent
 07/10  03:00:00,25.494739161411367,52.98955814498149,16002.738920482274,201.198977940785,100.0,Excellent,100.0,Excellent,100.0,Excellent,100,Excellent
 07/10  04:00:00,25.467465314507216,53.54419313395832,16002.738920482274,201.198977940785,100.0,Excellent,100.0,Excellent,100.0,Excellent,100,Excellent
 07/10  05:00:00,25.42566488661456,54.298993038842696,16002.738920482274,201.198977940785,100.0,Excellent,100.0,Excellent,100.0,Excellent,100,Excellent
 07/10  06:00:00,24.475967213150835,55.66375431094233,40857.482563279904,17805.175927182532,100.0,Excellent,100.0,Excellent,100.0,Excellent,100,Excellent
 07/10  07:00:00,24.04515378104894,54.0779348378973,62409.70012150974,27458.81927265835,100.0,Excellent,58.21,Higher Consumption,58.21,Higher Carbon,60,Higher Consumption
 07/10  08:00:00,24.096961239617777,52.94388684378963,126023.70393032244,48160.31787422486,100.0,Excellent,0.0,Higher Consumption,0.0,Higher Carbon,60,Higher Consumption
 07/10  09:00:00,24.122172723320023,52.02539403745562,124826.62693663768,55521.54448324657,100.0,Excellent,0.0,Higher Consumption,0.0,Higher Carbon,60,Higher Consumption
 07/10  10:00:00,24.17943371687592,50.994221130126135,130165.27442980428,62794.285383006565,100.0,Excellent,0.0,Higher Consumption,0.0,Higher Carbon,60,Higher Consumption
 07/10  11:00:00,24.19568432872412,52.88343555184731,146319.33242669012,77014.24997329903,100.0,Excellent,0.0,Higher Consumption,0.0,Higher Carbon,60,Higher Consumption
 07/10  12:00:00,24.22351763950395,51.11147410728157,129668.6237167942,59360.28912735797,100.0,Excellent,0.0,Higher Consumption,0.0,Higher Carbon,60,Higher Consumption
 07/10  13:00:00,24.202058838481523,49.85088309133085,130426.58164895776,59509.75469007215,100.0,Excellent,0.0,Higher Consumption,0.0,Higher Carbon,60,Higher Consumption
 07/10  14:00:00,24.234841816834138,49.27466023217752,127083.93025622024,59712.94120942256,100.0,Excellent,0.0,Higher Consumption,0.0,Higher Carbon,60,Higher Consumption
 07/10  15:00:00,24.20512024002016,48.93249065308,128121.73140102756,60750.74235422988,100.0,Excellent,0.0,Higher Consumption,0.0,Higher Carbon,60,Higher Consumption
 07/10  16:00:00,24.195999273441277,49.77779009104283,134559.94737255204,64287.81821586424,100.0,Excellent,0.0,Higher Consumption,0.0,Higher Carbon,60,Higher Consumption
 07/10  17:00:00,24.193834455211714,49.43557791513192,104167.31503633076,53379.4166647887,100.0,Excellent,0.0,Higher Consumption,0.0,Higher Carbon,60,Higher Consumption
 07/10  18:00:00,24.189806175805405,48.97861601978983,60960.82006424831,34754.96240009119,100.0,Excellent,60.8,Higher Consumption,60.8,Higher Carbon,60,Higher Consumption
 07/10  19:00:00,24.17353203969396,48.81310569856943,52031.53314705001,26115.202729063272,100.0,Excellent,80.0,Acceptable,80.0,Acceptable,60,Higher Consumption
 07/10  20:00:00,24.15130929881428,48.53726766668721,48411.08798736018,22808.75459172693,100.0,Excellent,90.0,Good,90.0,Good,80,Acceptable
 07/10  21:00:00,24.129872649241698,47.81455625166092,45599.36400095222,21286.42620971457,100.0,Excellent,90.0,Good,100.0,Excellent,80,Acceptable
 07/10  22:00:00,25.179892407542013,45.696287080354736,21603.55076409053,250.26910759502385,100.0,Excellent,100.0,Excellent,100.0,Excellent,100,Excellent
 07/10  23:00:00,25.518255609736084,46.74938132631814,20122.90815579052,249.454566666085,100.0,Excellent,100.0,Excellent,100.0,Excellent,100,Excellent
 07/10  24:00:00,25.4762503772892,48.442308296453376,16163.712511941816,201.28916140884087,100.0,Excellent,100.0,Excellent,100.0,Excellent,100,Excellent
 07/11  01:00:00,25.428830794277676,49.58832421703969,16002.738920482274,201.198977940785,100.0,Excellent,100.0,Excellent,100.0,Excellent,100,Excellent
 07/11  02:00:00,25.37264241241957,50.85325759697909,16002.738920482274,201.198977940785,100.0,Excellent,100.0,Excellent,100.0,Excellent,100,Excellent
 07/11  03:00:00,25.30652327096349,52.20280246842154,16002.738920482274,201.198977940785,100.0,Excellent,100.0,Excellent,100.0,Excellent,100,Excellent
 07/11  04:00:00,25.266991799132988,53.335125804871474,16002.738920482274,201.198977940785,100.0,Excellent,100.0,Excellent,100.0,Excellent,100,Excellent
 07/11  05:00:00,25.220271389114437,54.28181212176252,16002.738920482274,201.198977940785,100.0,Excellent,100.0,Excellent,100.0,Excellent,100,Excellent
 07/11  06:00:00,24.312504102329004,55.76260370746692,40494.98944348711,17442.682807389734,100.0,Excellent,100.0,Excellent,100.0,Excellent,100,Excellent
 07/11  07:00:00,23.99996538339336,54.36174682279164,63115.05506316576,28297.497450582945,100.0,Excellent,56.94,Higher Consumption,56.94,Higher Carbon,60,Higher Consumption
 07/11  08:00:00,24.089337195687914,52.88042623878006,131335.7993473457,53591.39994383169,100.0,Excellent,0.0,Higher Consumption,0.0,Higher Carbon,60,Higher Consumption
 07/11  09:00:00,24.11994484474164,51.814055404236655,127906.89889017392,58601.81643678284,100.0,Excellent,0.0,Higher Consumption,0.0,Higher Carbon,60,Higher Consumption
 07/11  10:00:00,24.17967200197966,50.73132259250243,119427.11379251818,52056.12474572047,100.0,Excellent,0.0,Higher Consumption,0.0,Higher Carbon,60,Higher Consumption
 07/11  11:00:00,24.17339113481565,50.0933546825958,121178.82990396729,51873.747450576186,100.0,Excellent,0.0,Higher Consumption,0.0,Higher Carbon,60,Higher Consumption
 07/11  12:00:00,24.22331973909094,49.44748818921072,120942.42003879852,50634.08544936232,100.0,Excellent,0.0,Higher Consumption,0.0,Higher Carbon,60,Higher Consumption
 07/11  13:00:00,24.20497225655204,49.586713740320384,126204.99095823332,55288.16399934772,100.0,Excellent,0.0,Higher Consumption,0.0,Higher Carbon,60,Higher Consumption
 07/11  14:00:00,24.23911815076939,49.30889288089954,125988.55293280902,58617.56388601131,100.0,Excellent,0.0,Higher Consumption,0.0,Higher Carbon,60,Higher Consumption
 07/11  15:00:00,24.2063190310951,49.02095822703142,129323.16281388776,61952.17376709006,100.0,Excellent,0.0,Higher Consumption,0.0,Higher Carbon,60,Higher Consumption
 07/11  16:00:00,24.196431694226572,48.99145852574701,131808.95670232037,61536.82754563256,100.0,Excellent,0.0,Higher Consumption,0.0,Higher Carbon,60,Higher Consumption
 07/11  17:00:00,24.198942262946492,48.91097262927613,98886.58801952278,48098.68964798074,100.0,Excellent,0.0,Higher Consumption,0.0,Higher Carbon,60,Higher Consumption
 07/11  18:00:00,24.196380063676155,48.642158809085664,62875.01928650337,36686.201369295246,100.0,Excellent,57.37,Higher Consumption,57.37,Higher Carbon,60,Higher Consumption
 07/11  19:00:00,24.1775623458472,48.75371094356807,53381.357833122645,27622.610893679142,100.0,Excellent,70.0,No Improvement,70.0,No Improvement,60,Higher Consumption
 07/11  20:00:00,24.15358113076704,48.81288590420352,49494.181486343245,23891.848090709995,100.0,Excellent,90.0,Good,90.0,Good,60,Higher Consumption
 07/11  21:00:00,24.132434726531315,48.58621478948415,47078.50161187583,22765.56382063819,100.0,Excellent,90.0,Good,100.0,Excellent,80,Acceptable
 07/11  22:00:00,25.207182391939497,46.43822964157464,21603.55076409053,250.26910759502385,100.0,Excellent,100.0,Excellent,100.0,Excellent,100,Excellent
 07/11  23:00:00,25.54459312946635,47.56859465493061,20122.90815579052,249.454566666085,100.0,Excellent,100.0,Excellent,100.0,Excellent,100,Excellent
 07/11  24:00:00,25.49350963555333,49.37309857690411,16163.712511941816,201.28916140884087,100.0,Excellent,100.0,Excellent,100.0,Excellent,100,Excellent
 07/12  01:00:00,25.411245484265876,50.6391788840299,16002.738920482274,201.198977940785,100.0,Excellent,100.0,Excellent,100.0,Excellent,100,Excellent
 07/12  02:00:00,25.306639482374592,51.491522404403575,16002.738920482274,201.198977940785,100.0,Excellent,100.0,Excellent,100.0,Excellent,100,Excellent
 07/12  03:00:00,25.21162485072601,52.03724863104707,16002.738920482274,201.198977940785,100.0,Excellent,100.0,Excellent,100.0,Excellent,100,Excellent
 07/12  04:00:00,25.163164755085305,52.40739797855716,16002.738920482274,201.198977940785,100.0,Excellent,100.0,Excellent,100.0,Excellent,100,Excellent
 07/12  05:00:00,25.15590323201214,52.91281078726696,16002.738920482274,201.198977940785,100.0,Excellent,100.0,Excellent,100.0,Excellent,100,Excellent
 07/12  06:00:00,24.28710194062085,54.27057695433714,41553.72369990822,18501.417063810844,100.0,Excellent,100.0,Excellent,100.0,Excellent,100,Excellent
 07/12  07:00:00,23.979167778337978,53.110437208986895,60726.8457976588,25802.88543490324,100.0,Excellent,61.22,Higher Consumption,61.22,Higher Carbon,60,Higher Consumption
 07/12  08:00:00,24.08378940461905,52.52253722743211,124024.78121444426,46205.48282024106,100.0,Excellent,0.0,Higher Consumption,0.0,Higher Carbon,60,Higher Consumption
 07/12  09:00:00,24.11333339728597,52.05512248990405,121416.44671966492,52111.36426627386,100.0,Excellent,0.0,Higher Consumption,0.0,Higher Carbon,60,Higher Consumption
 07/12  10:00:00,24.173311426704544,51.00047859992059,123008.94785649884,55637.95880970117,100.0,Excellent,0.0,Higher Consumption,0.0,Higher Carbon,60,Higher Consumption
 07/12  11:00:00,24.16826761191693,50.3664146870315,120471.97106363208,51166.888610241,100.0,Excellent,0.0,Higher Consumption,0.0,Higher Carbon,60,Higher Consumption
 07/12  12:00:00,24.22524632345876,49.69952644338544,122359.07911171368,52050.74452227748,100.0,Excellent,0.0,Higher Consumption,0.0,Higher Carbon,60,Higher Consumption
 07/12  13:00:00,24.205146270596995,49.57179531605663,130746.15079451851,59829.32383563293,100.0,Excellent,0.0,Higher Consumption,0.0,Higher Carbon,60,Higher Consumption
 07/12  14:00:00,24.23869352474945,49.11009696503953,128494.19874558631,61123.20969878861,100.0,Excellent,0.0,Higher Consumption,0.0,Higher Carbon,60,Higher Consumption
 07/12  15:00:00,24.20664667945268,48.88263636220697,129285.11237753244,61914.12333073476,100.0,Excellent,0.0,Higher Consumption,0.0,Higher Carbon,60,Higher Consumption
 07/12  16:00:00,24.1967425808089,48.86711043217522,130615.28892422268,60343.15976753488,100.0,Excellent,0.0,Higher Consumption,0.0,Higher Carbon,60,Higher Consumption
 07/12  17:00:00,24.197118174713108,49.028074235523775,93357.52085626293,42569.62248472085,100.0,Excellent,2.77,Higher Consumption,2.77,Higher Carbon,60,Higher Consumption
 07/12  18:00:00,24.188864585250997,48.7402058514762,58007.61146043213,31820.15794092573,100.0,Excellent,66.09,Higher Consumption,66.09,Higher Carbon,60,Higher Consumption
 07/12  19:00:00,24.175041411645616,48.625092248147936,53590.92443541544,27979.80494978134,100.0,Excellent,70.0,No Improvement,70.0,No Improvement,60,Higher Consumption
 07/12  20:00:00,24.15232823609507,48.7135849470564,49937.39756014232,24335.064164509065,100.0,Excellent,90.0,Good,90.0,Good,60,Higher Consumption
 07/12  21:00:00,24.132039333872516,48.4497462958405,47220.29954841653,22907.361757178885,100.0,Excellent,90.0,Good,100.0,Excellent,80,Acceptable
 07/12  22:00:00,25.216314999913056,46.30222370070852,21603.55076409053,250.26910759502385,100.0,Excellent,100.0,Excellent,100.0,Excellent,100,Excellent
 07/12  23:00:00,25.52457415249852,47.58309133796559,20122.90815579052,249.454566666085,100.0,Excellent,100.0,Excellent,100.0,Excellent,100,Excellent
 07/12  24:00:00,25.44270861380869,49.54090552750748,16163.712511941816,201.28916140884087,100.0,Excellent,100.0,Excellent,100.0,Excellent,100,Excellent
 07/13  01:00:00,25.389363291131204,51.115582987246,16002.738920482274,201.198977940785,100.0,Excellent,100.0,Excellent,100.0,Excellent,100,Excellent
 07/13  02:00:00,25.346812156943912,52.59412324024136,16002.738920482274,201.198977940785,100.0,Excellent,100.0,Excellent,100.0,Excellent,100,Excellent
 07/13  03:00:00,25.274461748157456,53.99200845210745,16002.738920482274,201.198977940785,100.0,Excellent,100.0,Excellent,100.0,Excellent,100,Excellent
 07/13  04:00:00,25.22375855839088,54.994011772363606,16002.738920482274,201.198977940785,100.0,Excellent,100.0,Excellent,100.0,Excellent,100,Excellent
 07/13  05:00:00,25.22373527764261,55.73411714436629,16002.738920482274,201.198977940785,100.0,Excellent,100.0,Excellent,100.0,Excellent,100,Excellent
 07/13  06:00:00,24.312068819667918,56.62576724399381,42147.27828281644,19094.971646719063,100.0,Excellent,100.0,Excellent,100.0,Excellent,100,Excellent
 07/13  07:00:00,23.996418845617026,54.50712779452553,61407.03217859416,26451.55836078065,100.0,Excellent,60.0,Higher Consumption,60.0,Higher Carbon,60,Higher Consumption
 07/13  08:00:00,24.08537030095026,53.22418498712179,123389.93942573672,45522.49616546286,100.0,Excellent,0.0,Higher Consumption,0.0,Higher Carbon,60,Higher Consumption
 07/13  09:00:00,24.112548633392507,52.271431688808384,119978.56986214036,50673.48740874928,100.0,Excellent,0.0,Higher Consumption,0.0,Higher Carbon,60,Higher Consumption
 07/13  10:00:00,24.172296215472628,51.05370362373597,122362.64639529272,54991.65734849502,100.0,Excellent,0.0,Higher Consumption,0.0,Higher Carbon,60,Higher Consumption
 07/13  11:00:00,24.17146892329556,50.39984790664431,125937.35841280084,56632.27595940975,100.0,Excellent,0.0,Higher Consumption,0.0,Higher Carbon,60,Higher Consumption
 07/13  12:00:00,24.22615219943613,49.84239855854801,118910.90500883406,48602.57041939786,100.0,Excellent,0.0,Higher Consumption,0.0,Higher Carbon,60,Higher Consumption
 07/13  13:00:00,24.20557651932499,49.948486709120125,124062.21063206304,53145.38367317744,100.0,Excellent,0.0,Higher Consumption,0.0,Higher Carbon,60,Higher Consumption
 07/13  14:00:00,24.237085051948977,49.61812681504735,123086.23588257536,55715.24683577768,100.0,Excellent,0.0,Higher Consumption,0.0,Higher Carbon,60,Higher Consumption
 07/13  15:00:00,24.20407241915036,49.17722231251326,127758.42094473234,60387.43189793464,100.0,Excellent,0.0,Higher Consumption,0.0,Higher Carbon,60,Higher Consumption
 07/13  16:00:00,24.19526845784972,48.968716840123335,132223.8403117193,61951.71115503151,100.0,Excellent,0.0,Higher Consumption,0.0,Higher Carbon,60,Higher Consumption
 07/13  17:00:00,24.19945757831156,48.690848496748,99312.96769348189,48525.069321939845,100.0,Excellent,0.0,Higher Consumption,0.0,Higher Carbon,60,Higher Consumption
 07/13  18:00:00,24.197878999922857,48.37315418087805,58595.77208141093,32414.243985739664,100.0,Excellent,65.04,Higher Consumption,65.04,Higher Carbon,60,Higher Consumption
 07/13  19:00:00,24.179108191364943,48.32530683037464,52987.80353539409,27596.99875935504,100.0,Excellent,80.0,Acceptable,80.0,Acceptable,60,Higher Consumption
 07/13  20:00:00,24.15896654447394,48.20709215555739,49444.68399854344,23842.350602910177,100.0,Excellent,90.0,Good,90.0,Good,60,Higher Consumption
 07/13  21:00:00,24.140434944178267,47.765093466135454,46976.86837489439,22663.93058365674,100.0,Excellent,90.0,Good,100.0,Excellent,80,Acceptable
 07/13  22:00:00,25.253460056470104,45.51968412493315,21603.55076409053,250.26910759502385,100.0,Excellent,100.0,Excellent,100.0,Excellent,100,Excellent
 07/13  23:00:00,25.579529220374955,46.78172049992588,20122.90815579052,249.454566666085,100.0,Excellent,100.0,Excellent,100.0,Excellent,100,Excellent
 07/13  24:00:00,25.48531950047564,49.05681071222799,13038.514687240193,168.67480905518886,100.0,Excellent,100.0,Excellent,100.0,Excellent,100,Excellent
 07/14  01:00:00,25.4027908858056,50.8948546749642,12877.565474876648,168.6090046831275,100.0,Excellent,100.0,Excellent,100.0,Excellent,100,Excellent
 07/14  02:00:00,25.360425626541492,52.33590360318551,12877.565474876648,168.6090046831275,100.0,Excellent,100.0,Excellent,100.0,Excellent,100,Excellent
 07/14  03:00:00,25.32885867320474,53.42841491040011,12877.565474876648,168.6090046831275,100.0,Excellent,100.0,Excellent,100.0,Excellent,100,Excellent
 07/14  04:00:00,25.287884509851544,54.40739920409621,12877.565474876648,168.6090046831275,100.0,Excellent,100.0,Excellent,100.0,Excellent,100,Excellent
 07/14  05:00:00,25.264043857926385,55.39808901325157,12877.565474876648,168.6090046831275,100.0,Excellent,100.0,Excellent,100.0,Excellent,100,Excellent
 07/14  06:00:00,24.36910955194988,56.19660055703693,43967.18367467485,20914.87703857748,100.0,Excellent,100.0,Excellent,100.0,Excellent,90,Efficient
 07/14  07:00:00,24.037744811016907,52.98458850907045,47867.684734967006,24600.375541658428,100.0,Excellent,90.0,Good,90.0,Good,60,Higher Consumption
 07/14  08:00:00,24.082148011917056,51.15844344523004,56411.545210266326,25686.56147980307,100.0,Excellent,68.95,Higher Consumption,68.95,Higher Carbon,60,Higher Consumption
 07/14  09:00:00,24.11264397050089,50.48660120023999,62150.493385319394,29235.84379931968,100.0,Excellent,58.67,Higher Consumption,58.67,Higher Carbon,60,Higher Consumption
 07/14  10:00:00,24.1712764385704,49.81528956806896,66016.027098788,34068.42421608498,100.0,Excellent,51.75,Higher Consumption,51.75,Higher Carbon,60,Higher Consumption
 07/14  11:00:00,24.173240642721854,49.37487579116357,72888.47062156165,38684.42543116632,100.0,Excellent,39.44,Higher Consumption,39.44,Higher Carbon,60,Higher Consumption
 07/14  12:00:00,24.2348939399612,48.81434750019604,55752.85453658558,32078.884901608923,100.0,Excellent,70.0,No Improvement,70.0,No Improvement,60,Higher Consumption
 07/14  13:00:00,24.22347615006404,48.56991229661039,52610.85668372606,31515.678257540603,100.0,Excellent,80.0,Acceptable,80.0,Acceptable,60,Higher Consumption
 07/14  14:00:00,24.254607006540155,48.22826784319463,53623.51790744139,34140.08398675044,100.0,Excellent,70.0,No Improvement,70.0,No Improvement,60,Higher Consumption
 07/14  15:00:00,24.223989955791662,48.04135628824066,53841.151489346266,35647.11317305092,100.0,Excellent,70.0,No Improvement,70.0,No Improvement,60,Higher Consumption
 07/14  16:00:00,24.218142108543333,47.91375544028272,53753.84217674448,35237.454959350245,100.0,Excellent,70.0,No Improvement,70.0,No Improvement,60,Higher Consumption
 07/14  17:00:00,25.274788046020834,44.08592663324495,36704.76730278974,22110.493794759463,100.0,Excellent,100.0,Excellent,100.0,Excellent,80,Acceptable
 07/14  18:00:00,25.776172183524043,42.08322730401264,22622.14508389424,9961.372124028712,100.0,Excellent,100.0,Excellent,100.0,Excellent,100,Excellent
 07/14  19:00:00,25.584667519986294,42.68761307135212,21594.28615679868,10375.266191348846,100.0,Excellent,100.0,Excellent,100.0,Excellent,100,Excellent
 07/14  20:00:00,25.71418118264628,42.88784447112612,16812.32015630183,3396.3136861083094,100.0,Excellent,100.0,Excellent,100.0,Excellent,100,Excellent
 07/14  21:00:00,25.825795236501747,43.50875417360631,13584.615474876648,168.6090046831275,100.0,Excellent,100.0,Excellent,100.0,Excellent,100,Excellent
 07/14  22:00:00,25.7424365707368,44.68515337248564,13584.615474876648,168.6090046831275,100.0,Excellent,100.0,Excellent,100.0,Excellent,100,Excellent
 07/14  23:00:00,25.678336158847557,45.80643706771059,13584.615474876648,168.6090046831275,100.0,Excellent,100.0,Excellent,100.0,Excellent,100,Excellent
 07/14  24:00:00,25.62564994996337,46.96844381864043,12877.565474876648,168.6090046831275,100.0,Excellent,100.0,Excellent,100.0,Excellent,100,Excellent
 07/15  01:00:00,25.56563580556538,48.27834383452829,12877.565474876648,168.6090046831275,100.0,Excellent,100.0,Excellent,100.0,Excellent,100,Excellent
 07/15  02:00:00,25.548699122373723,49.600975626165166,12877.565474876648,168.6090046831275,100.0,Excellent,100.0,Excellent,100.0,Excellent,100,Excellent
 07/15  03:00:00,25.543088198348144,50.94596543226081,12877.565474876648,168.6090046831275,100.0,Excellent,100.0,Excellent,100.0,Excellent,100,Excellent
 07/15  04:00:00,25.522623431342858,52.22998844397042,12877.565474876648,168.6090046831275,100.0,Excellent,100.0,Excellent,100.0,Excellent,100,Excellent
 07/15  05:00:00,25.47022442709329,53.33475089088964,12877.565474876648,168.6090046831275,100.0,Excellent,100.0,Excellent,100.0,Excellent,100,Excellent
 07/15  06:00:00,25.43580165306431,53.956150588716696,18308.31300750821,197.858802377482,100.0,Excellent,100.0,Excellent,100.0,Excellent,100,Excellent
 07/15  07:00:00,25.41977646867791,54.93796139856501,13076.462318436306,197.9120310586996,100.0,Excellent,100.0,Excellent,100.0,Excellent,100,Excellent
 07/15  08:00:00,25.739881923183265,55.00580412631187,12863.0529110754,197.83035528464904,100.0,Excellent,100.0,Excellent,100.0,Excellent,100,Excellent
 07/15  09:00:00,25.684359944074465,54.02824645784098,25221.36784961258,12561.187748175704,100.0,Excellent,100.0,Excellent,100.0,Excellent,100,Excellent
 07/15  10:00:00,25.7879127248022,50.22400712945886,28552.09182075847,15891.911719321595,100.0,Excellent,100.0,Excellent,100.0,Excellent,100,Excellent
 07/15  11:00:00,26.080091911990817,46.78220490960806,27617.50523835109,14957.325136914213,98.8,Too Hot,100.0,Excellent,100.0,Excellent,100,Excellent
 07/15  12:00:00,26.28135451102532,43.57960394593253,26781.55858125296,14121.37847981608,95.78,Too Hot,100.0,Excellent,100.0,Excellent,100,Excellent
 07/15  13:00:00,26.43628632480246,41.826365536656986,27540.52302075301,14880.34291931614,93.46,Too Hot,100.0,Excellent,100.0,Excellent,100,Excellent
 07/15  14:00:00,26.63167515514167,40.454953749624,25957.68359868017,13297.503497243297,90.52,Too Hot,100.0,Excellent,100.0,Excellent,100,Excellent
 07/15  15:00:00,26.72146314919325,39.27235123332272,25665.19972940453,13005.019627967657,89.18,Too Hot,100.0,Excellent,100.0,Excellent,55,Too Aggressive
 07/15  16:00:00,26.646439478218323,38.57791599679496,29461.036195634948,16800.856094198072,90.3,Too Hot,100.0,Excellent,100.0,Excellent,100,Excellent
 07/15  17:00:00,26.576820468353056,37.96421769780474,26666.87917223816,14006.699070801278,91.35,Too Hot,100.0,Excellent,100.0,Excellent,100,Excellent
 07/15  18:00:00,26.439742872053294,37.77032318030891,22578.188928306976,12234.66404473145,93.4,Too Hot,100.0,Excellent,100.0,Excellent,100,Excellent
 07/15  19:00:00,26.23649870513188,39.144740255476535,25424.67300639276,14304.172365703216,96.45,Too Hot,100.0,Excellent,100.0,Excellent,100,Excellent
 07/15  20:00:00,26.27760351737918,40.28458312170471,20318.324876376828,6902.318406183305,95.84,Too Hot,100.0,Excellent,100.0,Excellent,100,Excellent
 07/15  21:00:00,26.302548867141333,41.71916500116495,15352.538548923983,1936.5320787304645,95.46,Too Hot,100.0,Excellent,100.0,Excellent,100,Excellent
 07/15  22:00:00,26.465401688736804,43.17546295003734,13584.615474876648,168.6090046831275,93.02,Too Hot,100.0,Excellent,100.0,Excellent,100,Excellent
 07/15  23:00:00,26.40256376594308,45.09676327310739,13584.615474876648,168.6090046831275,93.96,Too Hot,100.0,Excellent,100.0,Excellent,100,Excellent
 07/15  24:00:00,26.44574490275363,46.353874009234346,16002.738920482274,201.198977940785,93.31,Too Hot,100.0,Excellent,100.0,Excellent,100,Excellent
 07/16  01:00:00,26.43879227864596,47.53208754358333,16002.738920482274,201.198977940785,93.42,Too Hot,100.0,Excellent,100.0,Excellent,100,Excellent
 07/16  02:00:00,26.40350046645081,48.40567842717408,16002.738920482274,201.198977940785,93.95,Too Hot,100.0,Excellent,100.0,Excellent,100,Excellent
 07/16  03:00:00,26.36985506266384,49.01841032693239,16002.738920482274,201.198977940785,94.45,Too Hot,100.0,Excellent,100.0,Excellent,100,Excellent
 07/16  04:00:00,26.34900871581229,49.33047548457511,16002.738920482274,201.198977940785,94.76,Too Hot,100.0,Excellent,100.0,Excellent,100,Excellent
 07/16  05:00:00,26.25393200998615,49.99117845641243,16002.738920482274,201.198977940785,96.19,Too Hot,100.0,Excellent,100.0,Excellent,100,Excellent
 07/16  06:00:00,25.143193313944536,52.04985392230178,42538.51705447346,19486.210418376075,100.0,Excellent,100.0,Excellent,100.0,Excellent,100,Excellent
 07/16  07:00:00,24.170162609710378,52.355589954488266,75293.9340334523,40289.07895869852,100.0,Excellent,35.13,Higher Consumption,35.13,Higher Carbon,60,Higher Consumption
 07/16  08:00:00,24.143477426357865,51.54021101982792,138688.44986299507,60728.11211805776,100.0,Excellent,0.0,Higher Consumption,0.0,Higher Carbon,60,Higher Consumption
 07/16  09:00:00,24.15165063756915,51.12893817507256,136250.00192693778,66944.91947354667,100.0,Excellent,0.0,Higher Consumption,0.0,Higher Carbon,60,Higher Consumption
 07/16  10:00:00,24.210336641798595,52.30786210826266,142200.63000371505,74829.64095691737,100.0,Excellent,0.0,Higher Consumption,0.0,Higher Carbon,60,Higher Consumption
 07/16  11:00:00,24.197413268091164,49.91808829854558,132698.1717852672,63393.089331876094,100.0,Excellent,0.0,Higher Consumption,0.0,Higher Carbon,60,Higher Consumption
 07/16  12:00:00,24.261218384892665,48.78120365275825,131428.70479910073,61120.37020966453,100.0,Excellent,0.0,Higher Consumption,0.0,Higher Carbon,60,Higher Consumption
 07/16  13:00:00,24.22957701493256,48.84594768758322,135518.1960077901,64601.3690489045,100.0,Excellent,0.0,Higher Consumption,0.0,Higher Carbon,60,Higher Consumption
 07/16  14:00:00,24.25987815519797,48.5457675433603,133242.80577044177,65871.81672364408,100.0,Excellent,0.0,Higher Consumption,0.0,Higher Carbon,60,Higher Consumption
 07/16  15:00:00,24.226297933542256,48.2139897974532,136554.15770773063,69183.16866093292,100.0,Excellent,0.0,Higher Consumption,0.0,Higher Carbon,60,Higher Consumption
 07/16  16:00:00,24.21769089233468,48.09304326021996,138540.37123171522,68268.24207502742,100.0,Excellent,0.0,Higher Consumption,0.0,Higher Carbon,60,Higher Consumption
 07/16  17:00:00,24.21935344125537,48.20720795414204,100515.8735977538,49727.97522621173,100.0,Excellent,0.0,Higher Consumption,0.0,Higher Carbon,60,Higher Consumption
 07/16  18:00:00,24.21224304418689,48.00171860045579,61882.616304249765,35701.0882085785,100.0,Excellent,59.15,Higher Consumption,59.15,Higher Carbon,60,Higher Consumption
 07/16  19:00:00,24.19799047800403,47.99494658019344,55586.892263770525,30178.32437328153,100.0,Excellent,70.0,No Improvement,70.0,No Improvement,60,Higher Consumption
 07/16  20:00:00,24.17814983970177,48.24816450738796,51914.69045033693,26312.35705470368,100.0,Excellent,80.0,Acceptable,80.0,Acceptable,60,Higher Consumption
 07/16  21:00:00,24.156673637269304,48.29806874439714,48633.78579108586,24320.84799984821,100.0,Excellent,90.0,Good,90.0,Good,60,Higher Consumption
 07/16  22:00:00,25.40140895752451,45.75185637022115,21603.55076409053,250.26910759502385,100.0,Excellent,100.0,Excellent,100.0,Excellent,100,Excellent
 07/16  23:00:00,25.795202039380467,46.68152782270179,20122.90815579052,249.454566666085,100.0,Excellent,100.0,Excellent,100.0,Excellent,100,Excellent
 07/16  24:00:00,25.76572600097504,48.46166245447942,16163.712511941816,201.28916140884087,100.0,Excellent,100.0,Excellent,100.0,Excellent,100,Excellent
 07/17  01:00:00,25.70539318948207,50.03641585870509,16002.738920482274,201.198977940785,100.0,Excellent,100.0,Excellent,100.0,Excellent,100,Excellent
 07/17  02:00:00,25.640330657217632,51.494562772696725,16002.738920482274,201.198977940785,100.0,Excellent,100.0,Excellent,100.0,Excellent,100,Excellent
 07/17  03:00:00,25.56877037962812,52.816898410389584,16002.738920482274,201.198977940785,100.0,Excellent,100.0,Excellent,100.0,Excellent,100,Excellent
 07/17  04:00:00,25.5231532321328,53.82207214389813,16002.738920482274,201.198977940785,100.0,Excellent,100.0,Excellent,100.0,Excellent,100,Excellent
 07/17  05:00:00,25.50423503796961,54.621571403480765,16002.738920482274,201.198977940785,100.0,Excellent,100.0,Excellent,100.0,Excellent,100,Excellent
 07/17  06:00:00,24.549781964904994,55.571317249450544,41348.67767615555,18296.37104005818,100.0,Excellent,100.0,Excellent,100.0,Excellent,100,Excellent
 07/17  07:00:00,24.063258469525582,54.15353211684539,63751.286319117855,28796.40090117049,100.0,Excellent,55.8,Higher Consumption,55.8,Higher Carbon,60,Higher Consumption
 07/17  08:00:00,24.1022276790578,52.91983001748392,127090.13658984475,49191.417789472944,100.0,Excellent,0.0,Higher Consumption,0.0,Higher Carbon,60,Higher Consumption
 07/17  09:00:00,24.121550063860923,52.111025477670665,121751.84529942252,52446.76284603142,100.0,Excellent,0.0,Higher Consumption,0.0,Higher Carbon,60,Higher Consumption
 07/17  10:00:00,24.17774879297026,50.55790259251177,125959.86546441291,58588.87641761524,100.0,Excellent,0.0,Higher Consumption,0.0,Higher Carbon,60,Higher Consumption
 07/17  11:00:00,24.18389377502641,49.90971982226071,124030.34248815774,54725.260034766645,100.0,Excellent,0.0,Higher Consumption,0.0,Higher Carbon,60,Higher Consumption
 07/17  12:00:00,24.25408134244371,49.274318442403306,125280.91488438765,54972.58029495143,100.0,Excellent,0.0,Higher Consumption,0.0,Higher Carbon,60,Higher Consumption
 07/17  13:00:00,24.2230070520573,49.35928894790204,131540.95622600504,60624.12926711942,100.0,Excellent,0.0,Higher Consumption,0.0,Higher Carbon,60,Higher Consumption
 07/17  14:00:00,24.2524387384832,48.953993934777024,130605.96370164826,63234.974654850565,100.0,Excellent,0.0,Higher Consumption,0.0,Higher Carbon,60,Higher Consumption
 07/17  15:00:00,24.2186464557461,48.50297707410032,133713.37119161082,66342.3821448131,100.0,Excellent,0.0,Higher Consumption,0.0,Higher Carbon,60,Higher Consumption
 07/17  16:00:00,24.20721834776328,48.513305202457886,133775.77299877253,63503.64384208472,100.0,Excellent,0.0,Higher Consumption,0.0,Higher Carbon,60,Higher Consumption
 07/17  17:00:00,24.208228349830463,48.48786146747386,100045.13504146913,49257.23666992708,100.0,Excellent,0.0,Higher Consumption,0.0,Higher Carbon,60,Higher Consumption
 07/17  18:00:00,24.20406564165435,48.2083243982582,60309.067248078834,34123.96736165407,100.0,Excellent,61.97,Higher Consumption,61.97,Higher Carbon,60,Higher Consumption
 07/17  19:00:00,24.187911003738467,48.26690184004494,54327.39085680472,28803.03100367376,100.0,Excellent,70.0,No Improvement,70.0,No Improvement,60,Higher Consumption
 07/17  20:00:00,24.16698447894983,48.62480044676665,51615.67733464048,26013.34393900724,100.0,Excellent,80.0,Acceptable,80.0,Acceptable,60,Higher Consumption
 07/17  21:00:00,24.14830364327054,48.43068849871655,47899.78981109498,23586.85201985734,100.0,Excellent,90.0,Good,90.0,Good,60,Higher Consumption
 07/17  22:00:00,25.306146483053386,45.75101503753787,21603.55076409053,250.26910759502385,100.0,Excellent,100.0,Excellent,100.0,Excellent,100,Excellent
 07/17  23:00:00,25.63646554958035,46.61291303429954,20122.90815579052,249.454566666085,100.0,Excellent,100.0,Excellent,100.0,Excellent,100,Excellent
 07/17  24:00:00,25.56527107484495,48.410527452419664,16163.712511941816,201.28916140884087,100.0,Excellent,100.0,Excellent,100.0,Excellent,100,Excellent
 07/18  01:00:00,25.476666331812165,49.78919843754184,16002.738920482274,201.198977940785,100.0,Excellent,100.0,Excellent,100.0,Excellent,100,Excellent
 07/18  02:00:00,25.420362737697253,51.15967409896243,16002.738920482274,201.198977940785,100.0,Excellent,100.0,Excellent,100.0,Excellent,100,Excellent
 07/18  03:00:00,25.39157348089309,52.4358780130646,16002.738920482274,201.198977940785,100.0,Excellent,100.0,Excellent,100.0,Excellent,100,Excellent
 07/18  04:00:00,25.380114924509773,53.321198605609695,16002.738920482274,201.198977940785,100.0,Excellent,100.0,Excellent,100.0,Excellent,100,Excellent
 07/18  05:00:00,25.337731698488785,54.49866115578035,16002.738920482274,201.198977940785,100.0,Excellent,100.0,Excellent,100.0,Excellent,100,Excellent
 07/18  06:00:00,24.397994832930426,55.85184699224484,40984.4308980964,17932.12426199902,100.0,Excellent,100.0,Excellent,100.0,Excellent,100,Excellent
 07/18  07:00:00,24.031471313850787,53.88969232965187,61795.99071329681,26969.722295701496,100.0,Excellent,59.31,Higher Consumption,59.31,Higher Carbon,60,Higher Consumption
 07/18  08:00:00,24.09373845893316,52.33808996070067,128452.68823818018,50703.88747262654,100.0,Excellent,0.0,Higher Consumption,0.0,Higher Carbon,60,Higher Consumption
 07/18  09:00:00,24.12391554599461,51.2830342632098,129384.04384719805,60078.96139380695,100.0,Excellent,0.0,Higher Consumption,0.0,Higher Carbon,60,Higher Consumption
 07/18  10:00:00,24.187181674791063,50.04288037066445,118614.78996352504,51243.80091672735,100.0,Excellent,0.0,Higher Consumption,0.0,Higher Carbon,60,Higher Consumption
 07/18  11:00:00,24.18763594515177,49.77482775937032,126243.58955570804,56938.507102316944,100.0,Excellent,0.0,Higher Consumption,0.0,Higher Carbon,60,Higher Consumption
 07/18  12:00:00,24.255771324833443,49.31965997452279,126509.79576115328,56201.46117171706,100.0,Excellent,0.0,Higher Consumption,0.0,Higher Carbon,60,Higher Consumption
 07/18  13:00:00,24.219114114038717,49.445289826847365,131776.2123354449,60859.385376559294,100.0,Excellent,0.0,Higher Consumption,0.0,Higher Carbon,60,Higher Consumption
 07/18  14:00:00,24.24959181798795,49.02577065645394,130535.35646556134,63164.36741876365,100.0,Excellent,0.0,Higher Consumption,0.0,Higher Carbon,60,Higher Consumption
 07/18  15:00:00,24.215279450261782,48.57152670768048,134347.16419787344,66976.17515107575,100.0,Excellent,0.0,Higher Consumption,0.0,Higher Carbon,60,Higher Consumption
 07/18  16:00:00,24.206188158059483,48.33442860516689,138567.59007211923,68295.46091543141,100.0,Excellent,0.0,Higher Consumption,0.0,Higher Carbon,60,Higher Consumption
 07/18  17:00:00,24.23959087987059,47.91088453672676,104443.86651038664,53655.96813884459,100.0,Excellent,0.0,Higher Consumption,0.0,Higher Carbon,60,Higher Consumption
 07/18  18:00:00,24.20993194714939,47.7113012114002,64372.103018518086,38190.57492284683,100.0,Excellent,54.69,Higher Consumption,54.69,Higher Carbon,60,Higher Consumption
 07/18  19:00:00,24.19434979685629,47.88067442104975,56953.39399291699,31571.4088108736,100.0,Excellent,67.98,Higher Consumption,67.98,Higher Carbon,60,Higher Consumption
 07/18  20:00:00,24.175540309250582,48.05030734845289,51443.2843262258,25840.95093059256,100.0,Excellent,80.0,Acceptable,80.0,Acceptable,60,Higher Consumption
 07/18  21:00:00,24.15542758932885,47.61871974474681,48039.23813429703,23726.30034305939,100.0,Excellent,90.0,Good,90.0,Good,60,Higher Consumption
 07/18  22:00:00,25.4417724687098,44.67273059202645,21603.55076409053,250.26910759502385,100.0,Excellent,100.0,Excellent,100.0,Excellent,100,Excellent
 07/18  23:00:00,25.82760129612244,45.29926154335444,20122.90815579052,249.454566666085,100.0,Excellent,100.0,Excellent,100.0,Excellent,100,Excellent
 07/18  24:00:00,25.796480935225045,46.52019355075326,16163.712511941816,201.28916140884087,100.0,Excellent,100.0,Excellent,100.0,Excellent,100,Excellent
 07/19  01:00:00,25.70466833995541,47.63973429653701,16002.738920482274,201.198977940785,100.0,Excellent,100.0,Excellent,100.0,Excellent,100,Excellent
 07/19  02:00:00,25.60003506986729,48.863856936146334,16002.738920482274,201.198977940785,100.0,Excellent,100.0,Excellent,100.0,Excellent,100,Excellent
 07/19  03:00:00,25.523420563439075,50.10300253418183,16002.738920482274,201.198977940785,100.0,Excellent,100.0,Excellent,100.0,Excellent,100,Excellent
 07/19  04:00:00,25.442872189811357,51.39844834226744,16002.738920482274,201.198977940785,100.0,Excellent,100.0,Excellent,100.0,Excellent,100,Excellent
 07/19  05:00:00,25.40092004859556,52.43023400596116,16002.738920482274,201.198977940785,100.0,Excellent,100.0,Excellent,100.0,Excellent,100,Excellent
 07/19  06:00:00,24.48101437850101,53.30683022341776,41110.14022384308,18057.833587745707,100.0,Excellent,100.0,Excellent,100.0,Excellent,100,Excellent
 07/19  07:00:00,24.05070192854753,52.286567110361005,61980.84802020917,26991.499056600784,100.0,Excellent,58.98,Higher Consumption,58.98,Higher Carbon,60,Higher Consumption
 07/19  08:00:00,24.09621103151241,52.13197133490219,126646.0545000414,48696.24503426347,100.0,Excellent,0.0,Higher Consumption,0.0,Higher Carbon,60,Higher Consumption
 07/19  09:00:00,24.117473380200057,51.88770116565373,125543.85359822428,56238.77114483319,100.0,Excellent,0.0,Higher Consumption,0.0,Higher Carbon,60,Higher Consumption
 07/19  10:00:00,24.172295013595104,51.0003369686491,130922.14189787488,63551.15285107719,100.0,Excellent,0.0,Higher Consumption,0.0,Higher Carbon,60,Higher Consumption
 07/19  11:00:00,24.17793634601671,55.02161713389101,151290.1416479073,81985.05919451617,100.0,Excellent,0.0,Higher Consumption,0.0,Higher Carbon,60,Higher Consumption
 07/19  12:00:00,24.213146642492084,51.734137762822805,127685.78585621076,57377.45126677456,100.0,Excellent,0.0,Higher Consumption,0.0,Higher Carbon,60,Higher Consumption
 07/19  13:00:00,24.197460004311065,49.6473218112064,127284.281068192,56367.45410930639,100.0,Excellent,0.0,Higher Consumption,0.0,Higher Carbon,60,Higher Consumption
 07/19  14:00:00,24.23402469673596,49.19788512730079,123598.50106708174,56227.51202028404,100.0,Excellent,0.0,Higher Consumption,0.0,Higher Carbon,60,Higher Consumption
 07/19  15:00:00,24.204660579456696,48.86607364326564,126833.99963752722,59463.01059072952,100.0,Excellent,0.0,Higher Consumption,0.0,Higher Carbon,60,Higher Consumption
 07/19  16:00:00,24.19742790913389,48.681062723445294,132221.64766371998,61949.51850703217,100.0,Excellent,0.0,Higher Consumption,0.0,Higher Carbon,60,Higher Consumption
 07/19  17:00:00,24.203673457299345,48.41285220478968,100560.14594506696,49772.2475735249,100.0,Excellent,0.0,Higher Consumption,0.0,Higher Carbon,60,Higher Consumption
 07/19  18:00:00,24.20372116248368,48.18752520324554,59944.05593477539,33737.18449412128,100.0,Excellent,62.62,Higher Consumption,62.62,Higher Carbon,60,Higher Consumption
 07/19  19:00:00,24.185531006954893,48.25404968884591,54665.40159435027,29133.97463388408,100.0,Excellent,70.0,No Improvement,70.0,No Improvement,60,Higher Consumption
 07/19  20:00:00,24.16471346100469,48.23669606381296,50696.840478774815,25094.507083141565,100.0,Excellent,80.0,Acceptable,80.0,Acceptable,60,Higher Consumption
 07/19  21:00:00,24.14491723535753,47.89293422613679,48606.35387679437,24293.41608555673,100.0,Excellent,90.0,Good,90.0,Good,60,Higher Consumption
 07/19  22:00:00,25.346494555686927,45.30101580035199,21603.55076409053,250.26910759502385,100.0,Excellent,100.0,Excellent,100.0,Excellent,100,Excellent
 07/19  23:00:00,25.722225955170583,45.68610071404712,20122.90815579052,249.454566666085,100.0,Excellent,100.0,Excellent,100.0,Excellent,100,Excellent
 07/19  24:00:00,25.71174264918912,46.8058030432331,16163.712511941816,201.28916140884087,100.0,Excellent,100.0,Excellent,100.0,Excellent,100,Excellent
 07/20  01:00:00,25.69401561881782,47.68397801815283,16002.738920482274,201.198977940785,100.0,Excellent,100.0,Excellent,100.0,Excellent,100,Excellent
 07/20  02:00:00,25.647982587313905,48.663876013234365,16002.738920482274,201.198977940785,100.0,Excellent,100.0,Excellent,100.0,Excellent,100,Excellent
 07/20  03:00:00,25.58969364022305,49.65190593467163,16002.738920482274,201.198977940785,100.0,Excellent,100.0,Excellent,100.0,Excellent,100,Excellent
 07/20  04:00:00,25.53042711109611,50.49620177411456,16002.738920482274,201.198977940785,100.0,Excellent,100.0,Excellent,100.0,Excellent,100,Excellent
 07/20  05:00:00,25.51332300876177,51.1586225953339,16002.738920482274,201.198977940785,100.0,Excellent,100.0,Excellent,100.0,Excellent,100,Excellent
 07/20  06:00:00,24.508191685525603,52.98161038771599,42902.455109121074,19850.14847302369,100.0,Excellent,100.0,Excellent,100.0,Excellent,90,Efficient
 07/20  07:00:00,24.05754356405261,52.3184316167626,63191.152990357805,28175.15688578393,100.0,Excellent,56.81,Higher Consumption,56.81,Higher Carbon,60,Higher Consumption
 07/20  08:00:00,24.09704363119304,51.92654042843171,124762.95463407108,46755.37109749588,100.0,Excellent,0.0,Higher Consumption,0.0,Higher Carbon,60,Higher Consumption
 07/20  09:00:00,24.113440884636216,51.88622655422572,120364.11618775556,51042.56648189149,100.0,Excellent,0.0,Higher Consumption,0.0,Higher Carbon,60,Higher Consumption
 07/20  10:00:00,24.17200558814637,50.500959529306286,119194.9892552926,51824.00020849492,100.0,Excellent,0.0,Higher Consumption,0.0,Higher Carbon,60,Higher Consumption
 07/20  11:00:00,24.17912541443881,49.94013140533677,125550.54753445566,56245.465081064576,100.0,Excellent,0.0,Higher Consumption,0.0,Higher Carbon,60,Higher Consumption
 07/20  12:00:00,24.257695335989716,49.43397320741646,127520.0339705643,57211.69938112808,100.0,Excellent,0.0,Higher Consumption,0.0,Higher Carbon,60,Higher Consumption
 07/20  13:00:00,24.215428648502822,49.43682709657296,134112.26878662303,63195.44182773744,100.0,Excellent,0.0,Higher Consumption,0.0,Higher Carbon,60,Higher Consumption
 07/20  14:00:00,24.242785790663596,48.95476801017502,131589.35312885384,64218.36408205616,100.0,Excellent,0.0,Higher Consumption,0.0,Higher Carbon,60,Higher Consumption
 07/20  15:00:00,24.20764795982973,48.80575324346454,128773.39671843086,61402.40767163316,100.0,Excellent,0.0,Higher Consumption,0.0,Higher Carbon,60,Higher Consumption
 07/20  16:00:00,24.194883025501785,48.89311949792797,130917.3988485343,60645.26969184652,100.0,Excellent,0.0,Higher Consumption,0.0,Higher Carbon,60,Higher Consumption
 07/20  17:00:00,24.19970269447766,48.74094914007284,98348.46796277836,47560.56959123632,100.0,Excellent,0.0,Higher Consumption,0.0,Higher Carbon,60,Higher Consumption
 07/20  18:00:00,24.19816842362475,48.46207572983059,58680.54838574391,32468.67665016588,100.0,Excellent,64.89,Higher Consumption,64.89,Higher Carbon,60,Higher Consumption
 07/20  19:00:00,24.177776173220884,48.49066675308929,53562.4354859975,27794.22472444647,100.0,Excellent,70.0,No Improvement,70.0,No Improvement,60,Higher Consumption
 07/20  20:00:00,24.154164281582677,48.550615929894775,51077.324372397205,25474.990976763955,100.0,Excellent,80.0,Acceptable,80.0,Acceptable,60,Higher Consumption
 07/20  21:00:00,24.13656937191776,48.46975526272664,50615.3521383066,26302.414347068945,100.0,Excellent,80.0,Acceptable,80.0,Acceptable,60,Higher Consumption
 07/20  22:00:00,25.29414877106563,46.11711432626128,21603.55076409053,250.26910759502385,100.0,Excellent,100.0,Excellent,100.0,Excellent,100,Excellent
 07/20  23:00:00,25.65557525245692,46.7040300772512,20122.90815579052,249.454566666085,100.0,Excellent,100.0,Excellent,100.0,Excellent,100,Excellent
 07/20  24:00:00,25.585591196747814,48.03754170291095,13038.514687240193,168.67480905518886,100.0,Excellent,100.0,Excellent,100.0,Excellent,100,Excellent
 07/21  01:00:00,25.53515140903824,48.98866026112027,12877.565474876648,168.6090046831275,100.0,Excellent,100.0,Excellent,100.0,Excellent,100,Excellent
 07/21  02:00:00,25.486068985135404,49.90958897201549,12877.565474876648,168.6090046831275,100.0,Excellent,100.0,Excellent,100.0,Excellent,100,Excellent
 07/21  03:00:00,25.454609735206333,50.4348599720857,12877.565474876648,168.6090046831275,100.0,Excellent,100.0,Excellent,100.0,Excellent,100,Excellent
 07/21  04:00:00,25.4247244512798,51.0291318449486,12877.565474876648,168.6090046831275,100.0,Excellent,100.0,Excellent,100.0,Excellent,100,Excellent
 07/21  05:00:00,25.40373032322084,51.60051210888217,12877.565474876648,168.6090046831275,100.0,Excellent,100.0,Excellent,100.0,Excellent,100,Excellent
 07/21  06:00:00,24.433465776170397,52.84241585113094,41576.01789893651,18523.711262839137,100.0,Excellent,100.0,Excellent,100.0,Excellent,100,Excellent
 07/21  07:00:00,24.05914930495716,50.86985319216117,46747.04260406686,23450.880958017337,100.0,Excellent,90.0,Good,100.0,Excellent,60,Higher Consumption
 07/21  08:00:00,24.08400147719376,49.88521231239859,57955.33741670218,27194.24160899632,100.0,Excellent,66.19,Higher Consumption,66.19,Higher Carbon,60,Higher Consumption
 07/21  09:00:00,24.113902533391173,49.68966288940781,66045.92601000905,33131.276424009324,100.0,Excellent,51.69,Higher Consumption,51.69,Higher Carbon,60,Higher Consumption
 07/21  10:00:00,24.16947050121949,49.385599730598216,70391.94508985739,38444.342207154376,100.0,Excellent,43.91,Higher Consumption,43.91,Higher Carbon,60,Higher Consumption
 07/21  11:00:00,24.16425525877508,48.92347826573463,70561.11549645662,36357.0703060613,100.0,Excellent,43.61,Higher Consumption,43.61,Higher Carbon,60,Higher Consumption
 07/21  12:00:00,24.224374353583038,48.54182148983049,58506.20856423832,34832.23892926166,100.0,Excellent,65.2,Higher Consumption,65.2,Higher Carbon,60,Higher Consumption
 07/21  13:00:00,24.21442308372171,48.30957743061919,58136.70343628452,37041.52501009907,100.0,Excellent,65.86,Higher Consumption,65.86,Higher Carbon,60,Higher Consumption
 07/21  14:00:00,24.254984301211262,47.95049603242949,58023.30755439191,38539.87363370096,100.0,Excellent,66.06,Higher Consumption,66.06,Higher Carbon,60,Higher Consumption
 07/21  15:00:00,24.22604178661954,47.79644137187412,57757.96230365488,39563.923987359536,100.0,Excellent,66.54,Higher Consumption,66.54,Higher Carbon,60,Higher Consumption
 07/21  16:00:00,24.217112024365743,47.702264526189,57132.08147860359,38615.69426120935,100.0,Excellent,67.66,Higher Consumption,67.66,Higher Carbon,60,Higher Consumption
 07/21  17:00:00,25.1823288743863,44.60518165106864,38898.8900110104,24304.61650298012,100.0,Excellent,100.0,Excellent,100.0,Excellent,60,Higher Consumption
 07/21  18:00:00,25.955699818943412,42.27779760739884,19076.01153528539,6413.796324067713,100.0,Excellent,100.0,Excellent,100.0,Excellent,100,Excellent
 07/21  19:00:00,25.87579261716916,41.72673278722191,19122.97926967276,7911.69254106842,100.0,Excellent,100.0,Excellent,100.0,Excellent,100,Excellent
 07/21  20:00:00,25.74926865916001,40.8015269928793,15265.09948077038,1849.0930105768584,100.0,Excellent,100.0,Excellent,100.0,Excellent,100,Excellent
 07/21  21:00:00,26.011448407350738,41.1395852543224,13584.615474876648,168.6090046831275,99.83,Too Hot,100.0,Excellent,100.0,Excellent,100,Excellent
 07/21  22:00:00,25.927053928336687,42.3790639517494,13584.615474876648,168.6090046831275,100.0,Excellent,100.0,Excellent,100.0,Excellent,100,Excellent
 07/21  23:00:00,25.85667557971008,43.463478354363424,13584.615474876648,168.6090046831275,100.0,Excellent,100.0,Excellent,100.0,Excellent,100,Excellent
 07/21  24:00:00,25.797336340031823,44.59460217873189,12877.565474876648,168.6090046831275,100.0,Excellent,100.0,Excellent,100.0,Excellent,100,Excellent
 07/22  01:00:00,25.74840671607817,45.5697408316469,12877.565474876648,168.6090046831275,100.0,Excellent,100.0,Excellent,100.0,Excellent,100,Excellent
 07/22  02:00:00,25.71715361326271,46.42137560048187,12877.565474876648,168.6090046831275,100.0,Excellent,100.0,Excellent,100.0,Excellent,100,Excellent
 07/22  03:00:00,25.646196765876915,46.943885618691525,12877.565474876648,168.6090046831275,100.0,Excellent,100.0,Excellent,100.0,Excellent,100,Excellent
 07/22  04:00:00,25.59447440112817,47.42048145998706,12877.565474876648,168.6090046831275,100.0,Excellent,100.0,Excellent,100.0,Excellent,100,Excellent
 07/22  05:00:00,25.58317872244259,48.29765507701839,12877.565474876648,168.6090046831275,100.0,Excellent,100.0,Excellent,100.0,Excellent,100,Excellent
 07/22  06:00:00,25.606920023254037,49.60820326676866,18308.31300750821,197.858802377482,100.0,Excellent,100.0,Excellent,100.0,Excellent,100,Excellent
 07/22  07:00:00,25.60041927072782,51.12192983278482,13109.274167904892,197.9178172255993,100.0,Excellent,100.0,Excellent,100.0,Excellent,100,Excellent
 07/22  08:00:00,25.734200467369728,51.88578042729304,12889.792492684335,197.84340053278768,100.0,Excellent,100.0,Excellent,100.0,Excellent,100,Excellent
 07/22  09:00:00,26.0052939353605,51.576695067614544,17741.116620139932,5080.9365187030535,99.92,Too Hot,100.0,Excellent,100.0,Excellent,100,Excellent
 07/22  10:00:00,25.81073069684932,49.830833988251634,25039.70811774967,12379.528016312792,100.0,Excellent,100.0,Excellent,100.0,Excellent,100,Excellent
 07/22  11:00:00,26.11773072451319,46.77160872367293,25727.194701397188,13067.014599960316,98.23,Too Hot,100.0,Excellent,100.0,Excellent,100,Excellent
 07/22  12:00:00,26.25396472156085,44.82796023680724,27250.24250463372,14590.062403196842,96.19,Too Hot,100.0,Excellent,100.0,Excellent,100,Excellent
 07/22  13:00:00,26.40422545014941,42.65766953150717,25596.579515761405,12936.399414324527,93.94,Too Hot,100.0,Excellent,100.0,Excellent,100,Excellent
 07/22  14:00:00,26.65896227553716,40.5880635944128,25361.005498175648,12700.825396738772,90.12,Too Hot,100.0,Excellent,100.0,Excellent,100,Excellent
 07/22  15:00:00,26.672479111274576,39.35687002148474,30244.628632698368,17584.44853126149,89.91,Too Hot,100.0,Excellent,100.0,Excellent,55,Too Aggressive
 07/22  16:00:00,26.770576109537185,38.25899458945233,28436.50206965342,15776.321968216542,88.44,Too Hot,100.0,Excellent,100.0,Excellent,55,Too Aggressive
 07/22  17:00:00,26.80552822805208,37.60631431691038,26897.6132757296,14237.433174292726,87.92,Too Hot,100.0,Excellent,100.0,Excellent,55,Too Aggressive
 07/22  18:00:00,26.49084956494444,37.77198478279813,27361.544806335307,17016.59161832488,92.64,Too Hot,100.0,Excellent,100.0,Excellent,100,Excellent
 07/22  19:00:00,26.293165024413817,39.45784107241554,22679.046622376023,11541.246672216545,95.6,Too Hot,100.0,Excellent,100.0,Excellent,100,Excellent
 07/22  20:00:00,26.03469498285334,42.7800379046786,24688.64373929878,11272.637269105258,99.48,Too Hot,100.0,Excellent,100.0,Excellent,100,Excellent
 07/22  21:00:00,26.35612965931304,44.79377194819682,13584.615474876648,168.6090046831275,94.66,Too Hot,100.0,Excellent,100.0,Excellent,100,Excellent
 07/22  22:00:00,26.30237292550792,47.59031162009981,13584.615474876648,168.6090046831275,95.46,Too Hot,100.0,Excellent,100.0,Excellent,100,Excellent
 07/22  23:00:00,26.28039270340421,49.65228639519094,13584.615474876648,168.6090046831275,95.79,Too Hot,100.0,Excellent,100.0,Excellent,100,Excellent
 07/22  24:00:00,26.377576517226075,50.81169701743422,16002.738920482274,201.198977940785,94.34,Too Hot,100.0,Excellent,100.0,Excellent,100,Excellent
 07/23  01:00:00,26.44049059357739,51.51002156627684,16002.738920482274,201.198977940785,93.39,Too Hot,100.0,Excellent,100.0,Excellent,100,Excellent
 07/23  02:00:00,26.461305350082217,51.97699521767879,16002.738920482274,201.198977940785,93.08,Too Hot,100.0,Excellent,100.0,Excellent,100,Excellent
 07/23  03:00:00,26.461967826513373,52.09251339522275,16002.738920482274,201.198977940785,93.07,Too Hot,100.0,Excellent,100.0,Excellent,100,Excellent
 07/23  04:00:00,26.434629238548357,52.7669309027107,16002.738920482274,201.198977940785,93.48,Too Hot,100.0,Excellent,100.0,Excellent,100,Excellent
 07/23  05:00:00,26.320677360873223,53.995976968049895,16002.738920482274,201.198977940785,95.19,Too Hot,100.0,Excellent,100.0,Excellent,100,Excellent
 07/23  06:00:00,25.152060281557446,55.30798387296214,42977.99909490903,19925.692458811656,100.0,Excellent,100.0,Excellent,100.0,Excellent,90,Efficient
 07/23  07:00:00,24.173560244894546,53.19040212279444,72495.72662335844,37508.24654703336,100.0,Excellent,40.14,Higher Consumption,40.14,Higher Carbon,60,Higher Consumption
 07/23  08:00:00,24.14695549239751,51.44096474797266,130714.51253089387,52763.6130960388,100.0,Excellent,0.0,Higher Consumption,0.0,Higher Carbon,60,Higher Consumption
 07/23  09:00:00,24.15479699934713,50.70029666402232,124161.60390930012,54856.52145590904,100.0,Excellent,0.0,Higher Consumption,0.0,Higher Carbon,60,Higher Consumption
 07/23  10:00:00,24.199451471477484,49.90797542357421,128543.14026502163,61172.151218223975,100.0,Excellent,0.0,Higher Consumption,0.0,Higher Carbon,60,Higher Consumption
 07/23  11:00:00,24.211636587716463,50.86696134656164,148216.38604448267,78911.30359109158,100.0,Excellent,0.0,Higher Consumption,0.0,Higher Carbon,60,Higher Consumption
 07/23  12:00:00,24.250004272553795,53.30385018256581,147822.8568758754,77514.5222864392,100.0,Excellent,0.0,Higher Consumption,0.0,Higher Carbon,60,Higher Consumption
 07/23  13:00:00,24.225849613013803,50.5916137065161,139956.19604893666,69039.36909005104,100.0,Excellent,0.0,Higher Consumption,0.0,Higher Carbon,60,Higher Consumption
 07/23  14:00:00,24.25097182892401,48.36551455794285,131384.24780998268,64013.25876318501,100.0,Excellent,0.0,Higher Consumption,0.0,Higher Carbon,60,Higher Consumption
 07/23  15:00:00,24.219191332890468,48.24438726434882,131371.6223278038,64000.63328100613,100.0,Excellent,0.0,Higher Consumption,0.0,Higher Carbon,60,Higher Consumption
 07/23  16:00:00,24.20991676001297,48.306420861333805,133985.14096010115,63713.01180341333,100.0,Excellent,0.0,Higher Consumption,0.0,Higher Carbon,60,Higher Consumption
 07/23  17:00:00,24.21373828765434,48.35631209380247,100212.56319930832,49424.66482776626,100.0,Excellent,0.0,Higher Consumption,0.0,Higher Carbon,60,Higher Consumption
 07/23  18:00:00,24.21274718126404,48.24390465380734,63006.14022825059,36784.97280881507,100.0,Excellent,57.14,Higher Consumption,57.14,Higher Carbon,60,Higher Consumption
 07/23  19:00:00,24.19462924059738,48.49258446449747,62609.17404248122,36713.616095803925,100.0,Excellent,57.85,Higher Consumption,57.85,Higher Carbon,60,Higher Consumption
 07/23  20:00:00,24.173055979779846,48.5336877564144,57312.54153864136,31710.20814300812,100.0,Excellent,67.34,Higher Consumption,67.34,Higher Carbon,60,Higher Consumption
 07/23  21:00:00,24.154609763215635,48.62405357165197,52231.06427226042,27918.12648102278,100.0,Excellent,80.0,Acceptable,80.0,Acceptable,60,Higher Consumption
 07/23  22:00:00,25.3310050250054,46.24005351708608,21603.55076409053,250.26910759502385,100.0,Excellent,100.0,Excellent,100.0,Excellent,100,Excellent
 07/23  23:00:00,25.65968321410643,47.11446887636448,20122.90815579052,249.454566666085,100.0,Excellent,100.0,Excellent,100.0,Excellent,100,Excellent
 07/23  24:00:00,25.6231373349804,48.62863810133557,16163.712511941816,201.28916140884087,100.0,Excellent,100.0,Excellent,100.0,Excellent,100,Excellent
 07/24  01:00:00,25.582127117196,49.94775353371559,16002.738920482274,201.198977940785,100.0,Excellent,100.0,Excellent,100.0,Excellent,100,Excellent
 07/24  02:00:00,25.52745862018135,51.52695008414179,16002.738920482274,201.198977940785,100.0,Excellent,100.0,Excellent,100.0,Excellent,100,Excellent
 07/24  03:00:00,25.470430541615244,53.32125843783222,16002.738920482274,201.198977940785,100.0,Excellent,100.0,Excellent,100.0,Excellent,100,Excellent
 07/24  04:00:00,25.43626057966629,55.10892347993938,16002.738920482274,201.198977940785,100.0,Excellent,100.0,Excellent,100.0,Excellent,100,Excellent
 07/24  05:00:00,25.43360479396224,56.30644695495564,16002.738920482274,201.198977940785,100.0,Excellent,100.0,Excellent,100.0,Excellent,100,Excellent
 07/24  06:00:00,24.498502464979627,56.93075298706012,40998.031361140704,17945.724725043325,100.0,Excellent,100.0,Excellent,100.0,Excellent,100,Excellent
 07/24  07:00:00,24.04523622073397,54.417778837096336,61087.35250785221,25942.549003270284,100.0,Excellent,60.58,Higher Consumption,60.58,Higher Carbon,60,Higher Consumption
 07/24  08:00:00,24.094361554018505,53.092357659867446,120362.48723833564,41984.78379100781,100.0,Excellent,0.0,Higher Consumption,0.0,Higher Carbon,60,Higher Consumption
 07/24  09:00:00,24.112282842237605,52.39389982374794,114919.89290101665,45614.81044762555,100.0,Excellent,0.0,Higher Consumption,0.0,Higher Carbon,60,Higher Consumption
 07/24  10:00:00,24.167135742726497,51.10513687915668,121485.5893500388,54114.60030324111,100.0,Excellent,0.0,Higher Consumption,0.0,Higher Carbon,60,Higher Consumption
 07/24  11:00:00,24.16533246519245,50.2955887964866,132097.34600261447,62792.2635492234,100.0,Excellent,0.0,Higher Consumption,0.0,Higher Carbon,60,Higher Consumption
 07/24  12:00:00,24.217997110897144,49.73890809454377,126505.89014827406,56197.55555883784,100.0,Excellent,0.0,Higher Consumption,0.0,Higher Carbon,60,Higher Consumption
 07/24  13:00:00,24.199356875717235,49.44680288676648,125533.68656391234,54616.85960502674,100.0,Excellent,0.0,Higher Consumption,0.0,Higher Carbon,60,Higher Consumption
 07/24  14:00:00,24.23218179216549,49.25128383394158,123170.7091052068,55799.72005840909,100.0,Excellent,0.0,Higher Consumption,0.0,Higher Carbon,60,Higher Consumption
 07/24  15:00:00,24.201072220872422,48.97927069754184,126928.21712567632,59557.2280788786,100.0,Excellent,0.0,Higher Consumption,0.0,Higher Carbon,60,Higher Consumption
 07/24  16:00:00,24.19439017154241,49.02381143820684,133633.25743027113,63361.128273583294,100.0,Excellent,0.0,Higher Consumption,0.0,Higher Carbon,60,Higher Consumption
 07/24  17:00:00,24.19621989585922,49.3807986094394,103788.70339987168,53000.80502832961,100.0,Excellent,0.0,Higher Consumption,0.0,Higher Carbon,60,Higher Consumption
 07/24  18:00:00,24.19016418944964,49.15322467795217,64736.842195982405,38524.12817953448,100.0,Excellent,54.04,Higher Consumption,54.04,Higher Carbon,60,Higher Consumption
 07/24  19:00:00,24.17118435393967,49.06642256196975,58473.92726500236,32469.671397857823,100.0,Excellent,65.26,Higher Consumption,65.26,Higher Carbon,60,Higher Consumption
 07/24  20:00:00,24.1487195529925,49.35455551446107,54516.744577249614,28914.41118161636,100.0,Excellent,70.0,No Improvement,70.0,No Improvement,60,Higher Consumption
 07/24  21:00:00,24.12651618987837,49.41410825589601,49423.5096631067,25110.57187186906,100.0,Excellent,90.0,Good,90.0,Good,60,Higher Consumption
 07/24  22:00:00,25.14607274869335,47.60244674290742,21603.55076409053,250.26910759502385,100.0,Excellent,100.0,Excellent,100.0,Excellent,100,Excellent
 07/24  23:00:00,25.45153117822642,48.76979404956885,20122.90815579052,249.454566666085,100.0,Excellent,100.0,Excellent,100.0,Excellent,100,Excellent
 07/24  24:00:00,25.39918290459294,50.07122775878311,16163.712511941816,201.28916140884087,100.0,Excellent,100.0,Excellent,100.0,Excellent,100,Excellent
 07/25  01:00:00,25.35445261321988,50.878436319204674,16002.738920482274,201.198977940785,100.0,Excellent,100.0,Excellent,100.0,Excellent,100,Excellent
 07/25  02:00:00,25.33204388913545,51.56293470809905,16002.738920482274,201.198977940785,100.0,Excellent,100.0,Excellent,100.0,Excellent,100,Excellent
 07/25  03:00:00,25.305334622292524,52.27394899140018,16002.738920482274,201.198977940785,100.0,Excellent,100.0,Excellent,100.0,Excellent,100,Excellent
 07/25  04:00:00,25.291709551463786,52.843249058644034,16002.738920482274,201.198977940785,100.0,Excellent,100.0,Excellent,100.0,Excellent,100,Excellent
 07/25  05:00:00,25.25321378328342,53.512160470706085,16002.738920482274,201.198977940785,100.0,Excellent,100.0,Excellent,100.0,Excellent,100,Excellent
 07/25  06:00:00,24.27892293051109,55.58781931583772,40113.36542407263,17061.058787975257,100.0,Excellent,100.0,Excellent,100.0,Excellent,100,Excellent
 07/25  07:00:00,23.922290091222514,54.90195890939496,59605.158019246985,24202.02291986397,100.0,Excellent,63.23,Higher Consumption,63.23,Higher Carbon,60,Higher Consumption
 07/25  08:00:00,24.064765169431947,53.99407238388419,120106.78412099772,40104.79828850343,100.0,Excellent,0.0,Higher Consumption,0.0,Higher Carbon,60,Higher Consumption
 07/25  09:00:00,24.09953442442017,53.07537101905589,113330.3278054136,44025.2453520225,100.0,Excellent,0.0,Higher Consumption,0.0,Higher Carbon,60,Higher Consumption
 07/25  10:00:00,24.155683803068733,51.81665899193043,112886.94962570869,45515.96057891099,100.0,Excellent,0.0,Higher Consumption,0.0,Higher Carbon,60,Higher Consumption
 07/25  11:00:00,24.14225533483869,51.27361782947932,120289.17878322778,50984.09632983669,100.0,Excellent,0.0,Higher Consumption,0.0,Higher Carbon,60,Higher Consumption
 07/25  12:00:00,24.193566650037845,50.70918602895192,122880.41176574396,52572.07717630772,100.0,Excellent,0.0,Higher Consumption,0.0,Higher Carbon,60,Higher Consumption
 07/25  13:00:00,24.17503555046488,50.31952729353763,133869.85154234446,62953.024583458864,100.0,Excellent,0.0,Higher Consumption,0.0,Higher Carbon,60,Higher Consumption
 07/25  14:00:00,24.20319276176932,50.61085134347239,128364.80861915268,60993.819572354965,100.0,Excellent,0.0,Higher Consumption,0.0,Higher Carbon,60,Higher Consumption
 07/25  15:00:00,24.16484698782916,50.81061803930923,132078.15535331334,64707.16630651565,100.0,Excellent,0.0,Higher Consumption,0.0,Higher Carbon,60,Higher Consumption
 07/25  16:00:00,24.16133755502736,50.74269456521405,132769.88008887594,62497.75093218815,100.0,Excellent,0.0,Higher Consumption,0.0,Higher Carbon,60,Higher Consumption
 07/25  17:00:00,24.139025039494847,51.17504270551794,94705.28908374548,43917.39071220342,100.0,Excellent,0.36,Higher Consumption,0.36,Higher Carbon,60,Higher Consumption
 07/25  18:00:00,24.15752600393446,50.62512562705233,54828.71904228875,28489.841770218296,100.0,Excellent,70.0,No Improvement,70.0,No Improvement,60,Higher Consumption
 07/25  19:00:00,24.138974419836007,50.48607053434584,50409.1124239912,24506.533889841605,100.0,Excellent,80.0,Acceptable,80.0,Acceptable,60,Higher Consumption
 07/25  20:00:00,24.09741813741182,50.53293560157179,47087.86034520842,21485.526949575164,100.0,Excellent,90.0,Good,100.0,Excellent,80,Acceptable
 07/25  21:00:00,24.045064928499084,50.82182437943632,43821.98095426819,19509.043163030547,100.0,Excellent,100.0,Excellent,100.0,Excellent,100,Excellent
 07/25  22:00:00,24.932508286633773,48.51487228951702,21603.55076409053,250.26910759502385,100.0,Excellent,100.0,Excellent,100.0,Excellent,100,Excellent
 07/25  23:00:00,25.234063518495702,48.26512225364887,20122.90815579052,249.454566666085,100.0,Excellent,100.0,Excellent,100.0,Excellent,100,Excellent
 07/25  24:00:00,25.171636540182284,48.92191700578553,16163.712511941816,201.28916140884087,100.0,Excellent,100.0,Excellent,100.0,Excellent,100,Excellent
 07/26  01:00:00,25.07117891643633,49.96241028090533,16002.738920482274,201.198977940785,100.0,Excellent,100.0,Excellent,100.0,Excellent,100,Excellent
 07/26  02:00:00,25.03780603283799,51.18395538675354,16002.738920482274,201.198977940785,100.0,Excellent,100.0,Excellent,100.0,Excellent,100,Excellent
 07/26  03:00:00,24.99923857453909,52.59673689377459,16002.738920482274,201.198977940785,100.0,Excellent,100.0,Excellent,100.0,Excellent,100,Excellent
 07/26  04:00:00,24.94303220214556,53.85450521229492,16002.738920482274,201.198977940785,100.0,Excellent,100.0,Excellent,100.0,Excellent,100,Excellent
 07/26  05:00:00,24.9457387441212,54.58873945326379,16002.738920482274,201.198977940785,100.0,Excellent,100.0,Excellent,100.0,Excellent,100,Excellent
 07/26  06:00:00,24.057901291154565,56.35381769575814,39649.1516125582,16596.844976460823,100.0,Excellent,100.0,Excellent,100.0,Excellent,100,Excellent
 07/26  07:00:00,23.76208232908647,55.61974463399669,56633.89478165154,21313.65123393876,100.0,Excellent,68.55,Higher Consumption,68.55,Higher Carbon,80,Acceptable
 07/26  08:00:00,24.02621647482973,54.79139149696231,111614.36428812896,32185.33744226557,100.0,Excellent,0.0,Higher Consumption,0.0,Higher Carbon,60,Higher Consumption
 07/26  09:00:00,24.074226262286,55.12213374619613,103438.22542098856,34099.603753654774,100.0,Excellent,0.0,Higher Consumption,0.0,Higher Carbon,60,Higher Consumption
 07/26  10:00:00,24.13012504270478,53.87997252766579,108755.69804061604,41384.70899381835,100.0,Excellent,0.0,Higher Consumption,0.0,Higher Carbon,60,Higher Consumption
 07/26  11:00:00,24.12975246063281,52.04211700640395,122681.90158752249,53376.81913413138,100.0,Excellent,0.0,Higher Consumption,0.0,Higher Carbon,60,Higher Consumption
 07/26  12:00:00,24.190473482404737,51.54805988633163,127104.600269873,56796.26568043678,100.0,Excellent,0.0,Higher Consumption,0.0,Higher Carbon,60,Higher Consumption
 07/26  13:00:00,24.180374671970934,53.55806869360336,143432.87071699442,72516.0437581088,100.0,Excellent,0.0,Higher Consumption,0.0,Higher Carbon,60,Higher Consumption
 07/26  14:00:00,24.22325540450709,54.09394897493121,136137.6113435531,68766.6222967554,100.0,Excellent,0.0,Higher Consumption,0.0,Higher Carbon,60,Higher Consumption
 07/26  15:00:00,24.179823396597623,52.4440478511177,132816.57221429324,65445.58316749553,100.0,Excellent,0.0,Higher Consumption,0.0,Higher Carbon,60,Higher Consumption
 07/26  16:00:00,24.16955851839733,51.16365268122354,137071.41571820574,66799.28656151793,100.0,Excellent,0.0,Higher Consumption,0.0,Higher Carbon,60,Higher Consumption
 07/26  17:00:00,24.176364880555763,50.401999026264974,97942.19127818797,47154.2929066459,100.0,Excellent,0.0,Higher Consumption,0.0,Higher Carbon,60,Higher Consumption
 07/26  18:00:00,24.17236046917781,49.74721643611986,58179.72527328522,31989.817228997115,100.0,Excellent,65.78,Higher Consumption,65.78,Higher Carbon,60,Higher Consumption
 07/26  19:00:00,24.154123744060183,49.33664564112845,52794.84235306196,26373.234415511382,100.0,Excellent,80.0,Acceptable,80.0,Acceptable,60,Higher Consumption
 07/26  20:00:00,24.1220043711961,49.47497472713074,49413.04435320686,23810.71095757361,100.0,Excellent,90.0,Good,90.0,Good,60,Higher Consumption
 07/26  21:00:00,24.086904494801068,49.41232774174584,47503.9986637476,23191.060872509963,100.0,Excellent,90.0,Good,90.0,Good,60,Higher Consumption
 07/26  22:00:00,25.044269500885445,47.8916840287971,21603.55076409053,250.26910759502385,100.0,Excellent,100.0,Excellent,100.0,Excellent,100,Excellent
 07/26  23:00:00,25.33045144563131,49.55757111077981,20122.90815579052,249.454566666085,100.0,Excellent,100.0,Excellent,100.0,Excellent,100,Excellent
 07/26  24:00:00,25.28024691452264,51.35772096328344,16163.712511941816,201.28916140884087,100.0,Excellent,100.0,Excellent,100.0,Excellent,100,Excellent
 07/27  01:00:00,25.222073145272933,52.28304244247446,16002.738920482274,201.198977940785,100.0,Excellent,100.0,Excellent,100.0,Excellent,100,Excellent
 07/27  02:00:00,25.20245713175006,52.60957080177568,16002.738920482274,201.198977940785,100.0,Excellent,100.0,Excellent,100.0,Excellent,100,Excellent
 07/27  03:00:00,25.17450005314228,52.72807713351905,16002.738920482274,201.198977940785,100.0,Excellent,100.0,Excellent,100.0,Excellent,100,Excellent
 07/27  04:00:00,25.128136341401856,52.88098720136198,16002.738920482274,201.198977940785,100.0,Excellent,100.0,Excellent,100.0,Excellent,100,Excellent
 07/27  05:00:00,25.098748024740477,52.83235287808222,16002.738920482274,201.198977940785,100.0,Excellent,100.0,Excellent,100.0,Excellent,100,Excellent
 07/27  06:00:00,24.144927994575205,54.6336046458737,42612.35834302834,19560.051706930964,100.0,Excellent,100.0,Excellent,100.0,Excellent,90,Efficient
 07/27  07:00:00,23.861787265483727,53.82293959141734,60305.23338620217,25187.96777754844,100.0,Excellent,61.98,Higher Consumption,61.98,Higher Carbon,60,Higher Consumption
 07/27  08:00:00,24.055224972087125,53.29965898908668,119595.10899620388,41320.53868351977,100.0,Excellent,0.0,Higher Consumption,0.0,Higher Carbon,60,Higher Consumption
 07/27  09:00:00,24.093078491326487,53.17154981716236,113744.3582133716,44439.27575998052,100.0,Excellent,0.0,Higher Consumption,0.0,Higher Carbon,60,Higher Consumption
 07/27  10:00:00,24.148157369027142,52.18464362676299,115633.19798736976,48262.20894057206,100.0,Excellent,0.0,Higher Consumption,0.0,Higher Carbon,60,Higher Consumption
 07/27  11:00:00,24.14077598485813,51.20177063483966,125189.0506711066,55883.96821771551,100.0,Excellent,0.0,Higher Consumption,0.0,Higher Carbon,60,Higher Consumption
 07/27  12:00:00,24.19860525155072,50.776341352077566,127746.59036538316,57438.255775946935,100.0,Excellent,0.0,Higher Consumption,0.0,Higher Carbon,60,Higher Consumption
 07/27  13:00:00,24.18382006560601,50.58881038085411,136039.55706118434,65122.73010229875,100.0,Excellent,0.0,Higher Consumption,0.0,Higher Carbon,60,Higher Consumption
 07/27  14:00:00,24.21795971706464,50.34505785084944,127289.43239382828,59918.44334703061,100.0,Excellent,0.0,Higher Consumption,0.0,Higher Carbon,60,Higher Consumption
 07/27  15:00:00,24.182610187802204,50.9990814439612,128097.88630968588,60726.897262888175,100.0,Excellent,0.0,Higher Consumption,0.0,Higher Carbon,60,Higher Consumption
 07/27  16:00:00,24.177569213784288,50.05339260938878,132996.72511184914,62724.59595516135,100.0,Excellent,0.0,Higher Consumption,0.0,Higher Carbon,60,Higher Consumption
 07/27  17:00:00,24.179034027285084,50.00230744388992,102271.02334566585,51483.12497412378,100.0,Excellent,0.0,Higher Consumption,0.0,Higher Carbon,60,Higher Consumption
 07/27  18:00:00,24.18002492619412,49.34204794446523,62217.28252372028,36029.52432666248,100.0,Excellent,58.55,Higher Consumption,58.55,Higher Carbon,60,Higher Consumption
 07/27  19:00:00,24.165338877311367,49.126936601148536,54405.085048627785,27942.298950012355,100.0,Excellent,70.0,No Improvement,70.0,No Improvement,60,Higher Consumption
 07/27  20:00:00,24.137676008901355,49.18869895986132,50060.04348349055,24457.7100878573,100.0,Excellent,90.0,Good,90.0,Good,60,Higher Consumption
 07/27  21:00:00,24.10267702133581,49.42297216568089,47159.90014013622,22846.96234889857,100.0,Excellent,90.0,Good,100.0,Excellent,80,Acceptable
 07/27  22:00:00,25.039165966770437,47.9450452674171,21603.55076409053,250.26910759502385,100.0,Excellent,100.0,Excellent,100.0,Excellent,100,Excellent
 07/27  23:00:00,25.295137518676384,49.6716121566327,20122.90815579052,249.454566666085,100.0,Excellent,100.0,Excellent,100.0,Excellent,100,Excellent
 07/27  24:00:00,25.172136447647716,51.99385049674195,13038.514687240193,168.67480905518886,100.0,Excellent,100.0,Excellent,100.0,Excellent,100,Excellent
 07/28  01:00:00,25.14063451462798,53.18422310814897,12877.565474876648,168.6090046831275,100.0,Excellent,100.0,Excellent,100.0,Excellent,100,Excellent
 07/28  02:00:00,25.13738889631676,54.137154160860135,12877.565474876648,168.6090046831275,100.0,Excellent,100.0,Excellent,100.0,Excellent,100,Excellent
 07/28  03:00:00,25.1033123135853,55.19711271803749,12877.565474876648,168.6090046831275,100.0,Excellent,100.0,Excellent,100.0,Excellent,100,Excellent
 07/28  04:00:00,25.08423726411847,56.01025475903657,12877.565474876648,168.6090046831275,100.0,Excellent,100.0,Excellent,100.0,Excellent,100,Excellent
 07/28  05:00:00,25.05819894188427,56.7391019016988,12877.565474876648,168.6090046831275,100.0,Excellent,100.0,Excellent,100.0,Excellent,100,Excellent
 07/28  06:00:00,24.178640464661505,57.75044041900579,40802.11516850187,17749.808532404488,100.0,Excellent,100.0,Excellent,100.0,Excellent,100,Excellent
 07/28  07:00:00,23.88873643066092,54.8508288512368,44589.76401820136,21299.03049346274,100.0,Excellent,100.0,Excellent,100.0,Excellent,80,Acceptable
 07/28  08:00:00,23.988615884525537,52.80460841966925,53947.04421288731,23187.05873779437,100.0,Excellent,70.0,No Improvement,70.0,No Improvement,60,Higher Consumption
 07/28  09:00:00,24.08605737485931,51.15138630171965,61756.024911960805,28841.37532596109,100.0,Excellent,59.38,Higher Consumption,59.38,Higher Carbon,60,Higher Consumption
 07/28  10:00:00,24.160289268663117,50.10091414940633,67426.33153374688,35478.728651043864,100.0,Excellent,49.22,Higher Consumption,49.22,Higher Carbon,60,Higher Consumption
 07/28  11:00:00,24.160469572363706,49.69980469774191,77206.15634976816,43002.11115937284,100.0,Excellent,31.7,Higher Consumption,31.7,Higher Carbon,60,Higher Consumption
 07/28  12:00:00,24.21293131010572,49.12893482700453,64392.43596045792,40718.46632548126,100.0,Excellent,54.66,Higher Consumption,54.66,Higher Carbon,60,Higher Consumption
 07/28  13:00:00,24.18689780693861,49.02955113803265,59844.99526263196,38749.8168364465,100.0,Excellent,62.8,Higher Consumption,62.8,Higher Carbon,60,Higher Consumption
 07/28  14:00:00,24.21034292807571,48.932976965606365,57504.135205274186,38020.70128458324,100.0,Excellent,66.99,Higher Consumption,66.99,Higher Carbon,60,Higher Consumption
 07/28  15:00:00,24.177879873197515,48.9402068417226,53382.91068995487,35188.87237365953,100.0,Excellent,70.0,No Improvement,70.0,No Improvement,60,Higher Consumption
 07/28  16:00:00,24.16669323060156,48.99417464664452,49649.82779200176,31133.440574607503,100.0,Excellent,90.0,Good,90.0,Good,60,Higher Consumption
 07/28  17:00:00,24.587155024972887,48.39139189221624,35222.22106577505,20627.94755774477,100.0,Excellent,100.0,Excellent,100.0,Excellent,90,Efficient
 07/28  18:00:00,25.56403829361844,47.60406422369975,12859.270024368778,197.8233752222465,100.0,Excellent,100.0,Excellent,100.0,Excellent,100,Excellent
 07/28  19:00:00,25.65367670574243,49.976606974899255,12159.650822762576,168.64206198719023,100.0,Excellent,100.0,Excellent,100.0,Excellent,100,Excellent
 07/28  20:00:00,25.392740751331864,52.56703912474175,13584.615474876648,168.6090046831275,100.0,Excellent,100.0,Excellent,100.0,Excellent,100,Excellent
 07/28  21:00:00,25.288373211959907,54.47761797587775,13584.615474876648,168.6090046831275,100.0,Excellent,100.0,Excellent,100.0,Excellent,100,Excellent
 07/28  22:00:00,25.189639529318317,56.68944830012264,13584.615474876648,168.6090046831275,100.0,Excellent,100.0,Excellent,100.0,Excellent,100,Excellent
 07/28  23:00:00,25.11060743080634,58.12019650043252,13584.615474876648,168.6090046831275,100.0,Excellent,100.0,Excellent,100.0,Excellent,100,Excellent
 07/28  24:00:00,25.060514053694057,59.05300356050293,12877.565474876648,168.6090046831275,100.0,Excellent,100.0,Excellent,100.0,Excellent,100,Excellent
 07/29  01:00:00,25.02720182900306,59.65759482631236,12877.565474876648,168.6090046831275,100.0,Excellent,100.0,Excellent,100.0,Excellent,100,Excellent
 07/29  02:00:00,25.02985112143315,59.77171037275512,12877.565474876648,168.6090046831275,100.0,Excellent,100.0,Excellent,100.0,Excellent,100,Excellent
 07/29  03:00:00,25.012467683888296,59.809263431939065,12877.565474876648,168.6090046831275,100.0,Excellent,100.0,Excellent,100.0,Excellent,100,Excellent
 07/29  04:00:00,24.97498278029149,59.95928088154059,12877.565474876648,168.6090046831275,100.0,Excellent,100.0,Excellent,100.0,Excellent,100,Excellent
 07/29  05:00:00,24.92111572039262,60.39119774376007,12877.565474876648,168.6090046831275,100.0,Excellent,100.0,Excellent,100.0,Excellent,100,Excellent
 07/29  06:00:00,24.93935288808008,61.05150280423332,18308.31300750821,197.858802377482,100.0,Excellent,100.0,Excellent,100.0,Excellent,100,Excellent
 07/29  07:00:00,24.96611805603029,61.96794924944874,13110.220001965135,197.91793074052848,100.0,Excellent,100.0,Excellent,100.0,Excellent,100,Excellent
 07/29  08:00:00,25.148623529577847,62.58969277138481,12890.58333455726,197.84383622186428,100.0,Excellent,100.0,Excellent,100.0,Excellent,100,Excellent
 07/29  09:00:00,25.659533089288992,61.16318094553739,14478.81468291518,1818.634581478304,100.0,Excellent,100.0,Excellent,100.0,Excellent,100,Excellent
 07/29  10:00:00,25.74609397030108,58.27873101143253,19763.344399253765,7103.164297816889,100.0,Excellent,100.0,Excellent,100.0,Excellent,100,Excellent
 07/29  11:00:00,25.69050634113547,54.83787051353332,27451.304749988994,14791.12464855212,100.0,Excellent,100.0,Excellent,100.0,Excellent,100,Excellent
 07/29  12:00:00,25.91583063524421,51.16566386364221,26342.2752872726,13682.095185835718,100.0,Excellent,100.0,Excellent,100.0,Excellent,100,Excellent
 07/29  13:00:00,26.259200289783468,49.10473623878807,24818.73621437656,12158.556112939674,96.11,Too Hot,100.0,Excellent,100.0,Excellent,100,Excellent
 07/29  14:00:00,26.43346050332871,48.25793349742184,27784.609186899488,15124.429085462609,93.5,Too Hot,100.0,Excellent,100.0,Excellent,100,Excellent
 07/29  15:00:00,26.426891326160057,48.062803671563785,27653.977786425407,14993.79768498853,93.6,Too Hot,100.0,Excellent,100.0,Excellent,100,Excellent
 07/29  16:00:00,26.38022111152425,47.970705235749215,25308.49689110502,12648.316789668144,94.3,Too Hot,100.0,Excellent,100.0,Excellent,100,Excellent
 07/29  17:00:00,26.33905640505391,48.00551312205695,27308.836580522024,14648.65647908515,94.91,Too Hot,100.0,Excellent,100.0,Excellent,100,Excellent
 07/29  18:00:00,26.085021329207983,48.33603700589155,23790.98593131421,13443.30266775247,98.72,Too Hot,100.0,Excellent,100.0,Excellent,100,Excellent
 07/29  19:00:00,26.011591858663333,48.88893725629701,18982.95814141559,7077.872364505528,99.83,Too Hot,100.0,Excellent,100.0,Excellent,100,Excellent
 07/29  20:00:00,26.090987200488243,49.46042533998233,13584.615474876648,168.6090046831275,98.64,Too Hot,100.0,Excellent,100.0,Excellent,100,Excellent
 07/29  21:00:00,26.05959514485948,50.56023909980018,13584.615474876648,168.6090046831275,99.11,Too Hot,100.0,Excellent,100.0,Excellent,100,Excellent
 07/29  22:00:00,25.98060149711937,51.69797700663151,13584.615474876648,168.6090046831275,100.0,Excellent,100.0,Excellent,100.0,Excellent,100,Excellent
 07/29  23:00:00,25.889591800996826,52.27516972960151,13584.615474876648,168.6090046831275,100.0,Excellent,100.0,Excellent,100.0,Excellent,100,Excellent
 07/29  24:00:00,25.867576601574463,52.58209203188836,16002.738920482274,201.198977940785,100.0,Excellent,100.0,Excellent,100.0,Excellent,100,Excellent
 07/30  01:00:00,25.822002702198745,53.3139145815554,16002.738920482274,201.198977940785,100.0,Excellent,100.0,Excellent,100.0,Excellent,100,Excellent
 07/30  02:00:00,25.767114955790102,54.2430446606454,16002.738920482274,201.198977940785,100.0,Excellent,100.0,Excellent,100.0,Excellent,100,Excellent
 07/30  03:00:00,25.714373677189613,55.28962389387591,16002.738920482274,201.198977940785,100.0,Excellent,100.0,Excellent,100.0,Excellent,100,Excellent
 07/30  04:00:00,25.67511168536748,56.252038005159456,16002.738920482274,201.198977940785,100.0,Excellent,100.0,Excellent,100.0,Excellent,100,Excellent
 07/30  05:00:00,25.65733295576443,57.06903579272226,16002.738920482274,201.198977940785,100.0,Excellent,100.0,Excellent,100.0,Excellent,100,Excellent
 07/30  06:00:00,24.710232249216567,57.62562713462585,42084.49776945425,19032.191133356875,100.0,Excellent,100.0,Excellent,100.0,Excellent,100,Excellent
 07/30  07:00:00,24.086970898093192,55.07979296363189,67648.48049622613,32680.621018635866,100.0,Excellent,48.82,Higher Consumption,48.82,Higher Carbon,60,Higher Consumption
 07/30  08:00:00,24.11146436655617,53.05782289719856,130366.03953693,52431.45479881164,100.0,Excellent,0.0,Higher Consumption,0.0,Higher Carbon,60,Higher Consumption
 07/30  09:00:00,24.127923535485643,52.16809800696267,122379.86634545928,53074.78389206819,100.0,Excellent,0.0,Higher Consumption,0.0,Higher Carbon,60,Higher Consumption
 07/30  10:00:00,24.18143787823267,50.89591841721853,128276.1622295456,60905.17318274791,100.0,Excellent,0.0,Higher Consumption,0.0,Higher Carbon,60,Higher Consumption
 07/30  11:00:00,24.183293420991227,50.10148790034492,131195.06256159558,61889.980108204494,100.0,Excellent,0.0,Higher Consumption,0.0,Higher Carbon,60,Higher Consumption
 07/30  12:00:00,24.239578309860384,49.58151433191108,123008.54668602804,52700.21209659183,100.0,Excellent,0.0,Higher Consumption,0.0,Higher Carbon,60,Higher Consumption
 07/30  13:00:00,24.22013544844806,49.63388275887103,129480.94249155853,58564.115532672906,100.0,Excellent,0.0,Higher Consumption,0.0,Higher Carbon,60,Higher Consumption
 07/30  14:00:00,24.25087406714902,49.1852853695734,128040.79290884036,60669.80386204266,100.0,Excellent,0.0,Higher Consumption,0.0,Higher Carbon,60,Higher Consumption
 07/30  15:00:00,24.21612166756552,48.71034188402833,129676.05523826348,62305.0661914658,100.0,Excellent,0.0,Higher Consumption,0.0,Higher Carbon,60,Higher Consumption
 07/30  16:00:00,24.204644697791892,48.623758531641,129796.56649767685,59524.43734098904,100.0,Excellent,0.0,Higher Consumption,0.0,Higher Carbon,60,Higher Consumption
 07/30  17:00:00,24.20387377740659,48.49396166457585,96440.633651121,45652.73527957895,100.0,Excellent,0.0,Higher Consumption,0.0,Higher Carbon,60,Higher Consumption
 07/30  18:00:00,24.202259235751868,48.19820039161571,60149.65722790979,33968.12913223853,100.0,Excellent,62.26,Higher Consumption,62.26,Higher Carbon,60,Higher Consumption
 07/30  19:00:00,24.188820425403502,48.30286971412821,56003.548797366806,29726.22276663428,100.0,Excellent,69.68,Higher Consumption,69.68,Higher Carbon,60,Higher Consumption
 07/30  20:00:00,24.16844604351865,48.55429323769022,53023.41690640381,27421.08351077056,100.0,Excellent,80.0,Acceptable,80.0,Acceptable,60,Higher Consumption
 07/30  21:00:00,24.15060202077679,48.72939075187977,50461.22978364058,26148.291992402937,100.0,Excellent,80.0,Acceptable,80.0,Acceptable,60,Higher Consumption
 07/30  22:00:00,25.40635830506996,45.97354746770119,21603.55076409053,250.26910759502385,100.0,Excellent,100.0,Excellent,100.0,Excellent,100,Excellent
 07/30  23:00:00,25.798992585790916,46.38645073338386,20122.90815579052,249.454566666085,100.0,Excellent,100.0,Excellent,100.0,Excellent,100,Excellent
 07/30  24:00:00,25.75448169306992,47.554883614537935,16163.712511941816,201.28916140884087,100.0,Excellent,100.0,Excellent,100.0,Excellent,100,Excellent
 07/31  01:00:00,25.67398031219932,48.40427320787289,16002.738920482274,201.198977940785,100.0,Excellent,100.0,Excellent,100.0,Excellent,100,Excellent
 07/31  02:00:00,25.59460370839851,49.19542066761615,16002.738920482274,201.198977940785,100.0,Excellent,100.0,Excellent,100.0,Excellent,100,Excellent
 07/31  03:00:00,25.51568502128408,50.00738905516224,16002.738920482274,201.198977940785,100.0,Excellent,100.0,Excellent,100.0,Excellent,100,Excellent
 07/31  04:00:00,25.447521601762386,50.90570635911224,16002.738920482274,201.198977940785,100.0,Excellent,100.0,Excellent,100.0,Excellent,100,Excellent
 07/31  05:00:00,25.50077016525303,51.613512843182725,16002.738920482274,201.198977940785,100.0,Excellent,100.0,Excellent,100.0,Excellent,100,Excellent
 07/31  06:00:00,24.57680272029997,53.67466859558603,47332.4734496796,24280.166813582226,100.0,Excellent,90.0,Good,100.0,Excellent,60,Higher Consumption
 07/31  07:00:00,24.09491600148047,53.27099408371313,70322.13902058951,35198.67186869164,100.0,Excellent,44.03,Higher Consumption,44.03,Higher Carbon,60,Higher Consumption
 07/31  08:00:00,24.10576440089682,52.72227438454048,132910.75377348927,54627.04058746854,100.0,Excellent,0.0,Higher Consumption,0.0,Higher Carbon,60,Higher Consumption
 07/31  09:00:00,24.120387774950288,52.18067674706802,125869.7202410578,56564.63778766671,100.0,Excellent,0.0,Higher Consumption,0.0,Higher Carbon,60,Higher Consumption
 07/31  10:00:00,24.175531227582223,51.037455402830965,128241.99196402683,60871.002917229154,100.0,Excellent,0.0,Higher Consumption,0.0,Higher Carbon,60,Higher Consumption
 07/31  11:00:00,24.170721570233656,50.3253012712452,126296.41899354398,56991.33654015288,100.0,Excellent,0.0,Higher Consumption,0.0,Higher Carbon,60,Higher Consumption
 07/31  12:00:00,24.21809642198912,49.74209733446005,120200.9361880622,49892.60159862599,100.0,Excellent,0.0,Higher Consumption,0.0,Higher Carbon,60,Higher Consumption
 07/31  13:00:00,24.190431334648476,49.75408382472203,124969.48223582696,54052.65527694136,100.0,Excellent,0.0,Higher Consumption,0.0,Higher Carbon,60,Higher Consumption
 07/31  14:00:00,24.22346762992733,49.35557292209856,122486.90205174516,55115.91300494746,100.0,Excellent,0.0,Higher Consumption,0.0,Higher Carbon,60,Higher Consumption
 07/31  15:00:00,24.19852873882169,49.024431073414426,124566.611465813,57195.62241901532,100.0,Excellent,0.0,Higher Consumption,0.0,Higher Carbon,60,Higher Consumption
 07/31  16:00:00,24.19413703358269,48.945673854564674,131462.3120197363,61190.182863048496,100.0,Excellent,0.0,Higher Consumption,0.0,Higher Carbon,60,Higher Consumption
 07/31  17:00:00,24.198601975035167,48.82671280269909,99586.06107904568,48798.16270750364,100.0,Excellent,0.0,Higher Consumption,0.0,Higher Carbon,60,Higher Consumption
 07/31  18:00:00,24.197815566490004,48.45806726900933,64575.63185156448,38394.10375589322,100.0,Excellent,54.33,Higher Consumption,54.33,Higher Carbon,60,Higher Consumption
 07/31  19:00:00,24.18193759531948,48.514341780045896,56953.54101712196,30638.03472945581,100.0,Excellent,67.98,Higher Consumption,67.98,Higher Carbon,60,Higher Consumption
 07/31  20:00:00,24.15833473943469,48.738855229896856,50327.29422272513,24724.96082709188,100.0,Excellent,80.0,Acceptable,80.0,Acceptable,60,Higher Consumption
 07/31  21:00:00,24.13689546991849,48.594683934670805,46756.13864458996,22443.20085335231,100.0,Excellent,90.0,Good,100.0,Excellent,80,Acceptable
 07/31  22:00:00,25.190640161060852,46.639298143234754,21603.55076409053,250.26910759502385,100.0,Excellent,100.0,Excellent,100.0,Excellent,100,Excellent
 07/31  23:00:00,25.515946478275723,48.08133248669958,20122.90815579052,249.454566666085,100.0,Excellent,100.0,Excellent,100.0,Excellent,100,Excellent
 07/31  24:00:00,25.53476615233604,49.79989380432719,16163.712511941816,201.28916140884087,100.0,Excellent,100.0,Excellent,100.0,Excellent,100,Excellent
