DateTime,Average Zone Temperature,Average Zone Humidity,Total Cooling Load,Total Heating Load,Building Power,HVAC Power,Outdoor Humidity,Wind Speed,Solar Radiation
 01/01  01:00:00,26.424367957001973,36.04057107927632,0.0,0.0,12877.49848586644,168.54201567292012,82.0,1.8875,0.0
 01/01  02:00:00,26.352189015199524,37.3635933246697,0.0,0.0,12877.565474876648,168.6090046831275,88.75,2.6125,0.0
 01/01  03:00:00,26.25579404706563,39.02022001144652,0.0,0.0,12877.565474876648,168.6090046831275,92.25,2.9875,0.0
 01/01  04:00:00,26.154129346846716,40.623500454980444,0.0,0.0,12877.565474876648,168.6090046831275,93.0,3.0375,0.0
 01/01  05:00:00,26.079304021094085,41.866952139129005,0.0,0.0,12877.565474876648,168.6090046831275,91.75,2.875,0.0
 01/01  06:00:00,26.01002309617329,42.845151293175554,0.0,0.0,12877.565474876648,168.6090046831275,90.375,2.925,0.0
 01/01  07:00:00,25.826433488547337,44.06582996121506,6526.062526898642,27.711934898257823,18621.88161002504,1820.5524048943023,86.875,3.0,0.0
 01/01  08:00:00,26.02616824291199,44.279573896658036,0.0,0.0,13044.778307604887,197.9059071747864,81.875,2.875,41.8125
 01/01  09:00:00,26.302264757954266,43.92472693275627,14281.014836738399,498.3647831727785,17257.419100663614,4596.2067162269,74.375,2.55,264.5625
 01/01  10:00:00,26.221175830554884,42.35392658008648,28683.50642214017,191.42489665810263,22288.398995604024,9628.21889416715,67.25,2.15,439.0
 01/01  11:00:00,26.346955792717964,40.34353637760779,34011.5899198799,31.53924039762751,24642.17096405048,11981.990862613602,59.375,1.8125,308.8125
 01/01  12:00:00,26.555318390483396,38.933640520618205,40614.92838708004,121.952156262505,26449.273170424785,13789.09306898791,54.125,1.575,662.9375
 01/01  13:00:00,26.73051230061631,38.66631651691141,42130.995292624466,123.53975065715896,27523.53314666849,14863.35304523162,49.875,1.5,617.375
 01/01  14:00:00,26.89953410090782,38.57644969459132,44258.26032838372,246.49623074728515,27963.833877770863,15303.653776333984,46.75,1.6250000000000002,487.8125
 01/01  15:00:00,26.94012441150069,38.4947664528238,47724.94120461071,102.94430281623865,27701.556900561514,15041.37679912464,44.125,1.825,314.625
 01/01  16:00:00,26.94487639457893,37.54602550499258,45406.99154085189,106.7842685566884,26718.48750617919,14058.30740474231,43.0,2.025,322.125
 01/01  17:00:00,26.796308763920926,36.142446103617296,38552.885852576874,15.654909115435656,24631.143550034634,11970.370327184795,43.625,2.1625000000000005,98.9375
 01/01  18:00:00,26.609352180858547,34.73445189238726,35836.86621376367,0.0,23385.4581854083,10683.67325058104,48.375,2.2,61.3125
 01/01  19:00:00,26.337501399093508,34.30093328813453,26855.99029638611,0.0,23969.880078152844,8222.19019996784,55.375,2.075,0.0
 01/01  20:00:00,26.23484777708491,34.32477131289483,20980.941122106076,63.19556529362762,19584.427890291103,6168.421420097588,63.0,1.8125,0.0
 01/01  21:00:00,26.22282463214493,34.72051255069169,16850.92768039137,207.28751630462196,17955.775017100514,4539.768546906994,67.25,1.5124999999999995,0.0
 01/01  22:00:00,26.168576173364855,35.21297189193263,9855.097781262093,22.68372036625442,16206.046714083772,2790.0402438902506,69.875,1.275,0.0
 01/01  23:00:00,26.466768744444902,34.933612305378006,3171.1377214375784,20.215533948338816,14400.286885671589,984.2804154780664,71.0,1.1375,0.0
 01/01  24:00:00,26.332932765358716,35.62937052149058,3354.9108925443234,0.0,14517.560702996248,1101.554232802726,74.75,1.1625,0.0
 01/02  01:00:00,26.08950947181138,36.8967657817,13293.755592449163,48.18506359147159,19688.39577976333,3886.855837221844,78.875,1.3249999999999995,0.0
 01/02  02:00:00,26.181161324746437,37.71919830179806,9803.29237882305,48.90499495634867,18951.77037073597,3150.2304281944807,84.375,1.5875,0.0
 01/02  03:00:00,26.02733040136693,39.55234146708964,6577.748247195898,20.684838998747185,17947.276056365714,2145.736113824227,88.875,1.95,0.0
 01/02  04:00:00,26.06269698598133,40.77967147931535,3308.009566495605,0.0,17065.02238157632,1263.4824390348297,91.25,2.2875,0.0
 01/02  05:00:00,25.712771130547264,42.85494859690989,12722.860356253716,44.19758128155445,18865.564762030343,3064.024819488858,90.75,2.275,0.0
 01/02  06:00:00,25.844270898062202,42.89217244087367,6020.7068010538815,24.42764357658598,16804.42985730726,1002.889914765772,90.0,2.2,0.0
 01/02  07:00:00,24.976184768174157,45.43854207624758,45440.793497100625,582.7071664269952,28407.16821753089,6663.986581433517,86.25,2.2625,0.0
 01/02  08:00:00,24.113023400788837,47.24504332045768,87590.96698911747,76.53450850979789,50983.45649356133,16287.101229976504,79.625,2.2375,70.3125
 01/02  09:00:00,24.142275188299777,47.091500499701084,130736.26060549989,0.0,108305.77870670213,30619.624824739614,70.125,2.2625,340.6875
 01/02  10:00:00,24.1756208235962,47.249873296023026,135965.2227541982,0.0,102244.61495458544,32939.532501194335,60.375,2.2375,405.0
 01/02  11:00:00,24.348324678855207,45.962357860543484,142257.67909159543,0.0,105084.41335704084,37713.42431024314,50.75,2.2,766.25
 01/02  12:00:00,24.471979176183925,43.90100502386451,147195.92340917737,0.0,113031.21538130676,43726.13292791569,43.875,2.2,887.5625
 01/02  13:00:00,24.56986535001088,42.782932407706035,142526.92446348106,0.0,115203.05342952925,44894.718840093024,40.125,2.3875,827.6875
 01/02  14:00:00,24.607974811453076,42.810835989620315,155002.7906083164,0.0,124670.63219886516,53753.80523997954,37.75,2.6875,774.8125
 01/02  15:00:00,24.616765152105593,43.36685460216787,155625.39175428613,0.0,121719.0179057842,54348.02885898649,37.0,2.9875,599.0
 01/02  16:00:00,24.486422204998433,41.99574906524169,154205.5160327989,0.0,119559.52979644816,52188.540749650456,37.625,3.1,360.0
 01/02  17:00:00,24.327103663176885,40.937767374628905,146020.4038459452,0.0,115209.93935531922,44937.81019863141,39.25,2.9125,134.5
 01/02  18:00:00,24.20858289451832,39.95054123645399,111605.23571508868,0.0,79295.67129304321,28009.483717277188,43.125,2.2375,48.8125
 01/02  19:00:00,24.181002953516774,39.00801902174735,78904.71794988499,0.0,51787.29485690349,18475.714117736898,49.375,1.3375,0.0
 01/02  20:00:00,24.148669580059146,38.337301562015675,67903.22768781146,0.0,43851.15250948968,15289.162979114286,57.0,0.375,0.0
 01/02  21:00:00,24.11593159058772,38.85677624474699,60621.33916236734,0.0,38359.40864588517,12757.075250251924,64.375,0.0,0.0
 01/02  22:00:00,24.079402599975023,40.26730472356183,54652.15967854809,0.8572938606557727,35212.655732119085,10899.71794088144,71.375,0.0,0.0
 01/02  23:00:00,25.096552498465737,38.9231352843914,0.0,0.0,21603.55076409053,250.26910759502385,75.875,0.0,0.0
 01/02  24:00:00,25.35640467312596,38.83478648180423,0.0,0.0,20122.90815579052,249.454566666085,80.125,0.375,0.0
 01/03  01:00:00,25.287053032522614,39.446062729505634,0.0,0.0,16163.712511941816,201.28916140884087,83.25,0.975,0.0
 01/03  02:00:00,25.207451404420183,39.95177440201189,0.0,0.0,16002.738920482274,201.198977940785,85.25,1.5125,0.0
 01/03  03:00:00,25.139429143517116,40.53680372102953,0.0,0.0,16002.738920482274,201.198977940785,86.625,1.8875,0.0
 01/03  04:00:00,25.06885114706118,41.16262745194568,0.0,0.0,16002.738920482274,201.198977940785,88.875,2.0625,0.0
 01/03  05:00:00,25.01432554018481,41.69880531395581,0.0,0.0,16002.738920482274,201.198977940785,88.75,1.85,0.0
 01/03  06:00:00,24.977643124468415,42.04767819727271,0.0,0.0,16002.738920482274,201.198977940785,89.875,1.825,0.0
 01/03  07:00:00,24.192321169272716,45.61197657285483,34037.02502206511,683.6121089216413,26235.35729757444,4492.175661477064,89.125,2.1499999999999995,0.0
 01/03  08:00:00,23.779001893887674,48.68441827958283,56411.70100248712,289.0992027540915,43394.227824594906,8677.297433556334,85.5,2.2375,52.6875
 01/03  09:00:00,24.046500058125144,48.901808297432204,96682.3340786887,332.04210665303435,98088.96322007784,20402.8093381153,77.125,2.5125,325.6875
 01/03  10:00:00,24.112627022643206,47.95104220860039,110511.90147098679,0.0,95232.9357601454,25927.853306754318,66.75,2.825,588.6875
 01/03  11:00:00,24.207955714017714,47.37804835246283,117708.16707899964,0.0,96060.75487133944,28689.765824541755,56.75,3.1499999999999995,539.3125
 01/03  12:00:00,24.22844072029109,47.04774033599543,124526.85121058299,0.0,102916.05891059947,33610.97645720838,49.25,3.1125,380.8125
 01/03  13:00:00,24.347230306401872,45.35292614800895,121036.93113807644,0.0,105103.68980461852,34795.35521518229,43.875,2.9375000000000004,603.875
 01/03  14:00:00,24.390049396512822,44.702193635878785,134068.14228267755,0.0,112938.56929236947,42021.74233348388,42.0,2.4625,527.3125
 01/03  15:00:00,24.422626831311355,44.543969337393676,135625.84160227975,0.0,109872.96876548916,42501.979718691466,41.375,2.2,463.75
 01/03  16:00:00,24.325607744928057,43.789516551965995,136210.73369160568,0.0,108791.423218721,41420.43417192331,42.25,2.0125,315.75
 01/03  17:00:00,24.22349220609675,43.875864619856166,131340.51175751598,0.0,107879.43545796051,37607.30630127271,44.25,2.0875,191.4375
 01/03  18:00:00,24.17922318541772,43.4379712853264,98403.84848183548,0.0,75535.3693073892,24440.25025056757,48.75,2.2,95.75
 01/03  19:00:00,24.148187204124028,41.96624641026345,66661.36155988275,0.0,51134.11975131235,17822.539012145746,54.75,2.5125,0.0
 01/03  20:00:00,24.10095584140926,40.905212562825085,56942.3188083121,0.0,44013.97832959351,15451.98879921811,61.375,2.7625,0.0
 01/03  21:00:00,24.050367935022177,41.13044198311912,50867.803327444904,0.0,39039.61283860701,13437.27944297376,65.875,3.1125,0.0
 01/03  22:00:00,24.002208515853454,41.60264218538764,46174.99787965664,0.0,35926.75445102099,11613.816659783348,69.5,3.175,0.0
 01/03  23:00:00,24.816158579238653,40.28376460168336,0.0,0.0,21603.55076409053,250.26910759502385,71.625,2.9125,0.0
 01/03  24:00:00,25.023324283406872,40.58360036730876,0.0,0.0,20122.90815579052,249.454566666085,75.125,2.05,0.0
 01/04  01:00:00,24.98379376161186,41.15646802663735,0.0,0.0,16163.712511941816,201.28916140884087,78.875,1.1,0.0
 01/04  02:00:00,24.963828963710412,41.30192350349479,0.0,0.0,16002.738920482274,201.198977940785,82.5,0.3,0.0
 01/04  03:00:00,24.928658371368087,41.418164988010574,0.0,0.0,16002.738920482274,201.198977940785,84.625,0.25,0.0
 01/04  04:00:00,24.845547687895085,41.69611372447178,0.0,0.0,16002.738920482274,201.198977940785,86.875,0.5874999999999999,0.0
 01/04  05:00:00,24.75213102870311,42.02764209433888,0.0,0.0,16002.738920482274,201.198977940785,73.625,2.7,0.0
 01/04  06:00:00,24.70310339130009,41.98492539465647,0.0,0.0,16002.738920482274,201.198977940785,66.875,3.5249999999999995,0.0
 01/04  07:00:00,23.96841242543369,42.85165444291156,34385.9490559327,622.4358741196247,29851.44011026187,8108.258474164495,67.375,2.925,0.0
 01/04  08:00:00,23.679036607023168,42.86857413645375,51747.41625074326,151.84723707300145,46897.78707287185,12204.42685320506,65.75,2.3875,60.1875
 01/04  09:00:00,24.02348577366764,43.805972514146234,89582.31581027707,241.4091670927592,99764.0047118386,22077.850829876064,61.25,2.1375,273.9375
 01/04  10:00:00,24.097058199416235,46.34874432487728,96627.61186801472,0.0,94338.58745683543,25033.505003444345,56.5,2.1,251.625
 01/04  11:00:00,24.17245059365679,48.28921180345177,110263.68431826912,0.0,97170.83057775984,29799.84153096213,53.125,2.1625000000000005,528.375
 01/04  12:00:00,24.236509236108144,49.18763651658006,118803.26021772598,0.0,103672.21078445856,34367.12833106747,50.75,2.2625,559.25
 01/04  13:00:00,24.235403793117907,48.934809490865625,116019.10849632462,0.0,105238.25254861193,34929.917959175706,50.625,2.3,233.8125
 01/04  14:00:00,24.221511182748415,49.06117215610275,127508.39677814959,0.0,111848.6232841892,40931.7963253036,51.0,2.2375,232.8125
 01/04  15:00:00,24.269334466504418,48.81830730742429,127183.87282100356,0.0,108342.56206997045,40971.57302317273,51.0,2.2,264.125
 01/04  16:00:00,24.18874462173808,48.92253115017725,124723.37469126895,0.0,107089.04579526332,39718.05674846562,51.0,2.2,172.625
 01/04  17:00:00,24.167980711499183,49.06622735992155,124557.7232609223,0.0,108779.77188253116,38507.64272584337,51.0,2.2,251.0
 01/04  18:00:00,24.164321317414196,48.253890721876274,90576.28200648734,0.0,76453.90592939613,25250.42230049012,52.875,2.2625,67.25
 01/04  19:00:00,24.129220272410727,45.47813765471807,60840.42729293599,0.0,52005.3745778938,18693.793838727197,56.5,2.3,0.0
 01/04  20:00:00,24.08100973595587,42.99373859517887,52337.50185668965,0.0,44380.31852947088,15818.328999095487,61.75,2.2375,0.0
 01/04  21:00:00,24.032882092735186,42.218133472922574,46921.9141420494,0.0,38815.17647556528,13212.843079932034,67.125,2.1375,0.0
 01/04  22:00:00,23.97155661140688,42.48208586479182,42917.48774804635,0.0,35346.68996997109,11033.752178733448,71.5,2.1,0.0
 01/04  23:00:00,24.753156505167496,41.08407810175772,0.0,0.0,21603.55076409053,250.26910759502385,72.375,2.1625000000000005,0.0
 01/04  24:00:00,24.93185259733645,41.34617158242556,0.0,0.0,20122.90815579052,249.454566666085,71.375,2.5125,0.0
 01/05  01:00:00,24.83555838892265,41.985475887764764,0.0,0.0,16163.712511941816,201.28916140884087,68.5,3.075,0.0
 01/05  02:00:00,24.763644706642282,42.1260066520669,0.0,0.0,16002.738920482274,201.198977940785,65.125,3.675,0.0
 01/05  03:00:00,24.696493536073852,42.081270871983634,0.0,0.0,16002.738920482274,201.198977940785,62.75,4.15,0.0
 01/05  04:00:00,24.645940455562567,41.9087477764472,0.0,0.0,16002.738920482274,201.198977940785,63.25,4.3,0.0
 01/05  05:00:00,24.576801409080346,42.13164396511152,0.0,0.0,16002.738920482274,201.198977940785,80.25,3.675,0.0
 01/05  06:00:00,24.5095349539623,42.98750483716509,0.0,0.0,16002.738920482274,201.198977940785,88.125,3.425,0.0
 01/05  07:00:00,23.832210220418776,46.170445927782275,33324.15801089256,654.0478860318153,29076.41007205708,7339.736861203763,84.5,3.3125,0.0
 01/05  08:00:00,23.543652635879504,48.17797625756979,48695.83538663639,151.7315581106468,46381.15795962104,11587.991348842956,79.875,2.95,9.75
 01/05  09:00:00,23.970887745759647,48.76210456724196,78389.36492411103,370.09402301564296,98189.59832296538,20354.65167830836,74.875,2.55,136.125
 01/05  10:00:00,24.080599351890314,50.039829658388065,95019.43967127091,0.0,94971.18247271552,25666.100019324447,68.625,2.275,496.5625
 01/05  11:00:00,24.161689549211072,50.2522871273424,106406.21553074667,0.0,98089.76147562466,30718.77242882696,62.25,2.2,537.875
 01/05  12:00:00,24.18604074302681,50.10607267280339,114774.37965473994,0.0,105757.28325854696,36452.20080515588,56.25,2.2625,475.75
 01/05  13:00:00,24.270626439556747,49.40147586083028,112362.23646694885,0.0,108231.31193245578,37922.97734301957,51.5,2.3625,505.1875
 01/05  14:00:00,24.312641766415947,49.18808143796383,125749.20675211344,0.0,115954.74591377538,45037.91895488977,47.5,2.275,493.375
 01/05  15:00:00,24.3441234372672,48.80225631172284,127064.01122470852,0.0,113239.56909943186,45868.58005263416,45.375,2.0125,402.6875
 01/05  16:00:00,24.202904092099786,49.052980499199926,122153.25512132696,0.0,110785.49179433308,43414.50274753538,45.625,1.775,104.9375
 01/05  17:00:00,24.16548074681508,49.59743265061619,114407.22708241014,0.0,108856.51407509408,38566.06791636233,48.5,1.7,53.8125
 01/05  18:00:00,24.157753321449412,49.0489913610139,87827.39124981369,0.0,77290.54737485576,26160.10634090757,52.5,1.825,69.375
 01/05  19:00:00,24.12479407459269,46.49962795469351,59043.78844850359,0.0,52671.25999157547,19359.679252408867,59.0,2.2125,0.0
 01/05  20:00:00,24.072806164767805,44.672044607277144,50712.54205159264,0.0,45591.57841955107,17029.588889175677,65.75,2.6499999999999995,0.0
 01/05  21:00:00,24.015837364715335,44.464435686529896,45945.02447736373,0.0,41133.18145249933,15530.848056866069,72.375,2.8625,0.0
 01/05  22:00:00,23.944204912473147,45.39361256563734,42416.677913460815,0.0,38547.83971632307,14234.901925085422,77.5,2.7750000000000004,0.0
 01/05  23:00:00,24.711991103624236,44.3294891665971,0.0,0.0,21603.55076409053,250.26910759502385,80.875,2.3875,0.0
 01/05  24:00:00,24.923001911438455,44.81371891081851,0.0,0.0,20122.90815579052,249.454566666085,82.625,1.8875,0.0
 01/06  01:00:00,24.836014391416636,45.63106014527378,0.0,0.0,16163.712511941816,201.28916140884087,84.25,1.575,0.0
 01/06  02:00:00,24.732914441752754,46.08479846992845,0.0,0.0,16002.738920482274,201.198977940785,85.625,1.6250000000000002,0.0
 01/06  03:00:00,24.63074394668832,46.4679542849229,0.0,0.0,16002.738920482274,201.198977940785,87.875,2.0125,0.0
 01/06  04:00:00,24.51480845760148,46.920497983535135,0.0,0.0,16002.738920482274,201.198977940785,89.625,2.6375,0.0
 01/06  05:00:00,24.43870279572199,47.33017392666287,0.0,0.0,16002.738920482274,201.198977940785,90.0,3.1499999999999995,0.0
 01/06  06:00:00,24.39962249227626,47.77300246488616,0.0,0.0,16002.738920482274,201.198977940785,93.125,3.2375,0.0
 01/06  07:00:00,23.717047876829845,50.76937373063738,32516.801815413004,751.2797752013821,27820.56707743693,6077.385441339555,92.5,3.2,0.0
 01/06  08:00:00,23.454651857526912,52.51634536000316,47319.231607614856,279.5558423532093,45012.70120538634,10293.533801501317,90.375,2.95,55.5
 01/06  09:00:00,23.961033638220243,52.278660481770274,80901.91616169465,460.4079340712078,98917.25129224072,21231.09741027819,83.75,2.8,273.1875
 01/06  10:00:00,24.07682657047386,52.29137947955349,88591.44146694786,0.0,94855.5056245024,25550.423171111324,75.625,2.675,261.3125
 01/06  11:00:00,24.14217874593975,51.651819161106864,97700.25352540494,0.0,97476.8661407467,30105.877093949,66.125,2.725,286.125
 01/06  12:00:00,24.179883628042532,50.67192865736676,111493.40290770393,0.0,107132.51712793244,37827.43467454132,60.125,2.675,605.0
 01/06  13:00:00,24.29124454980046,49.745533326186624,110005.90188644899,0.0,108341.08873274324,38032.754143307015,55.875,2.725,646.625
 01/06  14:00:00,24.323582792528875,49.43380313985119,123644.06102638532,0.0,115352.3815743087,44435.5546154231,53.375,2.8,516.8125
 01/06  15:00:00,24.289988306247693,49.19834844380365,123560.74100194414,0.0,109907.8866890636,42536.89764226589,51.125,3.1125,242.25
 01/06  16:00:00,24.184367087585745,49.201375924167,121324.73659995901,0.0,106294.1182988352,38923.12925203752,50.625,3.3,166.8125
 01/06  17:00:00,24.161131001780035,49.283385429636446,120005.16248920588,0.0,105611.17335836648,35339.044201678684,51.625,3.3,231.4375
 01/06  18:00:00,24.154589919269107,48.150475595046686,86730.56469305967,0.0,74847.86007696408,23718.719890959263,57.0,2.925,78.8125
 01/06  19:00:00,24.11185443526183,45.74590238635727,57638.47377522067,0.0,50585.60106359918,17274.020324432575,63.75,2.45,0.0
 01/06  20:00:00,24.05567449408959,44.55441025373973,49235.23011792887,0.0,43054.2893088912,14492.299778515802,72.875,1.925,0.0
 01/06  21:00:00,23.98968645710182,45.296113082748064,44286.989915938226,0.0,37838.81003131592,12236.47663568267,78.25,1.7625,0.0
 01/06  22:00:00,23.908381087410284,46.21437466717898,40865.516519767516,1.49618423503307,35010.46667615659,10697.528884918947,80.875,1.8,0.0
 01/06  23:00:00,24.647078089120132,44.903076469843285,0.0,0.0,21603.55076409053,250.26910759502385,80.125,2.05,0.0
 01/06  24:00:00,24.82999324147726,45.194088051089146,0.0,0.0,20122.90815579052,249.454566666085,82.125,2.1375,0.0
 01/07  01:00:00,24.697631030586763,46.185832189573176,0.0,0.0,13038.514687240193,168.67480905518886,84.625,2.225,0.0
 01/07  02:00:00,24.605029159437272,46.83620857353861,0.0,0.0,12877.565474876648,168.6090046831275,88.125,2.2375,0.0
 01/07  03:00:00,24.52641281610677,47.476624323895166,0.0,0.0,12877.565474876648,168.6090046831275,88.75,2.5125,0.0
 01/07  04:00:00,24.437174369026685,48.10073842205645,0.0,0.0,12877.565474876648,168.6090046831275,90.5,2.825,0.0
 01/07  05:00:00,24.376173643008713,48.603703473697706,0.0,0.0,12877.565474876648,168.6090046831275,92.0,2.4625,0.0
 01/07  06:00:00,24.326152327156695,48.98360699315255,0.0,0.0,12877.565474876648,168.6090046831275,92.0,2.2,0.0
 01/07  07:00:00,23.674909657204495,51.028388992218765,32926.4877451106,687.760572503721,29383.70927756245,7641.969954108518,87.625,2.3875,0.0
 01/07  08:00:00,23.49702426676494,50.39803354721566,41785.000917557736,251.3120233233758,34288.0464916234,11111.266057903784,80.625,2.6875,80.4375
 01/07  09:00:00,23.784454475477265,47.76391086824388,52625.74454177185,233.4798299312033,45905.55382649063,15247.346548183215,71.125,2.925,358.125
 01/07  10:00:00,23.947543134689752,45.60842500751948,59326.68391202843,0.0,51291.82960012458,18377.180014124868,62.625,3.0,288.0
 01/07  11:00:00,24.09766696497319,44.863526820975004,70274.37290986592,0.0,53507.4996265405,21559.89674383749,55.0,2.875,554.1875
 01/07  12:00:00,24.142336779602537,45.697721157544734,78411.87936405183,0.0,57778.77465541799,23574.72946502267,49.5,2.4875,482.0
 01/07  13:00:00,24.222810461645164,45.74256130253086,74717.30042792653,0.0,46916.60016345429,23242.63052847764,44.875,2.1125,656.25
 01/07  14:00:00,24.237412707356796,45.07033179494297,78383.40101023603,0.0,45140.48414854647,24045.305722361023,41.125,1.8125,585.0625
 01/07  15:00:00,24.2284709905784,43.829490536995955,76886.63454925809,0.0,43318.850069721,23835.416149030047,38.125,1.7,246.25
 01/07  16:00:00,24.182220825174703,42.06314435177677,73090.97277908516,0.0,40865.52493021274,22671.4866139174,37.0,1.7,208.125
 01/07  17:00:00,24.15761182675694,40.342109214442985,70059.16315767381,0.0,39577.57786751198,21061.190650117736,37.625,1.7,267.3125
 01/07  18:00:00,24.6612982243811,36.623223698305,40610.27026609423,0.0,29859.858210552607,15234.030162575364,41.75,1.575,90.375
 01/07  19:00:00,25.349359390627757,34.23959073695323,0.0,0.0,18410.17735255095,197.9051438648484,48.375,1.3749999999999998,0.0
 01/07  20:00:00,25.364349516960573,34.8385801307475,0.0,0.0,13745.564687240194,168.67480905518886,57.875,1.1750000000000005,0.0
 01/07  21:00:00,25.215825715251217,35.53441461069034,0.0,0.0,13584.615474876648,168.6090046831275,66.375,1.225,0.0
 01/07  22:00:00,25.11438517254074,36.28653303439468,0.0,0.0,13584.615474876648,168.6090046831275,72.125,1.55,0.0
 01/07  23:00:00,25.01824754178965,37.19836130827953,0.0,0.0,13584.615474876648,168.6090046831275,74.625,2.0125,0.0
 01/07  24:00:00,24.89219838482019,38.277980321364964,0.0,0.0,13584.615474876648,168.6090046831275,76.875,2.45,0.0
 01/08  01:00:00,24.77836808771587,39.376379095658095,0.0,0.0,12877.565474876648,168.6090046831275,79.875,2.7875,0.0
 01/08  02:00:00,24.69235786423126,40.39244911329709,0.0,0.0,12877.565474876648,168.6090046831275,84.125,2.8374999999999995,0.0
 01/08  03:00:00,24.603438898727926,41.3490328753257,0.0,0.0,12877.565474876648,168.6090046831275,87.875,2.675,0.0
 01/08  04:00:00,24.53317059484385,42.17643348085695,0.0,0.0,12877.565474876648,168.6090046831275,91.5,2.4125,0.0
 01/08  05:00:00,24.52963535623144,42.79837921032384,0.0,0.0,12877.565474876648,168.6090046831275,88.0,2.2375,0.0
 01/08  06:00:00,24.537431017285666,43.412144969416275,0.0,0.0,12877.565474876648,168.6090046831275,86.875,2.1375,0.0
 01/08  07:00:00,24.55878523114952,44.122907906537336,0.0,0.0,16999.188007508215,197.85880237748196,88.0,2.0375,0.0
 01/08  08:00:00,24.618879970909802,44.9345942860375,0.0,0.0,13045.388346447591,197.90605972060504,87.375,2.125,40.6875
 01/08  09:00:00,25.10682671241991,44.50313700069289,0.0,0.0,12859.104155816814,197.82525214784607,80.75,2.1375,232.5
 01/08  10:00:00,25.56289405398797,43.770969194625735,9855.839707285077,393.1052905271809,16455.451626238693,3795.2715248018176,72.0,2.0375,429.625
 01/08  11:00:00,25.520842975723962,42.844606635486,30275.237388591668,512.3747638834357,24481.86789125359,11821.687789816717,62.125,1.8125,716.4375
 01/08  12:00:00,25.674613584482742,41.185263140710205,32156.29395621299,312.66454194293783,25464.847507128838,12804.667405691962,54.875,1.7,681.3125
 01/08  13:00:00,25.86228226150648,39.97808700379946,33396.29492857216,226.66116520869585,26201.498941122973,13541.318839686097,50.5,1.575,376.0625
 01/08  14:00:00,26.07322995827564,39.22028042142096,36299.65114780859,540.1609792244672,26646.719100921426,13986.538999484548,49.0,1.6250000000000002,496.9375
 01/08  15:00:00,26.234326043461007,38.9027387301028,34644.865947646795,316.7225855845172,26660.69516216602,14000.515060729143,48.375,1.6375000000000002,291.625
 01/08  16:00:00,26.1046372755345,38.94413522666966,32412.213629122503,83.06542950822222,26168.918694165583,13508.738592728709,49.875,1.725,85.6875
 01/08  17:00:00,26.042878385638865,38.773444461697906,30227.848038200314,89.98873671293586,25443.033120992804,12782.853019555929,51.625,1.7375,86.75
 01/08  18:00:00,25.925086454838482,38.82444587823977,21200.38039445434,64.66261845247936,21709.366257889647,9000.745623054296,54.5,1.825,37.75
 01/08  19:00:00,25.77443416703011,39.02649373932647,10342.197556958818,0.0,20058.216270198987,4310.52639201398,57.875,1.775,0.0
 01/08  20:00:00,26.017232008564015,38.7284787065112,0.0,0.0,13584.615474876648,168.6090046831275,62.75,1.7,0.0
 01/08  21:00:00,25.90768264749713,39.459170362666406,0.0,0.0,13584.615474876648,168.6090046831275,66.25,1.5124999999999995,0.0
 01/08  22:00:00,25.816072279004555,40.10028996690149,0.0,0.0,13584.615474876648,168.6090046831275,69.5,1.4625,0.0
 01/08  23:00:00,25.722603097572023,40.78107645815069,0.0,0.0,13584.615474876648,168.6090046831275,72.875,1.6250000000000002,0.0
 01/08  24:00:00,25.611044510982307,41.639411144059984,0.0,0.0,13584.615474876648,168.6090046831275,79.0,2.1375,0.0
 01/09  01:00:00,25.553162996590473,42.589181963296966,0.0,0.0,16002.738920482274,201.198977940785,84.5,2.7125,0.0
 01/09  02:00:00,25.44904380062392,43.788587943447396,0.0,0.0,16002.738920482274,201.198977940785,89.75,3.1499999999999995,0.0
 01/09  03:00:00,25.365345128436843,44.9144862812318,0.0,0.0,16002.738920482274,201.198977940785,90.125,3.175,0.0
 01/09  04:00:00,25.320539611372695,45.71800257501262,0.0,0.0,16002.738920482274,201.198977940785,89.0,2.9125,0.0
 01/09  05:00:00,25.276576771647765,46.32571058445242,0.0,0.0,16002.738920482274,201.198977940785,89.0,2.425,0.0
 01/09  06:00:00,25.24204059029956,46.78730066525869,0.0,0.0,16002.738920482274,201.198977940785,89.625,2.0125,0.0
 01/09  07:00:00,24.3908842801459,49.29362570989604,36247.94046676632,581.5905744318634,32085.2692802651,10342.087644167725,89.375,1.7125,0.0
 01/09  08:00:00,23.947612977324333,50.8270401576865,59278.90512713923,39.20456053248199,52306.238483673456,17585.913536240696,86.5,1.6625,44.4375
 01/09  09:00:00,24.082993411987545,51.41446861637842,100945.78177097773,0.0,112482.62697789982,34776.9836399427,78.75,1.6375000000000002,300.9375
 01/09  10:00:00,24.137546312264803,50.752531493062875,117226.45066247229,0.0,114997.55825000156,45692.47579661047,68.125,1.6625,668.8125
 01/09  11:00:00,24.31006977458251,49.4153889134046,125003.79104748428,0.0,117673.916558128,50302.92751133031,57.125,1.7,847.125
 01/09  12:00:00,24.42135786344406,48.80549130242749,130995.21889997892,0.0,120309.19987735269,51004.11742396157,49.25,1.7,846.125
 01/09  13:00:00,24.52893370874856,48.06761628773603,127779.45043493246,0.0,118678.52205805776,48370.18746862157,44.5,1.7,692.875
 01/09  14:00:00,24.44053152459913,48.178789359970985,140072.9588429818,0.0,125281.80588590352,54364.978927017895,43.0,1.7,291.8125
 01/09  15:00:00,24.43479216294326,47.9585635717741,138994.49235796765,0.0,120615.60977189455,53244.62072509686,44.25,1.5124999999999995,279.5625
 01/09  16:00:00,24.32164008078211,48.114994947255475,136683.0179041947,0.0,119123.04959426427,51752.06054746658,46.875,1.275,187.3125
 01/09  17:00:00,24.205255714451102,48.90544813680948,125638.00984361736,0.0,116484.15613711384,46143.25609649404,49.875,0.95,37.5625
 01/09  18:00:00,24.179099114676646,49.04560113374855,96154.9115822761,0.0,82352.10032447484,31087.998986578285,53.5,0.6125,36.5
 01/09  19:00:00,24.152672384271817,47.69093252860975,67251.37981053453,0.0,55483.32000373336,22171.73926456676,56.25,0.2499999999999999,0.0
 01/09  20:00:00,24.12454770308029,45.777363432255484,58795.67845764552,0.0,48970.77710028664,20408.787569911245,59.5,0.0375,0.0
 01/09  21:00:00,24.095380106050747,44.712507797789016,53655.91190201175,0.0,45150.23929188322,19547.90589624997,62.25,0.0,0.0
 01/09  22:00:00,24.062222855594356,44.45089145318782,49127.04961718795,0.0,43353.02341871319,19040.08562747554,67.375,0.25,0.0
 01/09  23:00:00,25.09389476561273,42.23004230554724,0.0,0.0,21603.55076409053,250.26910759502385,73.125,0.8375,0.0
 01/09  24:00:00,25.378296941187088,42.60735009057385,0.0,0.0,20122.90815579052,249.454566666085,80.625,1.725,0.0
 01/10  01:00:00,25.264064110635516,44.285079639293784,0.0,0.0,16163.712511941816,201.28916140884087,86.5,2.5375,0.0
 01/10  02:00:00,25.14699174709531,45.941293695626,0.0,0.0,16002.738920482274,201.198977940785,91.125,3.1125,0.0
 01/10  03:00:00,25.0790246766066,47.40200206558972,0.0,0.0,16002.738920482274,201.198977940785,91.75,3.2375,0.0
 01/10  04:00:00,25.035641358951448,48.40932331687815,0.0,0.0,16002.738920482274,201.198977940785,91.0,2.95,0.0
 01/10  05:00:00,25.03080558894155,49.02181940261907,0.0,0.0,16002.738920482274,201.198977940785,92.25,2.1125,0.0
 01/10  06:00:00,25.046083866272298,49.50888105291378,0.0,0.0,16002.738920482274,201.198977940785,93.0,1.7,0.0
 01/10  07:00:00,24.1692614581414,52.13639000474755,36167.8453992609,503.1971303038472,34915.511477220934,13172.329841123556,91.75,1.7,0.0
 01/10  08:00:00,23.845664035582008,52.767425637080116,53405.87514438198,22.51367463773749,53640.33731219148,18921.795586291784,88.5,1.7,38.4375
 01/10  09:00:00,24.062810215502516,52.38253073617506,92334.05375426129,31.073572259265347,113832.70793190508,36126.75588744592,82.625,1.6375000000000002,228.375
 01/10  10:00:00,24.1102047523581,51.630908648471724,105393.96021838774,0.0,114621.19481971992,45316.11236632883,75.625,1.6,422.3125
 01/10  11:00:00,24.204869777924714,50.396761966547544,116107.90510303868,0.0,120636.80108184426,53265.81203504656,68.0,1.6625,584.9375
 01/10  12:00:00,24.275953256619722,49.762396554326486,123001.1026063805,0.0,126682.82396654316,57377.74151315206,61.875,1.825,526.9375
 01/10  13:00:00,24.270825152345864,49.41526011452698,119779.52787253042,0.0,118910.10739441564,48601.77280497942,56.875,2.025,187.5625
 01/10  14:00:00,24.27299296759702,49.10507152806434,131821.42265006926,0.0,124537.09454284178,53620.26758395617,52.5,2.1625000000000005,290.5625
 01/10  15:00:00,24.366749351079243,48.5126199634999,133101.93134238446,0.0,119091.25743694267,51720.26839014499,49.125,2.2,455.8125
 01/10  16:00:00,24.29139349955087,48.44662007780051,134371.21195610848,0.0,120056.94603994137,52685.95699314365,48.625,2.075,296.5
 01/10  17:00:00,24.232120474999498,48.68649553274557,133510.80110065223,0.0,123028.63841113332,52756.5092544455,50.25,1.8125,295.625
 01/10  18:00:00,24.187811961209768,48.791316124869915,104044.36292689962,0.0,90731.4383476252,39738.227569337,53.5,1.45,140.0
 01/10  19:00:00,24.161287650876417,48.613132025051094,68334.6678486986,0.0,59744.07566600728,26432.49492684068,58.125,1.1750000000000005,0.0
 01/10  20:00:00,24.129696996505395,48.10432595956605,58214.94184687366,0.0,51337.24615207824,22775.256621702843,64.375,1.1,0.0
 01/10  21:00:00,24.091206305024627,47.321535767082146,52334.29342229694,0.0,46916.371420118565,21314.03802448531,70.125,1.225,0.0
 01/10  22:00:00,24.04815821619863,47.025788998062275,47738.41026069398,0.0,44368.54356608292,20055.605774845277,75.125,1.425,0.0
 01/10  23:00:00,25.045019562590348,44.7948031239915,0.0,0.0,21603.55076409053,250.26910759502385,78.875,1.6250000000000002,0.0
 01/10  24:00:00,25.332663430271676,45.315777402656366,0.0,0.0,20122.90815579052,249.454566666085,82.5,1.7625,0.0
 01/11  01:00:00,25.269662954960072,46.54820282077421,0.0,0.0,16163.712511941816,201.28916140884087,85.875,1.7375,0.0
 01/11  02:00:00,25.2311535176786,47.396998810752045,0.0,0.0,16002.738920482274,201.198977940785,89.5,1.7,0.0
 01/11  03:00:00,25.174467247757338,48.24242022762543,0.0,0.0,16002.738920482274,201.198977940785,91.625,1.6375000000000002,0.0
 01/11  04:00:00,25.118907625418057,49.02457638528322,0.0,0.0,16002.738920482274,201.198977940785,93.25,1.6,0.0
 01/11  05:00:00,25.07700359722424,49.731659484062476,0.0,0.0,16002.738920482274,201.198977940785,92.125,1.6625,0.0
 01/11  06:00:00,25.06979364076027,50.35588863695679,0.0,0.0,16002.738920482274,201.198977940785,91.625,1.6375000000000002,0.0
 01/11  07:00:00,24.171472544043585,52.72694678891431,37284.789180125816,521.3394774305461,38201.10996068561,16457.92832458823,89.5,1.5375,0.0
 01/11  08:00:00,23.871342297983308,52.673827294460466,53378.56585204522,0.0,57570.166117036766,22783.639759410184,86.125,1.6250000000000002,15.0
 01/11  09:00:00,24.06240365121055,52.15343215996193,89282.1430469759,3.3679763776981417,117420.83692080367,39639.14367288837,79.375,1.7625,134.0625
 01/11  10:00:00,24.10794716011827,51.546585032586606,104305.20135674508,0.0,117520.13080280033,48215.04834940923,72.25,1.8625,407.0
 01/11  11:00:00,24.196455919659385,50.389191534129665,115650.8861066337,0.0,123587.91908964788,56216.930042850174,66.25,1.775,546.3125
 01/11  12:00:00,24.263312728887666,49.76339264899764,122930.85474929116,0.0,124134.47458735733,54829.39213396622,62.75,1.45,519.1875
 01/11  13:00:00,24.355640388089014,49.29078995843085,120497.24284251442,0.0,120369.8831257273,50061.54853629108,59.5,0.8625,432.8125
 01/11  14:00:00,24.311673972046837,49.08860608115398,132575.8050526305,0.0,126269.99153475252,55353.16457586692,56.75,0.225,241.6875
 01/11  15:00:00,24.32533970957701,48.69292169434881,132244.58042792042,0.0,121425.98603347164,54054.99698667396,52.875,0.0,243.0
 01/11  16:00:00,24.278636738596433,48.508124064888335,133811.64997163616,0.0,121212.10338763772,53841.11434084003,49.75,0.0,264.5
 01/11  17:00:00,24.202865924076676,48.894595175131705,127570.4217922619,0.0,119746.54630022854,49458.29963968554,48.375,0.0,117.8125
 01/11  18:00:00,24.177804694816338,49.14656674875257,93729.16912086403,0.0,86007.83460084723,34078.94780708036,51.75,0.5625,14.125
 01/11  19:00:00,24.15548246910599,48.92804688007242,64493.89325396452,0.0,59184.38194372752,25872.80120456092,59.0,1.4,0.0
 01/11  20:00:00,24.123244704282918,48.66000312897203,55696.66474778767,0.0,52686.8084833035,24124.81895292811,68.875,2.0125,0.0
 01/11  21:00:00,24.084534556282517,48.632236677697264,50548.061760775854,0.0,48928.30798351438,23325.974587881137,77.375,2.2625,0.0
 01/11  22:00:00,24.043237882940993,48.75097701178891,46542.4732705557,0.0,46434.80824669756,22121.870455459924,83.75,2.1750000000000003,0.0
 01/11  23:00:00,24.99932048419176,46.81036806068231,0.0,0.0,21603.55076409053,250.26910759502385,86.0,1.85,0.0
 01/11  24:00:00,25.295509831012197,47.37436093813572,0.0,0.0,20122.90815579052,249.454566666085,87.25,1.575,0.0
 01/12  01:00:00,25.237888288002853,48.49667362628874,0.0,0.0,16163.712511941816,201.28916140884087,87.375,1.5,0.0
 01/12  02:00:00,25.160641937123362,49.292228261904114,0.0,0.0,16002.738920482274,201.198977940785,88.25,1.6250000000000002,0.0
 01/12  03:00:00,25.121674908450565,49.968859645280574,0.0,0.0,16002.738920482274,201.198977940785,88.375,1.7625,0.0
 01/12  04:00:00,25.077367847272445,50.65830006629872,0.0,0.0,16002.738920482274,201.198977940785,90.5,1.8,0.0
 01/12  05:00:00,25.06671599229282,51.141207430567675,0.0,0.0,16002.738920482274,201.198977940785,93.25,0.675,0.0
 01/12  06:00:00,25.073024739875336,51.24918464283197,0.0,0.0,16002.738920482274,201.198977940785,93.375,0.5,0.0
 01/12  07:00:00,24.129598250221687,53.557893704946046,36966.01241527872,520.2951055459107,37813.90907238469,16070.727436287314,91.125,1.1749999999999998,0.0
 01/12  08:00:00,23.850212532058684,53.26786786093276,52957.41914787763,0.9414041364962032,57297.59801925802,22578.524383463708,86.875,1.5875,41.8125
 01/12  09:00:00,24.063752613845978,52.19884483701038,91361.76288828053,0.0,118714.20004131092,41008.579971638166,81.25,1.45,208.6875
 01/12  10:00:00,24.109098389353488,51.65348833440695,100060.57363004262,0.0,116654.24824027166,47349.16578688058,75.25,0.925,212.3125
 01/12  11:00:00,24.16696652823328,50.81903617828337,108362.37224937986,0.0,121654.8843942005,54283.8953474028,68.625,0.2624999999999999,205.8125
 01/12  12:00:00,24.197752647865894,50.02607031232812,121458.0718979282,0.0,121421.50131456368,52116.41886117258,61.625,0.0,370.875
 01/12  13:00:00,24.372084346710906,49.17939935643571,120288.38839141474,0.0,121181.57904575286,50873.24445631665,55.25,0.0,530.125
 01/12  14:00:00,24.354950584144166,48.90146765961352,134138.0633485643,0.0,129352.75025143009,58435.92329254448,49.875,0.0,334.25
 01/12  15:00:00,24.397597704816803,48.38493103168775,135173.02751989977,0.0,125015.91899689268,57644.92995009498,46.75,0.0,398.6875
 01/12  16:00:00,24.307908030472003,48.34489938108995,135020.58006489722,0.0,123275.6283824749,55904.6393356772,46.0,0.0625,246.0625
 01/12  17:00:00,24.194211921444566,49.08046090344113,122366.1073240805,0.0,117664.8720670538,47274.62929047,47.25,0.0375,34.4375
 01/12  18:00:00,24.17591673644165,49.360159049189,91724.3057318627,0.0,84833.524815374,33057.32117721318,51.125,0.25,10.1875
 01/12  19:00:00,24.154780031238694,48.836907702856756,63501.55868805749,0.0,57603.429028765866,24291.84828959927,57.375,0.8375,0.0
 01/12  20:00:00,24.12540246981933,48.16592224953184,55278.365494755395,0.0,51720.016276789145,23158.02674641375,65.0,1.7875000000000003,0.0
 01/12  21:00:00,24.094065992891835,48.04927278762764,50555.11342543784,0.0,48471.08581527024,22868.75241963698,72.375,2.825,0.0
 01/12  22:00:00,24.06114932853021,48.324126984850764,46818.28776258536,0.0,46803.479189487225,22490.54139824958,79.375,3.6375,0.0
 01/12  23:00:00,25.017830973981674,47.16978112249352,0.0,0.0,21603.55076409053,250.26910759502385,84.5,3.9,0.0
 01/12  24:00:00,25.279330621568793,49.024428678403,0.0,0.0,20122.90815579052,249.454566666085,87.875,3.5875,0.0
 01/13  01:00:00,25.21932586884478,50.93704460715203,0.0,0.0,16163.712511941816,201.28916140884087,89.625,2.6499999999999995,0.0
 01/13  02:00:00,25.170552440749915,51.842817363089516,0.0,0.0,16002.738920482274,201.198977940785,90.625,1.5125000000000002,0.0
 01/13  03:00:00,25.154160583351562,52.19428999217668,0.0,0.0,16002.738920482274,201.198977940785,92.25,0.4750000000000001,0.0
 01/13  04:00:00,25.14364163090093,52.279604180761226,0.0,0.0,16002.738920482274,201.198977940785,93.625,0.0375,0.0
 01/13  05:00:00,25.05495420706508,52.76817074953319,0.0,0.0,16002.738920482274,201.198977940785,90.875,2.0625,0.0
 01/13  06:00:00,24.979468074850566,53.704449390765035,0.0,0.0,16002.738920482274,201.198977940785,90.875,2.9875,0.0
 01/13  07:00:00,24.11254424394325,55.30709440894232,37020.17216034451,514.7186979503222,37793.9999151427,16050.81827904532,89.5,2.55,0.0
 01/13  08:00:00,23.8504629812983,53.794720272841545,53179.715243183295,0.0,56823.52890612365,22116.414576757805,84.875,2.275,65.8125
 01/13  09:00:00,24.06475710937912,52.09945443383605,95330.1453591531,0.0,119721.51522270408,42035.361340741554,76.75,2.2625,352.5
 01/13  10:00:00,24.114147816518624,51.24433352063696,107795.46113335087,0.0,119304.336858305,49999.254404913896,69.25,2.6125,470.25
 01/13  11:00:00,24.192589912923594,50.33099530202526,116329.2610683927,0.0,121857.94119650588,54486.9521497082,63.25,3.1125,456.6875
 01/13  12:00:00,24.221881868063445,49.843251311208775,123652.02160702481,0.0,123315.78907849276,54010.70662510168,61.0,3.675,358.9375
 01/13  13:00:00,24.308147029673012,49.50086140866373,119784.57112396817,0.0,122315.60061257194,52007.26602313572,61.625,4.15,375.3125
 01/13  14:00:00,24.237843363625515,49.583332972424266,129366.21402229842,0.0,128072.3443484171,57155.51738953149,62.625,4.3625,174.625
 01/13  15:00:00,24.24993890981152,49.30898958921741,127809.08848494187,0.0,122651.60818338075,55280.61913658308,62.375,4.3375,198.0625
 01/13  16:00:00,24.205853917901877,49.1932058705879,128690.1919683601,0.0,130031.05775817076,62660.06871137306,62.0,4.174999999999999,241.8125
 01/13  17:00:00,24.180848547933824,49.288848911632584,128693.60397765743,0.0,130224.55699520596,59952.42783851817,60.75,3.975,273.9375
 01/13  18:00:00,24.169652307495035,49.378269336274364,99179.49146946055,0.0,92967.47236204513,42025.19940379273,62.5,3.8375,153.8125
 01/13  19:00:00,24.15163056516351,49.16957619098316,64908.05909682791,0.0,59644.35979676427,26332.77905759767,66.5,3.6125,0.0
 01/13  20:00:00,24.11845195666392,48.86849464442115,55362.85854084111,0.0,52027.00124768717,23465.01171731177,73.0,3.375,0.0
 01/13  21:00:00,24.074535595117318,48.66733619945032,49934.753953531006,0.0,47849.908530471206,22247.57513483795,79.125,3.1125,0.0
 01/13  22:00:00,24.035100665624583,48.71136562329952,46176.31833193863,0.0,45404.29641222361,21091.358620985964,84.125,2.875,0.0
 01/13  23:00:00,24.987153114314957,47.05101741672741,0.0,0.0,21603.55076409053,250.26910759502385,86.0,2.8,0.0
 01/13  24:00:00,25.254807153820767,48.25533119113678,0.0,0.0,20122.90815579052,249.454566666085,87.25,2.9875,0.0
 01/14  01:00:00,25.122769410192795,50.29887526463482,0.0,0.0,13038.514687240193,168.67480905518886,86.75,3.35,0.0
 01/14  02:00:00,25.03389754319015,51.832628197663745,0.0,0.0,12877.565474876648,168.6090046831275,87.25,3.75,0.0
 01/14  03:00:00,24.97856254296729,53.17441631158966,0.0,0.0,12877.565474876648,168.6090046831275,86.75,3.9625,0.0
 01/14  04:00:00,24.933926013600686,54.25324133589263,0.0,0.0,12877.565474876648,168.6090046831275,87.875,3.875,0.0
 01/14  05:00:00,24.88654526557015,55.05717173185896,0.0,0.0,12877.565474876648,168.6090046831275,90.25,3.175,0.0
 01/14  06:00:00,24.8137918124513,55.53309314369102,0.0,0.0,12877.565474876648,168.6090046831275,92.875,2.7375,0.0
 01/14  07:00:00,24.052143056187095,56.48211101382924,35115.195367911416,424.26761368598727,33166.3968034422,11423.215167344826,93.375,2.8875,0.0
 01/14  08:00:00,23.80191531007653,54.44291924125367,45341.43124146455,0.0,38090.692896180655,14901.733738973931,90.5,3.1875,39.0
 01/14  09:00:00,23.94717134914887,51.95746378648587,54590.6334519192,16.25458751536098,49534.51044504674,18864.290865972864,82.125,3.7375,262.5
 01/14  10:00:00,24.051424363367445,49.928366358155856,71006.5095939473,0.0,57401.346074139845,24486.69648814012,71.125,4.375,564.625
 01/14  11:00:00,24.15860263979713,49.13683417867763,80073.42820980304,0.0,60245.776746971205,28298.173864268192,60.125,4.85,600.625
 01/14  12:00:00,24.180077784197135,48.83052711686039,87343.194345468,0.0,66273.04610621354,32069.000915818226,52.875,5.0,463.75
 01/14  13:00:00,24.318341938252146,48.05114958359514,81023.62095215802,0.0,52208.012673389705,28534.04303841305,48.5,4.875,832.5625
 01/14  14:00:00,24.324257098135586,47.649133150590124,84916.1121091143,0.0,51059.27664467711,29964.09821849167,47.0,4.55,624.125
 01/14  15:00:00,24.287519938467746,47.40581714407919,85466.53343589608,0.0,49233.08718863905,29749.65326794811,46.375,4.275,315.25
 01/14  16:00:00,24.2044657273706,47.129623234815604,78179.76974055944,0.0,44892.981067977904,26698.94275168256,47.25,4.075,167.0
 01/14  17:00:00,24.18507577781922,46.79048589798363,73591.03992765976,0.0,43142.675046659526,24626.28782926528,49.25,3.9375,230.8125
 01/14  18:00:00,24.82270143661875,43.26902969037486,41183.00851017854,0.0,32343.95132816403,17731.973222591587,53.75,3.775,115.5
 01/14  19:00:00,25.54168252882876,40.93966799191489,0.0,0.0,18410.17440957138,197.90220088527997,59.75,3.6375,0.0
 01/14  20:00:00,25.58734175916781,42.33648330467055,0.0,0.0,13745.564687240194,168.67480905518886,67.0,3.4125,0.0
 01/14  21:00:00,25.470703941347242,43.843718404821885,0.0,0.0,13584.615474876648,168.6090046831275,72.5,3.175,0.0
 01/14  22:00:00,25.372161635775413,45.233489615215525,0.0,0.0,13584.615474876648,168.6090046831275,77.75,2.975,0.0
 01/14  23:00:00,25.27398206315964,46.578763887989936,0.0,0.0,13584.615474876648,168.6090046831275,81.875,2.8374999999999995,0.0
 01/14  24:00:00,25.197970621365656,47.77739728092106,0.0,0.0,13584.615474876648,168.6090046831275,86.125,2.7375,0.0
 01/15  01:00:00,25.147087932505176,48.86229079420827,0.0,0.0,12877.565474876648,168.6090046831275,88.0,2.7625,0.0
 01/15  02:00:00,25.068459392092958,49.9455930683965,0.0,0.0,12877.565474876648,168.6090046831275,89.875,2.8,0.0
 01/15  03:00:00,25.01663697613519,50.903219973331694,0.0,0.0,12877.565474876648,168.6090046831275,89.75,2.8625,0.0
 01/15  04:00:00,24.964140977351654,51.729057410775006,0.0,0.0,12877.565474876648,168.6090046831275,90.875,2.8374999999999995,0.0
 01/15  05:00:00,24.887301087634018,52.472275912335625,0.0,0.0,12877.565474876648,168.6090046831275,91.375,2.8,0.0
 01/15  06:00:00,24.833128529039858,52.855956368151496,0.0,0.0,12877.565474876648,168.6090046831275,91.625,2.3625,0.0
 01/15  07:00:00,24.851861529067477,53.09029069357654,0.0,0.0,16998.472296674132,197.85880237748196,88.25,2.1,0.0
 01/15  08:00:00,24.941375291720327,53.23413382884434,0.0,0.0,13040.75261629794,197.9045099013373,81.625,2.5375,84.1875
 01/15  09:00:00,25.485099369518625,51.21240294068198,10538.896697180435,563.3241640451097,16527.6600151975,3867.479913760625,69.625,3.425,489.1875
 01/15  10:00:00,25.523301557191562,46.7688430296272,26419.176159194754,408.1912115439718,22550.284202735857,9890.10410129898,57.75,4.3625,806.75
 01/15  11:00:00,25.76586418092391,42.46560833579,35228.125317217564,845.3916355453839,25499.17980779201,12838.999706355138,49.0,4.8875,884.8125
 01/15  12:00:00,25.888454852689488,40.199014185510215,40555.757441132744,354.9401813701079,28003.686249666847,15343.506148229972,45.375,4.75,750.25
 01/15  13:00:00,26.1571781457787,38.66323762711349,31817.42215978078,270.99138434105043,24668.11607890726,12007.935977470384,45.0,4.0375000000000005,355.9375
 01/15  14:00:00,26.36889816247022,37.547623416594675,36984.25663042049,546.4293729078272,26287.205044582,13627.024943145128,46.875,3.1375,312.0625
 01/15  15:00:00,26.37928587453625,37.90277643862145,42635.487951450996,273.96029037301196,29134.89426639995,16474.71416496308,48.625,2.425,276.5
 01/15  16:00:00,26.43409452164835,38.392473126852316,32275.97140591144,183.7885992277461,24909.307136882875,12249.127035445996,50.25,2.2625,208.3125
 01/15  17:00:00,26.332218165943793,38.471182436933816,33859.209098613566,135.52089954263647,25736.175060771908,13075.994959335036,51.0,2.6125,154.0
 01/15  18:00:00,26.099505131281582,38.52006695368212,35792.029188048815,2.9322138166990044,26250.89330483301,13574.20664670329,53.5,3.175,129.9375
 01/15  19:00:00,26.045431298333867,38.4655900326824,17211.43807432918,60.446788398737226,22551.518439747888,6803.828561562879,56.875,3.525,0.0
 01/15  20:00:00,25.890269048080484,38.820058588816366,6952.145135468649,0.0,16419.241517417602,3003.2350472240805,62.375,3.4125,0.0
 01/15  21:00:00,26.176587048005715,39.05020837319934,0.0,0.0,13584.615474876648,168.6090046831275,66.25,2.925,0.0
 01/15  22:00:00,26.105862334354015,39.98172113668721,0.0,0.0,13584.615474876648,168.6090046831275,70.75,2.3875,0.0
 01/15  23:00:00,26.018839316851917,40.890076505363126,0.0,0.0,13584.615474876648,168.6090046831275,74.25,2.2,0.0
 01/15  24:00:00,25.914604184772113,41.88327195107244,0.0,0.0,13584.615474876648,168.6090046831275,78.75,2.6375,0.0
 01/16  01:00:00,25.77680285162846,43.1383706470742,0.0,0.0,12877.565474876648,168.6090046831275,81.625,3.4624999999999995,0.0
 01/16  02:00:00,25.663520483539273,44.4077718754162,0.0,0.0,12877.565474876648,168.6090046831275,85.125,4.175,0.0
 01/16  03:00:00,25.555496238858524,45.65862406143444,0.0,0.0,12877.565474876648,168.6090046831275,87.0,4.4,0.0
 01/16  04:00:00,25.461319084470357,46.70684856529786,0.0,0.0,12877.565474876648,168.6090046831275,89.5,4.025,0.0
 01/16  05:00:00,25.417180374223857,47.3999543291943,0.0,0.0,12877.565474876648,168.6090046831275,90.375,2.8,0.0
 01/16  06:00:00,25.398731033143836,47.75251879851035,0.0,0.0,12877.565474876648,168.6090046831275,94.375,1.6999999999999995,0.0
 01/16  07:00:00,25.413723265566645,48.17329283968168,0.0,0.0,16999.188007508215,197.85880237748196,94.5,1.525,0.0
 01/16  08:00:00,25.484608759447287,48.61865407140278,0.0,0.0,13042.7521373216,197.9054207495037,88.0,1.9750000000000003,74.25
 01/16  09:00:00,25.793709928081164,47.75399594333732,17248.117424028384,758.0750097444779,18166.310849005986,5506.13074756911,73.75,3.2,441.0
 01/16  10:00:00,25.781249603902438,43.60944218486592,27813.06740294098,245.85857967698576,21681.482943485054,9021.302842048184,59.5,4.4875,783.75
 01/16  11:00:00,26.008137778584608,39.044451648008035,39024.44615579253,571.5416408323399,24099.66205200496,11439.481950568086,48.125,5.3375,944.8125
 01/16  12:00:00,26.120996191445638,36.384204051916825,43583.419049149255,337.5684049517222,26321.783770495946,13661.60366905907,44.625,5.1,843.4375
 01/16  13:00:00,26.378176949129386,35.99312800406176,34010.93296675974,265.4140646718879,24307.506285539966,11647.326184103087,46.25,4.3,642.75
 01/16  14:00:00,26.553429513849206,36.94338537805948,43116.11272614495,466.06045851991803,27266.905148342103,14606.725046905229,50.75,3.25,482.0625
 01/16  15:00:00,26.58508257280648,38.52549005214439,45495.026327069536,240.1396528897003,28903.720616006445,16243.54051456957,53.0,2.675,294.5625
 01/16  16:00:00,26.623208890144937,38.789785196074234,31738.48687973331,73.69867638953292,24541.15436234305,11880.97426090618,54.25,2.6625000000000005,124.6875
 01/16  17:00:00,26.48354472824099,38.614091753026614,37075.19280756851,20.912854901254832,25174.30415711283,12514.124055675957,52.5,3.075,141.4375
 01/16  18:00:00,26.301608490635726,37.85655869552036,37022.09061174098,0.0,25537.86864969623,12862.837426416045,53.5,3.3,148.5625
 01/16  19:00:00,26.084523008590025,37.54724011589834,21795.663276614865,0.0,23550.429318308717,7802.739440123708,55.625,3.3625,0.0
 01/16  20:00:00,26.02058294188025,37.31477601403256,17353.27870344658,2.40336581018164,19702.779175769487,6286.772705575968,61.0,3.0249999999999995,0.0
 01/16  21:00:00,26.078288101277455,37.52958072474116,6694.14618655316,24.34675268727005,16085.116521284996,2669.110051091475,67.125,2.8,0.0
 01/16  22:00:00,26.273938502556938,37.89139769425736,0.0,0.0,13584.615474876648,168.6090046831275,73.375,2.7375,0.0
 01/16  23:00:00,26.180213845449504,38.99988095113717,0.0,0.0,13584.615474876648,168.6090046831275,76.625,3.075,0.0
 01/16  24:00:00,26.10414200425008,40.173090685237895,0.0,0.0,13584.615474876648,168.6090046831275,80.125,3.4875,0.0
 01/17  01:00:00,26.075760836417782,41.41191196724906,0.0,0.0,16002.738920482274,201.198977940785,81.375,3.9125,0.0
 01/17  02:00:00,26.02902021612803,42.67367227080987,0.0,0.0,16002.738920482274,201.198977940785,82.875,3.975,0.0
 01/17  03:00:00,25.992628514916543,43.78595834353351,0.0,0.0,16002.738920482274,201.198977940785,82.75,3.8375,0.0
 01/17  04:00:00,25.952510249877257,44.57462781834187,0.0,0.0,16002.738920482274,201.198977940785,85.75,3.2375,0.0
 01/17  05:00:00,25.847047729680177,45.35562841318241,0.0,0.0,16002.738920482274,201.198977940785,89.25,3.1499999999999995,0.0
 01/17  06:00:00,25.701465013401602,45.9888084349386,0.0,0.0,16002.738920482274,201.198977940785,91.875,3.175,0.0
 01/17  07:00:00,24.83132210294109,48.29450960740897,39399.60642578601,606.472127357114,29324.384133217063,7581.202497119688,90.5,3.225,0.0
 01/17  08:00:00,24.07598342717697,50.34444823778481,76531.29077554843,114.34871957423093,51495.201862360125,16800.45752374201,86.5,3.3,60.0
 01/17  09:00:00,24.12294922835555,50.67433886114434,119203.53393540763,0.0,111385.42097301774,33699.267091055204,78.125,3.8,287.25
 01/17  10:00:00,24.155857412777298,50.30300002537207,126128.17323581922,0.0,111761.2159314968,42456.1334781057,68.375,4.35,391.4375
 01/17  11:00:00,24.348266654062982,48.76949096917353,135927.68735715337,0.0,119521.37504314038,52150.385996342695,59.375,4.8125,897.375
 01/17  12:00:00,24.45283375977694,48.24771316122306,141081.41228546397,0.0,126957.67796607118,57652.59551268008,53.5,4.6875,817.375
 01/17  13:00:00,24.5387738638058,47.68279754790392,136791.38228630647,0.0,122490.35006256613,52182.01547312991,49.5,4.25,699.0
 01/17  14:00:00,24.480108442862562,47.693371682734956,149213.32606849374,0.0,127569.31926931757,56652.492310431946,46.75,3.6,313.875
 01/17  15:00:00,24.474724472168546,47.391523366895676,147854.6969220172,0.0,120521.75477395167,53150.765727154,44.75,3.3625,314.1875
 01/17  16:00:00,24.403897827652553,47.32622642033354,147814.05033728716,0.0,117936.7992152049,50565.8101684072,44.625,3.4,365.625
 01/17  17:00:00,24.315682871084128,47.65565868976344,145008.6351175575,0.0,118360.00831510508,48087.87915841729,45.625,3.7125,266.75
 01/17  18:00:00,24.21029500812998,47.68847240760389,115836.90364972576,0.0,85249.49949491274,34320.49930980868,49.125,3.8375,172.1875
 01/17  19:00:00,24.18308437042577,46.859496319242254,78257.85473037694,0.0,56240.42857412864,22928.84783496204,53.5,3.8625,0.0
 01/17  20:00:00,24.150071433273276,45.180048782904166,66783.67949410916,0.0,48965.65324171513,20403.66371133974,58.75,3.5249999999999995,0.0
 01/17  21:00:00,24.12112943007967,43.9828586466962,59866.16742820758,0.0,43986.46357563625,18384.130180003,63.5,3.3,0.0
 01/17  22:00:00,24.089756693232108,43.66668208729677,54264.54508673872,0.0,40713.83230519577,16400.894513958126,68.75,2.9875,0.0
 01/17  23:00:00,25.116056899879993,41.62861834995621,0.0,0.0,21603.55076409053,250.26910759502385,72.25,2.8,0.0
 01/17  24:00:00,25.368894364298896,42.05195163467458,0.0,0.0,20122.90815579052,249.454566666085,76.75,2.4875,0.0
 01/18  01:00:00,25.28894190137986,43.03423813123023,0.0,0.0,16163.712511941816,201.28916140884087,80.875,2.3625,0.0
 01/18  02:00:00,25.22752276571009,43.70479004133372,0.0,0.0,16002.738920482274,201.198977940785,85.125,2.275,0.0
 01/18  03:00:00,25.174069532017654,44.39745121491489,0.0,0.0,16002.738920482274,201.198977940785,87.625,2.575,0.0
 01/18  04:00:00,25.115193976956892,45.168437536475984,0.0,0.0,16002.738920482274,201.198977940785,89.25,2.8625,0.0
 01/18  05:00:00,25.060401935390384,45.83683049824863,0.0,0.0,16002.738920482274,201.198977940785,92.5,2.4625,0.0
 01/18  06:00:00,25.013923017181753,46.342958130056815,0.0,0.0,16002.738920482274,201.198977940785,94.0,1.8875,0.0
 01/18  07:00:00,24.223881246705552,49.73839441791767,34820.190050291996,618.8180970374506,29875.929407342795,8132.747771245416,95.875,1.5124999999999995,0.0
 01/18  08:00:00,23.848913082915892,52.55558332597343,55821.50740527304,168.44226380255895,50306.70322297084,15548.091851166908,93.25,1.5875,26.8125
 01/18  09:00:00,24.06414237203544,52.63848859248465,95072.94658909724,119.44065133357437,107329.76993979583,29601.88569386476,80.375,2.2,242.4375
 01/18  10:00:00,24.121688512698135,51.2632524484817,113615.75068410186,0.0,104801.74897057176,35496.666517180674,63.375,3.25,690.6875
 01/18  11:00:00,24.268683184103068,49.35497641272991,121892.14728711222,0.0,104331.96151217529,36960.97246537758,48.875,4.5125,775.0
 01/18  12:00:00,24.385268161880855,46.926918812341164,127765.90759045727,0.0,111113.19447313956,41808.11201974845,39.625,5.5625,883.4375
 01/18  13:00:00,24.510462406602322,45.318555298950635,124196.97966250463,0.0,111537.48145016422,41229.146860728,35.125,6.15,901.3125
 01/18  14:00:00,24.53202275497511,45.47181052565196,137648.36194614467,0.0,118666.3063721542,47749.479413268615,35.875,6.174999999999999,796.875
 01/18  15:00:00,24.53741330522986,46.24659127659883,139676.20649530328,0.0,116193.08328853516,48822.09424173747,38.875,5.725,585.0
 01/18  16:00:00,24.407237564762774,47.24357518790898,139917.35900378338,0.0,115451.11462169694,48080.125574899226,43.125,5.0,333.0625
 01/18  17:00:00,24.30043653708784,48.0396595466929,137203.7135474165,0.0,115235.15683076456,44963.02767407674,46.25,4.2,263.0
 01/18  18:00:00,24.19344673874679,48.04065189552877,106482.94440072664,0.0,81255.53603920546,30305.241737939472,49.5,3.4625000000000004,131.875
 01/18  19:00:00,24.162933629443202,46.08845138981771,71128.28993272343,0.0,54396.96660202231,21085.38586285571,52.25,2.8875,0.0
 01/18  20:00:00,24.124349335824963,43.38201641480031,60519.61950110371,0.0,47105.54677691327,18543.55724653788,55.5,2.3875,0.0
 01/18  21:00:00,24.0792267918514,41.916990309369695,54334.37621174766,0.0,42366.769110467896,16764.43571483465,59.5,2.0125,0.0
 01/18  22:00:00,24.040760085621837,41.615637364295644,49243.80912791936,0.0,39475.58331613679,15162.645524899146,64.75,1.775,0.0
 01/18  23:00:00,24.99889959613168,39.833679755456615,0.0,0.0,21603.55076409053,250.26910759502385,70.75,1.7,0.0
 01/18  24:00:00,25.239414475940123,40.2437688164305,0.0,0.0,20122.90815579052,249.454566666085,78.625,1.825,0.0
 01/19  01:00:00,25.141702211662036,41.41174526937302,0.0,0.0,16163.712511941816,201.28916140884087,85.125,2.2125,0.0
 01/19  02:00:00,25.036703552630588,42.4764681487862,0.0,0.0,16002.738920482274,201.198977940785,88.875,2.6499999999999995,0.0
 01/19  03:00:00,24.943842936766977,43.524025798166015,0.0,0.0,16002.738920482274,201.198977940785,90.0,2.8625,0.0
 01/19  04:00:00,24.883028462146953,44.3686503597702,0.0,0.0,16002.738920482274,201.198977940785,91.25,2.7750000000000004,0.0
 01/19  05:00:00,24.854519559196675,45.002962241679235,0.0,0.0,16002.738920482274,201.198977940785,94.5,2.3875,0.0
 01/19  06:00:00,24.79261557457211,45.589325546451406,0.0,0.0,16002.738920482274,201.198977940785,94.75,2.325,0.0
 01/19  07:00:00,24.0322430577145,48.876948097150965,32818.69653220602,641.8147729339353,26012.04431339243,4268.8626772950565,94.0,2.8375,0.0
 01/19  08:00:00,23.68143272548535,51.6561838718752,51001.88408336493,234.5731876950704,42581.67108586566,7859.34898212824,92.75,3.6,54.0
 01/19  09:00:00,24.02024842406139,51.131703615211926,90380.28593025311,282.96657054519164,97829.61737535703,20133.420590042337,78.25,4.7125,346.6875
 01/19  10:00:00,24.106592033463464,48.18917770652985,107025.84021680347,0.0,95097.73691225162,25792.654458860547,59.375,5.637500000000001,768.9375
 01/19  11:00:00,24.309681167907573,44.46233216380866,117729.6515392125,0.0,99086.23410862638,31715.24506182869,43.625,6.025,1147.75
 01/19  12:00:00,24.430383004542843,40.26049288005241,123645.19686557636,0.0,107720.0519376446,38414.96948425352,34.875,5.475,1052.375
 01/19  13:00:00,24.56036094781918,39.34299676992404,120639.68797796745,0.0,109776.93529535751,39468.6007059213,31.75,4.2875,1046.3125
 01/19  14:00:00,24.54777690889189,40.61188965975223,135009.25955430418,0.0,117340.63024503272,46423.80328614712,33.5,2.8,729.4375
 01/19  15:00:00,24.521784350655928,42.95650141779,136474.15281005632,0.0,113893.14447983692,46522.15543303922,36.875,1.825,483.25
 01/19  16:00:00,24.36510669450035,45.14376311148264,134667.55369104812,0.0,111867.35330587949,44496.36425908179,40.5,1.475,215.0
 01/19  17:00:00,24.2218041806956,46.53619190009725,126384.50824148954,0.0,109554.33332197218,39282.20416528438,43.875,1.9,79.375
 01/19  18:00:00,24.17679655274111,46.846054721194314,100183.22595531198,0.0,78534.56527832395,27597.04728761535,46.875,2.575,130.25
 01/19  19:00:00,24.149747663611645,44.58506126244018,67250.31395623586,0.0,53473.26015152066,20161.679412354053,49.875,3.3625,0.0
 01/19  20:00:00,24.109094895671415,42.40701182452128,57815.4892139783,0.0,46892.542820661314,18330.553290285912,54.125,3.825,0.0
 01/19  21:00:00,24.065601597524974,41.61261730754248,52363.70113244413,0.0,42939.44929072371,17337.115895090457,58.5,4.025,0.0
 01/19  22:00:00,24.02633273324042,41.75692792241423,47876.55336209101,0.0,40495.15419794584,16182.216406708196,63.75,3.850000000000001,0.0
 01/19  23:00:00,24.9419697705045,40.445891847381695,0.0,0.0,21603.55076409053,250.26910759502385,69.125,3.45,0.0
 01/19  24:00:00,25.182175587717637,41.2171030221704,0.0,0.0,20122.90815579052,249.454566666085,75.375,2.8,0.0
 01/20  01:00:00,25.119571531936145,42.275830404899835,0.0,0.0,16163.712511941816,201.28916140884087,80.5,2.25,0.0
 01/20  02:00:00,25.04545142527081,42.92303269942277,0.0,0.0,16002.738920482274,201.198977940785,84.5,1.85,0.0
 01/20  03:00:00,24.965836182409774,43.47587780087061,0.0,0.0,16002.738920482274,201.198977940785,86.0,1.7625,0.0
 01/20  04:00:00,24.897700611893406,43.98851377592657,0.0,0.0,16002.738920482274,201.198977940785,89.75,1.8,0.0
 01/20  05:00:00,24.814542293851886,44.65162972761616,0.0,0.0,16002.738920482274,201.198977940785,86.375,3.1125000000000003,0.0
 01/20  06:00:00,24.736871609987432,45.48463265306541,0.0,0.0,16002.738920482274,201.198977940785,88.0,3.65,0.0
 01/20  07:00:00,23.99511317444594,48.855885273925935,33968.56750745856,630.8886758526542,29891.538391985272,8148.356755887894,91.625,3.1875,0.0
 01/20  08:00:00,23.695752953344854,51.42020118611255,50814.99290856248,166.47241108293474,47844.21846594656,13121.987251813876,90.125,2.875,37.5
 01/20  09:00:00,24.026588985777227,51.85323374689519,88150.45595326158,182.79861479393003,102882.44908682536,25158.857165743702,79.0,2.8625,268.3125
 01/20  10:00:00,24.100588231338172,51.377554819001226,104649.66255460444,0.0,100753.66512569424,31448.582672303142,64.875,3.275,577.8125
 01/20  11:00:00,24.189787249247296,50.17101862389723,113479.61986429297,0.0,102271.8910559414,34900.902009143705,52.5,4.0625,538.0
 01/20  12:00:00,24.291873045436272,49.306804858201055,121118.78779273956,0.0,108211.3712181976,38906.28876480648,44.875,5.025,713.375
 01/20  13:00:00,24.430315636622325,48.04839663000366,118212.86769312665,0.0,109486.98188666951,39178.64729723331,41.75,5.775,825.875
 01/20  14:00:00,24.451725297658903,47.99012575384947,131568.5153780034,0.0,115985.1949576166,45068.36799873098,42.25,6.0625,689.8125
 01/20  15:00:00,24.44000710884221,47.99786914469409,132844.43994440712,0.0,112035.12714196576,44664.138095168055,43.0,5.7875,446.625
 01/20  16:00:00,24.314247047695098,47.83630408875396,132826.66094499402,0.0,110208.25092623496,42837.26187943726,44.25,5.1,268.0625
 01/20  17:00:00,24.240976982617624,48.333548482996015,131367.85698677477,0.0,111587.74778885116,41315.61863216336,45.625,4.2375,274.9375
 01/20  18:00:00,24.17714823887846,48.130015115801655,97411.89684787838,0.0,78764.87537498532,27669.918661355867,48.5,3.4625000000000004,68.6875
 01/20  19:00:00,24.147020444817652,46.02942012681779,65552.05479121038,0.0,53873.89488560958,20562.31414644298,52.5,2.95,0.0
 01/20  20:00:00,24.10394830987369,43.71372688007625,56147.974983188295,0.0,46885.146511830106,18323.15698145472,57.75,2.8,0.0
 01/20  21:00:00,24.058771493236907,42.5461879990109,50508.81026325313,0.0,41756.29898744886,16153.965591815611,61.875,2.8625,0.0
 01/20  22:00:00,24.014038281353056,42.230265646093365,45928.018121489986,0.0,38446.89231377978,14133.95452254214,67.375,3.0875000000000004,0.0
 01/20  23:00:00,24.85669801783559,40.884684216731706,0.0,0.0,21603.55076409053,250.26910759502385,71.25,3.2625,0.0
 01/20  24:00:00,25.06724947474481,41.58407956434134,0.0,0.0,20122.90815579052,249.454566666085,75.125,3.425,0.0
 01/21  01:00:00,24.95100615026406,42.944372346799604,0.0,0.0,13038.514687240193,168.67480905518886,76.375,3.625,0.0
 01/21  02:00:00,24.875208369392976,43.92823063100435,0.0,0.0,12877.565474876648,168.6090046831275,77.25,3.825,0.0
 01/21  03:00:00,24.83598245371925,44.828138902826296,0.0,0.0,12877.565474876648,168.6090046831275,77.375,4.025,0.0
 01/21  04:00:00,24.78543125179789,45.65799740302656,0.0,0.0,12877.565474876648,168.6090046831275,79.5,4.1,0.0
 01/21  05:00:00,24.721920444529573,46.34460995919182,0.0,0.0,12877.565474876648,168.6090046831275,89.125,2.225,0.0
 01/21  06:00:00,24.689221397696755,46.60607923197138,0.0,0.0,12877.565474876648,168.6090046831275,92.125,1.1,0.0
 01/21  07:00:00,23.954187014840343,49.0220178852506,33784.8483935286,531.0911051095491,29697.48569725485,7954.304061157479,87.875,1.2875,0.0
 01/21  08:00:00,23.69168513404636,49.31513540541381,45302.512372666984,178.02787803641513,36155.91277215694,12970.11380707594,80.375,1.9,64.5
 01/21  09:00:00,23.887415272022082,47.59822052886193,57737.92191082385,174.4717476337819,48622.1020122615,17960.391869566407,70.75,2.6375,402.5625
 01/21  10:00:00,24.023898129240862,46.85026277859328,74449.93282748444,0.0,55735.889922065406,22821.24033606569,62.0,3.3375,725.0
 01/21  11:00:00,24.155909883671345,47.359294935346654,80957.78830863221,0.0,56735.42013629951,24787.81725359649,54.625,3.7875,647.625
 01/21  12:00:00,24.200917882203957,48.02029919272191,87253.9365230211,0.0,61116.40765651385,26912.362466118524,48.25,4.0875,577.0625
 01/21  13:00:00,24.31618427737902,47.503081452277144,80435.51147361968,0.0,48830.53732592294,25156.567690946285,44.125,4.2625,714.375
 01/21  14:00:00,24.31453432445987,46.924835682751656,83778.1659925451,0.0,47596.84188302756,26501.6634568421,41.75,4.3625,552.6875
 01/21  15:00:00,24.276547814929973,46.32221997162418,84468.10244181658,0.0,46185.97349114808,26702.539570457127,41.0,4.3375,308.8125
 01/21  16:00:00,24.224484013585244,45.94957395399328,84853.22355657986,0.0,44648.67753038234,26454.639214086998,42.25,4.3,410.1875
 01/21  17:00:00,24.185573386492525,45.325732353304346,72766.79057110197,0.0,41284.32703115059,22767.939813756348,44.875,4.05,147.75
 01/21  18:00:00,24.82948346161757,41.01452413703138,41177.45644992723,0.0,30932.70075093039,16323.354322626596,48.5,3.65,122.8125
 01/21  19:00:00,25.52967485908762,38.28883773271214,0.0,0.0,18410.173922825656,197.9017141395585,53.125,3.0625,0.0
 01/21  20:00:00,25.55639179326832,39.05210157227732,0.0,0.0,13745.564687240194,168.67480905518886,58.125,2.425,0.0
 01/21  21:00:00,25.427391619365597,39.736138032199634,0.0,0.0,13584.615474876648,168.6090046831275,62.5,1.825,0.0
 01/21  22:00:00,25.319545788037264,40.29290950960828,0.0,0.0,13584.615474876648,168.6090046831275,66.5,1.5375,0.0
 01/21  23:00:00,25.22132176339888,40.82608340716199,0.0,0.0,13584.615474876648,168.6090046831275,70.5,1.6250000000000002,0.0
 01/21  24:00:00,25.123120163919427,41.42985214275483,0.0,0.0,13584.615474876648,168.6090046831275,74.5,2.075,0.0
 01/22  01:00:00,25.009302482995622,42.19323062181245,0.0,0.0,12877.565474876648,168.6090046831275,79.125,2.4875000000000003,0.0
 01/22  02:00:00,24.89102630368904,43.042630978855186,0.0,0.0,12877.565474876648,168.6090046831275,84.125,2.725,0.0
 01/22  03:00:00,24.799128422164987,43.82361091246932,0.0,0.0,12877.565474876648,168.6090046831275,89.125,2.4875,0.0
 01/22  04:00:00,24.733403782158966,44.43010084547608,0.0,0.0,12877.565474876648,168.6090046831275,92.875,1.925,0.0
 01/22  05:00:00,24.693532488827955,44.84976193207538,0.0,0.0,12877.565474876648,168.6090046831275,90.25,1.7,0.0
 01/22  06:00:00,24.680397485087887,45.115340654989666,0.0,0.0,12877.565474876648,168.6090046831275,86.75,1.575,0.0
 01/22  07:00:00,24.74261310829834,45.309514828784316,0.0,0.0,16999.188007508215,197.85880237748196,82.875,1.5,0.0
 01/22  08:00:00,24.85077835737746,45.59443779560544,0.0,0.0,13043.936755314837,197.90582705414144,76.0,1.6250000000000002,84.0
 01/22  09:00:00,25.399000396472328,44.39635875031543,10122.18682721218,547.5795275800401,16153.170988354304,3492.990886917428,68.625,2.0125,471.9375
 01/22  10:00:00,25.44691778841454,42.7154831145518,25555.309983919167,391.36442588276986,22028.47982646577,9368.299725028894,61.0,2.575,736.0
 01/22  11:00:00,25.74917253708416,40.5708415736379,30376.59523650834,797.7156078490116,23551.682006580508,10891.501905143632,54.25,3.1125,852.875
 01/22  12:00:00,25.830072146033338,39.7561952209181,39914.59353303716,390.10538066087975,27804.783350595208,15144.603249158332,48.875,3.425,701.4375
 01/22  13:00:00,26.023892937331365,38.77523746582205,34493.50935939312,232.26977916053147,26142.625180415707,13482.445078978832,45.75,3.5625,362.5625
 01/22  14:00:00,26.318470051686376,37.50052338950317,34049.04883483496,640.9086963834998,24808.15404022606,12147.973938789186,43.75,3.4125,609.9375
 01/22  15:00:00,26.372226861019627,36.96727854990325,43961.326575020605,402.22512598095636,28248.6636358566,15588.483534419722,43.0,3.2375,315.25
 01/22  16:00:00,26.385889733900772,36.353823777244536,36374.19691475749,231.07015877866797,26221.58692412312,13561.40682268624,43.625,3.2,215.375
 01/22  17:00:00,26.341830168221108,36.38584713105023,29893.1393445853,163.03878471609642,24116.225026954664,11456.044925517792,45.875,3.2625,132.9375
 01/22  18:00:00,26.120766108131555,36.89476354380314,36133.76825732691,22.93451777790869,26424.803297720176,13751.279434272144,49.5,3.3625,144.25
 01/22  19:00:00,25.992999545804516,37.19895690173283,17380.777929704058,0.0,22662.11045507375,6914.420576888745,54.125,3.4625,0.0
 01/22  20:00:00,25.83672404192926,37.72848436045337,10199.45793451164,63.356624906177785,17759.530228368018,4343.523758174497,59.75,3.375,0.0
 01/22  21:00:00,26.14276164964343,37.9660424954791,0.0,0.0,13584.615474876648,168.6090046831275,66.375,3.175,0.0
 01/22  22:00:00,26.05559307905789,39.15924545505422,0.0,0.0,13584.615474876648,168.6090046831275,72.125,2.7875,0.0
 01/22  23:00:00,25.976094120171073,40.2022311725647,0.0,0.0,13584.615474876648,168.6090046831275,75.875,2.3500000000000005,0.0
 01/22  24:00:00,25.87645893988535,41.089254490059965,0.0,0.0,13584.615474876648,168.6090046831275,78.25,1.95,0.0
 01/23  01:00:00,25.82609085885095,41.64821510658124,0.0,0.0,16002.738920482274,201.198977940785,79.625,1.7375,0.0
 01/23  02:00:00,25.75946785534973,42.102242167317144,0.0,0.0,16002.738920482274,201.198977940785,80.625,1.7,0.0
 01/23  03:00:00,25.669303908541522,42.52638418963764,0.0,0.0,16002.738920482274,201.198977940785,83.5,1.7625,0.0
 01/23  04:00:00,25.57358290184139,42.951990740442696,0.0,0.0,16002.738920482274,201.198977940785,86.25,1.7375,0.0
 01/23  05:00:00,25.529003872450108,43.28087533756468,0.0,0.0,16002.738920482274,201.198977940785,88.25,1.7,0.0
 01/23  06:00:00,25.53469990406336,43.628478281072915,0.0,0.0,16002.738920482274,201.198977940785,89.625,1.45,0.0
 01/23  07:00:00,24.646059207027875,46.647279327769745,37560.00519686104,547.3968709566261,32689.42482172076,10946.243185623383,87.5,1.3624999999999998,0.0
 01/23  08:00:00,24.039992378580067,49.23959320169411,66800.8449102424,9.559119101382748,53953.57633272242,19245.154253244007,83.5,1.5875,63.9375
 01/23  09:00:00,24.104093186048217,50.53826500845494,111046.16346534097,0.0,114059.16659471388,36363.001372765015,77.0,2.2,373.3125
 01/23  10:00:00,24.156310558117188,50.23252678832998,123624.12127049196,0.0,113359.16894459716,44054.08649120607,67.75,2.9375,649.8125
 01/23  11:00:00,24.330339544960644,49.02335207119134,129582.70717271169,0.0,115897.8340990598,48526.8450522621,59.0,3.6375,833.0625
 01/23  12:00:00,24.433690053187473,48.564861094952185,134922.7133009804,0.0,122538.58559417928,53233.503140788176,52.875,3.9625,835.1875
 01/23  13:00:00,24.535261605856874,47.93507880367935,131186.28572812668,0.0,120064.5875650496,49756.252975613366,48.5,3.875,736.875
 01/23  14:00:00,24.548323888677533,47.83214839408412,143996.62866374195,0.0,126948.70796452346,56031.88100563787,46.375,3.4875,654.0
 01/23  15:00:00,24.546175159618706,47.5511980149726,144816.79561790358,0.0,124202.5515400605,56831.56249326282,46.625,3.175,474.6875
 01/23  16:00:00,24.402034322438457,47.71857262245918,142949.52986517618,0.0,123016.28303124776,55645.29398445007,47.625,2.9125,220.625
 01/23  17:00:00,24.273485038847404,48.298594446847375,136896.50692394757,0.0,121980.08841833832,51707.95926165053,49.25,2.8,119.75
 01/23  18:00:00,24.195449971642702,48.422376172588876,106211.57595888118,0.0,85512.53783818957,34503.73448694126,52.5,2.675,74.1875
 01/23  19:00:00,24.167324384747985,47.51987338369966,72915.60699055025,0.0,56089.78295246828,22778.20221330168,55.875,2.5375,0.0
 01/23  20:00:00,24.136373541588473,45.66102733442406,62845.48063438304,0.0,48925.16839452009,20363.178864144706,58.875,2.3125,0.0
 01/23  21:00:00,24.104621821863773,44.28043891631477,56698.82009701967,0.0,44389.63291278156,18787.2995171483,61.875,2.2,0.0
 01/23  22:00:00,24.070748847116043,43.65982325747495,51674.01790072512,0.0,41808.06643031468,17495.128639077033,65.5,2.1375,0.0
 01/23  23:00:00,25.10679087516436,41.41936654878575,0.0,0.0,21603.55076409053,250.26910759502385,69.5,2.1625000000000005,0.0
 01/23  24:00:00,25.384820567812547,41.85077585861083,0.0,0.0,20122.90815579052,249.454566666085,75.375,2.2,0.0
 01/24  01:00:00,25.297790348161833,43.02520492927686,0.0,0.0,16163.712511941816,201.28916140884087,80.5,2.2625,0.0
 01/24  02:00:00,25.205652919238467,43.94911173285209,0.0,0.0,16002.738920482274,201.198977940785,85.125,2.2375,0.0
 01/24  03:00:00,25.16699082600577,44.70873112715812,0.0,0.0,16002.738920482274,201.198977940785,87.625,2.2,0.0
 01/24  04:00:00,25.13646436814993,45.36959671627036,0.0,0.0,16002.738920482274,201.198977940785,89.25,2.0125,0.0
 01/24  05:00:00,25.09255204337574,45.92541447909609,0.0,0.0,16002.738920482274,201.198977940785,86.875,1.775,0.0
 01/24  06:00:00,25.02561710895892,46.366536517401656,0.0,0.0,16002.738920482274,201.198977940785,85.0,2.0125,0.0
 01/24  07:00:00,24.18479242504862,48.39992171229751,35319.00331795627,569.4502145333036,31317.51590671016,9574.334270612784,81.875,2.7625,0.0
 01/24  08:00:00,23.847133452301104,48.41279671681198,54656.26474071834,131.3920111712705,49720.30006212069,15012.941249492196,75.625,3.6,61.6875
 01/24  09:00:00,24.061239771816805,48.80538672330127,97603.01591373906,110.53059347102317,105757.03540825476,28060.854986143924,67.375,4.2125,387.375
 01/24  10:00:00,24.126223863193694,49.95599659578156,114055.16831735424,0.0,106603.94572693684,37298.863273545736,58.375,4.4625,715.8125
 01/24  11:00:00,24.278809018028248,49.39372710031213,121563.64349351474,0.0,111230.46582757808,43859.476780780366,50.0,4.4375,768.375
 01/24  12:00:00,24.426935521006175,48.816537989449586,128156.95580643495,0.0,117799.40607061496,48494.323617223854,43.875,4.275,989.625
 01/24  13:00:00,24.56444296939481,47.99535726170833,125641.05060523565,0.0,118071.07592231546,47762.74133287925,40.125,4.2625,836.375
 01/24  14:00:00,24.46267241778322,48.13139835103201,139384.51008092982,0.0,125973.9362392538,55057.109280368175,38.375,4.3625,335.625
 01/24  15:00:00,24.51363435235163,47.67292189721344,140473.2700705518,0.0,121770.95169404232,54399.96264724464,38.0,4.65,564.375
 01/24  16:00:00,24.426158916326184,47.61150837149615,141347.75457113146,0.0,120667.2725117994,53296.283465001725,38.625,4.8,401.625
 01/24  17:00:00,24.285459717757934,47.90329705977037,135663.2277036322,0.0,118545.81363065608,48273.68447396827,40.25,4.55,178.3125
 01/24  18:00:00,24.198957494386246,46.92007473409344,106792.93751497155,0.0,82994.09561079287,32074.020778862377,43.5,3.9625,138.125
 01/24  19:00:00,24.163786794646235,45.454044159547124,71148.46769352214,0.0,54971.87330655835,21660.29256739175,48.125,3.2,0.0
 01/24  20:00:00,24.13053120295228,43.604031900676624,60696.54102699563,0.0,48123.27172981848,19561.28219944308,53.125,2.4625,0.0
 01/24  21:00:00,24.093213547447892,42.48260859275034,54742.58007709942,0.0,43698.25197438884,18095.9185787556,58.125,2.1375,0.0
 01/24  22:00:00,24.05713318516443,42.25046737631383,49705.24898022051,0.0,40982.32940822845,16669.391616990797,64.375,2.225,0.0
 01/24  23:00:00,25.044557061544584,40.53278410513902,0.0,0.0,21603.55076409053,250.26910759502385,69.5,2.6125,0.0
 01/24  24:00:00,25.308506957367,41.12605207454793,0.0,0.0,20122.90815579052,249.454566666085,73.5,2.8625,0.0
 01/25  01:00:00,25.225838952975444,42.33559599876738,0.0,0.0,16163.712511941816,201.28916140884087,76.875,2.8374999999999995,0.0
 01/25  02:00:00,25.153592476764207,43.1807503163086,0.0,0.0,16002.738920482274,201.198977940785,80.5,2.425,0.0
 01/25  03:00:00,25.11994862909308,43.80535428539308,0.0,0.0,16002.738920482274,201.198977940785,82.625,1.8875,0.0
 01/25  04:00:00,25.067168351489826,44.33453727463095,0.0,0.0,16002.738920482274,201.198977940785,84.25,1.5124999999999995,0.0
 01/25  05:00:00,25.002017734670446,44.80859441987664,0.0,0.0,16002.738920482274,201.198977940785,85.625,1.5875,0.0
 01/25  06:00:00,24.91680870848886,45.28116899866065,0.0,0.0,16002.738920482274,201.198977940785,84.125,1.95,0.0
 01/25  07:00:00,24.10551910842432,47.20751714989227,35145.274158857836,634.0897757476841,31375.420372709188,9638.667056956396,78.625,2.35,0.0
 01/25  08:00:00,23.812984745292134,46.882086096308086,53615.485821175615,157.6356314245295,49480.90699188676,14867.016318933713,70.375,2.6875,83.8125
 01/25  09:00:00,24.05580184051966,47.19173999198741,98648.61642580261,105.20027603047674,104560.5052244376,26874.351342475074,62.0,2.925,468.375
 01/25  10:00:00,24.125089361523308,49.152918268454215,113376.64149297346,0.0,102520.30353270464,33215.22107931355,54.625,3.0625,689.4375
 01/25  11:00:00,24.253427332469684,49.231040119964256,119744.29970735527,0.0,106884.9647041035,39513.97565730582,48.875,3.225,621.6875
 01/25  12:00:00,24.288521965733725,49.09963438518274,126515.64005529079,0.0,115772.09698037904,46467.01452698795,43.875,3.425,417.0625
 01/25  13:00:00,24.449150650784716,48.211789140821956,123128.03826837313,0.0,116351.4086370972,46043.074047660986,42.0,3.625,680.8125
 01/25  14:00:00,24.489957457535823,48.21023492549971,136409.8085001828,0.0,124593.13392140927,53676.30696252368,41.375,3.825,665.625
 01/25  15:00:00,24.437779111103737,48.12389561103213,137037.61098485478,0.0,122327.00522588976,54956.01617909207,42.875,3.9625,255.0
 01/25  16:00:00,24.323711108493544,48.22385437990251,136245.60170649935,0.0,121431.28151160404,54060.29246480635,44.625,3.875,205.875
 01/25  17:00:00,24.241624327972335,48.59076768300961,132653.74884317804,0.0,121201.8206944247,50929.6915377369,46.875,3.4875,175.9375
 01/25  18:00:00,24.18578492845725,48.69704774425887,97388.20163299567,0.0,84578.23384695375,32986.70894367983,48.625,2.925,21.6875
 01/25  19:00:00,24.15782412272645,47.2369126193227,66834.02486099896,0.0,55219.44201481335,21907.86127564674,51.5,2.325,0.0
 01/25  20:00:00,24.12285585464713,44.851764098306134,57526.52204578442,0.0,48049.40812422484,19487.418593849445,55.5,1.85,0.0
 01/25  21:00:00,24.082035916187223,43.47038840393014,52159.410884209894,0.0,43909.65183830746,18307.318442674205,60.75,1.6375000000000002,0.0
 01/25  22:00:00,24.044614102499867,43.34670027807163,47900.68363256827,0.0,41769.44439172409,17456.50660048645,66.75,1.6,0.0
 01/25  23:00:00,25.03156586939768,41.52377343356578,0.0,0.0,21603.55076409053,250.26910759502385,73.375,1.6625,0.0
 01/25  24:00:00,25.31089963209218,41.96441503916144,0.0,0.0,20122.90815579052,249.454566666085,78.5,1.575,0.0
 01/26  01:00:00,25.23347373054884,42.98179777734894,0.0,0.0,16163.712511941816,201.28916140884087,81.875,1.4375,0.0
 01/26  02:00:00,25.161991866463488,43.57322938146121,0.0,0.0,16002.738920482274,201.198977940785,83.0,1.2125,0.0
 01/26  03:00:00,25.080950152563005,44.04329432879112,0.0,0.0,16002.738920482274,201.198977940785,84.875,1.1,0.0
 01/26  04:00:00,24.998606429796766,44.486374041700884,0.0,0.0,16002.738920482274,201.198977940785,86.0,1.225,0.0
 01/26  05:00:00,24.942819254047425,44.91125522598925,0.0,0.0,16002.738920482274,201.198977940785,86.625,1.55,0.0
 01/26  06:00:00,24.911134499991082,45.46544570349814,0.0,0.0,16002.738920482274,201.198977940785,88.25,1.6375000000000002,0.0
 01/26  07:00:00,24.07358401273667,48.44623186917542,35531.16835752155,603.3546098951201,33339.522558421726,11596.340922324349,85.25,1.6,0.0
 01/26  08:00:00,23.787041686649456,49.48822249888712,52872.4892129045,126.3369971053171,51333.46955720626,16623.750496215413,79.25,1.6625,84.375
 01/26  09:00:00,24.0529521200636,49.753831505703666,96984.29736319053,95.70478784029548,107398.87974368132,29712.725861718816,67.625,2.075,448.6875
 01/26  10:00:00,24.117941339280865,50.215200851277636,110976.29884392243,0.0,104232.24769052878,34927.16523713768,55.75,2.7375,629.4375
 01/26  11:00:00,24.266581581888104,49.43904515241145,119354.9048485321,0.0,107399.69496244007,40028.70591564239,45.125,3.5625000000000004,814.25
 01/26  12:00:00,24.376482508568383,48.915804857313354,125307.58184062387,0.0,114550.93622058642,45245.85376719534,38.5,4.15,839.125
 01/26  13:00:00,24.53014605758095,47.87335569238823,122410.74231122933,0.0,114098.78443863726,43790.44984920103,34.5,4.425,900.0625
 01/26  14:00:00,24.514231584243888,47.93650643063895,136314.80681043142,0.0,121972.9973271906,51056.170368305,34.25,4.125,647.5625
 01/26  15:00:00,24.5281429960742,47.7089820875646,138334.22157736862,0.0,119823.0683212055,52452.079274407806,35.0,3.4625000000000004,551.625
 01/26  16:00:00,24.384416574705394,47.83462381581509,137716.2551415785,0.0,118776.55855208971,51405.56950529204,36.25,2.575,250.8125
 01/26  17:00:00,24.296981462340455,48.02816664407689,136474.83199299316,0.0,119258.27941863389,48986.15026194608,37.0,1.8875,266.375
 01/26  18:00:00,24.20049256821607,45.61570278170803,105882.7690631687,0.0,82582.86404299048,31657.77791605317,40.125,1.45,123.9375
 01/26  19:00:00,24.163930161257664,42.28050324463829,69950.34349776973,0.0,53108.38788102116,19796.80714185455,43.25,1.3624999999999998,0.0
 01/26  20:00:00,24.124243135122317,39.469833323519794,59019.59358282293,0.0,45615.04126449602,17053.05173412063,48.375,1.5875,0.0
 01/26  21:00:00,24.077460605407328,38.26477391764991,52843.09545836048,0.0,41102.3375964055,15500.004200772248,52.875,2.0125,0.0
 01/26  22:00:00,24.042196133325675,38.26918447067815,48163.75903251836,0.0,38803.97743988705,14491.039648649405,58.375,2.2625,0.0
 01/26  23:00:00,25.00420162522154,36.96782743535491,0.0,0.0,21603.55076409053,250.26910759502385,64.125,2.2375,0.0
 01/26  24:00:00,25.271178342163868,37.52042374409801,0.0,0.0,20122.90815579052,249.454566666085,72.875,1.8875,0.0
 01/27  01:00:00,25.208490864190022,38.64958266866651,0.0,0.0,16163.712511941816,201.28916140884087,80.75,1.5124999999999995,0.0
 01/27  02:00:00,25.150822377953656,39.456946739104815,0.0,0.0,16002.738920482274,201.198977940785,88.0,1.2125,0.0
 01/27  03:00:00,25.107029850846377,40.18778983431922,0.0,0.0,16002.738920482274,201.198977940785,90.375,1.225,0.0
 01/27  04:00:00,25.069688857157526,40.93184717113021,0.0,0.0,16002.738920482274,201.198977940785,91.25,1.3624999999999998,0.0
 01/27  05:00:00,24.98411583676379,41.7632325861977,0.0,0.0,16002.738920482274,201.198977940785,92.0,1.5875,0.0
 01/27  06:00:00,24.851919340150655,42.55719609286855,0.0,0.0,16002.738920482274,201.198977940785,93.25,1.825,0.0
 01/27  07:00:00,24.06520868213936,46.77405828936048,33293.45112558653,637.8811293280287,27330.53879658804,5587.357160490664,92.125,2.2125,0.0
 01/27  08:00:00,23.73677043558255,49.77580038301784,51433.10823515464,199.482002668934,45054.25513300627,10349.71326559699,86.0,2.6499999999999995,76.6875
 01/27  09:00:00,24.03867296815312,49.806716923203794,93734.17369355803,162.81896072843847,100952.31753026608,23266.16364830355,74.875,3.1125,400.6875
 01/27  10:00:00,24.105653985436813,49.80659222428067,106344.23926861209,0.0,97930.61920310585,28625.536749714745,61.875,3.3625,501.0625
 01/27  11:00:00,24.210168232592252,49.42686354706216,115849.80559305669,0.0,101325.06147527564,33954.07242847793,50.125,3.3374999999999995,609.9375
 01/27  12:00:00,24.366674401126417,48.53171968373792,123664.70508642487,0.0,111217.6243894886,41912.54193609751,40.375,2.9875,957.4375
 01/27  13:00:00,24.55332908448875,47.712118618178906,121622.81531770297,0.0,112441.9894070778,42133.6548176416,33.25,2.4875,1021.9375
 01/27  14:00:00,24.553122880070756,47.37473062611483,136810.77406322528,0.0,121463.69730787928,50546.87034899368,27.875,1.925,768.6875
 01/27  15:00:00,24.583238506732986,46.21224863837901,140086.36636957768,0.0,119465.81223425725,52094.82318745954,24.125,1.575,699.875
 01/27  16:00:00,24.459765490385713,44.76988615451639,140919.1581612058,0.0,119394.8506048295,52023.86155803179,22.375,1.4375,402.1875
 01/27  17:00:00,24.304022017439163,43.5564496712236,135374.28284921698,0.0,118310.2190068529,48038.089850165095,23.25,1.5875,170.1875
 01/27  18:00:00,24.210592294681206,39.50719759376442,107428.91003612077,0.0,84350.35954581492,33446.862431275535,27.75,1.825,151.4375
 01/27  19:00:00,24.16525333277121,34.724091534085545,70718.45726496214,0.0,52861.19681927507,19549.616080108477,34.375,2.2125,0.0
 01/27  20:00:00,24.12502449703272,34.87844633000917,59585.21895890387,0.0,45441.63105561016,16879.64152523476,43.25,2.6499999999999995,0.0
 01/27  21:00:00,24.076326456641663,35.89022543493488,53109.1129471135,0.0,40844.34979214687,15242.016396513614,52.625,3.1125,0.0
 01/27  22:00:00,24.03888448374793,37.504078254004725,48085.72225860218,0.0,38056.49113994843,13743.553348710791,61.0,3.3625,0.0
 01/27  23:00:00,24.94929993562589,37.18847870890893,0.0,0.0,21603.55076409053,250.26910759502385,66.5,3.3374999999999995,0.0
 01/27  24:00:00,25.180612398418244,37.79977422936059,0.0,0.0,20122.90815579052,249.454566666085,69.875,2.9875,0.0
 01/28  01:00:00,25.093213136745675,38.83791034618712,0.0,0.0,13038.514687240193,168.67480905518886,72.25,2.4875,0.0
 01/28  02:00:00,25.046852372809905,39.5569674825654,0.0,0.0,12877.565474876648,168.6090046831275,75.5,1.925,0.0
 01/28  03:00:00,25.000137622324573,40.199808687370314,0.0,0.0,12877.565474876648,168.6090046831275,79.5,1.575,0.0
 01/28  04:00:00,24.931821171205407,40.840015787532664,0.0,0.0,12877.565474876648,168.6090046831275,85.375,1.4375,0.0
 01/28  05:00:00,24.835272910814897,41.530622562315344,0.0,0.0,12877.565474876648,168.6090046831275,90.5,1.5875,0.0
 01/28  06:00:00,24.732603893650033,42.46291786357496,0.0,0.0,12877.565474876648,168.6090046831275,93.25,1.825,0.0
 01/28  07:00:00,24.031269418217857,46.15395167949964,33228.04851287359,562.1554264773522,27584.710983299345,5841.529347201969,89.625,2.0875,0.0
 01/28  08:00:00,23.75249093280499,48.04864180020563,45709.46477137478,177.22239457377873,32309.405326058048,9119.831497575102,83.25,2.2,46.125
 01/28  09:00:00,23.92788451511711,46.67997278859538,56025.59589464562,143.88078553553532,43994.9454935964,13324.753135002988,71.0,2.1375,309.1875
 01/28  10:00:00,24.038650486569466,43.95006992738655,73535.21782336407,0.0,51502.9500514514,18588.300465451688,58.125,1.9125,697.875
 01/28  11:00:00,24.184045930852562,42.20671680090094,83774.976303016,0.0,53712.65136706927,21765.04848436626,46.5,1.7375,968.9375
 01/28  12:00:00,24.307050707417435,40.964875842120556,89264.90799023544,0.0,59212.72723917905,25008.68204878372,38.875,1.7625,961.25
 01/28  13:00:00,24.39225358335337,40.10137587516034,83095.82017999544,0.0,49148.16082462521,25474.19118964855,34.5,2.1125,764.4375
 01/28  14:00:00,24.434391385793944,39.60797376583496,87192.99470648414,0.0,49361.15384485824,28265.975418672795,31.75,2.6125,918.5625
 01/28  15:00:00,24.471925835039954,38.74955524472116,91231.05045878293,0.0,49899.06791624914,30415.6339955582,29.125,2.9875,818.4375
 01/28  16:00:00,24.36512143123726,37.83355347893527,92529.9732615399,0.0,49004.0430463716,30810.004730076264,28.625,2.975,557.375
 01/28  17:00:00,24.23500566536482,37.2680766862932,84249.60224662707,0.0,45412.395047685575,26896.00783029132,30.25,2.4625,264.875
 01/28  18:00:00,24.793325515383223,34.197762596475364,41455.43009209165,0.0,30508.45273491084,15831.082806142647,36.0,1.6375,26.3125
 01/28  19:00:00,25.607590708243556,31.81139072393178,0.0,0.0,18410.184809966573,197.91260128047597,44.625,0.7375,0.0
 01/28  20:00:00,25.69961878467511,32.07709332406104,0.0,0.0,13745.564687240194,168.67480905518886,54.875,0.15,0.0
 01/28  21:00:00,25.596867969769157,32.30827011312391,0.0,0.0,13584.615474876648,168.6090046831275,61.5,0.125,0.0
 01/28  22:00:00,25.496172301755234,32.632999373347175,0.0,0.0,13584.615474876648,168.6090046831275,65.5,0.6375000000000001,0.0
 01/28  23:00:00,25.37572174710437,33.256792016702235,0.0,0.0,13584.615474876648,168.6090046831275,66.375,1.4,0.0
 01/28  24:00:00,25.26693984007638,34.10558460143615,0.0,0.0,13584.615474876648,168.6090046831275,69.75,2.075,0.0
 01/29  01:00:00,25.152492256268378,35.14034481401121,0.0,0.0,12877.565474876648,168.6090046831275,73.25,2.3625,0.0
 01/29  02:00:00,25.047657493233615,36.1554007966101,0.0,0.0,12877.565474876648,168.6090046831275,80.875,2.275,0.0
 01/29  03:00:00,24.964005361566592,37.12384608930234,0.0,0.0,12877.565474876648,168.6090046831275,86.25,2.0125,0.0
 01/29  04:00:00,24.906232585795117,37.91559440006685,0.0,0.0,12877.565474876648,168.6090046831275,91.375,1.7125,0.0
 01/29  05:00:00,24.835257653325243,38.71405454902285,0.0,0.0,12877.565474876648,168.6090046831275,92.75,1.9750000000000003,0.0
 01/29  06:00:00,24.752888996468705,39.56213411373016,0.0,0.0,12877.565474876648,168.6090046831275,93.25,2.0125,0.0
 01/29  07:00:00,24.739421705632566,40.50537103552196,0.0,0.0,16999.188007508215,197.85880237748196,94.0,1.8375,0.0
 01/29  08:00:00,24.802505627648365,41.365518565649445,0.0,0.0,13042.394807965393,197.9053325459003,94.0,1.7375,72.9375
 01/29  09:00:00,25.442989366061653,40.54098892753409,3543.370991204627,241.1943222978316,13678.636468457637,1018.4563670207624,78.375,1.825,456.75
 01/29  10:00:00,25.481179345111038,39.12025593767543,30845.945384301554,1028.4425331469374,21608.686551252147,8948.506449815271,56.5,1.9625,913.4375
 01/29  11:00:00,25.727624446628795,35.403063263584244,36606.37284759745,543.9803098265584,23620.36191828326,10960.181816846383,38.375,2.125,1112.5
 01/29  12:00:00,25.959538588903982,31.8874029771589,37589.45992970119,789.4758963094228,25069.094164739683,12408.914063302807,28.25,2.2,868.375
 01/29  13:00:00,26.130529560197814,30.41280611103287,41946.76614214234,535.1705205103099,26575.38192630084,13915.201824863962,23.5,2.2625,1124.1875
 01/29  14:00:00,26.4062072016987,29.26945384172691,42546.30778346386,615.0427183111278,27170.172831986027,14509.992730549156,23.875,2.2375,779.3125
 01/29  15:00:00,26.551491862586097,29.09156894273336,40542.08763237253,648.9951488138613,26948.288464208174,14288.108362771298,25.0,2.2625,274.625
 01/29  16:00:00,26.540462594824103,29.209356155382984,41473.44754781104,293.6420602850285,26783.35829007194,14123.178188635062,27.5,2.3,238.0625
 01/29  17:00:00,26.43622175508603,29.40875527365875,36294.642025920606,143.8341125478346,25375.41901779468,12715.2389163578,29.625,2.2375,129.125
 01/29  18:00:00,26.19088176941305,29.40995557892802,31130.961108183834,5.241106669840519,23734.86553906137,11039.075353414217,33.75,2.0125,33.625
 01/29  19:00:00,25.99080450915664,29.1499490465822,21529.849561574847,0.0,21541.02947163977,7126.472900626548,37.875,1.7125,2.0625
 01/29  20:00:00,25.74563402189943,28.846570523538464,17025.761680533884,0.0,18733.91053471503,5317.904064521506,43.375,1.2875,0.0
 01/29  21:00:00,26.097900206744637,28.20704232529064,0.0,0.0,13584.615474876648,168.6090046831275,46.625,0.975,0.0
 01/29  22:00:00,26.059547762671578,28.354521516548044,0.0,0.0,13584.615474876648,168.6090046831275,50.125,0.8375000000000001,0.0
 01/29  23:00:00,25.993348994781112,28.57266770331863,0.0,0.0,13584.615474876648,168.6090046831275,53.25,0.9875000000000002,0.0
 01/29  24:00:00,25.902393961005934,28.93892840927501,0.0,0.0,13584.615474876648,168.6090046831275,59.0,1.35,0.0
 01/30  01:00:00,25.828735180366188,29.558489236480348,0.0,0.0,16002.738920482274,201.198977940785,65.125,2.3125,0.0
 01/30  02:00:00,25.75706344514903,30.547779603014614,0.0,0.0,16002.738920482274,201.198977940785,72.625,2.425,0.0
 01/30  03:00:00,25.702245691893143,31.49127700188825,0.0,0.0,16002.738920482274,201.198977940785,77.25,1.8875,0.0
 01/30  04:00:00,25.630875515851486,32.30504198594761,0.0,0.0,16002.738920482274,201.198977940785,84.25,1.5124999999999995,0.0
 01/30  05:00:00,25.524476176126672,33.00079569725512,0.0,0.0,16002.738920482274,201.198977940785,75.5,1.5875,0.0
 01/30  06:00:00,25.40213603194466,33.45099237105095,0.0,0.0,16002.738920482274,201.198977940785,82.375,1.95,0.0
 01/30  07:00:00,24.572741031245425,39.48279977170228,35895.325067032274,704.1529774015344,27194.7287034919,5451.547067394524,94.125,2.35,0.0
 01/30  08:00:00,24.00176453888946,48.16057835576699,66667.91757123491,126.52290678993268,51284.411474431,16569.161089672292,94.75,2.6875,109.6875
 01/30  09:00:00,24.100130935024083,51.03482536113805,117169.70414721637,0.0,114897.3095375086,37211.155655546085,77.75,2.925,612.75
 01/30  10:00:00,24.227252390046047,49.40003430508262,130230.67890090079,0.0,108525.10354668826,39220.02109329718,54.875,3.0625,964.125
 01/30  11:00:00,24.484905796758717,44.12873810958605,136027.66824089718,0.0,111491.2918907584,44120.3028439607,34.5,3.225,1219.5625
 01/30  12:00:00,24.630539146959972,41.92895287779341,140745.39581133664,0.0,119144.01041509645,49838.92796170536,23.25,3.425,1243.4375
 01/30  13:00:00,24.762308331889496,39.21860996045827,136634.1595696189,0.0,119669.4780873758,49361.14349793959,18.5,3.625,1144.75
 01/30  14:00:00,24.724124118990428,37.892043393997014,150569.73327445207,0.0,128761.15980783707,57844.33284895148,18.875,3.825,874.875
 01/30  15:00:00,24.708367173115093,37.542502042032055,152107.3322839963,0.0,126061.42129220229,58690.4322454046,19.375,3.9625,642.5
 01/30  16:00:00,24.552584952345804,37.38186503426174,151631.16537807017,0.0,125327.9114429407,57956.92239614301,20.25,3.875,335.5
 01/30  17:00:00,24.47373408530531,37.07465243530643,150938.9840673384,0.0,126109.25556697036,55837.12641028256,19.75,3.4875,420.8125
 01/30  18:00:00,24.28200113759737,32.48771860044852,118037.24924345753,0.0,87946.83823969995,36993.69163882686,21.5,2.925,108.625
 01/30  19:00:00,24.19017632759512,26.336287346902793,80995.28264315068,0.0,52906.866673893564,21077.88962215431,25.5,2.325,6.375
 01/30  20:00:00,24.149361955469796,26.41378751177979,68349.5111590633,0.0,44420.26541041644,15858.275880041045,33.25,1.85,0.0
 01/30  21:00:00,24.113717545796554,28.435317601440403,60396.58783937118,0.0,38861.53426918072,13259.200873547465,40.75,1.6375000000000002,0.0
 01/30  22:00:00,24.07330253757499,30.490106146302878,54264.11874152741,0.0,36062.13716234395,11749.199371106304,49.25,1.6,0.0
 01/30  23:00:00,25.11324379243667,30.158435984858613,0.0,0.0,21603.55076409053,250.26910759502385,54.25,1.6625,0.0
 01/30  24:00:00,25.375621974369675,30.22359891069027,0.0,0.0,20122.90815579052,249.454566666085,58.75,1.575,0.0
 01/31  01:00:00,25.31031289110025,30.754771745991533,0.0,0.0,16163.712511941816,201.28916140884087,58.5,1.4375,0.0
 01/31  02:00:00,25.22781834302441,31.024222640116673,0.0,0.0,16002.738920482274,201.198977940785,58.25,1.2125,0.0
 01/31  03:00:00,25.140092517589167,31.204750896577853,0.0,0.0,16002.738920482274,201.198977940785,54.625,1.1,0.0
 01/31  04:00:00,25.04918681789995,31.299464958138067,0.0,0.0,16002.738920482274,201.198977940785,57.625,1.225,0.0
 01/31  05:00:00,24.96064444286968,31.69521873485718,0.0,0.0,16002.738920482274,201.198977940785,69.75,1.55,0.0
 01/31  06:00:00,24.889939069788365,32.17573021740619,0.0,0.0,16002.738920482274,201.198977940785,74.375,1.6375000000000002,0.0
 01/31  07:00:00,24.137895221020738,35.29911279602371,33379.95791023749,791.2099239195268,26090.266229050485,4360.842817405664,69.625,1.6,0.5
 01/31  08:00:00,23.791695880354204,37.82880808523044,55301.08198917522,372.0437809808655,44383.72855104143,9867.456089890837,62.0,1.6625,118.3125
 01/31  09:00:00,24.05021023589008,39.485449039199054,103322.87964184015,253.4408249716089,101472.65714085136,23786.50325888885,52.75,2.075,648.0625
 01/31  10:00:00,24.142959735271415,40.8371824542812,118968.02947103886,0.0,101490.37910101844,32185.29664762736,42.75,2.7375,931.6875
 01/31  11:00:00,24.291354693644156,39.48401236507848,124722.00302124463,0.0,107135.2935794448,39764.30453264711,34.0,3.5625000000000004,849.6875
 01/31  12:00:00,24.424605650548173,39.96146678712922,130261.72164045174,0.0,114953.3009001636,45648.218446772495,26.625,4.15,1061.875
 01/31  13:00:00,24.586992495497455,38.66892111185939,126836.30587950122,0.0,116127.5157589707,45819.18116953448,21.5,4.425,1051.25
 01/31  14:00:00,24.555707246265783,37.886159705275624,141376.4376535475,0.0,125148.1081787786,54231.28121989299,18.75,4.125,711.0
 01/31  15:00:00,24.577547890861258,37.18494408992319,143848.5720493473,0.0,122584.62331288314,55213.63426608544,18.625,3.4625000000000004,674.75
 01/31  16:00:00,24.46396390777832,36.96023540664984,144847.4182509783,0.0,122166.6246048502,54795.6355580525,19.625,2.575,419.8125
 01/31  17:00:00,24.342719346188144,37.114163289620336,141143.64912558452,0.0,121191.33938582736,50919.21022913957,22.5,1.8875,262.1875
 01/31  18:00:00,24.218730364884422,33.84643460332405,107193.26022505297,0.0,83174.38673612018,32196.293837655518,26.5,1.45,70.3125
 01/31  19:00:00,24.169275952942808,30.565721123625465,73030.81703006486,0.0,50736.33643561426,18885.904731406557,32.375,1.3624999999999998,4.3125
 01/31  20:00:00,24.126131359650035,31.078251802493703,61151.33507815018,0.0,43671.79163808153,15109.80210770614,39.375,1.5875,0.0
 01/31  21:00:00,24.07659343619927,31.8344223466882,54369.36584496193,0.0,39087.40931443054,13485.075918797287,46.375,2.0125,0.0
 01/31  22:00:00,24.031853534996603,33.37548024040929,48901.080616551284,0.0,36701.13312449055,12388.195333252908,53.375,2.2625,0.0
 01/31  23:00:00,24.965805337233956,32.82195449020271,0.0,0.0,21603.55076409053,250.26910759502385,59.75,2.2375,0.0
 01/31  24:00:00,25.223452693426793,33.27374799729405,0.0,0.0,20122.90815579052,249.454566666085,64.5,1.8875,0.0
 04/01  01:00:00,26.407179533421793,38.44176062989986,14001.582476560992,245.48714347942408,19456.579142859853,6747.622672666333,74.75,0.25,0.0
 04/01  02:00:00,26.329452379468094,38.97431675593941,7212.986691630122,0.0,15987.76670018449,3278.8102299909697,73.0,0.15,0.0
 04/01  03:00:00,26.71623375880794,38.100912381284395,0.0,0.0,12877.565474876648,168.6090046831275,77.25,0.0,0.0
 04/01  04:00:00,26.567218290799318,38.491975880333285,7184.03258346987,0.0,16052.367403584913,3343.410933391392,79.25,0.0,0.0
 04/01  05:00:00,26.571123743963682,38.777327980747195,0.0,0.0,12877.565474876648,168.6090046831275,77.5,1.0625,0.0
 04/01  06:00:00,26.29446961447475,40.412778982388346,14190.415658757143,293.01929614983146,24355.610144053637,6245.155938922899,77.875,1.7,0.0
 04/01  07:00:00,26.51359788180573,41.064371491235114,0.0,0.0,14415.050156545944,197.9169678743051,82.75,1.7,13.3125
 04/01  08:00:00,26.416085950428652,42.49999613016003,14143.610390776508,311.9553173730992,19461.063479557964,6774.753517624793,78.75,1.3249999999999995,66.75
 04/01  09:00:00,26.301597569048354,43.09330470474044,22572.045399752587,120.58787750544434,23565.421888862988,10905.24178742611,71.25,0.9125,153.6875
 04/01  10:00:00,26.452604721111552,42.481120326127524,38214.384258650214,103.02079248282917,30924.960920880458,18264.780819443586,61.5,0.425,491.0625
 04/01  11:00:00,26.78566408953869,39.82571018219854,31687.219069337712,0.0,25591.822701208454,12931.642599771578,52.625,0.075,615.25
 04/01  12:00:00,26.869799084353374,38.007958607640774,41055.22119336354,0.0,28306.947578808395,15646.767477371515,43.75,0.0,742.4375
 04/01  13:00:00,26.942900702688284,36.55108195725811,46260.05427723069,0.0,30668.705110784056,18008.525009347177,37.5,0.0,329.1875
 04/01  14:00:00,27.17889776375422,35.31854375178236,38322.499217844925,0.0,27434.274967184818,14774.094865747938,33.5,0.0,173.5625
 04/01  15:00:00,27.153575081901764,35.054354186162264,53103.2850145459,36.51371174224187,31702.22468676525,19042.04458532837,33.25,0.375,228.375
 04/01  16:00:00,27.051496441482126,34.93695520591138,51857.41695418698,0.0,31382.37769033624,18722.19758889936,32.75,0.7875,171.5
 04/01  17:00:00,27.14378088798458,34.243288071631795,37934.75661130661,0.0,26705.10948122265,14044.929379785775,33.875,1.025,163.25
 04/01  18:00:00,26.941980039346234,34.01086422672623,43843.54555925738,0.0,25912.58241463295,15568.78824498435,33.75,0.9125,138.8125
 04/01  19:00:00,26.729905391029025,33.578785301986244,34477.58763344636,0.0,26196.45900835057,13503.303613123517,36.75,0.6125,16.5625
 04/01  20:00:00,26.634942615322366,32.79135647757201,23740.44127750376,0.0,23229.75499652165,9813.748526328129,42.75,0.1875,0.0
 04/01  21:00:00,26.567282950535926,33.21566286885541,22724.696239297427,0.0,23466.65693279472,10050.6504626012,57.5,0.0,0.0
 04/01  22:00:00,26.451709487395966,34.609888149558884,22000.410994412647,64.49126273188995,23323.51283464584,9907.506364452322,74.375,0.0,0.0
 04/01  23:00:00,26.347776865350628,36.37649967361253,21565.499381811325,88.3368512279012,23301.281134699027,9885.274664505509,89.375,0.0,0.0
 04/01  24:00:00,26.421253279357362,37.64476936051285,17854.860776488295,250.8866620967401,23832.74284879945,8031.202906257962,89.375,0.0,0.0
 04/02  01:00:00,26.3863074802574,38.685653559689236,14245.863642829785,277.64060186024017,22312.865339519536,6511.325396978048,80.375,0.0,0.0
 04/02  02:00:00,26.31997098109342,39.14883679127007,10715.944050523249,16.377626324552693,20779.67127945457,4978.131336913085,67.0,0.0,0.0
 04/02  03:00:00,26.157919807567865,39.27678384381372,21304.331090956344,370.84146433547545,25093.362440541023,9291.82249799954,61.0,0.375,0.0
 04/02  04:00:00,26.378912514797108,38.67469591265941,17548.188230253265,356.0970829723592,23607.3127766463,7805.772834104811,62.25,0.85,0.0
 04/02  05:00:00,26.298470581732662,38.86464200341575,7088.2861276415415,21.691682694840893,19269.362901264776,3467.8229587232872,75.5,0.375,0.0
 04/02  06:00:00,25.345058040380888,42.625210718909486,54962.13336309634,331.16983799869377,47792.964995430215,24740.65835933284,81.125,0.0,0.0
 04/02  07:00:00,24.268277613155572,47.59797637662875,102513.47939503155,0.0,79992.85003410978,43613.19737781452,73.125,0.0,14.8125
 04/02  08:00:00,24.176752264765554,48.97756307859798,133928.69632610914,0.0,134114.07275701917,56015.1018240511,64.625,0.0,160.5
 04/02  09:00:00,24.18204633485933,48.813766890112085,142041.8702454105,0.0,126493.59695065871,57188.51449726762,53.25,0.375,561.8125
 04/02  10:00:00,24.238136783913617,48.072334969580396,149667.98608961908,0.0,126002.107562113,58631.1185153153,42.375,0.85,844.875
 04/02  11:00:00,24.23643143852904,47.72550831708932,156664.87659505554,0.0,133395.21203174035,64090.12957834922,32.75,1.4375000000000002,1052.0625
 04/02  12:00:00,24.34200277083873,46.74320026686076,149952.96133647684,0.0,130284.76316646751,59976.4285770313,27.125,1.6375000000000002,995.4375
 04/02  13:00:00,24.268055664304303,46.56980135804695,157119.77679164667,0.0,136849.5864040458,65932.7594451602,22.875,1.6,918.625
 04/02  14:00:00,24.28848958906481,45.56910013312682,158814.11894984523,0.0,134261.38837312424,66890.39932632654,20.375,1.2875,741.6875
 04/02  15:00:00,24.25122251639749,44.35170606806676,163789.36527713123,0.0,137917.32835369307,70546.33930689536,18.125,1.1,681.3125
 04/02  16:00:00,24.23897760637461,43.05800327407293,165354.3050400261,0.0,141165.9147571631,70893.78560047525,18.25,0.9125,548.5
 04/02  17:00:00,24.284862495372508,40.85563915991898,140686.79861223078,0.0,106420.32287700428,55632.42450546224,20.25,0.9875000000000002,449.375
 04/02  18:00:00,24.239439259737843,39.37938723398576,104064.35022285876,0.0,63588.54921022369,37393.42639505485,26.0,1.1625,139.75
 04/02  19:00:00,24.217190083760784,39.87146752540209,83881.17859399057,0.0,55826.09513684712,28396.030175863158,32.75,1.575,13.75
 04/02  20:00:00,24.19242115994661,41.74153193621728,72280.51688594827,0.0,49335.41621213262,23733.082816499373,39.375,2.05,0.0
 04/02  21:00:00,24.174669532084657,42.58505835635585,64801.55845897698,0.0,46280.44810114882,21967.510309911188,41.375,2.6375,0.0
 04/02  22:00:00,25.57133853939956,39.18492160739601,0.0,0.0,21603.55076409053,250.26910759502385,42.875,2.9,0.0
 04/02  23:00:00,26.01247730087217,38.797808246007,0.0,0.0,20122.90815579052,249.454566666085,44.625,2.8374999999999995,0.0
 04/02  24:00:00,26.00487672183924,39.32731203321116,0.0,0.0,16163.712511941816,201.28916140884087,52.5,2.175,0.0
 04/03  01:00:00,25.955642464941914,39.88993163169059,0.0,0.0,16002.738920482274,201.198977940785,63.875,1.3,0.0
 04/03  02:00:00,25.9372544776362,40.32246213441057,0.0,0.0,16002.738920482274,201.198977940785,78.625,0.375,0.0
 04/03  03:00:00,25.91930252982118,40.43552935520228,0.0,0.0,16002.738920482274,201.198977940785,86.875,0.0,0.0
 04/03  04:00:00,25.90004292012226,40.48087515031435,0.0,0.0,16002.738920482274,201.198977940785,90.5,0.0,0.0
 04/03  05:00:00,25.869219721111094,40.55694778156224,0.0,0.0,16002.738920482274,201.198977940785,72.0,0.0,0.0
 04/03  06:00:00,24.796275851522363,41.6771624132249,40460.285446253176,419.6577887866979,37096.644903467975,14044.338267370596,57.5,0.125,0.0
 04/03  07:00:00,24.119873010279896,42.130205357536454,72083.9647095449,0.0,56767.88779897198,20577.36645480298,52.875,0.075,57.1875
 04/03  08:00:00,24.122636855911296,44.891240622247686,111686.34218027916,0.0,110831.119409305,33073.74402843344,46.0,0.0,356.8125
 04/03  09:00:00,24.146287450258573,47.0414450251761,122114.12010500416,0.0,110711.68995058852,41406.60749719743,39.875,0.0,708.5
 04/03  10:00:00,24.211252247113627,48.40877340888971,131019.11626603361,0.0,116693.0260557806,49322.03700898289,35.5,0.0,875.0
 04/03  11:00:00,24.210793954583444,48.60889156190075,139393.29419304873,0.0,127724.49931102069,58419.41685762959,32.125,0.0,668.4375
 04/03  12:00:00,24.3285150352849,47.506974870585736,135603.46928906633,0.0,127603.6017058746,57295.26711643838,29.125,0.8749999999999999,669.3125
 04/03  13:00:00,24.243940319378787,48.2895149532944,143033.85051109377,0.0,133659.3786492849,62742.55169039929,27.375,2.025,835.8125
 04/03  14:00:00,24.26727394942562,48.160540577473554,146192.61722345484,0.0,132944.15849417192,65573.1694473742,25.75,2.9624999999999995,596.625
 04/03  15:00:00,24.228393091513254,47.798145182684,151424.97159083255,0.0,136431.62967014592,69060.64062334823,25.0,3.1125,292.0625
 04/03  16:00:00,24.21764730388865,47.625758587545626,154821.6981891636,0.0,140003.61124703003,69731.48209034224,23.75,2.75,553.8125
 04/03  17:00:00,24.286743284401567,45.963930723813945,130475.4229087747,0.0,104700.78089312674,53912.88252158468,23.0,2.0375,381.25
 04/03  18:00:00,24.222144173529045,43.10512914636436,98860.09593795212,0.0,64296.40351841444,38106.18107849105,21.75,1.7,248.0
 04/03  19:00:00,24.203277852293688,39.49530302508827,77704.0226750458,0.0,55542.32383995056,28115.55889601331,21.625,1.7625,23.3125
 04/03  20:00:00,24.17915265956083,36.42180729759878,65777.96081758998,0.0,48250.09357954544,22647.760183912196,22.0,2.425,0.0
 04/03  21:00:00,24.15494007610694,33.65946276746442,58365.56703814212,0.0,43582.26377433942,19269.32598310178,24.5,3.05,0.0
 04/03  22:00:00,25.435114688724546,30.368409008405983,0.0,0.0,21603.55076409053,250.26910759502385,28.5,3.5125,0.0
 04/03  23:00:00,25.81651287708976,30.048682711337904,0.0,0.0,20122.90815579052,249.454566666085,33.75,3.45,0.0
 04/03  24:00:00,25.796770379347816,30.600956323665727,0.0,0.0,16163.712511941816,201.28916140884087,39.125,3.175,0.0
 04/04  01:00:00,25.759100922199288,31.153332254655613,0.0,0.0,16002.738920482274,201.198977940785,44.75,2.5375000000000005,0.0
 04/04  02:00:00,25.74605236212549,31.73455373112143,0.0,0.0,16002.738920482274,201.198977940785,50.125,1.8875,0.0
 04/04  03:00:00,25.707161901807453,32.26963150236566,0.0,0.0,16002.738920482274,201.198977940785,54.5,1.075,0.0
 04/04  04:00:00,25.639758679993164,32.641345685431,0.0,0.0,16002.738920482274,201.198977940785,57.25,0.5125,0.0
 04/04  05:00:00,25.548349705358405,33.01507788218998,0.0,0.0,16002.738920482274,201.198977940785,55.5,1.2125,0.0
 04/04  06:00:00,24.532131220930648,35.41131568993864,39121.612887171636,470.98396294409395,36674.42340252694,13622.116766429564,54.625,0.95,0.0
 04/04  07:00:00,24.062612627506958,38.7554538379828,63823.7088525494,0.0,55798.22070556487,19607.41724704712,53.125,0.375,61.3125
 04/04  08:00:00,24.107853482930224,44.926853058068374,104006.70723567333,0.0,109178.16206737302,31432.447507259363,48.25,0.1125,310.6875
 04/04  09:00:00,24.13302026436286,48.633582056957685,112210.77314132663,0.0,106997.19056802725,37692.10811463615,40.375,0.8749999999999999,462.75
 04/04  10:00:00,24.196292609832966,48.84817990483569,123546.67822062112,0.0,112075.46836707364,44704.479320275925,31.375,1.8375,898.9375
 04/04  11:00:00,24.199352984107467,47.966725805786275,132092.7934515372,0.0,120503.0530237848,51197.970570393714,23.625,2.85,874.125
 04/04  12:00:00,24.307227331249827,44.74670374190296,127937.44371189017,0.0,121532.41912092076,51224.08453148456,19.125,2.9875,1033.9375
 04/04  13:00:00,24.239838910400355,43.25057719653333,136063.58405689558,0.0,129048.0695337864,58131.24257490078,17.375,2.7375,1058.1875
 04/04  14:00:00,24.265918167633764,42.387347320899394,140133.0040627858,0.0,129378.26883369085,62007.27978689317,17.0,2.075,909.125
 04/04  15:00:00,24.231088316911418,41.811247792602074,147808.28037079438,0.0,135436.45470532894,68065.46565853123,16.375,1.8875,716.3125
 04/04  16:00:00,24.219245530153362,41.214138512198815,150507.382291698,0.0,139551.80301136448,69279.67385467669,16.0,1.875,457.8125
 04/04  17:00:00,24.293831938906926,38.737811790133115,123053.26678903721,0.0,103053.08406243072,52265.18569088866,16.0,2.05,164.25
 04/04  18:00:00,24.21777090719696,35.46096685669901,90848.97583889206,0.0,61702.41688318292,35498.909362383165,16.625,1.6375,119.5625
 04/04  19:00:00,24.194176116701197,32.483431219315136,71773.34179806842,0.0,53409.54259181324,25950.38567310573,18.25,1.1125,11.125
 04/04  20:00:00,24.16478624011577,30.779537187592528,60835.20315338378,0.0,46418.37197864629,20816.03858301304,22.125,0.375,0.0
 04/04  21:00:00,24.135479338923282,30.54859083273,54107.062111822706,0.0,42275.8738347169,17962.93604347926,27.75,0.3125,0.0
 04/04  22:00:00,25.35311194751138,28.81934757272814,0.0,0.0,21603.55076409053,250.26910759502385,35.0,0.5625,0.0
 04/04  23:00:00,25.74589973544944,28.803892276563513,0.0,0.0,20122.90815579052,249.454566666085,41.125,1.2875,0.0
 04/04  24:00:00,25.746306349837262,29.544404985893557,0.0,0.0,16163.712511941816,201.28916140884087,46.75,1.6375000000000002,0.0
 04/05  01:00:00,25.697249999688935,30.25560084893589,0.0,0.0,16002.738920482274,201.198977940785,49.625,1.9125,0.0
 04/05  02:00:00,25.63612646734601,31.02323547254642,0.0,0.0,16002.738920482274,201.198977940785,51.875,1.85,0.0
 04/05  03:00:00,25.56964433184269,31.685258551258933,0.0,0.0,16002.738920482274,201.198977940785,52.375,2.0125,0.0
 04/05  04:00:00,25.471752154264358,32.30498651005635,0.0,0.0,16002.738920482274,201.198977940785,53.25,1.8875,0.0
 04/05  05:00:00,25.44362689114254,32.803287122555844,0.0,0.0,16002.738920482274,201.198977940785,65.25,1.3249999999999995,0.0
 04/05  06:00:00,24.480545334884688,37.67863989035293,39189.291175872204,458.17935049273825,40870.41822603403,17818.111589936656,72.0,1.1625,0.0
 04/05  07:00:00,24.069540912952974,44.17408424896332,61460.78138209024,0.0,62955.35434674702,26757.580529591072,69.5,1.3875,54.0
 04/05  08:00:00,24.103373634867616,48.85697063526533,101187.26842217117,0.0,119526.56536032334,41757.7637884438,61.125,1.25,263.25
 04/05  09:00:00,24.129009983280017,50.36858885058727,107992.439577688,0.0,112051.86587892548,42746.78342553438,50.75,1.225,278.8125
 04/05  10:00:00,24.187747677898784,49.84456157678946,118277.46701590887,0.0,115755.64663221165,48384.657585413945,40.125,1.2375,486.75
 04/05  11:00:00,24.190969948509917,49.2734123069972,128851.1103236845,0.0,123187.80814018352,53882.72568679241,32.25,1.5125,934.625
 04/05  12:00:00,24.30874251789646,48.10504449108916,125717.74148961667,0.0,121724.08791044047,51415.75332100429,26.875,1.6375000000000002,926.75
 04/05  13:00:00,24.234687067890768,48.26992025455917,134928.38984921313,0.0,128079.92161981054,57163.09466092494,25.0,1.7875,764.875
 04/05  14:00:00,24.25480685425366,48.26162641878603,141729.72760567963,0.0,129489.7940016338,62118.80495483612,24.375,1.775,356.125
 04/05  15:00:00,24.22070462284851,47.986166815583836,146318.1009960719,0.0,133129.70024694124,65758.71120014356,24.625,1.7625,390.25
 04/05  16:00:00,24.21194302762602,47.96664733666712,147404.12366944161,0.0,136155.317020159,65883.18786347122,25.0,1.4875,305.875
 04/05  17:00:00,24.277023062936234,46.87175392627782,125686.48222648397,0.0,102868.00676273514,52080.10839119309,25.0,1.1750000000000005,412.625
 04/05  18:00:00,24.21509058509937,44.98062321349946,95630.00215636186,0.0,64143.18046157093,37953.40104822414,24.375,0.7875000000000001,306.25
 04/05  19:00:00,24.19746471757753,42.775326090226116,73892.2014943667,0.0,56155.00602337005,28706.886456051783,25.25,0.7250000000000001,25.3125
 04/05  20:00:00,24.17286139484819,41.700467820699714,63318.91387336331,0.0,49956.08256201883,24353.74916638558,27.875,0.9875000000000002,0.0
 04/05  21:00:00,24.15246987390715,41.102742359328694,57065.00755321639,0.0,46566.16258784791,22253.224796610277,33.375,1.7875000000000003,0.0
 04/05  22:00:00,25.478329876317176,38.10709979738217,0.0,0.0,21603.55076409053,250.26910759502385,40.375,2.3875,0.0
 04/05  23:00:00,25.87406985508882,38.189436143075305,0.0,0.0,20122.90815579052,249.454566666085,48.0,2.6875,0.0
 04/05  24:00:00,25.849854709124333,39.183401298352095,0.0,0.0,16163.712511941816,201.28916140884087,52.875,2.175,0.0
 04/06  01:00:00,25.801219675329392,39.73838106943843,0.0,0.0,16002.738920482274,201.198977940785,55.875,1.3,0.0
 04/06  02:00:00,25.740120436847327,40.085198741689055,0.0,0.0,16002.738920482274,201.198977940785,57.0,0.375,0.0
 04/06  03:00:00,25.709053013052046,40.187018558447576,0.0,0.0,16002.738920482274,201.198977940785,59.5,0.0625,0.0
 04/06  04:00:00,25.657625630659098,40.34301123332865,0.0,0.0,16002.738920482274,201.198977940785,64.125,0.2249999999999999,0.0
 04/06  05:00:00,25.594791791379365,40.75470408455136,0.0,0.0,16002.738920482274,201.198977940785,76.0,1.175,0.0
 04/06  06:00:00,24.566697905356182,44.929659059827515,39558.36448914635,409.92190967281385,42610.40260372384,19558.09596762646,83.875,1.6375000000000002,0.0
 04/06  07:00:00,24.07625799063264,48.67942693564012,62303.23438948511,0.0,66073.17151637404,29662.414885460865,80.625,1.6625,8.8125
 04/06  08:00:00,24.106545585782417,50.695982789151074,96801.32194377277,0.0,128159.63272376788,50013.27597902077,74.25,1.7,69.75
 04/06  09:00:00,24.12510412174413,51.22444598334603,104663.73481630857,0.0,113942.2121161217,44637.129662730586,62.0,1.8875,239.9375
 04/06  10:00:00,24.184243771655645,50.22184406497319,116923.33075322976,0.0,115778.19730245876,48407.20825566105,48.5,2.0625,582.625
 04/06  11:00:00,24.188836043635366,49.4725416214471,127585.12127357103,0.0,122547.35990710623,53242.27745371515,35.875,2.1625000000000005,923.8125
 04/06  12:00:00,24.301290272354198,48.242508075973795,124848.88755175061,0.0,121456.90195072677,51148.56736129052,28.5,1.95,961.5625
 04/06  13:00:00,24.233067086696494,48.237960552575665,134411.26113422934,0.0,127753.76978087529,56836.94282198968,23.875,1.6750000000000005,777.625
 04/06  14:00:00,24.258921239569258,47.84304869289898,137786.73588969608,0.0,126283.70759626829,58912.71854947059,22.625,1.2875,751.75
 04/06  15:00:00,24.225740677951805,47.74034724156332,144617.97581165985,0.0,130193.13414660373,62822.145099806046,22.375,1.1625,614.3125
 04/06  16:00:00,24.215461270622452,47.70580885433569,147745.9787726584,0.0,134173.4635255945,63901.3343689067,23.875,1.2,478.125
 04/06  17:00:00,24.26701887947734,46.66765886275615,124529.78489264568,0.0,100832.29595588474,50044.39758434268,25.625,1.5125,383.6875
 04/06  18:00:00,24.215260138928222,45.981750078367476,93260.81004553825,0.0,61421.71171289998,35232.11376292165,31.0,1.825,237.625
 04/06  19:00:00,24.196901301214197,47.01148199667634,73336.33612219045,0.0,55057.80800164535,27652.740098508075,35.875,2.275,24.75
 04/06  20:00:00,24.17252538570001,46.94192807101647,62596.0269848848,0.0,50667.76442701947,25065.431031386222,40.75,2.6875,0.0
 04/06  21:00:00,24.149768449537202,45.98041591576029,56402.69727180441,0.0,47611.34898362192,23298.411192384283,42.375,3.1125,0.0
 04/06  22:00:00,25.468480394101263,42.05417613125417,0.0,0.0,21603.55076409053,250.26910759502385,43.875,3.3,0.0
 04/06  23:00:00,25.86981120176557,41.85944385225439,0.0,0.0,20122.90815579052,249.454566666085,45.0,3.3,0.0
 04/06  24:00:00,25.76973675161291,42.61190159357139,0.0,0.0,13038.514687240193,168.67480905518886,51.25,2.925,0.0
 04/07  01:00:00,25.660272082189753,43.39330642620878,0.0,0.0,12877.565474876648,168.6090046831275,60.0,2.45,0.0
 04/07  02:00:00,25.570199456707943,44.31245222318203,0.0,0.0,12877.565474876648,168.6090046831275,71.125,1.925,0.0
 04/07  03:00:00,25.50450580782908,45.26190409515215,0.0,0.0,12877.565474876648,168.6090046831275,77.875,1.6375000000000002,0.0
 04/07  04:00:00,25.439631427198822,46.17687759797714,0.0,0.0,12877.565474876648,168.6090046831275,82.125,1.5375,0.0
 04/07  05:00:00,25.371856918162038,47.288584019233234,0.0,0.0,12877.565474876648,168.6090046831275,83.375,2.625,0.0
 04/07  06:00:00,24.46078386532337,49.79301702893422,39259.77556268869,350.52166872530415,42040.47062947109,18988.16399337372,84.875,2.4875,0.0
 04/07  07:00:00,24.06788287424539,49.539124359580676,53394.87398838917,0.0,49660.446607741454,25106.232057049358,82.25,1.3125,41.625
 04/07  08:00:00,24.088313814434642,49.16839121473594,62101.16950729885,0.0,61134.31785513053,30451.03177361585,73.125,0.3375,231.9375
 04/07  09:00:00,24.127667337904406,49.11340107285867,73807.79750199235,0.0,64217.16000072272,31302.51041472301,60.875,0.1875,407.8125
 04/07  10:00:00,24.19928589757219,48.73506880405241,83328.03141317073,0.0,67255.47637282664,35307.87349012363,48.5,0.6125,713.125
 04/07  11:00:00,24.205143128448867,48.472233461240194,91265.01480520579,0.0,71699.9373360379,37495.89214564257,37.75,1.3625,852.9375
 04/07  12:00:00,24.264502354764378,47.77362776948818,82511.48540138981,0.0,56439.95612682204,32765.986491845382,29.625,1.7625,731.0625
 04/07  13:00:00,24.24132114339891,45.61345516029811,86739.72100178649,0.0,56355.21176678491,35260.03334059945,24.5,1.8,312.9375
 04/07  14:00:00,24.270726130904833,42.44383954331079,87543.97245091313,0.0,55988.5400183451,36505.10609765416,21.125,1.3625000000000005,501.8125
 04/07  15:00:00,24.241310320354575,39.50471156667979,91088.52073019012,0.0,56551.86666139183,38357.828345096495,19.375,1.0375,647.0625
 04/07  16:00:00,24.23513070519255,37.1463976897955,92733.50583552924,0.0,57614.87744234307,39098.49022494882,19.0,0.8125,578.8125
 04/07  17:00:00,25.352795658344636,32.735908761516185,47982.344653431115,0.0,37882.9377464974,23288.66423846712,19.625,0.95,375.6875
 04/07  18:00:00,25.92027829466428,30.5384440298073,22994.84884953332,15.836431550589625,22479.454323849943,9817.816846765592,21.875,1.1,160.875
 04/07  19:00:00,25.754163797537004,30.188289601468753,22108.061485264174,0.0,22216.60590478679,9428.906537973558,24.875,1.2875,20.5625
 04/07  20:00:00,25.78065590178087,29.772806253557885,13808.769454591065,0.0,19274.307100631897,5858.300630438375,27.875,1.2125,0.0
 04/07  21:00:00,25.934872258355963,29.40493967591918,6737.210374100115,0.0,16382.811217989643,2966.8047477961227,32.125,1.1625,0.0
 04/07  22:00:00,26.023844066416395,29.252881198766868,0.0,0.0,13584.615474876648,168.6090046831275,36.5,1.0125,0.0
 04/07  23:00:00,26.012171279380578,29.49498784875624,0.0,0.0,13584.615474876648,168.6090046831275,40.5,1.025,0.0
 04/07  24:00:00,25.992881089990806,29.87808578773925,0.0,0.0,12877.565474876648,168.6090046831275,44.5,1.225,0.0
 04/08  01:00:00,25.97615251363242,30.551630438254204,0.0,0.0,12877.565474876648,168.6090046831275,49.125,1.8000000000000005,0.0
 04/08  02:00:00,25.94233455019539,31.80336750093904,0.0,0.0,12877.565474876648,168.6090046831275,54.125,2.5375,0.0
 04/08  03:00:00,25.901264061668403,33.68369169650181,0.0,0.0,12877.565474876648,168.6090046831275,61.625,3.3625,0.0
 04/08  04:00:00,25.786022692087247,36.209693720378986,0.0,0.0,12877.565474876648,168.6090046831275,70.625,3.7,0.0
 04/08  05:00:00,25.717408959779405,38.15464039907016,0.0,0.0,12877.565474876648,168.6090046831275,77.75,1.3875,0.0
 04/08  06:00:00,25.780579718668132,38.45156513397688,0.0,0.0,18308.31300750821,197.85880237748196,83.125,0.0,0.0
 04/08  07:00:00,25.797298574280944,38.840930448758414,0.0,0.0,14413.04885434598,197.91680364870055,79.375,0.0,10.125
 04/08  08:00:00,26.024286125337937,38.724359823915606,0.0,0.0,12880.434329443677,197.83976297365743,72.875,0.0,119.25
 04/08  09:00:00,25.785912866752884,39.341242633116806,29926.5986686156,608.3404781379377,25924.29425776532,13264.114156328438,59.125,0.5,490.3125
 04/08  10:00:00,25.88506574963887,36.867916968006035,33747.67672823853,169.4529061356861,25771.14393182325,13110.963830386376,45.75,1.1125,831.0
 04/08  11:00:00,26.292396881615208,34.66876666333815,29213.638008875205,113.1993743584735,24726.5072117656,12066.327110328726,34.5,1.55,724.0625
 04/08  12:00:00,26.376429799954373,33.31054021174578,38856.65127630918,75.9089516049662,28764.78762999987,16104.607528563,29.375,1.45,970.125
 04/08  13:00:00,26.494827173405536,32.22428427227425,34832.79570335126,0.0,27450.78941756175,14790.609316124874,25.875,0.9875,662.5
 04/08  14:00:00,26.822490385974017,31.14403206255365,33487.99142290953,83.39230469949143,26565.10144329097,13904.921341854091,25.25,0.3,353.8125
 04/08  15:00:00,26.771765663300222,30.95968200873613,49822.03835899632,371.86623931281247,32573.16855481085,19912.98845337397,23.5,0.0,501.75
 04/08  16:00:00,26.817824858680417,30.765641862919697,44078.41154144152,240.59301193652027,29839.503883675225,17179.323782238353,22.625,0.0,390.4375
 04/08  17:00:00,26.909506681725546,30.48865063877619,35944.01345608152,169.08210149050865,26961.944765474545,14301.76466403767,21.75,0.0,236.4375
 04/08  18:00:00,26.621799578473002,30.672985173524882,44571.0803854883,71.27486599187432,27549.60156838033,17204.481567773695,24.125,0.0,188.8125
 04/08  19:00:00,26.343533741004904,30.345356978076097,32111.81135018436,0.0,25735.19913012772,13065.17353510077,26.0,0.125,14.75
 04/08  20:00:00,26.236154408200445,29.461316997206545,22262.6131150093,0.0,22574.353518835163,9158.347048641645,28.5,0.075,0.0
 04/08  21:00:00,26.22787876839111,28.731935373936842,21468.37894026823,30.343157354442155,22208.73436541803,8792.727895224507,26.875,0.0625,0.0
 04/08  22:00:00,26.182857665460283,27.600520689202142,14244.972876706406,9.153202854740812,18759.62245611189,5343.615985918369,25.625,0.0375,0.0
 04/08  23:00:00,26.254616749310692,26.344898244103987,13970.182068342243,45.62318376020812,18594.39991401748,5178.393443823958,25.375,0.0,0.0
 04/08  24:00:00,26.304501856816437,25.643753694252254,10343.609116709855,171.7296055566385,19983.99450684782,4182.454564306328,33.125,0.0,0.0
 04/09  01:00:00,26.247141467306992,26.06339123421911,10436.337961448156,212.2618854264183,20338.96919836392,4537.429255822433,44.875,0.0625,0.0
 04/09  02:00:00,26.508259785210424,26.073648347073522,0.0,0.0,16002.738920482274,201.198977940785,60.875,0.0375,0.0
 04/09  03:00:00,26.577631203373457,26.002420861391634,0.0,0.0,16002.738920482274,201.198977940785,71.75,0.125,0.0
 04/09  04:00:00,26.523775006523167,26.217940185705917,0.0,0.0,16002.738920482274,201.198977940785,80.25,0.075,0.0
 04/09  05:00:00,26.49984657501433,26.280340236364097,0.0,0.0,16002.738920482274,201.198977940785,80.25,0.0,0.0
 04/09  06:00:00,25.079752252432627,35.07171200981779,54126.31665118689,730.195225585283,52680.83659387025,29628.529957772877,80.5,0.5625,0.0
 04/09  07:00:00,24.236265504435128,45.649998578186114,90543.31439460155,0.0,84370.68338791045,49493.46977143064,75.125,1.3375,60.375
 04/09  08:00:00,24.158308429633365,49.09628239101376,129362.6423091176,0.0,132603.0233789604,54859.27101231322,64.125,1.9750000000000003,401.4375
 04/09  09:00:00,24.175454510299545,49.038103912496496,140414.48867069453,0.0,132980.36578336972,63675.28332997863,50.0,2.325,817.375
 04/09  10:00:00,24.234917915723607,48.312037564728115,146162.7782791057,0.0,134166.32955797634,66795.34051117863,39.0,2.275,842.125
 04/09  11:00:00,24.228373921368245,48.00268042590999,152210.17158033405,0.0,140320.7829524894,71015.70049909831,31.0,1.8875,796.125
 04/09  12:00:00,24.36849418345743,46.86923067487938,146045.14581678153,0.0,135470.0889861184,65161.7543966822,27.375,1.3249999999999995,622.0
 04/09  13:00:00,24.26113810274323,47.78254783763347,153049.68350618862,0.0,141198.63386218747,70281.80690330185,25.125,0.725,632.0
 04/09  14:00:00,24.284889760039178,47.55699420563278,157124.86572725672,0.0,141737.3498727241,74366.36082592641,22.75,0.1875,416.25
 04/09  15:00:00,24.25022512467229,47.25908739363025,161904.2625334277,0.0,146998.67641719632,79627.6873703986,20.125,0.0,770.3125
 04/09  16:00:00,24.24238749688537,47.11627273916552,166254.67928291927,0.0,153460.340573668,83188.2114169802,19.625,0.0,648.625
 04/09  17:00:00,24.35350378101993,46.20223230320874,141057.22207804184,0.0,115021.38374385206,64233.48537231002,22.5,0.0,425.5
 04/09  18:00:00,24.24947321041009,46.75060580897113,101844.95809953303,0.0,67356.2971889049,41125.911199167545,33.375,0.5,97.3125
 04/09  19:00:00,24.219908211836728,47.63840461280367,79851.61055537092,0.0,58618.55683621642,31030.041029301967,52.125,1.425,5.5625
 04/09  20:00:00,24.189238481522857,48.06268065708741,67100.15498425967,0.0,57042.04179408271,31439.70839844946,77.5,2.425,0.0
 04/09  21:00:00,24.15542603502235,48.52683737404116,58567.29359793293,0.0,51194.44650539645,26881.50871415881,91.125,3.1125,0.0
 04/09  22:00:00,25.341647225658726,46.64770314390932,0.0,0.0,21603.55076409053,250.26910759502385,89.25,3.3625,0.0
 04/09  23:00:00,25.76359938930245,47.51902931051961,0.0,0.0,20122.90815579052,249.454566666085,73.25,3.0249999999999995,0.0
 04/09  24:00:00,25.85776693935579,48.12566280156336,0.0,0.0,16163.712511941816,201.28916140884087,59.375,2.2375,0.0
 04/10  01:00:00,25.91816561500179,48.10688506768357,0.0,0.0,16002.738920482274,201.198977940785,52.25,1.2125,0.0
 04/10  02:00:00,25.955234027912038,47.741253997478566,0.0,0.0,16002.738920482274,201.198977940785,53.75,0.3,0.0
 04/10  03:00:00,25.96675697175631,47.54002929694842,0.0,0.0,16002.738920482274,201.198977940785,59.75,0.0,0.0
 04/10  04:00:00,25.95228235828859,47.88099609111617,0.0,0.0,16002.738920482274,201.198977940785,70.125,0.0,0.0
 04/10  05:00:00,25.907252935584804,48.56916787479631,0.0,0.0,16002.738920482274,201.198977940785,83.125,1.7499999999999998,0.0
 04/10  06:00:00,24.83627380451331,51.39819419664678,40481.52848390489,350.55381607667096,45209.48797630413,22157.18134020676,84.25,2.2375,0.0
 04/10  07:00:00,24.154998092109,51.55349861052146,70436.04460799569,0.0,71903.2220871414,36660.98529510177,78.875,1.2125,2.625
 04/10  08:00:00,24.124651833754566,51.228382691725514,104465.03532505233,0.0,131216.36368774666,52543.8260265474,70.75,0.3,94.3125
 04/10  09:00:00,24.140144384753906,50.63218651150104,115548.1103492752,0.0,118518.01736284173,49212.93490945062,63.25,0.0,452.1875
 04/10  10:00:00,24.201781112364344,49.723478742556125,124775.37211668471,0.0,121552.7516691377,54181.76262234,56.0,0.0,539.25
 04/10  11:00:00,24.19680047422357,49.21673510296328,133979.27394787286,0.0,128916.18461737366,59611.10216398256,48.625,0.0,373.0
 04/10  12:00:00,24.293180106740753,48.46293255621354,129705.06957653728,0.0,126946.12111787396,56637.78652843775,41.0,0.375,745.8125
 04/10  13:00:00,24.235321053217163,48.72066054367632,137788.00194086885,0.0,130926.099982499,60009.273023613394,33.625,0.85,745.25
 04/10  14:00:00,24.26173314364149,48.12939062329791,141100.5148950907,0.0,127643.04229916024,60272.05325236256,27.875,1.0625,608.3125
 04/10  15:00:00,24.227273685169965,47.92831306934508,146908.25349757817,0.0,129109.99660277872,61739.00755598102,24.75,1.0375,513.375
 04/10  16:00:00,24.216382186963237,47.84065029550382,148222.73127348511,0.0,132033.87012052475,61761.740963836935,24.625,1.0,298.5
 04/10  17:00:00,24.256494905769316,46.6960122292632,126137.20381147382,0.0,100025.19519318089,49237.296821638825,26.875,1.0625,401.9375
 04/10  18:00:00,24.21584965411063,46.07499627272442,96933.1834554642,0.0,62410.910434185294,36222.51201151237,31.125,1.4125,318.625
 04/10  19:00:00,24.200856252802545,47.06753107280043,76202.17499430236,0.0,56632.65943670688,29232.344802877968,37.375,1.9750000000000003,32.4375
 04/10  20:00:00,24.17858583086515,47.56087615444585,64856.658262359335,0.0,52266.957462796025,26664.62406716278,43.125,2.575,0.0
 04/10  21:00:00,24.1568987438375,47.33471290312017,58145.622813243055,0.0,48903.38612967293,24590.448338435293,48.75,2.925,0.0
 04/10  22:00:00,25.483057037978927,43.99606793591223,0.0,0.0,21603.55076409053,250.26910759502385,53.5,3.0,0.0
 04/10  23:00:00,25.847208145450693,44.293362843272035,0.0,0.0,20122.90815579052,249.454566666085,58.75,2.875,0.0
 04/10  24:00:00,25.79909363330883,45.38398066646616,0.0,0.0,16163.712511941816,201.28916140884087,63.5,2.8,0.0
 04/11  01:00:00,25.767373028911738,46.25865148590515,0.0,0.0,16002.738920482274,201.198977940785,68.75,2.925,0.0
 04/11  02:00:00,25.73129955286481,47.45781028946813,0.0,0.0,16002.738920482274,201.198977940785,74.125,3.1875,0.0
 04/11  03:00:00,25.698543271928344,49.0761041369204,0.0,0.0,16002.738920482274,201.198977940785,81.0,3.425,0.0
 04/11  04:00:00,25.6624068920933,51.03707452150189,0.0,0.0,16002.738920482274,201.198977940785,85.875,3.4375000000000004,0.0
 04/11  05:00:00,25.650467874625267,52.459196411280814,0.0,0.0,16002.738920482274,201.198977940785,80.125,1.9625,0.0
 04/11  06:00:00,24.638209263964274,53.06825955000889,39878.10588009435,389.29444440578936,41789.59812583783,18737.29148974045,74.125,0.8499999999999999,0.0
 04/11  07:00:00,24.098685577375175,51.09479463154217,64683.76223008723,0.0,61771.22453319281,26872.199803567382,71.125,0.2624999999999999,31.5
 04/11  08:00:00,24.112032555144445,50.80828947575293,101893.95697979414,0.0,124453.94113074294,46674.173422826905,66.875,0.0,198.1875
 04/11  09:00:00,24.13254239952303,50.70650590778809,111182.75861619806,0.0,116799.44049768183,47494.35804429077,61.875,0.0,423.9375
 04/11  10:00:00,24.194560804099535,49.945301819108444,120967.08843403221,0.0,119108.8822374724,51737.89319067473,55.0,0.0625,661.0
 04/11  11:00:00,24.1957606806017,49.453111907049426,130420.78035538305,0.0,127064.29104426036,57759.20859086927,45.75,0.0375,727.4375
 04/11  12:00:00,24.299934646744177,48.468880363539256,127710.42084247466,0.0,125338.24647598607,55029.91188654986,35.75,0.5,714.3125
 04/11  13:00:00,24.233018523568855,48.46168538060488,135679.5238533039,0.0,128310.2737772502,57393.44681836458,27.625,0.7375,681.6875
 04/11  14:00:00,24.25656248216707,48.19637535534249,139985.70932551537,0.0,125684.4251529067,58313.436106109,23.125,0.95,478.75
 04/11  15:00:00,24.222102658183914,47.6638035919956,145846.91540625674,0.0,127932.5010210056,60561.51197420792,23.875,0.7875000000000001,300.875
 04/11  16:00:00,24.212599496228922,47.89442558705622,144518.47185367328,0.0,128956.57072143225,58684.44156474443,29.375,0.7875,212.25
 04/11  17:00:00,24.220672977865874,47.90792328620792,114383.37343583137,0.0,94225.55102050902,43437.65264896698,39.5,1.025,81.5625
 04/11  18:00:00,24.20341468345141,48.23734343326779,78803.30911839721,0.0,56545.72039376084,30160.881425232477,51.5,1.975,20.25
 04/11  19:00:00,24.179796179752202,48.375859233698286,64336.356971439076,0.0,55027.28904342397,27352.372170710478,61.625,2.7500000000000004,1.25
 04/11  20:00:00,24.14589212300852,48.55927178432126,56315.972186700346,0.0,51304.61129035092,25702.27789471767,66.25,3.1499999999999995,0.0
 04/11  21:00:00,24.12000876456017,48.19854354316344,50657.49071248168,0.0,46631.34149048096,22318.403699243318,65.75,2.55,0.0
 04/11  22:00:00,25.24580207586114,44.91669773184117,0.0,0.0,21603.55076409053,250.26910759502385,61.875,1.5375,0.0
 04/11  23:00:00,25.619387052109136,44.642212695231656,0.0,0.0,20122.90815579052,249.454566666085,58.75,0.45,0.0
 04/11  24:00:00,25.586106598369025,45.052218422446145,0.0,0.0,16163.712511941816,201.28916140884087,58.0,0.3125,0.0
 04/12  01:00:00,25.550989484003694,45.24314800425103,0.0,0.0,16002.738920482274,201.198977940785,61.125,0.7499999999999999,0.0
 04/12  02:00:00,25.53457207347144,45.603763022595864,0.0,0.0,16002.738920482274,201.198977940785,65.5,1.7125,0.0
 04/12  03:00:00,25.520202191126433,46.354895296234375,0.0,0.0,16002.738920482274,201.198977940785,70.75,2.2,0.0
 04/12  04:00:00,25.490229686813404,47.33499800009646,0.0,0.0,16002.738920482274,201.198977940785,74.25,2.2625,0.0
 04/12  05:00:00,25.463083975660986,48.10913066511623,0.0,0.0,16002.738920482274,201.198977940785,80.0,0.8625,0.0
 04/12  06:00:00,24.466484171062394,50.36609982227866,39350.47594872121,414.6866534306964,42551.78611545288,19499.47947935551,85.5,0.0,0.0
 04/12  07:00:00,24.05016089371898,50.84439571640516,59258.4170869335,0.0,62535.37977129148,27546.847870391925,78.25,0.0,16.3125
 04/12  08:00:00,24.098264360508825,51.04776147418214,96658.1325748555,0.0,121704.27887584332,43768.38422967677,66.75,0.0,216.5625
 04/12  09:00:00,24.12725257882103,50.791826608567376,112009.61764984124,0.0,114058.857139648,44753.774686256926,49.875,0.5625,748.875
 04/12  10:00:00,24.19564213328656,49.730113229475,121256.4920364685,0.0,115851.15156843235,48480.16252163467,35.125,1.4,825.1875
 04/12  11:00:00,24.199886012310515,49.002846433994165,130801.05130527371,0.0,122826.04891356976,53520.96646017866,24.75,2.0125,1028.375
 04/12  12:00:00,24.325170228586703,46.61235992379623,128076.34308083972,0.0,123635.68083813548,53327.34624869926,21.625,2.3875,623.9375
 04/12  13:00:00,24.2338017591075,46.520393731512804,134873.57121883763,0.0,129673.13647855016,58756.309519664544,21.375,2.5625,824.9375
 04/12  14:00:00,24.257282465549693,46.95850682722294,139124.6508611689,0.0,128766.3322959652,61395.3432491675,23.5,2.725,612.1875
 04/12  15:00:00,24.22455690994846,47.73741810104414,145640.66798422593,0.0,133386.62320545575,66015.63415865804,23.125,2.925,686.75
 04/12  16:00:00,24.215046404840383,47.80900475946655,148860.16775826947,0.0,137974.55651546372,67702.42735877592,22.0,3.0,481.0
 04/12  17:00:00,24.292013102422036,45.69760477533205,128829.0003422942,0.0,106431.9174039898,55644.019032447744,20.125,2.875,565.625
 04/12  18:00:00,24.218240385251796,42.62250330717748,96173.98940957074,0.0,65437.32877289162,39248.20624568363,21.5,2.3625,267.8125
 04/12  19:00:00,24.197691556800123,40.55486271546593,74329.70468170835,0.0,56059.57681308758,28652.860622361903,23.625,1.475,25.3125
 04/12  20:00:00,24.170825642766555,39.163825834819725,62245.79067327792,0.0,48320.30571644376,22717.972320810502,27.75,0.4125,0.0
 04/12  21:00:00,24.141259708214285,37.73582996763551,54813.46397831501,0.0,43520.77918303861,19207.84139180097,29.375,0.0,0.0
 04/12  22:00:00,25.365267251154222,33.938605830814936,0.0,0.0,21603.55076409053,250.26910759502385,32.75,0.0,0.0
 04/12  23:00:00,25.718689305333548,33.724345418773424,0.0,0.0,20122.90815579052,249.454566666085,35.625,0.0,0.0
 04/12  24:00:00,25.659994499747274,34.14721520987959,0.0,0.0,16163.712511941816,201.28916140884087,44.75,0.625,0.0
 04/13  01:00:00,25.60005848668147,34.55507104832719,0.0,0.0,16002.738920482274,201.198977940785,56.25,1.5625,0.0
 04/13  02:00:00,25.55211696807578,35.556882587384266,0.0,0.0,16002.738920482274,201.198977940785,70.625,2.0875,0.0
 04/13  03:00:00,25.52347321251105,37.08521442929566,0.0,0.0,16002.738920482274,201.198977940785,78.875,2.0125,0.0
 04/13  04:00:00,25.50811109269008,38.39699703027896,0.0,0.0,16002.738920482274,201.198977940785,85.625,1.3375,0.0
 04/13  05:00:00,25.50816605518265,39.07338824451735,0.0,0.0,16002.738920482274,201.198977940785,79.625,0.375,0.0
 04/13  06:00:00,24.522040461391,42.988687242522545,39311.73863285146,438.57981994028523,43911.95868165616,20859.652045558774,80.875,0.0,0.0
 04/13  07:00:00,24.076925232338102,47.65017760085624,61278.30473833045,0.0,67339.84596323133,32469.458812881625,80.0,0.0,42.75
 04/13  08:00:00,24.104754684783572,50.14390358305539,101306.95369386916,0.0,125311.88857786296,47598.91297514399,69.5,0.0,273.375
 04/13  09:00:00,24.131697210373694,50.532047024351364,112585.3805826942,0.0,115758.89930396694,46453.816850575866,51.25,0.5,618.9375
 04/13  10:00:00,24.19739556520559,49.64527661488159,123469.45822043273,0.0,118295.95588577712,50924.96683897944,35.5,1.1749999999999998,1016.625
 04/13  11:00:00,24.20326558517397,48.92368575799955,132146.7008890635,0.0,124613.73283599036,55308.650382599255,24.125,1.9,1010.4375
 04/13  12:00:00,24.337025595995737,46.38190831067695,128805.07677876196,0.0,125136.53339792168,54828.19880848547,19.375,2.2,732.6875
 04/13  13:00:00,24.234572338159474,45.2353564676041,138262.7613232719,0.0,133103.8504061456,62187.02344725997,17.75,2.075,546.5625
 04/13  14:00:00,24.25353009074904,44.35539763660275,143640.74116906855,0.0,132622.03214841455,65251.04310161685,18.25,1.4375,276.9375
 04/13  15:00:00,24.21918214096216,43.88115950497669,145714.78149655552,0.0,134047.63284850313,66676.64380170546,17.125,0.725,167.1875
 04/13  16:00:00,24.209635446664546,42.92006275534479,146513.96640813898,0.0,136532.52780999715,66260.39865330933,16.625,0.1875,231.625
 04/13  17:00:00,24.287119776016212,40.68750285929895,125501.60052439876,0.0,103973.4743509969,53185.57597945484,18.25,0.0,377.0
 04/13  18:00:00,24.220735350710616,39.875702346424085,91468.42255092751,0.0,62437.93411504413,36228.69583851324,25.875,0.125,123.75
 04/13  19:00:00,24.200245416394278,43.08261977092124,72804.51953596868,0.0,55605.65929263336,28108.00281415791,38.125,0.7,8.625
 04/13  20:00:00,24.17583423981412,46.32234394240954,62676.86341786571,0.0,54058.71418039892,28456.380784765675,54.875,1.4375000000000002,0.0
 04/13  21:00:00,24.151005356211506,47.77178071593704,56148.44236813673,0.0,52587.25788955822,28274.32009832057,65.75,2.1375,0.0
 04/13  22:00:00,25.454997238635542,45.59560515014852,0.0,0.0,21603.55076409053,250.26910759502385,68.625,2.4,0.0
 04/13  23:00:00,25.885196645064035,46.300046461404776,0.0,0.0,20122.90815579052,249.454566666085,62.125,2.275,0.0
 04/13  24:00:00,25.827180643060196,47.27680487682434,0.0,0.0,13038.514687240193,168.67480905518886,53.625,1.6999999999999995,0.0
 04/14  01:00:00,25.74513721635201,47.520062013867786,0.0,0.0,12877.565474876648,168.6090046831275,46.0,0.9625,0.0
 04/14  02:00:00,25.694892633380878,47.54978379871125,0.0,0.0,12877.565474876648,168.6090046831275,45.5,0.2624999999999999,0.0
 04/14  03:00:00,25.653859598152085,47.65304626220385,0.0,0.0,12877.565474876648,168.6090046831275,49.5,0.0,0.0
 04/14  04:00:00,25.626962263516184,47.732478090118214,0.0,0.0,12877.565474876648,168.6090046831275,60.375,0.0,0.0
 04/14  05:00:00,25.613402890444767,47.90891650202707,0.0,0.0,12877.565474876648,168.6090046831275,71.625,1.0625,0.0
 04/14  06:00:00,24.625814059305824,49.8382388718557,39722.2168049609,312.117172568619,44046.65273412691,20994.34609802953,75.0,1.3249999999999995,0.0
 04/14  07:00:00,24.114765886548977,49.32476726117893,56509.992158643145,0.0,51986.27383387018,28743.48040230857,72.5,0.6625,35.25
 04/14  08:00:00,24.111889885857952,48.93780271740518,65436.28523564372,0.0,61099.54569347974,30413.566048092107,67.875,0.15,232.6875
 04/14  09:00:00,24.142217650479015,48.90846631568169,78786.11531516151,0.0,69799.22639441516,36884.57680841545,60.375,0.0,517.8125
 04/14  10:00:00,24.20869923391065,48.559924872254264,87428.95535547975,0.0,73507.45219350906,41559.84931080605,52.0,0.25,711.5625
 04/14  11:00:00,24.210996109101387,48.3460710650388,95144.19876564757,0.0,79087.11067593923,44883.06548554391,44.0,0.8375,668.75
 04/14  12:00:00,24.266692992566117,47.86256363056788,85588.47632534453,0.0,62393.12380052511,38719.15416554845,38.5,1.5375,595.125
 04/14  13:00:00,24.242877100429826,47.640042599575885,87696.20807490422,0.0,57841.38027084926,36746.20184466381,35.125,2.05,242.5
 04/14  14:00:00,24.264509167256364,47.3684837883411,86390.09328402397,0.0,53085.03198314029,33601.598062449346,34.625,2.2,134.875
 04/14  15:00:00,24.227841676218322,47.2873470138234,87178.00925391626,0.0,51249.0468847396,33055.00856844426,36.875,2.0125,170.125
 04/14  16:00:00,24.22036044054046,47.23101174751545,83657.7033265292,0.0,50465.99763211053,31949.610414716284,41.75,1.65,150.375
 04/14  17:00:00,25.206510963505377,43.333347965746725,43125.74111737276,0.0,36841.3683991843,22247.09489115401,47.125,1.25,133.8125
 04/14  18:00:00,25.80425645419155,40.54670013771794,17552.177059530193,97.80161687845155,20542.16733149708,7873.683164878481,52.75,1.0375,69.125
 04/14  19:00:00,25.557533377541816,40.11650137239444,16846.68702567049,0.0,21115.27460821446,8344.543225589117,56.875,1.0,5.0
 04/14  20:00:00,25.989990550922535,39.25667965493904,0.0,0.0,13584.615474876648,168.6090046831275,59.25,1.0625,0.0
 04/14  21:00:00,25.965619571847483,39.91723891680505,0.0,0.0,13584.615474876648,168.6090046831275,59.375,1.1625,0.0
 04/14  22:00:00,25.949975454329554,40.52852392398389,0.0,0.0,13584.615474876648,168.6090046831275,59.0,1.2,0.0
 04/14  23:00:00,25.93229574126777,41.10835384881555,0.0,0.0,13584.615474876648,168.6090046831275,59.0,1.1375,0.0
 04/14  24:00:00,25.90159038643024,41.70833154225119,0.0,0.0,12877.565474876648,168.6090046831275,60.875,1.1625,0.0
 04/15  01:00:00,25.8687815373069,42.41212169440225,0.0,0.0,12877.565474876648,168.6090046831275,64.5,1.3249999999999995,0.0
 04/15  02:00:00,25.814166611970567,43.36117372235639,0.0,0.0,12877.565474876648,168.6090046831275,69.125,1.5875,0.0
 04/15  03:00:00,25.78094330394294,44.43805432157683,0.0,0.0,12877.565474876648,168.6090046831275,72.25,1.825,0.0
 04/15  04:00:00,25.76244331548282,45.536506702549985,0.0,0.0,12877.565474876648,168.6090046831275,74.875,1.9625,0.0
 04/15  05:00:00,25.732023252080317,46.39059462049268,0.0,0.0,12877.565474876648,168.6090046831275,75.375,0.75,0.0
 04/15  06:00:00,25.769154490192225,46.61414560973421,0.0,0.0,18308.31300750821,197.85880237748196,75.0,0.3125,0.0
 04/15  07:00:00,25.843599344195606,47.04358408703018,0.0,0.0,13072.117350217704,197.9121586874217,73.75,0.6875,34.125
 04/15  08:00:00,25.87653631973609,47.46140214593303,13649.316628338054,326.50848027595293,20148.932016945306,7484.202633604653,71.75,1.3625,177.9375
 04/15  09:00:00,25.701752440425324,46.61862447124818,21030.818424725563,115.87579063009798,23164.58475778481,10504.404656347937,66.625,1.825,209.75
 04/15  10:00:00,25.938440555953303,43.380030669929425,29943.435674764092,71.19036722746932,25998.204192871977,13338.0240914351,59.625,2.2125,229.4375
 04/15  11:00:00,26.12502046399841,40.70468479893577,35616.02678129532,47.99491681351901,28345.689552225645,15685.50945078877,50.75,2.275,461.0625
 04/15  12:00:00,26.396299201236204,38.48067590176646,27838.129787398666,25.812963900672912,25078.930885237874,12418.750783800995,42.625,2.325,527.3125
 04/15  13:00:00,26.54459223542965,36.960649779494105,36792.90580858176,68.41270296646508,27577.86293429964,14917.682832862763,36.875,2.15,401.4375
 04/15  14:00:00,26.59816809340163,35.69271944620479,41280.81938809866,80.05503774567842,29669.81897669248,17009.638875255605,33.75,1.8125,636.5625
 04/15  15:00:00,26.820541540907353,34.448635320257615,34610.10609556627,153.00120411696298,26633.185220944837,13973.00511950796,32.375,1.075,565.0625
 04/15  16:00:00,26.78516550373199,34.05878869657735,44519.11038465057,305.56488810076553,29551.2468166721,16891.066715235225,33.25,0.5125,226.5625
 04/15  17:00:00,26.617714955387992,33.70439205254668,40928.05138791307,5.446027941030479,29160.192415540943,16500.012314104068,35.25,0.15,92.5625
 04/15  18:00:00,26.57722517990899,33.02814302618409,30290.10994883609,0.0,22468.3750014614,12121.713465440114,37.875,0.375,126.9375
 04/15  19:00:00,26.369460959450763,32.79572974971203,28224.24002870551,0.0,24240.987662092222,11566.289819430976,40.25,0.85,10.25
 04/15  20:00:00,26.25133278547534,32.32162687498126,18649.300948121032,0.0,21104.04848034976,7688.042010156236,41.625,1.4375000000000002,0.0
 04/15  21:00:00,26.26054299889086,31.96587174977428,14121.926395188962,0.0,19153.916560691243,5737.91009049772,40.75,1.575,0.0
 04/15  22:00:00,26.179546609463234,31.779445590382984,13859.49253416054,40.26344317328676,19084.951402605057,5668.944932411535,41.25,1.5625,0.0
 04/15  23:00:00,26.401661740015268,31.276083911762232,3422.2761149675534,158.69667656097863,15060.536080621883,1644.5296104283657,43.25,1.2875,0.0
 04/15  24:00:00,26.403197611648416,31.5616708947815,3475.3751944590854,0.0,17549.806798898644,1748.2668563571542,49.0,1.225,0.0
 04/16  01:00:00,26.583711772434334,31.735692694758313,0.0,0.0,16002.738920482274,201.198977940785,57.0,1.1125,0.0
 04/16  02:00:00,26.558025908325853,32.38975060426457,0.0,0.0,16002.738920482274,201.198977940785,65.625,1.0625,0.0
 04/16  03:00:00,26.49652654107829,33.138579800549834,0.0,0.0,16002.738920482274,201.198977940785,71.5,0.7875000000000001,0.0
 04/16  04:00:00,26.447446435494097,33.652811250921886,0.0,0.0,16002.738920482274,201.198977940785,74.875,0.475,0.0
 04/16  05:00:00,26.434904989270493,33.91124966877783,0.0,0.0,16002.738920482274,201.198977940785,77.25,0.15,0.0
 04/16  06:00:00,25.242370702636872,39.09374645081747,45830.053327552065,406.49151839814385,46574.8924816534,23522.585845556023,79.25,0.5,0.0
 04/16  07:00:00,24.23413516278535,46.740654916444655,88957.92377477724,0.0,83022.77873441741,48092.2173147067,78.125,1.1749999999999998,23.0625
 04/16  08:00:00,24.15629773557466,52.60631051450122,122493.6844960602,0.0,147331.44248850664,69554.5646620712,74.5,1.5875,191.8125
 04/16  09:00:00,24.166523397526277,50.420390590006576,132381.37703483706,0.0,131516.8516878447,62211.76923445361,66.125,1.3875,500.625
 04/16  10:00:00,24.22245320821762,49.00921826390358,138726.46986621697,0.0,131571.3261183338,64200.337071536094,55.75,0.825,455.0625
 04/16  11:00:00,24.2127578041797,48.505938540278265,147100.80641633758,0.0,139353.2421414533,70048.1596880622,45.75,0.225,332.3125
 04/16  12:00:00,24.339064277597316,47.76124277508242,141585.505511886,0.0,136173.9988829999,65865.66429356376,38.25,0.0625,657.6875
 04/16  13:00:00,24.252479012047154,47.975084718409065,150090.78179620238,0.0,142058.7430850783,71141.91612619272,32.875,0.4749999999999999,625.875
 04/16  14:00:00,24.27703651598828,47.77032284597905,155024.9234926195,0.0,141638.28723019455,74267.29818339685,30.375,1.325,319.625
 04/16  15:00:00,24.240191681918205,47.53994701157696,157076.96638592478,0.0,142766.36765642228,75395.37860962457,28.75,2.075,220.125
 04/16  16:00:00,24.225906286831865,47.488497995597555,159173.10515742868,0.0,145860.0416325555,75587.9124758677,28.625,2.5500000000000003,390.75
 04/16  17:00:00,24.303753305521173,46.952934387335524,132402.7138654615,0.0,107920.71320271963,57132.8148311776,29.625,2.3875,217.25
 04/16  18:00:00,24.231324774650393,47.18367152567363,98760.33278696732,0.0,65904.2817399053,39693.88641017732,31.875,1.7625000000000002,96.5625
 04/16  19:00:00,24.211370368818184,47.642202269200794,80392.07032353424,0.0,58857.01956693475,31378.118870490995,33.625,0.9375,8.25
 04/16  20:00:00,24.190490156560486,47.4759732418044,69657.50678730867,0.0,52348.14681529942,26745.81341966617,35.25,0.225,0.0
 04/16  21:00:00,24.17309415288268,46.27761079118997,62735.10120575114,0.0,48486.60928374391,24173.671492506262,36.0,0.0,0.0
 04/16  22:00:00,25.591801504845193,41.76312904811978,0.0,0.0,21603.55076409053,250.26910759502385,37.875,0.0,0.0
 04/16  23:00:00,26.04051216095307,41.1418902945547,0.0,0.0,20122.90815579052,249.454566666085,40.875,0.0,0.0
 04/16  24:00:00,26.046027002410966,41.42128540968821,0.0,0.0,16163.712511941816,201.28916140884087,48.25,0.1875,0.0
 04/17  01:00:00,26.0448849168889,41.49426595524242,0.0,0.0,16002.738920482274,201.198977940785,57.625,0.2375,0.0
 04/17  02:00:00,26.058685321889403,41.53212225445395,0.0,0.0,16002.738920482274,201.198977940785,67.25,0.075,0.0
 04/17  03:00:00,26.037231525530064,41.59733948040021,0.0,0.0,16002.738920482274,201.198977940785,73.5,0.0,0.0
 04/17  04:00:00,25.99124329975426,41.71103278247962,0.0,0.0,16002.738920482274,201.198977940785,77.5,0.0,0.0
 04/17  05:00:00,25.94837052940744,42.01870216486171,0.0,0.0,16002.738920482274,201.198977940785,80.25,0.6875,0.0
 04/17  06:00:00,24.875677852381603,45.94816423481699,40523.77253565572,369.62455447883895,46143.720918293606,23091.414282196223,81.625,1.475,0.0
 04/17  07:00:00,24.163415336746965,49.62689146889316,72040.89928768438,0.0,75917.20683191871,41037.43393923384,84.5,1.95,27.375
 04/17  08:00:00,24.13260971497046,54.24431291449672,107575.53626385046,0.0,151086.94303168886,73320.04643938378,81.625,2.1625000000000005,150.1875
 04/17  09:00:00,24.144725069728224,52.76068241763655,114278.19502332252,0.0,123929.67121793875,54624.58876454765,75.25,2.075,293.1875
 04/17  10:00:00,24.197884444198937,50.25480463068561,125240.42123015878,0.0,126257.032648431,58886.043601633326,63.0,1.75,596.5
 04/17  11:00:00,24.196896472946246,49.40890699099233,135357.90836273218,0.0,135482.09883051887,66177.01637712779,50.125,1.2875,585.875
 04/17  12:00:00,24.344689664857654,48.275712134618345,132751.67966287848,0.0,136089.29095341574,65780.95636397954,37.875,0.975,834.6875
 04/17  13:00:00,24.24934638568015,48.716504245222474,141649.91350632394,0.0,142272.7993201391,71355.97236125349,31.75,0.9,901.6875
 04/17  14:00:00,24.269588950243023,48.425187815663406,144590.8131285027,0.0,138184.53153106352,70813.54248426582,31.625,1.025,542.0625
 04/17  15:00:00,24.228537829046324,48.3578892407756,139620.216558159,0.0,129846.46749763882,62475.478450841125,40.75,1.225,96.625
 04/17  16:00:00,24.19989951268305,49.34181378521326,121339.33452983903,0.0,124959.34153248629,51655.58352274634,57.25,1.4875000000000005,4.8125
 04/17  17:00:00,24.1649003195172,50.658660019331755,87247.63943186015,0.0,93730.89422283348,39868.08207121327,80.875,1.6625,0.0
 04/17  18:00:00,24.146157443330196,50.59274104374309,61313.11177022292,0.0,56454.759169093326,28379.67842992673,94.125,1.7,0.0
 04/17  19:00:00,24.122634698893368,50.11361673600452,53938.52934185248,0.0,55155.03891790468,27359.47438752929,96.625,1.5124999999999995,0.0
 04/17  20:00:00,24.0969326747373,49.61880744577465,50050.916632126864,0.0,53504.703941574495,27902.37054594125,88.25,1.2125,0.0
 04/17  21:00:00,24.08037837010631,49.289076004688326,47008.927059985595,0.0,52103.49560710017,27790.557815862536,82.375,0.8499999999999999,0.0
 04/17  22:00:00,25.15282959737862,46.492133615747335,0.0,0.0,21603.55076409053,250.26910759502385,80.125,0.4499999999999999,0.0
 04/17  23:00:00,25.54173657661552,46.149636241108766,0.0,0.0,20122.90815579052,249.454566666085,82.125,0.1125,0.0
 04/17  24:00:00,25.544110324022856,46.45687277920845,0.0,0.0,16163.712511941816,201.28916140884087,80.875,0.0,0.0
 04/18  01:00:00,25.534726313406214,46.48735860516783,0.0,0.0,16002.738920482274,201.198977940785,78.375,0.0,0.0
 04/18  02:00:00,25.557733919913655,46.423713438716035,0.0,0.0,16002.738920482274,201.198977940785,73.0,0.0,0.0
 04/18  03:00:00,25.59034653281735,46.36227196487425,0.0,0.0,16002.738920482274,201.198977940785,71.875,0.125,0.0
 04/18  04:00:00,25.59232542032607,46.524775579458826,0.0,0.0,16002.738920482274,201.198977940785,72.375,0.4499999999999999,0.0
 04/18  05:00:00,25.320784596229185,47.301392155139645,6436.753140173855,70.09590200642197,19782.49195886288,3980.95201632139,81.375,0.225,0.0
 04/18  06:00:00,24.467843417326097,49.43630604849552,39406.474139586586,299.13225550093193,43763.80745785174,20711.50082175436,83.25,0.0,0.0
 04/18  07:00:00,24.055799566732052,50.231896169188424,59050.964899543804,0.0,61862.06444163592,26931.50801920547,72.875,0.0,21.9375
 04/18  08:00:00,24.09884919804011,50.7209616980208,96807.78690585884,0.0,121756.81701172236,43976.89625106308,64.25,0.0,198.75
 04/18  09:00:00,24.126918723337884,50.82436315386198,109311.07212514785,0.0,112908.70224358227,43603.6197901912,55.125,0.0,512.625
 04/18  10:00:00,24.191122512777405,50.02485457480505,117305.87594995873,0.0,116594.21506678352,49223.22601998581,48.5,0.0,451.1875
 04/18  11:00:00,24.19209258850562,49.575884699590034,127577.466608217,0.0,126377.2114394996,57072.12898610853,42.625,0.0,794.8125
 04/18  12:00:00,24.304184635687804,48.59648753819103,124937.30446675827,0.0,127299.05548702503,56990.72089758884,39.375,0.0,592.75
 04/18  13:00:00,24.230251215527716,49.168960998441285,133132.39606191404,0.0,133335.06716463683,62418.24020575122,35.25,0.0,655.9375
 04/18  14:00:00,24.255058726484318,48.70685569820135,139828.67122460183,0.0,133147.49871464376,65776.50966784608,30.5,0.0,352.9375
 04/18  15:00:00,24.222295899070165,48.217139040071274,144753.07155974334,0.0,134823.69563278032,67452.70658598265,25.875,0.0625,406.375
 04/18  16:00:00,24.21413395895984,48.04218368479519,147487.8686529957,0.0,137950.66350996183,67678.53435327402,24.0,0.35,329.8125
 04/18  17:00:00,24.29258800332336,46.90228089178775,127284.33024559068,0.0,105355.59407661072,54567.69570506868,24.0,0.8750000000000001,465.5
 04/18  18:00:00,24.22037955840636,46.503237040213406,95725.07791046536,0.0,65134.1976914539,38944.93386284249,29.0,1.6,238.0625
 04/18  19:00:00,24.201330842039948,47.40996350881466,75396.2541980168,0.0,58579.318652786416,31177.6604189937,35.125,2.275,25.3125
 04/18  20:00:00,24.178813404641964,47.8120833099438,64420.11686473732,0.0,53642.202103686286,28039.868708053036,40.75,2.6875,0.0
 04/18  21:00:00,24.161510210543355,47.73619332767545,58361.336959617736,0.0,49952.62568354321,25639.687892305563,40.5,2.6125,0.0
 04/18  22:00:00,25.56576806703642,43.623003203572665,0.0,0.0,21603.55076409053,250.26910759502385,37.75,2.125,0.0
 04/18  23:00:00,26.004832212503345,42.91692833320678,0.0,0.0,20122.90815579052,249.454566666085,35.75,1.4,0.0
 04/18  24:00:00,25.971854643591243,43.178093516454574,0.0,0.0,16163.712511941816,201.28916140884087,40.0,0.725,0.0
 04/19  01:00:00,25.931920809015768,43.28646699306797,0.0,0.0,16002.738920482274,201.198977940785,50.5,0.2499999999999999,0.0
 04/19  02:00:00,25.880352879715076,43.44363255490368,0.0,0.0,16002.738920482274,201.198977940785,68.125,0.0375,0.0
 04/19  03:00:00,25.808911077809213,43.63377777861842,0.0,0.0,16002.738920482274,201.198977940785,82.875,0.0,0.0
 04/19  04:00:00,25.77277491451214,43.728134080445244,0.0,0.0,16002.738920482274,201.198977940785,92.625,0.0,0.0
 04/19  05:00:00,25.743540597578093,44.21181397123621,0.0,0.0,16002.738920482274,201.198977940785,84.75,1.375,0.0
 04/19  06:00:00,24.709126957882624,47.8354051294959,39962.202150867575,375.15517771087343,45328.634945260754,22276.32830916338,78.625,1.825,0.0
 04/19  07:00:00,24.130328184187963,50.06074131516483,65435.19521429007,0.0,70117.95355832177,34981.12803542527,77.75,1.225,5.0625
 04/19  08:00:00,24.11585630187806,51.08490836874321,99136.49195330437,0.0,129501.33127981568,51235.08557546417,73.875,0.375,38.4375
 04/19  09:00:00,24.12935859011988,51.179252455272426,105516.27279319723,0.0,115386.28015005017,46081.19769665906,64.5,0.0,160.5
 04/19  10:00:00,24.18708342662038,50.20581520244233,117816.14203929853,0.0,120604.47514466394,53233.48609786624,53.75,0.0,519.0625
 04/19  11:00:00,24.192301702237533,49.34170268163921,129369.21511126016,0.0,129317.34915285908,60012.26669946797,42.5,0.0,895.3125
 04/19  12:00:00,24.332399378069237,48.538539312494294,127412.56838874194,0.0,129096.9736621003,58788.63907266409,33.625,0.25,1012.6875
 04/19  13:00:00,24.24561339980638,48.92690848344263,136702.3518764462,0.0,136256.7729424698,65339.94598358419,27.875,0.8999999999999999,993.6875
 04/19  14:00:00,24.2685525304712,48.56308223303055,141014.91043943647,0.0,135896.83762448127,68525.84857768357,24.75,1.5125,878.1875
 04/19  15:00:00,24.233100428978904,48.102198738438176,147625.81245241416,0.0,139666.06636076164,72295.07731396395,23.375,2.1375,620.6875
 04/19  16:00:00,24.218590113589737,48.017701072892464,146552.00564583085,0.0,140079.03042110548,69806.90126441767,23.625,2.525,165.4375
 04/19  17:00:00,24.30248496143882,47.21084122017972,119817.61298647402,0.0,102738.26185132228,51950.36347978022,24.625,2.725,103.0
 04/19  18:00:00,24.21766249326436,46.74714865894334,89954.17652498053,0.0,63251.85706163733,37046.15736406901,27.5,2.55,91.3125
 04/19  19:00:00,24.197596024433764,46.66255526533869,73085.83057648341,0.0,56927.36249987375,29480.252020653345,29.625,2.275,10.875
 04/19  20:00:00,24.175001615253812,46.059988594520256,63063.78623138913,0.0,51347.103761330174,25744.770365696924,31.25,1.8875,0.0
 04/19  21:00:00,24.155595839374456,44.95519056044709,57116.60422645047,0.0,48145.49384497093,23832.55605373329,32.0,1.575,0.0
 04/19  22:00:00,25.513023362205946,40.72467533955399,0.0,0.0,21603.55076409053,250.26910759502385,32.625,1.3125000000000002,0.0
 04/19  23:00:00,25.956139831791788,40.08288435371031,0.0,0.0,20122.90815579052,249.454566666085,35.5,1.1375,0.0
 04/19  24:00:00,25.96391630453449,40.37622419283259,0.0,0.0,16163.712511941816,201.28916140884087,42.0,0.9125,0.0
 04/20  01:00:00,25.953194685526917,40.594984448209985,0.0,0.0,16002.738920482274,201.198977940785,50.625,0.925,0.0
 04/20  02:00:00,25.927326908189166,41.08886689570741,0.0,0.0,16002.738920482274,201.198977940785,60.875,1.0625,0.0
 04/20  03:00:00,25.915251430633575,41.62400969180339,0.0,0.0,16002.738920482274,201.198977940785,68.75,1.475,0.0
 04/20  04:00:00,25.87261895038206,43.02135283498968,0.0,0.0,16002.738920482274,201.198977940785,74.75,1.8875,0.0
 04/20  05:00:00,25.08836650524864,46.193116022135364,19616.305538543285,335.766168837883,27333.96881806974,11532.428875528258,78.875,1.4375,0.0
 04/20  06:00:00,24.636813378428446,48.09668768892414,41057.23148729833,85.82754034008394,47788.10162759779,24735.79499150042,83.75,1.2875,0.0
 04/20  07:00:00,24.13903849193214,50.566317837854285,66045.79384425575,0.0,76494.14760608632,41632.66158070057,85.375,1.775,33.75
 04/20  08:00:00,24.126793024552253,53.95364325679058,104043.87325962499,0.0,135307.33544776234,57559.128574329545,78.75,2.125,207.375
 04/20  09:00:00,24.13885762500663,51.506231033425166,114090.18826631733,0.0,123373.33012555185,54068.24767216074,66.25,2.575,406.125
 04/20  10:00:00,24.196786963554047,50.09560967376028,122580.50091933651,0.0,123596.04909628772,56225.06004949002,52.25,2.6125,557.9375
 04/20  11:00:00,24.19264863155776,49.41865544001747,131553.18137061517,0.0,130284.25876034124,60979.17630695014,40.75,2.3125,658.75
 04/20  12:00:00,24.320451727541247,48.150951267582855,128038.09873933795,0.0,127659.79528800402,57351.46069856781,32.625,1.5750000000000002,821.5625
 04/20  13:00:00,24.232806916655917,48.691286874692246,138842.8321033549,0.0,135277.98611754816,64361.15915866254,28.75,0.825,453.375
 04/20  14:00:00,24.25399223609595,48.34540428956326,144280.95989375157,0.0,136730.71206056245,69359.72301376477,27.375,0.225,307.5
 04/20  15:00:00,24.224674590130356,47.99972392110219,149293.7703366763,0.0,141629.4453710812,74258.45632428353,27.625,0.3125,435.3125
 04/20  16:00:00,24.218287600235495,47.90146321235591,152623.91458232322,0.0,146624.11799428475,76351.98883759693,27.375,0.7499999999999999,443.75
 04/20  17:00:00,24.3187274475057,47.207984894395736,129762.54682109086,0.0,111207.23973157356,60419.341360031525,27.625,1.4,403.0
 04/20  18:00:00,24.225657115014272,47.24047937289221,99834.7837557025,0.0,68739.56618139007,42551.044803662735,28.0,1.6375000000000002,289.3125
 04/20  19:00:00,24.205188875393194,47.07950821803158,77882.84282774117,0.0,58975.08482906516,31568.87188921866,29.25,1.6,27.625
 04/20  20:00:00,24.1818369921581,46.58674766686053,66359.70973294934,0.0,52092.78354699077,26490.450151357523,31.25,1.2875,0.0
 04/20  21:00:00,24.16529056337241,45.92669753276474,59540.398630115444,0.0,49217.05762526774,24904.1198340301,35.75,1.1625,0.0
 04/20  22:00:00,25.57653820779995,42.29364168779916,0.0,0.0,21603.55076409053,250.26910759502385,40.5,1.075,0.0
 04/20  23:00:00,26.052898362060528,41.80267562785977,0.0,0.0,20122.90815579052,249.454566666085,43.875,1.0625,0.0
 04/20  24:00:00,26.020059736384855,42.40786673853981,0.0,0.0,13038.514687240193,168.67480905518886,45.625,0.7875000000000001,0.0
 04/21  01:00:00,25.994365594064835,42.61610494989909,0.0,0.0,12877.565474876648,168.6090046831275,46.0,0.5375,0.0
 04/21  02:00:00,25.979171920853403,42.72554513381052,0.0,0.0,12877.565474876648,168.6090046831275,47.25,0.1875,0.0
 04/21  03:00:00,25.946655248296622,42.83348184026619,0.0,0.0,12877.565474876648,168.6090046831275,53.0,0.1875,0.0
 04/21  04:00:00,25.901902980217237,43.049333073253656,0.0,0.0,12877.565474876648,168.6090046831275,62.875,0.3625,0.0
 04/21  05:00:00,25.35250735226616,44.48406583522415,13084.767990947325,134.4376978609589,20049.162131490288,7340.205661296764,77.625,0.15,0.0
 04/21  06:00:00,24.740215777303845,46.378546988012594,40116.98744247765,153.24823804726475,47304.74085005729,24252.43421395992,84.625,0.375,0.0
 04/21  07:00:00,24.14659274013342,48.09783039032843,60605.95475479349,0.0,58771.15624534819,35535.425344796706,80.625,0.85,38.25
 04/21  08:00:00,24.132164583234584,48.58814222191362,69699.07316471594,0.0,63764.94503746012,33091.851642633475,71.125,1.0625,226.125
 04/21  09:00:00,24.152242372104666,48.79365780826871,81535.1951773491,0.0,70764.24697260071,37849.597386601,58.875,0.8499999999999999,437.625
 04/21  10:00:00,24.21212950768104,48.45148185131566,89887.79495946495,0.0,72208.7832315923,40261.18034888929,47.125,0.5125,637.875
 04/21  11:00:00,24.211317426232004,48.18881672326775,97813.87195574107,0.0,77297.90042379018,43093.85523339486,38.625,0.15,436.1875
 04/21  12:00:00,24.264154786556485,47.43167373453519,90651.87880534305,0.0,63050.056272945774,39376.08663796912,33.5,0.125,391.1875
 04/21  13:00:00,24.252688277891703,47.50174404491677,87376.95095117117,0.0,58700.572475129375,37605.39404894393,30.125,0.3875,633.3125
 04/21  14:00:00,24.28369509889904,47.3980394887313,92815.01923622488,0.0,60113.83642351825,40630.4025028273,28.375,0.8750000000000001,393.75
 04/21  15:00:00,24.24950939238407,47.31820689300841,96155.96753095591,0.0,60934.06755145898,42740.029235163645,26.75,1.225,527.9375
 04/21  16:00:00,24.24085471190477,47.1964076955625,96649.9923091651,0.0,61597.47359975815,43081.08638236389,26.0,1.3624999999999998,341.4375
 04/21  17:00:00,25.471639527640335,42.25173518356249,47516.08512106085,0.0,40685.59704523834,26091.32353720806,25.375,1.2125,278.9375
 04/21  18:00:00,26.010795232579113,38.81903595462008,22261.236321253098,0.0,23566.18598230589,10899.188489943974,26.875,1.0375,71.25
 04/21  19:00:00,25.8671271507564,37.415998376359504,21596.775060948577,27.534898483475445,23148.245193344206,10371.65356942746,29.25,0.9375,9.375
 04/21  20:00:00,25.84883210754863,36.190481996539035,13897.408463392563,0.0,19855.844954634053,6439.838484440536,33.125,1.025,0.0
 04/21  21:00:00,26.044555870965954,35.63006295087079,6827.313307281342,0.0,16652.465465784622,3236.4589955911024,36.875,1.1625,0.0
 04/21  22:00:00,26.161685848159614,35.47745898928824,0.0,0.0,13584.615474876648,168.6090046831275,40.5,1.2625,0.0
 04/21  23:00:00,26.1419543100389,35.82913028252224,0.0,0.0,13584.615474876648,168.6090046831275,43.875,1.1750000000000005,0.0
 04/21  24:00:00,26.119887734651027,36.220709751974205,0.0,0.0,12877.565474876648,168.6090046831275,47.5,0.975,0.0
 04/22  01:00:00,26.085033869655565,36.62150963380752,0.0,0.0,12877.565474876648,168.6090046831275,51.5,0.5875,0.0
 04/22  02:00:00,26.048688174796098,36.878593489651344,0.0,0.0,12877.565474876648,168.6090046831275,58.0,0.15,0.0
 04/22  03:00:00,26.034190463911393,36.93710978818398,0.0,0.0,12877.565474876648,168.6090046831275,66.0,0.0,0.0
 04/22  04:00:00,26.000090430920302,37.011108298086896,0.0,0.0,12877.565474876648,168.6090046831275,75.25,0.0,0.0
 04/22  05:00:00,25.94430144799205,37.13404192067973,0.0,0.0,12877.565474876648,168.6090046831275,59.0,0.0,0.0
 04/22  06:00:00,25.93517989282828,37.33818870266459,0.0,0.0,18308.31300750821,197.85880237748196,51.375,0.0,0.0
 04/22  07:00:00,25.976179277753904,37.682591421060486,0.0,0.0,13074.558422233964,197.91297018756535,55.875,0.0,24.9375
 04/22  08:00:00,26.115343793421758,37.81761506954592,10522.963740009785,354.63491151918606,17820.27147702885,5155.49674110368,60.75,0.0,152.25
 04/22  09:00:00,25.872726504250906,37.56723181495626,25758.177968127457,127.5009644303118,23609.83548178728,10949.655380350405,59.25,0.5,318.0625
 04/22  10:00:00,26.11874056009741,35.80305474186227,32247.688089565712,116.59463382415744,26000.9154274954,13340.735326058522,52.625,1.3625,475.75
 04/22  11:00:00,26.338404636295863,34.71075274822443,38248.85415002224,62.476273705502535,28465.27153939623,15805.091437959356,42.5,2.0125,427.0
 04/22  12:00:00,26.53451132136358,33.882138816844716,30888.044855051365,45.04345318849846,25547.844425213705,12887.664323776828,33.0,2.325,698.875
 04/22  13:00:00,26.70752477912262,32.96610173291277,36055.261896553704,70.98214995498165,27796.58708753013,15136.406986093254,25.0,2.025,408.125
 04/22  14:00:00,26.697672224409,32.38845155383981,44998.53409593319,81.10615022979982,31238.28321922784,18578.103117790964,20.75,1.3625000000000005,643.625
 04/22  15:00:00,26.887350874197026,31.609406409759774,38236.40707974766,122.89905637032462,27983.07333829488,15322.893236858008,18.125,0.6,223.3125
 04/22  16:00:00,26.928511355504174,31.243949419366384,42362.04355407777,298.16676897823527,29803.158024520744,17142.97792308387,18.25,0.1125,196.0
 04/22  17:00:00,26.805749493460116,31.304818276053368,49417.27185924877,189.86618266014193,32257.61011539494,19597.43001395806,20.25,0.0,353.5
 04/22  18:00:00,26.7733325511593,31.054841683733386,35197.49872843275,74.48428486736702,24073.90309656084,13727.845946458652,24.75,0.375,202.75
 04/22  19:00:00,26.564890482311608,30.687053470332778,29273.52569158453,0.0,24531.595393817737,11854.375529596113,29.5,0.7875,14.8125
 04/22  20:00:00,26.29862343213682,30.273172518452512,30964.44033568004,0.0,26002.99721321982,12586.9907430263,34.75,1.025,0.0
 04/22  21:00:00,26.242139407833424,29.57075440618435,25435.26515163702,37.73820722068376,23865.38849116256,10449.382020969042,36.375,0.8499999999999999,0.0
 04/22  22:00:00,26.404441076593884,28.96102854103314,14373.788158321644,0.0,19457.99279858747,6041.98632839395,37.25,0.5125,0.0
 04/22  23:00:00,26.43720925861687,28.944204202694227,10538.692594125354,22.568477068286484,17921.442538542608,4505.43606834909,38.0,0.15,0.0
 04/22  24:00:00,26.37109577592886,29.030023620331193,10612.227523582016,64.29028195756564,20473.674191656784,4672.134249115295,41.75,0.1875,0.0
 04/23  01:00:00,26.37757865547788,29.390037923512246,10485.55313393885,175.01706515374917,20394.32121433304,4592.781271791546,46.5,0.4874999999999999,0.0
 04/23  02:00:00,26.365799068957582,30.008351239714685,10498.818210161357,31.113959245233676,20439.59368953779,4638.053746996299,51.125,0.9125,0.0
 04/23  03:00:00,26.31250608221828,30.854843936085153,6946.926270356064,186.0074669177211,18947.99054732674,3146.45060478525,51.125,1.1,0.0
 04/23  04:00:00,26.598763425983876,30.62755994149747,0.0,0.0,16002.738920482274,201.198977940785,49.375,0.8499999999999999,0.0
 04/23  05:00:00,26.5865438816369,30.713472968206215,0.0,0.0,16002.738920482274,201.198977940785,54.625,0.95,0.0
 04/23  06:00:00,25.316854753692493,35.60256639169315,47654.05696532473,341.4769111270207,41960.27652921816,18907.969893120782,59.25,1.35,0.0
 04/23  07:00:00,24.245953136414627,44.12839886789218,92608.2266433754,0.0,70116.7215064115,35225.65335651684,59.375,1.5,25.125
 04/23  08:00:00,24.16115212129839,48.561357519775015,126133.22895396684,0.0,133775.9914569679,56008.95861825774,60.25,1.25,147.5625
 04/23  09:00:00,24.17105301266689,49.21373419962286,132421.5752322635,0.0,125923.17195746272,56618.08950407163,58.5,0.725,330.3125
 04/23  10:00:00,24.225942571785094,48.659615674847124,142225.00540147442,0.0,133089.05090712165,65718.06186032396,52.625,0.2499999999999999,729.875
 04/23  11:00:00,24.226383401752216,48.120790104810744,150640.7435311955,0.0,143044.57157815312,73739.48912476204,44.375,0.0375,948.5
 04/23  12:00:00,24.377344011233806,47.7112513280821,145368.5837698112,0.0,140987.5433137061,70679.20872426988,36.625,0.375,966.5625
 04/23  13:00:00,24.271873772933084,48.16924440734642,153227.72420182338,0.0,148031.34647668758,77114.51951780196,29.625,1.1,846.5625
 04/23  14:00:00,24.288768167537192,47.76057446443674,155966.2241723683,0.0,145728.7940571091,78357.8050103114,25.125,1.9,748.125
 04/23  15:00:00,24.252566441253695,47.370490259970985,162110.39556167935,0.0,149684.7204115867,82313.731364789,23.375,2.3875,748.0625
 04/23  16:00:00,24.239874818495522,47.206215515129735,165360.5359300533,0.0,153717.81469335163,83445.68553666383,24.25,2.4375,570.8125
 04/23  17:00:00,24.340387947424208,46.597233327431354,140347.84318929559,0.0,115539.83160024924,64751.93322870719,26.875,1.9625,395.9375
 04/23  18:00:00,24.242835867991612,46.95744861326753,105578.63751882003,0.0,70715.11156174223,44523.9727788414,30.5,1.2,166.9375
 04/23  19:00:00,24.21926131818327,47.41035030551011,83813.51727428503,0.0,60486.87758966247,33044.93585419084,33.25,0.525,13.375
 04/23  20:00:00,24.19510615279252,47.51919535286348,72153.99263605951,0.0,52618.32562999155,27015.99223435831,34.625,0.1125,0.0
 04/23  21:00:00,24.178132988812063,46.15541954659614,64897.03323740202,0.0,48436.29989873029,24123.36210749264,33.75,0.0,0.0
 04/23  22:00:00,25.655132088194343,41.622218636106695,0.0,0.0,21603.55076409053,250.26910759502385,33.0,0.0,0.0
 04/23  23:00:00,26.140180161557893,41.07203261564807,0.0,0.0,20122.90815579052,249.454566666085,33.625,0.0,0.0
 04/23  24:00:00,26.14975614673002,41.330253463459634,0.0,0.0,16163.712511941816,201.28916140884087,37.75,0.0,0.0
 04/24  01:00:00,26.130999651599506,41.37942007841379,0.0,0.0,16002.738920482274,201.198977940785,44.375,0.0,0.0
 04/24  02:00:00,26.113038290469085,41.16635653694161,0.0,0.0,16002.738920482274,201.198977940785,52.0,0.0,0.0
 04/24  03:00:00,26.06156130361397,41.148883882141824,0.0,0.0,16002.738920482274,201.198977940785,56.875,0.125,0.0
 04/24  04:00:00,25.998386049606903,41.37687705986289,0.0,0.0,16002.738920482274,201.198977940785,58.625,0.5125,0.0
 04/24  05:00:00,25.826859235614666,42.268017429438494,10095.014472902916,385.7796188979755,22106.846274838164,6305.306332296674,74.625,0.2624999999999999,0.0
 04/24  06:00:00,24.759174832935454,46.01543327398927,41102.64937076021,23.32752100987,47737.94027523634,24685.633639138963,80.25,0.1875,0.0
 04/24  07:00:00,24.177462475240144,49.00636195631897,75284.95300539442,0.0,73218.37222771122,38378.03958288957,72.375,0.6749999999999999,48.1875
 04/24  08:00:00,24.134616533314183,50.050349703515636,115632.1187024883,0.0,127897.7566535793,50190.31864732829,62.75,1.025,299.625
 04/24  09:00:00,24.15490881167868,49.845747677275284,124997.50292182503,0.0,125805.7756233258,56500.69316993472,53.375,1.35,496.4375
 04/24  10:00:00,24.210484043748057,49.19980269948083,131170.64817510013,0.0,128642.13443344989,61271.14538665218,45.0,1.3125000000000002,396.75
 04/24  11:00:00,24.205863872713962,48.62929503096025,139913.67238666755,0.0,137738.58676740198,68433.50431401089,38.875,1.1375,784.875
 04/24  12:00:00,24.361581878445126,48.15199880589593,135161.68661308606,0.0,136469.87004978984,66161.53546035361,34.5,0.8499999999999999,882.5625
 04/24  13:00:00,24.252668834368976,48.664080582010875,144220.18671910142,0.0,144997.77195533022,74080.94499644461,31.75,0.825,720.75
 04/24  14:00:00,24.273104392151,48.202117649505496,150058.3150515292,0.0,146147.7546962832,78776.7656494855,29.75,1.025,233.875
 04/24  15:00:00,24.242329624706283,47.74915488515108,155340.494133438,0.0,149663.896413392,82292.9073665943,28.375,1.6,251.625
 04/24  16:00:00,24.231022490356775,47.62172117492487,158113.39234836283,0.0,152669.5085458466,82397.37938915878,28.0,2.025,320.6875
 04/24  17:00:00,24.33356334470598,46.973880949542526,134167.1419171469,0.0,114190.11384689204,63402.21547534997,28.0,2.1625000000000005,374.25
 04/24  18:00:00,24.233330800322218,47.186325626333385,98075.19586585034,0.0,67914.89764387705,41704.07325437612,28.625,1.6999999999999995,98.75
 04/24  19:00:00,24.208980481287384,47.40808593737539,78868.40670445455,0.0,58817.41579629137,31361.138902028004,30.25,0.9625,8.625
 04/24  20:00:00,24.185149511515988,47.03284038538532,67686.3275545711,0.0,51859.73499352551,26257.401597892254,32.875,0.2624999999999999,0.0
 04/24  21:00:00,24.16646225140748,45.78678586020074,60209.01384610989,0.0,48264.20117919614,23951.263387958497,36.5,0.125,0.0
 04/24  22:00:00,25.560456608457443,41.58020074052387,0.0,0.0,21603.55076409053,250.26910759502385,41.125,0.3875,0.0
 04/24  23:00:00,26.03496067128418,41.01424459719509,0.0,0.0,20122.90815579052,249.454566666085,47.375,0.8750000000000001,0.0
 04/24  24:00:00,26.042447843665922,41.87269400004787,0.0,0.0,16163.712511941816,201.28916140884087,55.625,1.0375,0.0
 04/25  01:00:00,26.031960635833524,42.561784381056285,0.0,0.0,16002.738920482274,201.198977940785,64.0,0.875,0.0
 04/25  02:00:00,26.031684721559596,43.00224605551391,0.0,0.0,16002.738920482274,201.198977940785,72.625,0.3,0.0
 04/25  03:00:00,26.011830686650203,43.125250075157155,0.0,0.0,16002.738920482274,201.198977940785,80.375,0.0,0.0
 04/25  04:00:00,25.972477578633658,43.22539332025088,0.0,0.0,16002.738920482274,201.198977940785,85.5,0.0,0.0
 04/25  05:00:00,25.184816319944787,45.24140814993011,19830.605270909367,370.9522364062268,28634.92407963509,12833.384137093606,85.125,0.0,0.0
 04/25  06:00:00,24.6899779508969,47.13886094127335,41741.83045123913,116.79248109107176,48651.20853970888,25598.901903611502,82.75,0.5625,0.0
 04/25  07:00:00,24.148202303898838,49.898230736665475,69541.48293592416,0.0,73735.59410597724,38915.59749856471,78.25,1.525,55.875
 04/25  08:00:00,24.122420574640657,50.71289264590676,111216.93870536191,0.0,128079.32524975888,50372.925607450896,70.375,2.4624999999999995,342.75
 04/25  09:00:00,24.146479335823553,50.38197516070457,121722.17021328413,0.0,125973.1411840328,56668.05873064172,61.375,2.8,577.75
 04/25  10:00:00,24.2054892291237,49.63957182709797,127772.06391304274,0.0,127810.63740745684,60439.64836065914,52.375,2.55,499.6875
 04/25  11:00:00,24.200353639622207,49.011166629058145,135759.20696286496,0.0,135422.28992882895,66117.20747543787,44.625,1.775,703.125
 04/25  12:00:00,24.336739790001097,48.5770137957272,131448.86642158317,0.0,134591.4615417192,64283.12695228298,39.5,0.8999999999999999,778.625
 04/25  13:00:00,24.24132678606889,48.955855649468674,140244.41654690236,0.0,142500.9018748719,71584.07491598629,36.125,0.2875,683.75
 04/25  14:00:00,24.263650774376487,48.511439214847314,144477.13899201076,0.0,142577.8138584487,75206.82481165101,34.375,0.0375,445.0625
 04/25  15:00:00,24.22719346486192,48.19736093760885,147205.78624410497,0.0,144143.95805118995,76772.96900439226,32.75,0.0,137.25
 04/25  16:00:00,24.21459868754219,48.23561781661587,145376.68308831088,0.0,144191.63648814353,73919.50733145574,32.0,0.0625,87.625
 04/25  17:00:00,24.303928123133915,47.819156623864146,118706.1545368668,0.0,106420.25649955792,55632.35812801588,32.0,0.0375,63.3125
 04/25  18:00:00,24.21994177696628,47.772794010269266,88669.82075243756,0.0,65150.93552492885,38916.834458434816,33.25,0.0,54.0
 04/25  19:00:00,24.20009353093565,47.87393183269953,72816.3418355619,0.0,57914.96278948968,30321.88935431496,34.625,0.0,4.1875
 04/25  20:00:00,24.179191078206504,47.72288181963441,63626.726226468905,0.0,52133.376482696,26531.043087062757,38.125,0.0,0.0
 04/25  21:00:00,24.158852013115077,47.06598076463599,56956.22695672501,0.0,48978.61115631789,24665.67336508025,43.125,0.25,0.0
 04/25  22:00:00,25.481503537148306,43.5888642084656,0.0,0.0,21603.55076409053,250.26910759502385,48.125,0.8375,0.0
 04/25  23:00:00,25.91628712090378,43.484293746899844,0.0,0.0,20122.90815579052,249.454566666085,53.75,1.475,0.0
 04/25  24:00:00,25.91576333431222,44.45910917062529,0.0,0.0,16163.712511941816,201.28916140884087,59.75,1.8875,0.0
 04/26  01:00:00,25.905479308074494,45.175914027449984,0.0,0.0,16002.738920482274,201.198977940785,66.375,1.8125,0.0
 04/26  02:00:00,25.8760932478456,46.08233411406088,0.0,0.0,16002.738920482274,201.198977940785,72.75,1.3249999999999995,0.0
 04/26  03:00:00,25.855957712713124,46.813045441349246,0.0,0.0,16002.738920482274,201.198977940785,78.125,0.5375000000000001,0.0
 04/26  04:00:00,25.83813877558086,47.05373084473787,0.0,0.0,16002.738920482274,201.198977940785,82.5,0.075,0.0
 04/26  05:00:00,25.321514740253583,48.56142665446819,13124.76645173673,168.7081647323157,24375.442658434786,8573.9027158933,87.75,0.6875,0.0
 04/26  06:00:00,24.6434795824865,50.43695028524363,41926.19663388157,251.74233000239477,49910.57653933785,26858.26990324048,90.0,0.725,0.0
 04/26  07:00:00,24.136834809562213,51.38868295520448,65324.376713325175,0.0,73878.42633917739,38982.29756005629,84.375,0.375,21.75
 04/26  08:00:00,24.119240730031212,51.99994197462565,102682.90341628912,0.0,133656.82746878584,55881.823270368455,78.5,0.1125,137.8125
 04/26  09:00:00,24.136449676638886,51.22406028469424,111964.87332968443,0.0,121341.82564364336,52036.74319025226,68.875,0.4374999999999999,343.25
 04/26  10:00:00,24.19617387960677,50.06161792365047,123023.5191534253,0.0,125538.5145733216,58167.52552652389,59.0,1.0125,718.0
 04/26  11:00:00,24.198684190674953,49.54003412694457,132313.8204696972,0.0,133435.64222276674,64130.55976937563,48.5,1.825,876.1875
 04/26  12:00:00,24.321773599138606,48.5861735500292,128621.3815691938,0.0,131624.804188935,61316.46959949877,40.875,2.325,811.375
 04/26  13:00:00,24.236694760934977,49.053373199321726,136750.0872772418,0.0,136259.1689362912,65342.341977405566,34.625,2.5875000000000004,768.875
 04/26  14:00:00,24.26002125637353,48.65549702556709,140195.9782030033,0.0,133970.7333561757,66599.74430937803,30.75,2.3875,640.3125
 04/26  15:00:00,24.22497620049725,48.178259245989125,146831.23603959644,0.0,136273.11522120415,68902.12617440645,26.875,2.2,481.3125
 04/26  16:00:00,24.215575638578233,47.925627318017035,149726.55496325452,0.0,139267.46977371792,68995.34061703013,25.625,1.95,449.1875
 04/26  17:00:00,24.28840820773978,47.12843062205037,122070.86543687136,0.0,102013.4670692744,51225.56869773238,26.0,1.7375,169.125
 04/26  18:00:00,24.217096755053756,46.971011122972165,94563.3644840361,0.0,63878.279810858985,37688.500764854885,30.375,1.2625,227.5
 04/26  19:00:00,24.199359260323288,47.4981681430784,74657.8654358992,0.0,56082.30027879863,29564.37599843894,35.5,0.7500000000000001,28.9375
 04/26  20:00:00,24.176766265387865,47.44652768380977,63464.17100697159,0.0,51340.48234188925,25738.148946255995,40.75,0.225,0.0
 04/26  21:00:00,24.155648612336662,46.27287047707868,56653.72245858246,0.0,47511.84043653346,23198.902645295813,41.125,0.0625,0.0
 04/26  22:00:00,25.457981759384243,41.87256638618722,0.0,0.0,21603.55076409053,250.26910759502385,42.5,0.0375,0.0
 04/26  23:00:00,25.87937182837898,41.576743010024515,0.0,0.0,20122.90815579052,249.454566666085,45.25,0.0,0.0
 04/26  24:00:00,25.89317330153167,41.72075404691933,0.0,0.0,16163.712511941816,201.28916140884087,54.75,0.0,0.0
 04/27  01:00:00,25.895343390248293,41.56276508677212,0.0,0.0,16002.738920482274,201.198977940785,68.125,0.0,0.0
 04/27  02:00:00,25.90580089603782,41.53634035781222,0.0,0.0,16002.738920482274,201.198977940785,84.25,0.0,0.0
 04/27  03:00:00,25.909551255134886,41.758623938713754,0.0,0.0,16002.738920482274,201.198977940785,93.5,0.4374999999999999,0.0
 04/27  04:00:00,25.87413540107103,43.027671502155584,0.0,0.0,16002.738920482274,201.198977940785,96.875,0.7625,0.0
 04/27  05:00:00,25.323047323128222,45.71952459541536,13101.87838127115,173.3568313953583,24870.711396719213,9069.171454177733,84.875,1.3625,0.0
 04/27  06:00:00,24.67771097316417,48.2049083219497,39901.889085029485,206.78303339188096,46583.28001319185,23530.973377094477,82.625,1.575,0.0
 04/27  07:00:00,24.136397696059106,50.63530417932405,65486.51264043926,0.0,75425.16389912122,40459.89625619796,86.0,1.5,10.875
 04/27  08:00:00,24.120427613740564,53.60050574890392,100870.4704676667,0.0,134756.81755347695,56860.35097582357,82.25,1.25,98.8125
 04/27  09:00:00,24.134356461113615,51.88277872346709,111379.52271409251,0.0,123039.03449546942,53733.95204207832,71.25,1.35,297.4375
 04/27  10:00:00,24.19280184362886,50.026117302715996,121125.74974070089,0.0,125008.40383204492,57637.41478524722,57.875,1.5625,390.4375
 04/27  11:00:00,24.189419255292805,49.58015482342108,131631.87934167517,0.0,133917.1370760168,64612.0546226257,46.125,1.9750000000000003,513.1875
 04/27  12:00:00,24.330019752929758,48.81567485141599,128328.94321883537,0.0,133308.87386117812,63000.53927174189,38.25,2.1375,778.75
 04/27  13:00:00,24.2334825877175,49.04657870078318,138969.05049560842,0.0,140801.58746655774,69884.76050767215,32.875,2.1625000000000005,517.3125
 04/27  14:00:00,24.254144668484376,48.45843647391434,144616.23766719623,0.0,140116.10377973635,72745.11473293867,30.375,1.8875,321.1875
 04/27  15:00:00,24.223312096550707,48.06638152151935,148602.83359223098,0.0,141594.35362827283,74223.36458147512,28.75,1.7,455.9375
 04/27  16:00:00,24.215282235112475,47.94702156562683,151576.8249507493,0.0,144030.25253548863,73758.12337880084,27.375,1.5124999999999995,448.6875
 04/27  17:00:00,24.302511879969387,47.128621734254374,129982.43910908965,0.0,108213.0596065682,57425.16123502614,26.375,1.5875,452.3125
 04/27  18:00:00,24.222990840366197,46.60450028715488,98431.08184380387,0.0,66670.32339939199,40481.0385367448,26.625,1.575,264.4375
 04/27  19:00:00,24.203158035788245,45.85694234038434,77277.71775041897,0.0,57453.83153080247,30907.35322741436,28.25,1.6874999999999998,27.5
 04/27  20:00:00,24.18133833519276,45.54979707058103,65925.10526533012,0.0,51871.29499303301,26268.96159739976,31.5,1.7375,0.0
 04/27  21:00:00,24.163966343646145,45.15176715095125,59308.56382912604,0.0,48801.172560415405,24488.234769177758,34.875,1.95,0.0
 04/27  22:00:00,25.576252045809667,41.447039590876535,0.0,0.0,21603.55076409053,250.26910759502385,39.125,1.9125,0.0
 04/27  23:00:00,26.019126983502268,41.07818971957995,0.0,0.0,20122.90815579052,249.454566666085,42.875,1.7375,0.0
 04/27  24:00:00,25.96022390483257,41.71726080572376,0.0,0.0,13038.514687240193,168.67480905518886,46.5,1.1375,0.0
 04/28  01:00:00,25.879918814283535,42.039953022010344,0.0,0.0,12877.565474876648,168.6090046831275,49.875,0.55,0.0
 04/28  02:00:00,25.798135979164314,42.303879901789074,0.0,0.0,12877.565474876648,168.6090046831275,54.125,0.15,0.0
 04/28  03:00:00,25.737065087528304,42.50837348983996,0.0,0.0,12877.565474876648,168.6090046831275,59.125,0.375,0.0
 04/28  04:00:00,25.689737033620467,42.87149725251493,0.0,0.0,12877.565474876648,168.6090046831275,66.0,0.85,0.0
 04/28  05:00:00,25.611765571539603,43.50526107306345,3135.8382700214765,45.537237163404825,15033.567294813069,2324.610824619545,82.125,0.375,0.0
 04/28  06:00:00,24.60014656763089,46.64045370669993,41340.50753922146,334.47421976569603,50346.34554944536,27294.038913347984,86.875,0.125,0.0
 04/28  07:00:00,24.130828232985266,47.82565435945949,58783.49771000499,0.0,54939.72556186278,31719.278760189623,79.375,0.7,59.8125
 04/28  08:00:00,24.12598469806882,48.60996639547651,71177.47084280723,0.0,67799.23428742742,37134.813510697815,69.75,1.4375000000000002,333.1875
 04/28  09:00:00,24.152698620258327,48.97308583633462,84885.95396251552,0.0,76297.27658026526,43382.62699426553,59.75,2.2,556.375
 04/28  10:00:00,24.217870400502093,48.70258767416237,93130.31760661854,0.0,79534.9295309899,47587.3266482869,51.0,2.5625,795.375
 04/28  11:00:00,24.217837759069152,48.483332492988524,99558.56249442577,0.0,86309.00811448085,52104.96292408553,43.625,2.3500000000000005,587.5625
 04/28  12:00:00,24.265439682717794,47.9397056284419,92640.60979886449,0.0,74634.66886701202,50960.69923203536,38.5,1.5750000000000002,339.3125
 04/28  13:00:00,24.250038805126977,47.70333718139869,90637.207960795,0.0,72716.75274608278,51621.57431989733,34.5,0.7,546.125
 04/28  14:00:00,24.286065095491196,47.4503833020866,93436.76608313048,0.0,72827.55529063847,53344.12136994752,31.75,0.15,529.625
 04/28  15:00:00,24.253812452381624,47.337546166117846,98499.53424391785,0.0,73284.38531931973,55090.347003024384,31.0,0.375,244.1875
 04/28  16:00:00,24.243628211230973,47.266166512610134,98868.61430077095,0.0,69983.05530027927,51466.66808288502,30.375,1.0375,287.0
 04/28  17:00:00,25.50859915660381,43.11960545045238,47094.14894444402,0.0,41677.692943609065,27083.419435578784,30.0,1.8625,252.5
 04/28  18:00:00,26.103975881112948,40.07581328671825,23229.987293489736,0.7661352110535518,23693.35783907824,11031.659462619402,29.375,2.2625,152.5
 04/28  19:00:00,25.91433924346059,38.32627817122651,22162.622827632822,0.0,22486.728988558734,10484.603100429063,29.0,2.1125,21.4375
 04/28  20:00:00,25.948202947536757,36.96343965226729,13985.72659296262,0.0,19951.899226822567,6535.892756629049,29.0,1.4375,0.0
 04/28  21:00:00,26.137465706747385,35.99190782960724,6886.670821443049,0.0,16771.84640252473,3355.8399323312105,29.625,0.725,0.0
 04/28  22:00:00,26.26715140672531,35.47675544738733,0.0,0.0,13584.615474876648,168.6090046831275,32.5,0.1875,0.0
 04/28  23:00:00,26.273113982345013,35.476127959808096,0.0,0.0,13584.615474876648,168.6090046831275,37.75,0.0,0.0
 04/28  24:00:00,26.24113610446332,35.54074785029206,0.0,0.0,12877.565474876648,168.6090046831275,45.0,0.0,0.0
 04/29  01:00:00,26.182433480018474,35.69078626033645,0.0,0.0,12877.565474876648,168.6090046831275,55.5,0.125,0.0
 04/29  02:00:00,26.128647858974407,35.899358629015815,0.0,0.0,12877.565474876648,168.6090046831275,67.5,0.075,0.0
 04/29  03:00:00,26.073697554543525,36.033359508797886,0.0,0.0,12877.565474876648,168.6090046831275,78.875,0.0,0.0
 04/29  04:00:00,26.009929179246406,36.16717086326816,0.0,0.0,12877.565474876648,168.6090046831275,87.375,0.0,0.0
 04/29  05:00:00,25.964169801378066,36.264050560614045,0.0,0.0,12877.565474876648,168.6090046831275,81.875,0.0,0.0
 04/29  06:00:00,26.001747266345337,36.46598191778244,0.0,0.0,18308.31300750821,197.85880237748196,72.625,0.3125,0.0
 04/29  07:00:00,26.08788686064337,37.20350099076972,0.0,0.0,13057.983936663648,197.91027563490505,66.875,1.0,68.0625
 04/29  08:00:00,25.983744044075323,37.98240407426571,22127.8477004387,598.9354806205511,22142.763650763107,9481.68921113662,61.25,1.55,413.8125
 04/29  09:00:00,25.98818544917212,37.40183479110772,35013.17808789669,330.18068518252767,26488.846717459222,13828.666616022354,55.25,2.075,755.8125
 04/29  10:00:00,26.222336864715327,37.042680709744644,41431.63557660206,278.3322807121531,29514.683514090077,16854.503412653197,48.625,2.3,908.5625
 04/29  11:00:00,26.586171300778886,36.51234126466157,32346.980431000888,217.71461850550438,26581.27847660013,13921.098375163254,42.25,2.2375,885.875
 04/29  12:00:00,26.715096174344332,36.158424649839006,41556.453252928426,203.9913408273751,29981.138768719666,17320.958667282786,36.25,1.6999999999999995,421.4375
 04/29  13:00:00,26.685234709303803,35.66596817499869,42375.21314997847,35.72870962346133,31400.113415996875,18739.93331456,32.75,1.025,653.125
 04/29  14:00:00,26.935830984528632,34.55832600651783,35436.72729528105,80.76000350004142,27812.425180138416,15152.24507870154,31.375,0.3,416.4375
 04/29  15:00:00,26.91154879614894,34.134891365701726,47284.14357171059,232.60717551218656,31164.483268933847,18504.30316749697,32.25,0.0,176.375
 04/29  16:00:00,26.74090761544052,33.82817406905146,43021.558828097935,0.0,30068.341177917497,17408.161076480625,35.5,0.0,45.5625
 04/29  17:00:00,26.796129837797054,32.98883361801739,32051.037236721742,0.0,25544.36076292433,12884.18066148746,38.875,0.0,87.1875
 04/29  18:00:00,26.629214244785576,32.532870874430365,37946.37456933548,0.0,24695.00735044766,14349.078965100663,41.25,0.125,101.5625
 04/29  19:00:00,26.41290521316695,31.907259723230467,31651.60792757436,0.0,24849.63910081926,12946.906818613868,42.625,0.7,13.9375
 04/29  20:00:00,26.38468419436068,31.21852970188225,22140.893964083938,40.21333629075616,22731.997100370623,9315.9906301771,43.625,1.4375000000000002,0.0
 04/29  21:00:00,26.48929034182231,30.99029041576925,14652.216370659082,0.0,19672.906825088838,6256.900354895312,45.25,2.3875,0.0
 04/29  22:00:00,26.52569090567633,31.840612058140223,10702.190856474428,8.096425269238352,18629.448950753074,5213.442480559555,50.375,3.05,0.0
 04/29  23:00:00,26.393668928012346,34.337512808749146,10691.273132037952,21.914783553018424,18846.91429201291,5430.907821819389,59.875,3.2625,0.0
 04/29  24:00:00,26.4219710541071,36.55074716648982,14120.732953234436,157.18552997959705,23927.24158628528,8125.701643743784,71.5,2.7375,0.0
 04/30  01:00:00,26.634229686666643,38.07271125725151,3517.666266989067,157.58574324158053,18362.582051527388,2561.042108985902,82.25,1.7125,0.0
 04/30  02:00:00,26.59264411589017,39.26429659147962,3545.1806782068975,0.0,18526.44330371242,2724.9033611709315,89.125,0.4875,0.0
 04/30  03:00:00,26.790403771081362,38.907668647365995,0.0,0.0,16002.738920482274,201.198977940785,90.375,0.0,0.0
 04/30  04:00:00,26.786420814076237,38.91320001131671,0.0,0.0,16002.738920482274,201.198977940785,86.25,0.0,0.0
 04/30  05:00:00,25.785104377460286,41.96450573687984,26438.454746909298,509.90559402865443,30120.855512929367,14319.315570387884,77.125,1.0625,0.0
 04/30  06:00:00,25.280122629227577,44.114632267871464,47115.650815094814,110.76711474736568,45265.96229250354,22213.65565640617,71.125,1.95,0.0
 04/30  07:00:00,24.247287438340695,48.333882007268926,95517.55112749987,0.0,82194.24452401209,47377.86892508508,68.125,2.5375,56.625
 04/30  08:00:00,24.165746813527445,49.2221986734961,134222.19456225375,0.0,136894.09875710256,59188.64211243596,62.625,2.8,384.0
 04/30  09:00:00,24.181202113226263,49.06251172135383,145054.8089592208,0.0,139904.8579039834,70599.77545059231,57.5,3.1125,789.6875
 04/30  10:00:00,24.238952394727605,48.59617427800737,150533.49443037913,0.0,145271.01284899408,77900.0238021964,51.0,3.175,810.75
 04/30  11:00:00,24.233192712397155,48.45750201216146,157163.0438740108,0.0,155806.44116639896,86501.35871300787,44.875,3.225,974.125
 04/30  12:00:00,24.414521715980026,47.957557918412355,150753.76569310107,0.0,153482.83457099175,83174.49998155555,39.25,2.8,812.1875
 04/30  13:00:00,24.280085868036807,48.24723513856156,157954.68561652963,0.0,160745.2920500761,89828.46509119048,35.125,2.25,724.625
 04/30  14:00:00,24.304688716352725,47.907145219083034,162473.91677708,0.0,159079.14304329932,91708.15399650164,32.75,1.475,275.5625
 04/30  15:00:00,24.27097297883301,47.89735544598854,164860.99890279784,0.0,159305.38547771546,91934.39643091775,33.875,0.975,256.9375
 04/30  16:00:00,24.243894994929388,47.57659605752558,159852.38801701798,0.0,153922.31217056926,83650.18301388145,35.625,0.4000000000000001,123.3125
 04/30  17:00:00,24.30948418481904,47.41990404421583,130859.69819857017,0.0,111576.31032184575,60788.41195030371,38.5,0.0375,109.0
 04/30  18:00:00,24.234623364857082,47.505784762493974,98750.897108774,0.0,67668.84478393167,41451.00178524341,40.625,0.0,82.5
 04/30  19:00:00,24.21434961868882,47.66250999177559,80440.46933502432,0.0,58062.308355491085,31372.95193579622,42.875,0.0,7.5625
 04/30  20:00:00,24.190851661076675,47.786219068395134,69601.90199179511,0.0,52173.1976730257,26570.86427739245,45.875,0.0,0.0
 04/30  21:00:00,24.171945932807,47.44154309334746,62861.12368955242,0.0,49311.18325015207,24998.24545891443,52.0,0.8749999999999999,0.0
 04/30  22:00:00,25.60053574024185,44.207003622142686,0.0,0.0,21603.55076409053,250.26910759502385,58.75,1.8375,0.0
 04/30  23:00:00,26.053965915644433,44.69842804371697,0.0,0.0,20122.90815579052,249.454566666085,66.625,2.5375,0.0
 04/30  24:00:00,26.058824895853405,46.090455468781215,0.0,0.0,16163.712511941816,201.28916140884087,71.875,2.2375,0.0
 07/01  01:00:00,26.59620123062567,46.919983009913224,0.0,0.0,12877.49848586644,168.54201567292012,80.25,2.775,0.0
 07/01  02:00:00,26.436367621114176,48.21249480238683,7171.00997861591,25.00004381803501,16148.926438294431,3439.9699681009106,81.75,3.1875,0.0
 07/01  03:00:00,26.567582810238626,48.72177055402413,0.0,0.0,12877.565474876648,168.6090046831275,84.625,3.175,0.0
 07/01  04:00:00,26.544871354353013,49.933490105825754,0.0,0.0,12877.565474876648,168.6090046831275,87.5,3.225,0.0
 07/01  05:00:00,26.259754125987694,51.12721368176582,7127.6748656624595,23.14192281705982,15955.879967164332,3246.923496970812,85.25,3.3,0.0
 07/01  06:00:00,26.228200749521715,51.65449704157555,13957.336813117116,319.9570079898931,24414.275128952155,6303.820923821419,84.875,3.3,0.0
 07/01  07:00:00,26.013096991404844,51.05471555929401,7046.189368332984,39.104629841302994,16367.276564087617,3487.950684287768,88.5,2.925,15.5625
 07/01  08:00:00,26.145076318576976,50.794934549245845,17673.654025598385,343.89745288034374,21027.12318868728,8359.755204899273,88.75,2.3875,104.0625
 07/01  09:00:00,26.25203680228316,49.03095520557354,30110.093163407673,92.82943662958496,27204.47194729312,14544.291845856238,84.25,1.825,209.5625
 07/01  10:00:00,26.514459025745733,46.584915727510136,28226.045075112666,43.67807683587398,26784.980295453694,14124.800194016814,75.125,1.6625,299.5
 07/01  11:00:00,26.74988398616458,44.75139413446104,32961.05336661597,6.043094518299768,29156.859196113328,16496.679094676456,64.75,2.0125,611.625
 07/01  12:00:00,26.861408963885275,43.058699277598635,44026.814927943145,0.0,31567.19791698463,18907.01781554776,56.625,3.075,307.4375
 07/01  13:00:00,27.01744025207594,41.66078501060728,39739.41320962177,3.752382938095252,30340.362456896004,17680.18235545913,53.375,4.2875000000000005,293.9375
 07/01  14:00:00,27.14033693736433,41.213675390450774,41912.965743223256,14.976990945380749,31318.267721231598,18658.08761979472,55.5,5.262499999999999,213.5
 07/01  15:00:00,26.979425290284393,41.76191438675923,47436.90297435957,0.0,34423.15972344238,21762.979622005507,63.875,5.4125,69.5
 07/01  16:00:00,26.94846217764224,43.27463756408944,36938.56979146482,0.0,32079.605781002323,19419.42567956545,76.125,4.862499999999999,54.6875
 07/01  17:00:00,26.85421080362018,44.84844942913642,31705.397404213087,14.556531815353992,28816.53191458497,16156.3518131481,87.875,3.7875,17.9375
 07/01  18:00:00,26.673340949469427,45.87064720236748,27719.467296125185,0.0,24858.23969675974,14491.408913299489,92.625,2.8625,17.3125
 07/01  19:00:00,26.6554894510056,46.20529600045421,18451.606154530324,45.45869111034972,20913.076690781312,9768.217728785708,91.125,2.2875,1.375
 07/01  20:00:00,26.43943012359057,46.68330510208705,18212.365808291186,25.66107163485958,23049.41197785504,9633.405507661522,85.625,2.1625000000000005,0.0
 07/01  21:00:00,26.38390712056206,46.76491668070701,17876.731945755106,210.08473018125642,22633.792648452363,9217.786178258844,81.125,2.2,0.0
 07/01  22:00:00,26.479473981888187,46.363019209808584,10646.654522296267,37.06673334729476,19045.29714953594,5629.29067934242,80.0,2.325,0.0
 07/01  23:00:00,26.404518927340142,46.89505854389241,17636.426735281606,271.2082126939413,22072.045580210703,8656.039110017186,82.5,2.275,0.0
 07/01  24:00:00,26.395455802798963,46.627490288693856,10671.571798459969,280.73238987387776,21017.776106666268,5216.236164124778,84.0,2.325,0.0
 07/02  01:00:00,26.146377948915767,47.198327746842516,14293.473765503448,50.48219718421751,22846.38225731342,7044.842314771931,84.0,2.4,0.0
 07/02  02:00:00,26.363364037575305,47.050960904577224,10514.315889456031,85.95411088158562,21231.005772582743,5429.465830041252,82.125,2.6499999999999995,0.0
 07/02  03:00:00,26.034284160833273,47.96928014975423,17659.82492021608,327.673538967334,24736.0776831514,8934.537740609914,80.375,2.8625,0.0
 07/02  04:00:00,26.16705869012861,47.67397965554176,14107.99070427436,88.10310000821664,22662.438432985,6860.898490443515,79.375,3.2125,0.0
 07/02  05:00:00,26.27435842528634,47.813933462284545,6670.320222675015,80.39880487701521,18563.34747326995,2761.8075307284626,86.5,3.0249999999999995,0.0
 07/02  06:00:00,25.203034143674124,50.02339488550797,51979.48965357259,320.98990734065046,44000.476783869526,20948.170147772147,92.25,3.1125,0.0
 07/02  07:00:00,24.223911926444348,51.162755483400275,98514.28120526549,0.0,80289.1694794323,45485.590563980506,91.125,3.6125,38.625
 07/02  08:00:00,24.168849740959388,51.79649718832101,133619.28958740958,0.0,157091.5192391859,79350.15457801674,88.125,3.8625,202.125
 07/02  09:00:00,24.224505257504163,54.978119284973914,135771.54073883058,0.0,159834.83558766978,90529.75313427868,81.375,3.8375,309.3125
 07/02  10:00:00,24.4201514195504,56.963469806391885,137633.61670231016,0.0,167889.52880948526,100518.53976268756,73.625,3.675,555.3125
 07/02  11:00:00,24.336112247288803,54.17444112713723,152242.4546564546,0.0,153654.46439906413,84349.38194567304,65.375,3.4125,623.3125
 07/02  12:00:00,24.27657877937476,49.19353555116775,150621.90333811383,0.0,138897.86264687075,68589.52805743454,59.5,3.175,593.0
 07/02  13:00:00,24.240341519084375,48.37622132743995,159739.96416263934,0.0,143757.90578616274,72841.07882727712,55.5,3.1625000000000005,352.8125
 07/02  14:00:00,24.268575166366954,47.913778845946396,158495.6068614369,0.0,138914.50888625236,71543.51983945465,54.0,3.2625,453.75
 07/02  15:00:00,24.236064617192554,47.693274860556244,161222.38567826606,0.0,139760.83660971944,72389.84756292174,53.375,3.425,235.5
 07/02  16:00:00,24.224182478425583,47.882066636620344,155600.96376984802,0.0,137504.70320501493,67232.57404832714,55.5,3.5,111.75
 07/02  17:00:00,24.222992153719687,48.106487185996365,129103.28205794998,0.0,103644.92675471638,52857.02838317433,58.875,3.375,133.875
 07/02  18:00:00,24.220826179605194,48.06517190688592,92926.36879756565,0.0,68877.02613259526,42647.61203999276,65.0,3.05,33.5625
 07/02  19:00:00,24.201228487247526,48.23735436354987,79653.95404485139,0.0,63368.62204277968,37731.76433854047,71.125,2.65,16.5625
 07/02  20:00:00,24.181423262398255,48.39779228746607,68440.51099103068,0.0,59230.572049382965,33628.238653749715,76.75,2.3125,0.0
 07/02  21:00:00,24.164229191336155,48.59872797253356,61557.60585920213,0.0,55450.47049905601,31137.53270781837,80.25,2.2,0.0
 07/02  22:00:00,25.461818495799402,45.96489397950096,0.0,0.0,21603.55076409053,250.26910759502385,81.625,2.2,0.0
 07/02  23:00:00,25.871511403005297,46.7082061696575,0.0,0.0,20122.90815579052,249.454566666085,82.0,2.2,0.0
 07/02  24:00:00,25.850863302378702,48.156295846031476,0.0,0.0,16163.712511941816,201.28916140884087,83.875,2.075,0.0
 07/03  01:00:00,25.775980234050618,49.23908518775666,0.0,0.0,16002.738920482274,201.198977940785,85.0,1.9375,0.0
 07/03  02:00:00,25.71424337687658,50.05622353127171,0.0,0.0,16002.738920482274,201.198977940785,87.5,1.775,0.0
 07/03  03:00:00,25.652241594673022,50.75825329694659,0.0,0.0,16002.738920482274,201.198977940785,89.0,1.7625,0.0
 07/03  04:00:00,25.578912031331257,51.47231535040829,0.0,0.0,16002.738920482274,201.198977940785,90.875,2.05,0.0
 07/03  05:00:00,25.52152664184675,52.28568574414111,0.0,0.0,16002.738920482274,201.198977940785,91.375,2.575,0.0
 07/03  06:00:00,24.58324411822826,54.233591330546545,39351.69836700657,488.8275037714038,41220.70379044341,18168.39715434604,93.5,3.2375,0.0
 07/03  07:00:00,24.07589849687677,53.762185285227,65833.5130979425,0.0,65413.17488105412,30463.432952204224,92.5,3.75,13.125
 07/03  08:00:00,24.106145988499403,52.724051240512416,101565.84539478514,0.0,128261.0433526352,50415.73700436239,89.125,3.9,99.0
 07/03  09:00:00,24.127559133824793,51.73573668459076,109693.1427408233,0.0,121570.46803783283,52265.38558444173,81.75,3.775,240.0625
 07/03  10:00:00,24.18309722016468,50.610860880733156,117480.68695049806,0.0,119628.4862984911,52257.4972516934,72.375,3.575,314.75
 07/03  11:00:00,24.176725820960716,49.979909427983024,127454.08653512872,0.0,124525.64527244846,55220.56281905736,64.0,3.375,506.125
 07/03  12:00:00,24.229854417921914,49.37716809252301,124041.95367999782,0.0,124425.56405548664,54117.22946605042,59.75,3.3,491.0
 07/03  13:00:00,24.209291236220444,49.46842878028496,134341.78964047667,0.0,127755.30152716675,56838.47456828117,57.75,3.3625,552.875
 07/03  14:00:00,24.243132181738705,49.130739070052314,137183.9832111858,0.0,125717.21644221676,58346.22739541908,58.875,3.3374999999999995,453.3125
 07/03  15:00:00,24.210731677614532,48.8412445554467,142101.98847893134,0.0,130398.66141441689,63027.672367619176,60.625,3.3,234.0625
 07/03  16:00:00,24.20172904008967,48.805743657682314,142596.81007862967,0.0,133447.04576031186,63174.91660362405,63.5,3.2375,206.0625
 07/03  17:00:00,24.202660765302742,49.29417462076562,108359.45051166201,0.0,99143.75097069948,48355.85259915744,67.5,3.2625,44.0625
 07/03  18:00:00,24.193145523764123,49.1640659348146,79167.27721708381,0.0,66121.9215899328,39913.86800278115,75.25,3.55,49.5625
 07/03  19:00:00,24.174806450875113,49.0835858889988,64901.33057460426,0.0,57024.14497174644,31249.69553351267,84.0,4.137500000000001,7.0625
 07/03  20:00:00,24.150358303623893,49.35383487529853,55234.4259389502,0.0,52335.999139222935,26733.66574358968,93.875,4.775,0.0
 07/03  21:00:00,24.123513051692726,50.24431747352581,48908.437352587556,0.0,47502.688787864,23189.750996626357,96.125,5.25,0.0
 07/03  22:00:00,25.026271875920212,49.72574635016768,0.0,0.0,21603.55076409053,250.26910759502385,95.0,5.275,0.0
 07/03  23:00:00,25.30718271083599,51.84476159915538,0.0,0.0,20122.90815579052,249.454566666085,95.0,4.700000000000001,0.0
 07/03  24:00:00,25.25498307085475,54.12519425845622,0.0,0.0,13038.514687240193,168.67480905518886,93.75,3.775,0.0
 07/04  01:00:00,25.231202006507463,55.40622846028023,0.0,0.0,12877.565474876648,168.6090046831275,90.5,2.7124999999999995,0.0
 07/04  02:00:00,25.190824326279014,56.11636847407661,0.0,0.0,12877.565474876648,168.6090046831275,89.0,1.925,0.0
 07/04  03:00:00,25.16180993137197,56.50912564812888,0.0,0.0,12877.565474876648,168.6090046831275,88.375,1.6375000000000002,0.0
 07/04  04:00:00,25.111866482951868,56.90055756919666,0.0,0.0,12877.565474876648,168.6090046831275,89.875,1.9125,0.0
 07/04  05:00:00,25.042836458508507,57.57763124289386,0.0,0.0,12877.565474876648,168.6090046831275,92.25,3.5375,0.0
 07/04  06:00:00,25.097594973907636,58.47760861579829,0.0,0.0,18308.31300750821,197.85880237748196,94.875,3.5875,0.0
 07/04  07:00:00,25.182386822017715,59.4559481002391,0.0,0.0,13126.837571522745,197.9192608799163,95.375,2.225,2.25
 07/04  08:00:00,25.37609274300819,60.01768515094895,0.0,0.0,12902.089011201737,197.85139994032204,93.75,1.3249999999999995,38.25
 07/04  09:00:00,25.86490268128046,59.12150886115361,0.0,0.0,12858.003476659122,197.8233752222465,88.0,1.1625,126.75
 07/04  10:00:00,26.16218607304356,58.489980647369734,3425.3876649200142,203.1902052486821,14457.570930993375,1797.3908295565,81.25,1.7625000000000002,102.0
 07/04  11:00:00,25.859625566374607,56.01899150642854,28173.229494093866,258.69386162485716,26603.4666934418,13943.286592004924,75.875,2.85,268.125
 07/04  12:00:00,26.069001260366413,51.28159412303387,25546.180232075698,137.2039393410223,25779.84596576188,13119.665864325005,74.625,4.175,232.5
 07/04  13:00:00,26.42713005513338,49.334587356428834,22035.484202101856,223.21919297641762,24634.660784466658,11974.480683029782,76.25,5.137500000000001,259.1875
 07/04  14:00:00,26.426289993356935,49.526740560770975,31934.114117312813,325.7471155001367,30325.91406488025,17665.73396344337,80.75,5.525,167.0
 07/04  15:00:00,26.37891617852459,49.77154525210247,30614.76373613014,123.95605228295155,29242.65933373189,16582.479232295016,84.875,5.1625,87.25
 07/04  16:00:00,26.460681844638245,49.6913791576667,15047.726808168898,102.064129764095,20192.965774005665,7532.785672568787,87.25,4.4625,23.625
 07/04  17:00:00,26.433786124733214,50.459145238058255,7424.075304070339,0.0,16170.846278782345,3495.555891686421,86.75,3.6375,8.375
 07/04  18:00:00,26.42951896219772,51.02665053789512,7000.105975073642,0.0,13493.051885076566,3138.189115624405,85.375,3.05,22.625
 07/04  19:00:00,26.298491376336486,51.42406363596121,0.0,0.0,11306.680796748273,168.60975312418358,83.125,2.5875,4.3125
 07/04  20:00:00,26.195977319692652,52.208506591506335,0.0,0.0,13584.615474876648,168.6090046831275,82.625,2.275,0.0
 07/04  21:00:00,26.145002759540603,52.81239893295526,0.0,0.0,13584.615474876648,168.6090046831275,82.375,2.0125,0.0
 07/04  22:00:00,26.07171983298371,53.4519216872297,0.0,0.0,13584.615474876648,168.6090046831275,83.875,1.9,0.0
 07/04  23:00:00,26.007226002786325,54.108446529241625,0.0,0.0,13584.615474876648,168.6090046831275,85.625,2.0875,0.0
 07/04  24:00:00,25.98437951083979,54.68579424977264,0.0,0.0,16002.738920482274,201.198977940785,88.5,2.825,0.0
 07/05  01:00:00,25.886373381287612,55.70625976036379,0.0,0.0,16002.738920482274,201.198977940785,90.625,3.9500000000000006,0.0
 07/05  02:00:00,25.79499434953148,56.78547322997573,0.0,0.0,16002.738920482274,201.198977940785,92.25,5.15,0.0
 07/05  03:00:00,25.72398462488153,57.852679774798986,0.0,0.0,16002.738920482274,201.198977940785,92.375,5.7875,0.0
 07/05  04:00:00,25.666129580066638,58.63328520785683,0.0,0.0,16002.738920482274,201.198977940785,92.0,5.775,0.0
 07/05  05:00:00,25.699428865703688,58.9835332358883,0.0,0.0,16002.738920482274,201.198977940785,91.375,3.5125,0.0
 07/05  06:00:00,24.775438651688987,58.463050881813196,41197.91103871261,507.8660444101115,41256.182062662905,18203.87542656553,92.25,2.075,0.0
 07/05  07:00:00,24.103369601363298,55.129225270452885,72788.83658272738,0.0,65001.81298023557,29840.617078514304,91.75,1.75,3.0
 07/05  08:00:00,24.115159464233997,53.07639309705533,104213.18391280835,0.0,124297.34538455728,45897.8047864968,91.0,1.2875,27.5625
 07/05  09:00:00,24.130454922632033,52.11112673450758,106865.21958315928,0.0,119147.16104791078,49842.07859451969,87.25,1.1,76.75
 07/05  10:00:00,24.177363302017184,50.95596094681676,113158.61028460233,0.0,125057.93753997493,57686.94849317724,80.625,1.2875,185.5625
 07/05  11:00:00,24.184394470446662,51.94441974582189,128382.89585489944,0.0,142190.41859194153,72885.33613855041,71.75,1.9,633.0
 07/05  12:00:00,24.23665078815553,50.0440412130718,127860.52542939519,0.0,127446.68772438592,57138.35313494972,63.625,2.7,685.4375
 07/05  13:00:00,24.220493335909236,49.59904239030367,136714.93310783088,0.0,132452.3400072044,61535.5130483188,56.625,3.4375,770.375
 07/05  14:00:00,24.25472192966711,49.10156198748767,140513.1421793937,0.0,131109.13096811678,63738.14192131907,52.125,3.825,657.1875
 07/05  15:00:00,24.22237775394229,48.56632492157183,147451.62127792125,0.0,134035.03035419108,66664.04130739342,48.5,3.9,543.125
 07/05  16:00:00,24.213524032676226,48.2955274202254,149146.40606686787,0.0,135697.63748949845,65425.50833281065,47.625,3.7125,290.0625
 07/05  17:00:00,24.21368064754948,48.29056209624266,118256.20549164797,0.0,98168.81357304363,47380.91520150159,49.25,3.4125,88.5
 07/05  18:00:00,24.205873266123156,48.158046703478895,89880.10872523335,0.0,60769.360658743375,34587.83256307212,53.75,3.1125,124.9375
 07/05  19:00:00,24.191401018102958,48.19845423016995,76751.72761369913,0.0,55223.73600813396,29788.14424164253,58.5,3.125,54.0
 07/05  20:00:00,24.172304863193638,48.4455302280343,63140.37114447852,0.0,54218.52806212942,28616.19466649617,63.75,3.2625,0.0
 07/05  21:00:00,24.154068287535992,48.864387135948505,56031.055939390215,0.0,50289.359907955964,25976.42211671832,66.625,3.55,0.0
 07/05  22:00:00,25.340212017934462,46.49546913139472,0.0,0.0,21603.55076409053,250.26910759502385,68.875,3.6375,0.0
 07/05  23:00:00,25.680761640474337,47.369687161839174,0.0,0.0,20122.90815579052,249.454566666085,70.625,3.4125,0.0
 07/05  24:00:00,25.629960918482787,48.73266609925927,0.0,0.0,16163.712511941816,201.28916140884087,75.375,2.8625,0.0
 07/06  01:00:00,25.56074915409932,49.7333816390393,0.0,0.0,16002.738920482274,201.198977940785,81.75,2.2875,0.0
 07/06  02:00:00,25.506456824563575,50.34149828522863,0.0,0.0,16002.738920482274,201.198977940785,88.375,1.85,0.0
 07/06  03:00:00,25.471741201454435,51.01631614591244,0.0,0.0,16002.738920482274,201.198977940785,91.625,1.7625,0.0
 07/06  04:00:00,25.452931803681253,51.870754536877165,0.0,0.0,16002.738920482274,201.198977940785,93.25,1.925,0.0
 07/06  05:00:00,25.417902259472672,53.13816684443158,0.0,0.0,16002.738920482274,201.198977940785,93.375,2.125,0.0
 07/06  06:00:00,24.45674846220531,54.990990930964294,38710.93641827171,454.35743322867074,40866.23925113109,17813.932615033715,89.875,2.2625,0.0
 07/06  07:00:00,24.048262159372033,53.255112340626724,61110.78670428855,0.0,60400.52446443986,25620.86830522809,83.0,2.6125,48.0
 07/06  08:00:00,24.09911711241546,51.8205265210973,100888.27883700367,0.0,122337.84469810556,44614.4178629957,76.25,3.1125,218.8125
 07/06  09:00:00,24.123768814530088,51.348519101773974,105954.39411931153,0.0,118832.1155262493,49527.033072858205,69.625,3.675,221.6875
 07/06  10:00:00,24.1802513717575,50.45041972146055,117864.15440728037,0.0,121446.0336465245,54075.0445997268,63.875,4.15,452.5625
 07/06  11:00:00,24.177554372889386,49.633457057599,128314.23918217196,0.0,125011.21604098652,55706.13358759545,57.625,4.3625,405.375
 07/06  12:00:00,24.24854829663988,49.32238666702705,126266.33101292652,0.0,126114.01947397397,55805.68488453775,51.25,4.4,808.4375
 07/06  13:00:00,24.21684245594698,49.41337400564933,136706.29500429047,0.0,133906.53636248177,62989.70940359618,45.875,4.4,497.1875
 07/06  14:00:00,24.24418637551811,48.81275120665669,141546.78110212646,0.0,133376.4898094496,66005.50076265191,41.5,4.4,297.5625
 07/06  15:00:00,24.214394800715898,48.33013975233746,147116.74909046126,0.0,135937.8836718187,68566.89462502101,38.125,4.5875,517.9375
 07/06  16:00:00,24.20961850332184,48.097154348791335,151487.29976869305,0.0,139477.21178485372,69205.08262816591,37.0,4.7,547.625
 07/06  17:00:00,24.2441239837065,47.56731458587334,129131.24853625304,0.0,104563.83121962608,53775.93284808403,37.625,4.512500000000001,411.6875
 07/06  18:00:00,24.213301728985144,47.54070389534556,92946.7521652047,0.0,61556.38095752192,35367.79230510846,40.5,4.025,136.125
 07/06  19:00:00,24.192748132403764,47.85444349195415,75498.9879229421,0.0,53893.87366708348,28336.17769755002,43.875,3.3,29.625
 07/06  20:00:00,24.16919176192035,47.62936585259259,62690.8624480431,0.0,50266.49693112535,24664.163535492105,46.875,2.5,0.0
 07/06  21:00:00,24.149745524826173,46.472903131647186,55856.72135183924,0.0,47326.70016392168,23013.762372684032,47.375,2.0125,0.0
 07/06  22:00:00,25.440212184236355,42.65203198671206,0.0,0.0,21603.55076409053,250.26910759502385,48.25,1.9,0.0
 07/06  23:00:00,25.842331819471713,42.78026358109725,0.0,0.0,20122.90815579052,249.454566666085,50.875,2.0875,0.0
 07/06  24:00:00,25.775301704673605,43.88832419369703,0.0,0.0,13038.514687240193,168.67480905518886,57.625,2.45,0.0
 07/07  01:00:00,25.693893981627046,44.95020627597833,0.0,0.0,12877.565474876648,168.6090046831275,67.875,2.7875,0.0
 07/07  02:00:00,25.58454327572989,46.52850576980474,0.0,0.0,12877.565474876648,168.6090046831275,81.375,2.8374999999999995,0.0
 07/07  03:00:00,25.473754054376926,48.39976433871251,0.0,0.0,12877.565474876648,168.6090046831275,92.0,2.675,0.0
 07/07  04:00:00,25.369084520012954,50.17187092360007,0.0,0.0,12877.565474876648,168.6090046831275,96.875,2.4125,0.0
 07/07  05:00:00,25.384406681381265,50.9575165409994,0.0,0.0,12877.565474876648,168.6090046831275,83.0,2.2375,0.0
 07/07  06:00:00,24.51921434651572,51.8640455152108,39404.78040721773,407.5444362187136,43839.78409775739,20787.47746166001,75.25,2.5125,0.0
 07/07  07:00:00,24.106151777830124,50.30591472310607,53673.51399843171,0.0,48971.258957475286,25718.27660447653,77.875,3.2,18.9375
 07/07  08:00:00,24.11132111862508,49.77305470536052,59545.49535440172,0.0,57843.14919909627,27136.880496078666,77.125,3.75,92.0625
 07/07  09:00:00,24.124167525393826,49.86229452616387,67308.65749777996,0.0,62991.27908574399,30076.62949974428,74.125,4.0875,162.875
 07/07  10:00:00,24.179615553191056,49.444114867926686,78675.57200799604,0.0,67450.14356516534,35502.540682462335,68.0,4.1375,465.375
 07/07  11:00:00,24.180951845208565,49.05164052598374,87861.00058526381,0.0,71184.3942896058,36980.34909921048,61.25,3.975,449.125
 07/07  12:00:00,24.23472599596697,48.43426462922795,81933.83686545424,0.0,56986.113423502735,33312.143788526075,54.625,3.5875,310.75
 07/07  13:00:00,24.22378077046163,48.149014615459514,80624.42389800298,0.0,55024.91356194859,33929.73513576313,50.125,3.4,593.8125
 07/07  14:00:00,24.262552175913676,47.8891659630703,84237.64506235164,0.0,55262.84505237499,35779.41113168404,49.0,3.3374999999999995,500.3125
 07/07  15:00:00,24.230813407339014,47.77444047370189,87979.40631898298,0.0,55177.75286107257,36983.71454477723,52.125,3.55,254.9375
 07/07  16:00:00,24.219107690869304,47.81628128944566,81602.72038542293,0.0,52721.97740459512,34205.59018720088,58.375,3.7625,118.875
 07/07  17:00:00,24.999898038769942,45.44825298138039,42228.94479505001,0.0,36996.75657340362,22402.483065373337,68.5,3.8625,54.0625
 07/07  18:00:00,25.816748423822887,44.628757193727296,0.0,0.0,13028.21054470612,197.8581766760053,78.0,3.65,3.875
 07/07  19:00:00,25.862808640466806,47.06722538637484,0.0,0.0,11434.396329573416,168.66713123865333,85.375,3.25,0.0
 07/07  20:00:00,25.71414567466401,49.35833958414179,0.0,0.0,13584.615474876648,168.6090046831275,89.25,2.9125,0.0
 07/07  21:00:00,25.601441088999042,51.28435481270029,0.0,0.0,13584.615474876648,168.6090046831275,91.25,2.8625,0.0
 07/07  22:00:00,25.52097701511313,52.930150534995235,0.0,0.0,13584.615474876648,168.6090046831275,88.875,3.025,0.0
 07/07  23:00:00,25.460624819649382,54.52196201110034,0.0,0.0,13584.615474876648,168.6090046831275,84.5,3.225,0.0
 07/07  24:00:00,25.440531682127183,55.116818312632645,0.0,0.0,12877.565474876648,168.6090046831275,77.375,3.2375,0.0
 07/08  01:00:00,25.47318533404276,55.06212030602296,0.0,0.0,12877.565474876648,168.6090046831275,70.25,2.95,0.0
 07/08  02:00:00,25.5222277961247,54.94298460460905,0.0,0.0,12877.565474876648,168.6090046831275,65.5,2.425,0.0
 07/08  03:00:00,25.561143120098627,54.81883051568625,0.0,0.0,12877.565474876648,168.6090046831275,64.625,2.0125,0.0
 07/08  04:00:00,25.576000475762662,54.86521739696681,0.0,0.0,12877.565474876648,168.6090046831275,66.875,1.8375,0.0
 07/08  05:00:00,25.490042361180606,55.42509114578145,0.0,0.0,12877.565474876648,168.6090046831275,82.375,2.05,0.0
 07/08  06:00:00,25.397073206483213,56.668961377986975,0.0,0.0,18308.31300750821,197.85880237748196,91.625,1.8875,0.0
 07/08  07:00:00,25.414278922001795,57.53398475069285,0.0,0.0,13075.309810834253,197.91209943814405,90.125,1.6375000000000002,20.625
 07/08  08:00:00,25.677993210251852,57.225715749558326,0.0,0.0,12864.773395798313,197.8304664273653,86.5,1.6625,92.4375
 07/08  09:00:00,26.002002783685725,56.67304933507715,0.0,0.0,12858.003476659122,197.8233752222465,80.625,2.075,124.0625
 07/08  10:00:00,25.823753296947714,54.302515310336275,28969.68404392572,587.3353817798125,26188.21829080165,13528.03818936478,73.625,2.6125,400.4375
 07/08  11:00:00,25.94365664812114,49.56123006115254,30143.298262762524,179.48367193359172,26609.17280263382,13948.992701196948,66.625,3.1125,425.1875
 07/08  12:00:00,26.274341959736805,46.27818955234063,22647.062151285147,134.58105731428168,23287.703781840377,10627.523680403505,61.5,3.3,320.3125
 07/08  13:00:00,26.354742637923923,44.515717134834205,31575.033622120434,85.10199269484747,26863.3045613454,14203.124459908518,58.125,3.2375,443.5625
 07/08  14:00:00,26.512054557667234,43.03939655716305,33331.49809300271,160.0596380391862,27069.870686965365,14409.690585528491,55.75,2.95,308.25
 07/08  15:00:00,26.745550280033587,41.71391038290252,26738.03461826421,227.46684486925915,23944.460870888164,11284.280769451289,54.375,2.7375,216.9375
 07/08  16:00:00,26.647535426026423,41.3969922111647,39272.6265574586,226.08722261170624,28106.495323252933,15446.315221816058,54.0,2.575,261.6875
 07/08  17:00:00,26.56577664664688,41.20711375919123,40202.13056315636,115.02324856994348,29282.95474442556,16622.774642988683,54.625,2.6875,260.125
 07/08  18:00:00,26.47105077132893,40.97105426481331,28918.194652780323,22.42853685739101,22639.27572219237,12296.622929578214,56.25,2.8625,156.9375
 07/08  19:00:00,26.255742587895316,40.76918688117684,31221.61911180933,45.796728535479815,23983.49292284044,12864.098525777605,58.25,3.0875000000000004,45.125
 07/08  20:00:00,26.214120196748762,40.501746062713075,10802.998990929573,0.0,17990.92444826315,4574.9179780696295,60.875,3.2625,0.0
 07/08  21:00:00,26.10146057849023,41.263393837464754,10437.745737065765,23.389593071509807,17835.21151974691,4419.20504955339,64.5,3.4875,0.0
 07/08  22:00:00,26.401569226564078,41.646971517033656,0.0,0.0,13584.615474876648,168.6090046831275,68.5,3.662500000000001,0.0
 07/08  23:00:00,26.338318311153873,43.006816237417844,0.0,0.0,13584.615474876648,168.6090046831275,72.5,3.825,0.0
 07/08  24:00:00,26.325675300901704,44.339608654725005,0.0,0.0,16002.738920482274,201.198977940785,77.125,3.775,0.0
 07/09  01:00:00,26.25197448537848,45.85638084434589,0.0,0.0,16002.738920482274,201.198977940785,82.125,3.7,0.0
 07/09  02:00:00,26.193170160783378,47.04579789032567,0.0,0.0,16002.738920482274,201.198977940785,86.5,3.45,0.0
 07/09  03:00:00,26.14565832638327,48.19276063263328,0.0,0.0,16002.738920482274,201.198977940785,89.25,3.175,0.0
 07/09  04:00:00,26.087486625113012,49.38478377736968,0.0,0.0,16002.738920482274,201.198977940785,91.25,2.7875,0.0
 07/09  05:00:00,26.033860922591202,50.72212991143695,0.0,0.0,16002.738920482274,201.198977940785,91.375,3.0375,0.0
 07/09  06:00:00,25.033758908692377,52.73589870008009,41802.56839371595,474.5147444101922,41371.81026844317,18319.5036323458,94.125,3.3,0.0
 07/09  07:00:00,24.146920020207208,52.76382759661442,80697.68755564789,0.0,71642.41800274467,36749.40315127726,94.75,3.3,23.25
 07/09  08:00:00,24.135291469858622,51.598798850716676,115684.32928973739,0.0,136744.0441655704,58970.40575643172,91.5,3.3,166.3125
 07/09  09:00:00,24.151634987975985,50.71781458086401,124795.68161561116,0.0,136690.49892651069,67385.4164731196,83.125,3.3625,410.6875
 07/09  10:00:00,24.2198513551745,51.63551535452318,132530.70690195262,0.0,145774.02246497764,78403.03341817996,73.375,3.4,556.375
 07/09  11:00:00,24.218415889612416,51.51263549931354,140239.33030477806,0.0,140259.22362665948,70954.14117326839,65.0,3.3374999999999995,527.0625
 07/09  12:00:00,24.24850413267099,49.29770973445446,136466.30473820842,0.0,129579.83885434463,59271.50426490843,60.125,3.3,589.0625
 07/09  13:00:00,24.224839503518833,49.07120692042187,144775.21419199562,0.0,134846.14049746143,63929.31353857581,57.125,3.2375,417.625
 07/09  14:00:00,24.251324182205156,48.62344469744611,145999.9017672487,0.0,132163.321763281,64792.33271648332,56.0,3.2625,178.4375
 07/09  15:00:00,24.217068219397966,48.374384819788425,147407.65667824622,0.0,132534.93004017635,65163.94099337865,54.125,3.4875,134.8125
 07/09  16:00:00,24.207090945931093,48.531222625787166,143975.32560261482,0.0,132145.582149742,61873.45299305418,53.625,3.85,102.5
 07/09  17:00:00,24.208376257208542,48.412717050135385,123162.52853067714,0.0,99900.50535140192,49112.60697985986,53.375,4.25,200.25
 07/09  18:00:00,24.209074172656464,48.03564061261798,93001.16948508582,0.0,60907.2945947907,34725.76649911945,55.5,4.5875,148.25
 07/09  19:00:00,24.19348744058719,48.15958736404711,78389.07378085895,0.0,58619.13017677391,33184.026983705066,60.125,4.7,55.6875
 07/09  20:00:00,24.174109235963225,48.45194901976326,64249.018168804556,0.0,52485.76619502202,26883.43279938877,66.375,4.512500000000001,0.0
 07/09  21:00:00,24.155493315101335,48.80269707865533,56709.60378042931,0.0,48867.31949685292,24554.381705615277,71.5,4.15,0.0
 07/09  22:00:00,25.318832178983644,46.57772055082744,0.0,0.0,21603.55076409053,250.26910759502385,76.125,3.75,0.0
 07/09  23:00:00,25.658809698234144,47.77688762934189,0.0,0.0,20122.90815579052,249.454566666085,78.625,3.4125,0.0
 07/09  24:00:00,25.645899294531308,49.43922630209795,0.0,0.0,16163.712511941816,201.28916140884087,80.875,3.2375,0.0
 07/10  01:00:00,25.59751987988939,50.76385051925877,0.0,0.0,16002.738920482274,201.198977940785,82.0,3.2625,0.0
 07/10  02:00:00,25.533816180775446,51.97057342566942,0.0,0.0,16002.738920482274,201.198977940785,83.875,3.3,0.0
 07/10  03:00:00,25.494739161411367,52.989558144981494,0.0,0.0,16002.738920482274,201.198977940785,85.0,3.3625,0.0
 07/10  04:00:00,25.467465314507216,53.544193133958316,0.0,0.0,16002.738920482274,201.198977940785,87.5,3.4,0.0
 07/10  05:00:00,25.42566488661456,54.298993038842696,0.0,0.0,16002.738920482274,201.198977940785,90.25,3.3374999999999995,0.0
 07/10  06:00:00,24.475967213150835,55.66375431094233,38733.10105833903,438.96536539998766,40857.482563279904,17805.175927182532,90.375,3.55,0.0
 07/10  07:00:00,24.04515378104894,54.0779348378973,61005.40301262721,0.0,62409.70012150974,27458.81927265835,90.0,3.95,14.625
 07/10  08:00:00,24.096961239617777,52.94388684378963,97358.19823695935,0.0,126023.70393032244,48160.31787422486,88.125,4.2875,116.25
 07/10  09:00:00,24.122172723320023,52.02539403745562,106812.86657384006,0.0,124826.62693663768,55521.54448324657,84.5,4.5875,318.375
 07/10  10:00:00,24.17943371687592,50.994221130126135,115895.20197900041,0.0,130165.27442980428,62794.285383006565,79.25,4.825000000000001,404.0
 07/10  11:00:00,24.195684328724116,52.88343555184731,125362.12018928149,0.0,146319.33242669012,77014.24997329903,73.875,4.9625,304.4375
 07/10  12:00:00,24.22351763950395,51.11147410728157,125034.5901987955,0.0,129668.6237167942,59360.28912735797,68.25,5.125,313.75
 07/10  13:00:00,24.202058838481523,49.85088309133085,135689.93564567447,0.0,130426.58164895776,59509.75469007215,64.125,5.325000000000001,320.25
 07/10  14:00:00,24.234841816834138,49.274660232177524,137405.15238522607,0.0,127083.93025622024,59712.94120942256,62.375,5.525,257.3125
 07/10  15:00:00,24.20512024002016,48.932490653079995,140720.11882829483,0.0,128121.73140102756,60750.74235422988,62.0,5.6,247.4375
 07/10  16:00:00,24.195999273441274,49.77779009104283,136975.555715041,0.0,134559.94737255204,64287.81821586424,63.875,5.475,129.0
 07/10  17:00:00,24.193834455211714,49.435577915131915,108681.04644658582,0.0,104167.31503633076,53379.4166647887,66.25,5.15,109.0625
 07/10  18:00:00,24.189806175805405,48.978616019789825,80458.26957056788,0.0,60960.82006424831,34754.96240009119,67.625,4.625,91.4375
 07/10  19:00:00,24.173532039693956,48.81310569856943,64131.43086972097,0.0,52031.53314705001,26115.202729063272,69.25,4.025,7.0625
 07/10  20:00:00,24.151309298814276,48.53726766668721,55312.935571883136,0.0,48411.08798736018,22808.75459172693,70.0,3.4875,0.0
 07/10  21:00:00,24.129872649241698,47.81455625166092,49282.09384398995,0.0,45599.36400095222,21286.42620971457,70.625,3.175,0.0
 07/10  22:00:00,25.179892407542013,45.696287080354736,0.0,0.0,21603.55076409053,250.26910759502385,72.25,3.1625000000000005,0.0
 07/10  23:00:00,25.518255609736084,46.74938132631814,0.0,0.0,20122.90815579052,249.454566666085,74.875,3.2625,0.0
 07/10  24:00:00,25.476250377289198,48.442308296453376,0.0,0.0,16163.712511941816,201.28916140884087,78.5,3.425,0.0
 07/11  01:00:00,25.428830794277673,49.58832421703969,0.0,0.0,16002.738920482274,201.198977940785,82.5,3.5,0.0
 07/11  02:00:00,25.37264241241957,50.85325759697909,0.0,0.0,16002.738920482274,201.198977940785,86.5,3.375,0.0
 07/11  03:00:00,25.30652327096349,52.20280246842154,0.0,0.0,16002.738920482274,201.198977940785,89.25,3.2375,0.0
 07/11  04:00:00,25.266991799132988,53.335125804871474,0.0,0.0,16002.738920482274,201.198977940785,90.625,3.2,0.0
 07/11  05:00:00,25.220271389114433,54.28181212176252,0.0,0.0,16002.738920482274,201.198977940785,92.25,2.575,0.0
 07/11  06:00:00,24.312504102329004,55.762603707466916,37855.18932074808,462.67847898353284,40494.98944348711,17442.682807389734,93.625,2.1375,0.0
 07/11  07:00:00,23.99996538339336,54.36174682279164,56728.056368454854,0.0,63115.05506316576,28297.497450582945,90.875,2.4125,41.25
 07/11  08:00:00,24.089337195687914,52.88042623878006,97147.98712171223,0.0,131335.7993473457,53591.39994383169,84.625,2.725,230.8125
 07/11  09:00:00,24.119944844741642,51.814055404236655,107035.56790339168,0.0,127906.89889017392,58601.81643678284,75.125,3.175,354.8125
 07/11  10:00:00,24.17967200197966,50.73132259250243,115328.24109950301,0.0,119427.11379251818,52056.12474572047,65.375,3.3374999999999995,380.4375
 07/11  11:00:00,24.17339113481565,50.093354682595795,124585.37233214249,0.0,121178.82990396729,51873.747450576186,57.625,3.3,302.6875
 07/11  12:00:00,24.22331973909094,49.44748818921072,122485.68727607804,0.0,120942.42003879852,50634.08544936232,53.125,3.1125,480.375
 07/11  13:00:00,24.20497225655204,49.586713740320384,129873.02489269654,0.0,126204.99095823332,55288.16399934772,52.0,3.375,580.125
 07/11  14:00:00,24.23911815076939,49.30889288089954,133582.71485564482,0.0,125988.55293280902,58617.56388601131,53.25,4.1,457.6875
 07/11  15:00:00,24.2063190310951,49.02095822703142,138459.48072187242,0.0,129323.16281388776,61952.17376709006,54.625,5.4625,209.125
 07/11  16:00:00,24.196431694226575,48.991458525747014,140346.21750564376,0.0,131808.95670232037,61536.82754563256,56.25,6.7875,227.4375
 07/11  17:00:00,24.198942262946495,48.91097262927613,117719.47797424524,0.0,98886.58801952278,48098.68964798074,58.25,7.575,271.8125
 07/11  18:00:00,24.196380063676155,48.642158809085664,84987.4151920307,0.0,62875.01928650337,36686.201369295246,62.125,7.175,142.0
 07/11  19:00:00,24.177562345847196,48.75371094356807,66177.11269004483,0.0,53381.357833122645,27622.610893679142,66.5,6.049999999999999,12.6875
 07/11  20:00:00,24.15358113076704,48.81288590420352,55814.359897800736,0.0,49494.181486343245,23891.848090709995,71.125,4.5375,0.0
 07/11  21:00:00,24.132434726531315,48.586214789484146,49533.06256131732,0.0,47078.50161187583,22765.56382063819,74.25,3.5249999999999995,0.0
 07/11  22:00:00,25.207182391939497,46.43822964157464,0.0,0.0,21603.55076409053,250.26910759502385,76.25,3.1125,0.0
 07/11  23:00:00,25.54459312946635,47.56859465493061,0.0,0.0,20122.90815579052,249.454566666085,76.375,3.375,0.0
 07/11  24:00:00,25.49350963555333,49.37309857690411,0.0,0.0,16163.712511941816,201.28916140884087,77.25,3.725,0.0
 07/12  01:00:00,25.411245484265873,50.6391788840299,0.0,0.0,16002.738920482274,201.198977940785,78.0,3.925,0.0
 07/12  02:00:00,25.306639482374592,51.491522404403575,0.0,0.0,16002.738920482274,201.198977940785,80.5,3.5625,0.0
 07/12  03:00:00,25.211624850726015,52.03724863104707,0.0,0.0,16002.738920482274,201.198977940785,83.875,3.1125,0.0
 07/12  04:00:00,25.163164755085305,52.40739797855716,0.0,0.0,16002.738920482274,201.198977940785,88.75,2.5625,0.0
 07/12  05:00:00,25.15590323201214,52.912810787266956,0.0,0.0,16002.738920482274,201.198977940785,87.25,3.3,0.0
 07/12  06:00:00,24.287101940620854,54.27057695433714,38538.3813962235,492.29089985667275,41553.72369990822,18501.417063810844,86.25,3.1500000000000004,0.0
 07/12  07:00:00,23.979167778337978,53.110437208986895,55445.42204689054,0.0,60726.8457976588,25802.885434903237,87.0,2.3875,17.25
 07/12  08:00:00,24.08378940461905,52.52253722743211,91908.8367134431,0.0,124024.78121444426,46205.48282024106,85.125,2.2,122.625
 07/12  09:00:00,24.113333397285974,52.05512248990405,101992.4988586851,0.0,121416.44671966492,52111.36426627386,78.375,2.7625,314.0
 07/12  10:00:00,24.173311426704544,51.00047859992059,112171.53163822924,0.0,123008.94785649884,55637.95880970117,68.75,3.6,434.125
 07/12  11:00:00,24.168267611916935,50.3664146870315,121812.7685752665,0.0,120471.97106363208,51166.888610241,59.375,4.2125,341.375
 07/12  12:00:00,24.225246323458762,49.69952644338544,121284.15958611065,0.0,122359.07911171368,52050.74452227748,52.875,4.275,650.875
 07/12  13:00:00,24.205146270596995,49.57179531605663,133502.86700344444,0.0,130746.15079451851,59829.32383563293,49.75,3.825,368.25
 07/12  14:00:00,24.238693524749454,49.11009696503953,134898.72879390002,0.0,128494.19874558631,61123.20969878861,49.0,3.1,416.375
 07/12  15:00:00,24.20664667945268,48.88263636220697,137342.04587632004,0.0,129285.11237753244,61914.12333073476,50.25,2.7375,165.375
 07/12  16:00:00,24.1967425808089,48.86711043217522,137894.3557070778,0.0,130615.28892422268,60343.15976753488,52.875,2.8875,165.6875
 07/12  17:00:00,24.197118174713108,49.028074235523775,106386.50742449053,0.0,93357.52085626293,42569.62248472085,55.875,3.5625000000000004,62.25
 07/12  18:00:00,24.188864585250993,48.7402058514762,81204.2967649579,0.0,58007.61146043213,31820.15794092573,58.25,4.275,128.3125
 07/12  19:00:00,24.175041411645616,48.625092248147936,66361.49539024004,0.0,53590.92443541544,27979.80494978134,60.875,4.6875,22.75
 07/12  20:00:00,24.15232823609507,48.713584947056404,55456.0392463548,0.0,49937.39756014232,24335.064164509065,63.875,4.55,0.0
 07/12  21:00:00,24.132039333872513,48.4497462958405,49453.13036437415,0.0,47220.29954841653,22907.361757178885,68.125,4.15,0.0
 07/12  22:00:00,25.216314999913056,46.30222370070852,0.0,0.0,21603.55076409053,250.26910759502385,73.125,3.625,0.0
 07/12  23:00:00,25.524574152498516,47.58309133796559,0.0,0.0,20122.90815579052,249.454566666085,77.5,3.3374999999999995,0.0
 07/12  24:00:00,25.44270861380869,49.540905527507476,0.0,0.0,16163.712511941816,201.28916140884087,80.875,3.4875,0.0
 07/13  01:00:00,25.389363291131204,51.115582987246,0.0,0.0,16002.738920482274,201.198977940785,82.0,4.1,0.0
 07/13  02:00:00,25.346812156943912,52.59412324024136,0.0,0.0,16002.738920482274,201.198977940785,82.0,4.775,0.0
 07/13  03:00:00,25.274461748157456,53.99200845210745,0.0,0.0,16002.738920482274,201.198977940785,81.375,5.1875,0.0
 07/13  04:00:00,25.22375855839088,54.994011772363606,0.0,0.0,16002.738920482274,201.198977940785,81.625,4.9875,0.0
 07/13  05:00:00,25.223735277642614,55.734117144366294,0.0,0.0,16002.738920482274,201.198977940785,85.75,3.8625,0.0
 07/13  06:00:00,24.312068819667914,56.62576724399381,38593.449476567046,458.3459188879842,42147.27828281644,19094.971646719063,89.875,3.1125,0.0
 07/13  07:00:00,23.996418845617026,54.50712779452553,55552.45920512998,0.0,61407.03217859416,26451.55836078065,91.0,2.75,14.625
 07/13  08:00:00,24.08537030095026,53.22418498712179,91399.59887285827,0.0,123389.93942573672,45522.49616546286,88.5,2.3500000000000005,114.75
 07/13  09:00:00,24.112548633392507,52.271431688808384,101313.21885476656,0.0,119978.56986214036,50673.48740874928,81.375,2.325,324.5625
 07/13  10:00:00,24.172296215472628,51.05370362373597,111698.41662707206,0.0,122362.64639529272,54991.65734849502,71.75,2.7125,508.6875
 07/13  11:00:00,24.171468923295556,50.39984790664431,121489.28501731902,0.0,125937.35841280084,56632.27595940975,63.0,3.525,608.6875
 07/13  12:00:00,24.22615219943613,49.84239855854801,118181.02795106114,0.0,118910.90500883406,48602.57041939786,57.5,4.5875,683.5625
 07/13  13:00:00,24.20557651932499,49.948486709120125,126912.10088009246,0.0,124062.21063206304,53145.38367317744,54.75,5.6875,628.9375
 07/13  14:00:00,24.237085051948977,49.61812681504735,130231.20399146523,0.0,123086.23588257536,55715.24683577768,54.0,6.475,556.3125
 07/13  15:00:00,24.20407241915036,49.17722231251326,137310.25541247896,0.0,127758.42094473234,60387.43189793464,54.625,6.7625,332.1875
 07/13  16:00:00,24.195268457849718,48.968716840123335,141627.2615511678,0.0,132223.8403117193,61951.71115503151,54.375,6.4875,467.625
 07/13  17:00:00,24.19945757831156,48.690848496747996,119306.23727724678,0.0,99312.96769348189,48525.069321939845,54.0,5.862499999999999,371.3125
 07/13  18:00:00,24.197878999922857,48.37315418087805,85620.15084985421,0.0,58595.77208141093,32414.243985739664,54.625,4.975,143.6875
 07/13  19:00:00,24.179108191364943,48.325306830374636,72193.09353182092,0.0,52987.80353539409,27596.99875935504,55.625,4.1625,71.9375
 07/13  20:00:00,24.15896654447394,48.20709215555739,58110.623354539806,0.0,49444.68399854344,23842.350602910177,59.125,3.5249999999999995,0.0
 07/13  21:00:00,24.140434944178267,47.765093466135454,51206.104107828665,0.0,46976.86837489439,22663.93058365674,65.375,3.2375,0.0
 07/13  22:00:00,25.253460056470104,45.51968412493315,0.0,0.0,21603.55076409053,250.26910759502385,72.375,3.2,0.0
 07/13  23:00:00,25.579529220374955,46.78172049992588,0.0,0.0,20122.90815579052,249.454566666085,78.75,3.2625,0.0
 07/13  24:00:00,25.48531950047564,49.056810712227986,0.0,0.0,13038.514687240193,168.67480905518886,82.875,3.3,0.0
 07/14  01:00:00,25.4027908858056,50.8948546749642,0.0,0.0,12877.565474876648,168.6090046831275,84.0,3.3625,0.0
 07/14  02:00:00,25.360425626541495,52.33590360318551,0.0,0.0,12877.565474876648,168.6090046831275,83.375,3.3374999999999995,0.0
 07/14  03:00:00,25.32885867320474,53.42841491040011,0.0,0.0,12877.565474876648,168.6090046831275,82.375,3.425,0.0
 07/14  04:00:00,25.287884509851544,54.40739920409621,0.0,0.0,12877.565474876648,168.6090046831275,84.5,3.4375000000000004,0.0
 07/14  05:00:00,25.264043857926385,55.398089013251564,0.0,0.0,12877.565474876648,168.6090046831275,88.5,3.0249999999999995,0.0
 07/14  06:00:00,24.369109551949876,56.19660055703693,39045.245199070894,348.56990495322134,43967.18367467485,20914.877038577477,88.125,3.2375,0.0
 07/14  07:00:00,24.037744811016907,52.98458850907045,49895.10366587039,0.0,47867.684734967006,24600.375541658428,84.5,3.9375,14.8125
 07/14  08:00:00,24.082148011917056,51.15844344523004,54712.86099031824,0.0,56411.545210266326,25686.56147980307,79.25,4.7,85.875
 07/14  09:00:00,24.11264397050089,50.48660120023999,64111.15865995063,0.0,62150.493385319394,29235.84379931968,74.5,5.1875,166.75
 07/14  10:00:00,24.1712764385704,49.815289568068955,74184.61573678447,0.0,66016.027098788,34068.42421608498,69.875,5.425,343.75
 07/14  11:00:00,24.173240642721858,49.37487579116357,83884.28489753307,0.0,72888.47062156165,38684.42543116632,65.5,5.5625,600.25
 07/14  12:00:00,24.234893939961196,48.814347500196035,75680.0183744947,0.0,55752.85453658558,32078.884901608923,60.875,5.7875,673.6875
 07/14  13:00:00,24.223476150064037,48.56991229661039,76040.16103202988,0.0,52610.85668372606,31515.678257540603,57.125,6.0875,600.4375
 07/14  14:00:00,24.254607006540155,48.22826784319463,81740.68384136754,0.0,53623.51790744139,34140.08398675044,54.125,6.5125,372.5625
 07/14  15:00:00,24.223989955791666,48.041356288240664,85779.4851465278,0.0,53841.151489346266,35647.11317305092,52.375,6.637499999999999,608.8125
 07/14  16:00:00,24.218142108543333,47.91375544028272,87005.1080562541,0.0,53753.84217674448,35237.454959350245,52.0,6.475,480.4375
 07/14  17:00:00,25.274788046020834,44.085926633244945,44616.64912294403,0.0,36704.76730278974,22110.493794759463,52.625,5.9,264.4375
 07/14  18:00:00,25.776172183524043,42.08322730401264,22001.831282609906,8.844741833108856,22622.145083894236,9961.372124028712,54.875,5.1,193.8125
 07/14  19:00:00,25.584667519986294,42.68761307135212,20877.453588412747,35.47655280735398,21594.28615679868,10375.266191348846,57.875,4.175,28.25
 07/14  20:00:00,25.714181182646282,42.887844471126115,6826.444438336019,0.0,16812.32015630183,3396.3136861083094,60.25,3.4875,0.0
 07/14  21:00:00,25.825795236501747,43.50875417360631,0.0,0.0,13584.615474876648,168.6090046831275,63.5,3.1125,0.0
 07/14  22:00:00,25.742436570736796,44.68515337248564,0.0,0.0,13584.615474876648,168.6090046831275,66.25,3.125,0.0
 07/14  23:00:00,25.678336158847554,45.80643706771059,0.0,0.0,13584.615474876648,168.6090046831275,68.875,3.2625,0.0
 07/14  24:00:00,25.625649949963375,46.96844381864043,0.0,0.0,12877.565474876648,168.6090046831275,71.25,3.4875,0.0
 07/15  01:00:00,25.56563580556538,48.27834383452829,0.0,0.0,12877.565474876648,168.6090046831275,74.5,3.5375,0.0
 07/15  02:00:00,25.548699122373723,49.600975626165166,0.0,0.0,12877.565474876648,168.6090046831275,79.125,3.375,0.0
 07/15  03:00:00,25.543088198348144,50.94596543226081,0.0,0.0,12877.565474876648,168.6090046831275,83.5,2.9875,0.0
 07/15  04:00:00,25.522623431342858,52.22998844397042,0.0,0.0,12877.565474876648,168.6090046831275,86.875,2.7375,0.0
 07/15  05:00:00,25.470224427093292,53.33475089088964,0.0,0.0,12877.565474876648,168.6090046831275,79.25,2.7625,0.0
 07/15  06:00:00,25.43580165306431,53.956150588716696,0.0,0.0,18308.31300750821,197.85880237748196,79.0,3.4875,0.0
 07/15  07:00:00,25.41977646867791,54.93796139856501,0.0,0.0,13076.462318436306,197.9120310586996,83.875,4.0875,23.625
 07/15  08:00:00,25.739881923183265,55.00580412631187,0.0,0.0,12863.0529110754,197.83035528464904,83.75,4.7,176.25
 07/15  09:00:00,25.684359944074465,54.02824645784098,25000.472276722532,652.8079871233467,25221.36784961258,12561.187748175704,76.75,4.5625,434.0625
 07/15  10:00:00,25.7879127248022,50.22400712945886,31209.285346381046,96.46388867218776,28552.09182075847,15891.911719321595,67.375,4.174999999999999,593.125
 07/15  11:00:00,26.080091911990817,46.78220490960806,32487.44922000942,133.2665405081234,27617.50523835109,14957.325136914213,57.75,3.6,815.5
 07/15  12:00:00,26.281354511025317,43.57960394593253,31441.038262251575,84.34590834567553,26781.55858125296,14121.37847981608,51.5,3.675,602.1875
 07/15  13:00:00,26.43628632480246,41.826365536656986,33160.73759718803,86.19167647172162,27540.52302075301,14880.34291931614,48.125,3.8375,612.25
 07/15  14:00:00,26.63167515514167,40.454953749624,31176.774520381925,157.72990207446583,25957.68359868017,13297.503497243297,47.625,4.175,429.1875
 07/15  15:00:00,26.721463149193255,39.27235123332272,32669.408431113417,186.20552467152265,25665.19972940453,13005.019627967657,48.0,4.025,205.625
 07/15  16:00:00,26.646439478218323,38.57791599679496,43101.99198445353,119.05857515886692,29461.036195634948,16800.856094198072,49.25,3.675,200.4375
 07/15  17:00:00,26.576820468353056,37.96421769780474,34796.69338329356,55.68909141761651,26666.879172238157,14006.699070801278,50.625,3.1,127.3125
 07/15  18:00:00,26.439742872053298,37.77032318030891,28175.758100820884,0.0,22578.188928306976,12234.66404473145,54.125,3.05,73.0
 07/15  19:00:00,26.23649870513188,39.144740255476535,30579.958831820426,35.85929423186917,25424.67300639276,14304.172365703216,59.125,3.2,35.25
 07/15  20:00:00,26.27760351737918,40.284583121704706,14182.825674674456,0.0,20318.324876376828,6902.318406183305,66.625,3.6375,0.0
 07/15  21:00:00,26.302548867141333,41.71916500116495,3621.922403619155,0.0,15352.538548923983,1936.5320787304645,73.125,3.5875,0.0
 07/15  22:00:00,26.465401688736804,43.17546295003734,0.0,0.0,13584.615474876648,168.6090046831275,78.75,3.4625,0.0
 07/15  23:00:00,26.402563765943082,45.09676327310739,0.0,0.0,13584.615474876648,168.6090046831275,81.0,3.0625,0.0
 07/15  24:00:00,26.44574490275363,46.353874009234346,0.0,0.0,16002.738920482274,201.198977940785,81.0,3.05,0.0
 07/16  01:00:00,26.43879227864596,47.53208754358333,0.0,0.0,16002.738920482274,201.198977940785,77.25,3.0125,0.0
 07/16  02:00:00,26.403500466450815,48.40567842717408,0.0,0.0,16002.738920482274,201.198977940785,73.75,3.1499999999999995,0.0
 07/16  03:00:00,26.369855062663838,49.01841032693239,0.0,0.0,16002.738920482274,201.198977940785,70.5,2.925,0.0
 07/16  04:00:00,26.34900871581229,49.33047548457511,0.0,0.0,16002.738920482274,201.198977940785,70.25,2.8875,0.0
 07/16  05:00:00,26.25393200998615,49.99117845641243,0.0,0.0,16002.738920482274,201.198977940785,83.5,2.875,0.0
 07/16  06:00:00,25.143193313944536,52.04985392230178,43071.09779786765,398.1487865893505,42538.51705447346,19486.210418376075,94.125,2.8,0.0
 07/16  07:00:00,24.170162609710378,52.355589954488266,84053.53844557395,0.0,75293.9340334523,40289.07895869852,96.0,2.55,10.3125
 07/16  08:00:00,24.143477426357865,51.540211019827915,114819.7036137176,0.0,138688.44986299507,60728.11211805776,92.875,2.6499999999999995,66.9375
 07/16  09:00:00,24.15165063756915,51.128938175072555,119216.32933273795,0.0,136250.00192693778,66944.91947354667,83.5,2.675,153.0625
 07/16  10:00:00,24.210336641798595,52.30786210826266,129029.68368948954,0.0,142200.63000371505,74829.64095691737,72.125,2.9750000000000005,333.3125
 07/16  11:00:00,24.197413268091164,49.91808829854558,140942.33930750436,0.0,132698.1717852672,63393.089331876094,61.75,3.2625,627.0625
 07/16  12:00:00,24.261218384892665,48.78120365275825,140072.96687646076,0.0,131428.70479910073,61120.37020966453,54.875,3.8625,426.5625
 07/16  13:00:00,24.22957701493256,48.84594768758322,145376.12191351893,0.0,135518.1960077901,64601.3690489045,51.125,4.2,638.4375
 07/16  14:00:00,24.259878155197974,48.5457675433603,147374.21676709715,0.0,133242.80577044177,65871.81672364408,50.625,4.325000000000001,502.5
 07/16  15:00:00,24.226297933542256,48.213989797453195,152466.65796569223,0.0,136554.15770773063,69183.16866093292,51.0,3.9625,424.5
 07/16  16:00:00,24.217690892334677,48.09304326021996,153078.80020858985,0.0,138540.37123171522,68268.24207502742,51.625,3.45,246.875
 07/16  17:00:00,24.21935344125537,48.20720795414204,122075.13308262326,0.0,100515.8735977538,49727.97522621173,52.0,2.9875,92.1875
 07/16  18:00:00,24.212243044186895,48.00171860045579,94397.89650212522,0.0,61882.616304249765,35701.0882085785,53.25,3.05,158.9375
 07/16  19:00:00,24.19799047800403,47.99494658019344,80241.1033672983,0.0,55586.892263770525,30178.32437328153,55.875,3.325,62.9375
 07/16  20:00:00,24.178149839701774,48.24816450738796,65186.48177933637,0.0,51914.69045033693,26312.35705470368,59.5,3.7125,0.0
 07/16  21:00:00,24.156673637269304,48.29806874439714,57454.14614822837,0.0,48633.78579108586,24320.847999848214,64.75,3.65,0.0
 07/16  22:00:00,25.40140895752451,45.75185637022115,0.0,0.0,21603.55076409053,250.26910759502385,70.75,3.375,0.0
 07/16  23:00:00,25.795202039380467,46.68152782270179,0.0,0.0,20122.90815579052,249.454566666085,76.125,2.9875,0.0
 07/16  24:00:00,25.76572600097504,48.46166245447942,0.0,0.0,16163.712511941816,201.28916140884087,80.5,3.05,0.0
 07/17  01:00:00,25.70539318948207,50.036415858705084,0.0,0.0,16002.738920482274,201.198977940785,82.625,3.2625,0.0
 07/17  02:00:00,25.640330657217632,51.494562772696725,0.0,0.0,16002.738920482274,201.198977940785,84.25,3.675,0.0
 07/17  03:00:00,25.56877037962812,52.816898410389584,0.0,0.0,16002.738920482274,201.198977940785,84.375,3.7125,0.0
 07/17  04:00:00,25.5231532321328,53.82207214389813,0.0,0.0,16002.738920482274,201.198977940785,86.5,3.5375,0.0
 07/17  05:00:00,25.504235037969615,54.621571403480765,0.0,0.0,16002.738920482274,201.198977940785,86.75,3.0625,0.0
 07/17  06:00:00,24.549781964904994,55.571317249450544,39186.004181923985,438.78365151848084,41348.67767615555,18296.37104005818,89.125,2.55,0.0
 07/17  07:00:00,24.063258469525582,54.15353211684539,62848.86892807066,0.0,63751.286319117855,28796.40090117049,92.875,2.4,15.1875
 07/17  08:00:00,24.1022276790578,52.91983001748392,97746.04815740213,0.0,127090.13658984475,49191.417789472944,91.5,2.6499999999999995,73.125
 07/17  09:00:00,24.121550063860923,52.111025477670665,102275.6720423712,0.0,121751.84529942252,52446.76284603142,82.5,2.9875,175.3125
 07/17  10:00:00,24.17774879297026,50.55790259251177,117345.08004687997,0.0,125959.86546441291,58588.87641761524,69.875,3.2875,660.5625
 07/17  11:00:00,24.18389377502641,49.90971982226071,128586.87414240965,0.0,124030.34248815774,54725.260034766645,57.5,3.3374999999999995,891.875
 07/17  12:00:00,24.25408134244371,49.274318442403306,126576.34509017864,0.0,125280.91488438765,54972.58029495143,49.25,3.2375,830.6875
 07/17  13:00:00,24.2230070520573,49.35928894790204,134758.62858231642,0.0,131540.95622600504,60624.12926711942,44.5,3.0125,737.5625
 07/17  14:00:00,24.2524387384832,48.953993934777024,138623.58133507427,0.0,130605.96370164826,63234.974654850565,43.625,2.8374999999999995,574.75
 07/17  15:00:00,24.2186464557461,48.502977074100315,144862.22554740537,0.0,133713.37119161082,66342.3821448131,45.25,2.7375,264.625
 07/17  16:00:00,24.20721834776328,48.513305202457886,143192.67454389756,0.0,133775.77299877253,63503.64384208472,48.5,2.95,154.4375
 07/17  17:00:00,24.208228349830463,48.48786146747386,119724.1807154862,0.0,100045.13504146913,49257.23666992708,51.875,3.225,183.75
 07/17  18:00:00,24.20406564165435,48.2083243982582,88757.95259226495,0.0,60309.067248078834,34123.96736165407,54.875,3.55,135.9375
 07/17  19:00:00,24.187911003738467,48.26690184004494,73243.56536257795,0.0,54327.39085680472,28803.03100367376,57.875,3.6375,34.6875
 07/17  20:00:00,24.16698447894983,48.62480044676665,60546.74948231795,0.0,51615.67733464048,26013.34393900724,61.5,3.4125,0.0
 07/17  21:00:00,24.14830364327054,48.43068849871655,53589.30471733007,0.0,47899.78981109498,23586.85201985734,66.125,2.9875,0.0
 07/17  22:00:00,25.306146483053382,45.75101503753787,0.0,0.0,21603.55076409053,250.26910759502385,71.75,2.7375,0.0
 07/17  23:00:00,25.63646554958035,46.61291303429954,0.0,0.0,20122.90815579052,249.454566666085,77.125,2.7625,0.0
 07/17  24:00:00,25.56527107484495,48.410527452419664,0.0,0.0,16163.712511941816,201.28916140884087,80.875,3.2375,0.0
 07/18  01:00:00,25.476666331812165,49.78919843754184,0.0,0.0,16002.738920482274,201.198977940785,82.0,3.8125,0.0
 07/18  02:00:00,25.420362737697253,51.15967409896243,0.0,0.0,16002.738920482274,201.198977940785,82.0,4.25,0.0
 07/18  03:00:00,25.39157348089309,52.4358780130646,0.0,0.0,16002.738920482274,201.198977940785,80.75,4.2125,0.0
 07/18  04:00:00,25.380114924509773,53.321198605609695,0.0,0.0,16002.738920482274,201.198977940785,81.25,3.7875,0.0
 07/18  05:00:00,25.337731698488785,54.49866115578035,0.0,0.0,16002.738920482274,201.198977940785,86.375,3.4125,0.0
 07/18  06:00:00,24.397994832930422,55.85184699224484,38525.42383107437,448.1809079870709,40984.4308980964,17932.12426199902,89.625,2.9875,0.0
 07/18  07:00:00,24.031471313850787,53.88969232965187,58522.20900296708,0.0,61795.99071329681,26969.722295701496,86.875,2.6125,40.875
 07/18  08:00:00,24.09373845893316,52.33808996070067,99301.1222559646,0.0,128452.68823818018,50703.88747262654,81.25,2.3125,267.375
 07/18  09:00:00,24.12391554599461,51.2830342632098,111811.41215366992,0.0,129384.04384719805,60078.96139380695,72.75,2.45,548.1875
 07/18  10:00:00,24.187181674791063,50.04288037066445,120704.78831265659,0.0,118614.78996352504,51243.80091672735,64.0,2.7875,670.625
 07/18  11:00:00,24.187635945151772,49.77482775937032,129645.85733427976,0.0,126243.58955570804,56938.507102316944,56.0,3.1499999999999995,802.8125
 07/18  12:00:00,24.255771324833443,49.319659974522786,126596.65556635441,0.0,126509.79576115328,56201.46117171706,50.5,3.2375,686.0625
 07/18  13:00:00,24.219114114038714,49.445289826847365,133958.11876294512,0.0,131776.2123354449,60859.385376559294,46.5,3.2,704.9375
 07/18  14:00:00,24.24959181798795,49.02577065645394,137411.30241069393,0.0,130535.35646556134,63164.36741876365,44.375,2.95,556.0
 07/18  15:00:00,24.215279450261786,48.571526707680476,143802.44166671258,0.0,134347.16419787344,66976.17515107575,42.75,2.8625,273.25
 07/18  16:00:00,24.206188158059483,48.33442860516689,147934.69963271022,0.0,138567.59007211923,68295.46091543141,42.0,2.9,404.5
 07/18  17:00:00,24.23959087987059,47.910884536726755,125712.26805401029,0.0,104443.86651038664,53655.96813884459,41.375,3.1499999999999995,289.75
 07/18  18:00:00,24.20993194714939,47.7113012114002,95578.47978105642,0.0,64372.103018518086,38190.57492284683,42.875,3.3625,226.8125
 07/18  19:00:00,24.19434979685629,47.88067442104975,80171.09804711769,0.0,56953.39399291699,31571.4088108736,46.5,3.525,94.1875
 07/18  20:00:00,24.175540309250586,48.05030734845289,64065.161986314575,0.0,51443.2843262258,25840.950930592557,51.125,3.4125,0.0
 07/18  21:00:00,24.15542758932885,47.61871974474681,56497.530296682206,0.0,48039.23813429703,23726.30034305939,54.875,3.3,0.0
 07/18  22:00:00,25.4417724687098,44.672730592026454,0.0,0.0,21603.55076409053,250.26910759502385,59.125,3.05,0.0
 07/18  23:00:00,25.82760129612244,45.29926154335444,0.0,0.0,20122.90815579052,249.454566666085,62.875,2.8374999999999995,0.0
 07/18  24:00:00,25.796480935225045,46.52019355075326,0.0,0.0,16163.712511941816,201.28916140884087,68.375,2.6125,0.0
 07/19  01:00:00,25.70466833995541,47.63973429653701,0.0,0.0,16002.738920482274,201.198977940785,74.125,2.625,0.0
 07/19  02:00:00,25.60003506986729,48.863856936146334,0.0,0.0,16002.738920482274,201.198977940785,80.375,2.7625,0.0
 07/19  03:00:00,25.523420563439075,50.103002534181826,0.0,0.0,16002.738920482274,201.198977940785,84.875,3.1125,0.0
 07/19  04:00:00,25.442872189811354,51.39844834226744,0.0,0.0,16002.738920482274,201.198977940785,88.5,3.3,0.0
 07/19  05:00:00,25.400920048595562,52.43023400596116,0.0,0.0,16002.738920482274,201.198977940785,81.875,3.3,0.0
 07/19  06:00:00,24.48101437850101,53.30683022341776,39270.73596306593,467.44311491184,41110.14022384308,18057.833587745707,81.375,2.9875,0.0
 07/19  07:00:00,24.050701928547532,52.286567110361005,59914.83235558553,0.0,61980.84802020917,26991.499056600784,87.125,2.425,11.25
 07/19  08:00:00,24.09621103151241,52.13197133490219,94922.16980309083,0.0,126646.0545000414,48696.24503426347,90.25,1.8875,79.6875
 07/19  09:00:00,24.117473380200057,51.88770116565373,102000.14364519484,0.0,125543.85359822428,56238.77114483319,89.125,1.6375000000000002,187.875
 07/19  10:00:00,24.172295013595104,51.0003369686491,110131.23414670958,0.0,130922.14189787488,63551.15285107719,84.25,1.725,209.75
 07/19  11:00:00,24.17793634601671,55.02161713389101,117520.30675594471,0.0,151290.1416479073,81985.05919451617,76.375,2.05,170.0
 07/19  12:00:00,24.213146642492084,51.734137762822805,118395.18864694476,0.0,127685.78585621076,57377.45126677456,68.0,2.3875,413.1875
 07/19  13:00:00,24.197460004311065,49.6473218112064,131231.1065153175,0.0,127284.281068192,56367.45410930639,61.25,2.5,334.25
 07/19  14:00:00,24.234024696735958,49.19788512730079,132982.31320591152,0.0,123598.50106708174,56227.51202028404,56.5,2.3125,393.0
 07/19  15:00:00,24.204660579456696,48.86607364326564,138017.73266981912,0.0,126833.99963752722,59463.01059072952,53.75,1.95,232.3125
 07/19  16:00:00,24.19742790913389,48.681062723445294,142493.01830727266,0.0,132221.64766371998,61949.51850703217,52.375,1.5499999999999998,291.0
 07/19  17:00:00,24.203673457299345,48.41285220478968,120209.38952154948,0.0,100560.14594506696,49772.2475735249,52.0,1.2125,249.0
 07/19  18:00:00,24.203721162483678,48.18752520324554,83704.85774268191,0.0,59944.05593477539,33737.18449412128,53.875,0.975,54.8125
 07/19  19:00:00,24.185531006954893,48.25404968884591,71178.37848275952,0.0,54665.40159435027,29133.97463388408,56.875,0.9625,30.4375
 07/19  20:00:00,24.164713461004695,48.23669606381296,59263.810250693925,0.0,50696.840478774815,25094.507083141565,59.875,1.0625,0.0
 07/19  21:00:00,24.144917235357532,47.89293422613679,52747.27554781839,0.0,48606.35387679437,24293.41608555673,63.5,1.225,0.0
 07/19  22:00:00,25.346494555686927,45.30101580035199,0.0,0.0,21603.55076409053,250.26910759502385,66.875,1.3624999999999998,0.0
 07/19  23:00:00,25.722225955170586,45.686100714047114,0.0,0.0,20122.90815579052,249.454566666085,69.25,1.5875,0.0
 07/19  24:00:00,25.711742649189116,46.8058030432331,0.0,0.0,16163.712511941816,201.28916140884087,70.625,1.825,0.0
 07/20  01:00:00,25.69401561881782,47.68397801815283,0.0,0.0,16002.738920482274,201.198977940785,71.0,2.1499999999999995,0.0
 07/20  02:00:00,25.647982587313905,48.663876013234365,0.0,0.0,16002.738920482274,201.198977940785,71.625,2.6125,0.0
 07/20  03:00:00,25.58969364022305,49.65190593467163,0.0,0.0,16002.738920482274,201.198977940785,71.375,3.1125,0.0
 07/20  04:00:00,25.53042711109611,50.49620177411456,0.0,0.0,16002.738920482274,201.198977940785,72.25,3.425,0.0
 07/20  05:00:00,25.51332300876177,51.1586225953339,0.0,0.0,16002.738920482274,201.198977940785,80.5,2.0,0.0
 07/20  06:00:00,24.508191685525603,52.98161038771599,39475.00513187541,411.1115598534234,42902.455109121074,19850.14847302369,86.875,0.8499999999999999,0.0
 07/20  07:00:00,24.057543564052615,52.318431616762595,59624.06299873994,0.0,63191.152990357805,28175.15688578393,87.375,0.4499999999999999,9.75
 07/20  08:00:00,24.097043631193042,51.92654042843171,93645.73830442599,0.0,124762.95463407108,46755.37109749588,84.5,0.1125,48.75
 07/20  09:00:00,24.113440884636216,51.886226554225715,98301.86641137753,0.0,120364.11618775556,51042.56648189149,76.75,0.0625,151.375
 07/20  10:00:00,24.17200558814637,50.500959529306286,114063.47847461503,0.0,119194.9892552926,51824.00020849492,67.375,0.35,573.4375
 07/20  11:00:00,24.17912541443881,49.94013140533677,126113.83391278723,0.0,125550.54753445566,56245.465081064576,58.375,0.8750000000000001,684.0
 07/20  12:00:00,24.257695335989713,49.43397320741646,125352.45140409635,0.0,127520.0339705643,57211.69938112808,51.875,1.475,580.625
 07/20  13:00:00,24.215428648502822,49.436827096572955,135010.92759400638,0.0,134112.26878662303,63195.44182773744,48.125,2.0125,431.375
 07/20  14:00:00,24.242785790663593,48.95476801017502,138179.1521542325,0.0,131589.35312885384,64218.36408205616,47.625,2.2,261.625
 07/20  15:00:00,24.207647959829732,48.80575324346454,135949.73251197222,0.0,128773.39671843086,61402.40767163316,48.0,2.075,89.75
 07/20  16:00:00,24.194883025501785,48.89311949792797,137476.52739986917,0.0,130917.3988485343,60645.26969184652,50.5,1.6875,135.4375
 07/20  17:00:00,24.19970269447766,48.74094914007284,114396.55299074594,0.0,98348.46796277836,47560.56959123632,53.875,1.25,134.875
 07/20  18:00:00,24.19816842362475,48.46207572983059,79747.12013043225,0.0,58680.54838574391,32468.67665016588,58.75,0.975,42.6875
 07/20  19:00:00,24.177776173220884,48.49066675308929,65227.31726368351,0.0,53562.4354859975,27794.22472444647,63.5,0.9,7.0
 07/20  20:00:00,24.154164281582673,48.550615929894775,56286.99852137908,0.0,51077.324372397205,25474.990976763955,67.5,1.025,0.0
 07/20  21:00:00,24.13656937191776,48.46975526272664,50750.20330823452,0.0,50615.3521383066,26302.414347068945,69.625,1.2875,0.0
 07/20  22:00:00,25.29414877106563,46.11711432626128,0.0,0.0,21603.55076409053,250.26910759502385,70.625,1.525,0.0
 07/20  23:00:00,25.65557525245692,46.7040300772512,0.0,0.0,20122.90815579052,249.454566666085,71.0,1.6625,0.0
 07/20  24:00:00,25.585591196747814,48.03754170291095,0.0,0.0,13038.514687240193,168.67480905518886,72.875,1.7,0.0
 07/21  01:00:00,25.53515140903824,48.98866026112027,0.0,0.0,12877.565474876648,168.6090046831275,75.25,1.7,0.0
 07/21  02:00:00,25.486068985135404,49.90958897201549,0.0,0.0,12877.565474876648,168.6090046831275,77.875,1.7,0.0
 07/21  03:00:00,25.454609735206333,50.434859972085704,0.0,0.0,12877.565474876648,168.6090046831275,80.25,1.6375000000000002,0.0
 07/21  04:00:00,25.424724451279797,51.0291318449486,0.0,0.0,12877.565474876648,168.6090046831275,82.25,1.475,0.0
 07/21  05:00:00,25.403730323220838,51.60051210888217,0.0,0.0,12877.565474876648,168.6090046831275,79.25,1.2125,0.0
 07/21  06:00:00,24.433465776170394,52.84241585113094,39239.15592426234,325.35109916934834,41576.01789893651,18523.711262839137,80.75,0.5375000000000001,0.0
 07/21  07:00:00,24.05914930495716,50.86985319216117,50499.2785033922,0.0,46747.04260406686,23450.880958017337,85.5,0.075,8.625
 07/21  08:00:00,24.084001477193762,49.88521231239859,54791.03671359118,0.0,57955.33741670218,27194.24160899632,87.625,0.0,61.3125
 07/21  09:00:00,24.113902533391173,49.68966288940781,63481.02611647874,0.0,66045.92601000905,33131.276424009324,84.875,0.75,138.4375
 07/21  10:00:00,24.169470501219486,49.385599730598216,70766.69800772659,0.0,70391.94508985739,38444.342207154376,78.0,1.825,150.6875
 07/21  11:00:00,24.16425525877508,48.92347826573463,81469.90455719893,0.0,70561.11549645662,36357.0703060613,69.375,2.8875,207.25
 07/21  12:00:00,24.224374353583034,48.54182148983049,76858.54376391809,0.0,58506.20856423832,34832.23892926166,61.625,3.2375,394.0625
 07/21  13:00:00,24.21442308372171,48.30957743061919,80231.7390816523,0.0,58136.70343628452,37041.52501009907,55.875,2.95,319.6875
 07/21  14:00:00,24.254984301211262,47.950496032429484,82322.77951330118,0.0,58023.30755439191,38539.87363370096,53.375,2.1125,428.1875
 07/21  15:00:00,24.22604178661954,47.79644137187412,85083.3364930675,0.0,57757.96230365488,39563.923987359536,52.375,1.45,206.0625
 07/21  16:00:00,24.217112024365743,47.702264526189,84219.13939819965,0.0,57132.08147860359,38615.69426120935,53.25,0.9875,188.8125
 07/21  17:00:00,25.1823288743863,44.605181651068634,42691.0897685556,0.0,38898.8900110104,24304.61650298012,54.625,0.9875000000000002,99.8125
 07/21  18:00:00,25.955699818943415,42.27779760739884,14066.926078458035,55.27917332316338,19076.01153528539,6413.796324067713,56.25,1.0375,56.5
 07/21  19:00:00,25.87579261716916,41.72673278722191,17193.892333135103,150.406303808556,19122.97926967276,7911.69254106842,58.875,1.1875,45.0
 07/21  20:00:00,25.74926865916001,40.8015269928793,3296.237216979132,0.0,15265.09948077038,1849.0930105768584,61.875,1.1750000000000005,0.0
 07/21  21:00:00,26.011448407350738,41.1395852543224,0.0,0.0,13584.615474876648,168.6090046831275,64.875,1.2875,0.0
 07/21  22:00:00,25.927053928336687,42.3790639517494,0.0,0.0,13584.615474876648,168.6090046831275,68.5,1.3375,0.0
 07/21  23:00:00,25.85667557971008,43.463478354363424,0.0,0.0,13584.615474876648,168.6090046831275,71.875,1.55,0.0
 07/21  24:00:00,25.797336340031823,44.59460217873189,0.0,0.0,12877.565474876648,168.6090046831275,73.625,1.575,0.0
 07/22  01:00:00,25.74840671607817,45.5697408316469,0.0,0.0,12877.565474876648,168.6090046831275,74.0,1.6874999999999998,0.0
 07/22  02:00:00,25.71715361326271,46.42137560048187,0.0,0.0,12877.565474876648,168.6090046831275,73.375,1.7375,0.0
 07/22  03:00:00,25.646196765876915,46.943885618691525,0.0,0.0,12877.565474876648,168.6090046831275,72.375,1.825,0.0
 07/22  04:00:00,25.59447440112817,47.42048145998706,0.0,0.0,12877.565474876648,168.6090046831275,72.625,1.65,0.0
 07/22  05:00:00,25.58317872244259,48.29765507701839,0.0,0.0,12877.565474876648,168.6090046831275,82.375,1.6250000000000002,0.0
 07/22  06:00:00,25.606920023254034,49.60820326676866,0.0,0.0,18308.31300750821,197.85880237748196,89.875,1.8875,0.0
 07/22  07:00:00,25.60041927072782,51.12192983278482,0.0,0.0,13109.274167904892,197.9178172255993,89.125,1.875,5.4375
 07/22  08:00:00,25.734200467369728,51.88578042729304,0.0,0.0,12889.792492684335,197.84340053278768,86.125,1.7375,53.8125
 07/22  09:00:00,26.0052939353605,51.576695067614544,10375.002631741685,344.0011507218587,17741.116620139932,5080.9365187030535,80.625,1.45,174.125
 07/22  10:00:00,25.81073069684932,49.830833988251634,24828.142455128353,157.72046869033693,25039.70811774967,12379.528016312792,74.25,1.3624999999999998,236.4375
 07/22  11:00:00,26.11773072451319,46.771608723672934,26207.089938787136,139.58656499583594,25727.194701397188,13067.014599960316,67.0,1.5875,343.1875
 07/22  12:00:00,26.253964721560852,44.82796023680724,31175.46903979936,120.25394820171549,27250.24250463372,14590.062403196842,60.25,2.1375,691.5
 07/22  13:00:00,26.40422545014941,42.65766953150717,27762.65875879063,71.61799342360518,25596.579515761405,12936.399414324527,53.625,2.5875000000000004,799.125
 07/22  14:00:00,26.658962275537156,40.588063594412795,30101.504373638665,144.40324232298644,25361.005498175648,12700.825396738772,48.5,2.7625,729.375
 07/22  15:00:00,26.672479111274576,39.35687002148474,44373.850817431856,167.7222941648015,30244.628632698368,17584.44853126149,45.125,2.425,524.5
 07/22  16:00:00,26.770576109537185,38.25899458945233,40360.788169009385,221.3924978886771,28436.50206965342,15776.321968216542,44.625,2.0125,320.75
 07/22  17:00:00,26.805528228052076,37.60631431691038,34805.87324413974,256.21812131234583,26897.6132757296,14237.433174292726,48.125,1.775,205.625
 07/22  18:00:00,26.490849564944437,37.77198478279813,39324.49021935432,0.0,27361.544806335307,17016.59161832488,56.875,2.1375,89.4375
 07/22  19:00:00,26.293165024413817,39.45784107241554,22991.574505569275,0.0,22679.046622376023,11541.246672216545,71.0,2.9624999999999995,8.125
 07/22  20:00:00,26.03469498285334,42.7800379046786,20940.059334916652,73.74358186940754,24688.64373929878,11272.637269105258,87.0,3.9875,0.0
 07/22  21:00:00,26.35612965931304,44.79377194819682,0.0,0.0,13584.615474876648,168.6090046831275,94.25,4.5875,0.0
 07/22  22:00:00,26.302372925507918,47.59031162009981,0.0,0.0,13584.615474876648,168.6090046831275,95.0,4.512500000000001,0.0
 07/22  23:00:00,26.280392703404214,49.65228639519094,0.0,0.0,13584.615474876648,168.6090046831275,95.0,3.7125,0.0
 07/22  24:00:00,26.377576517226075,50.81169701743422,0.0,0.0,16002.738920482274,201.198977940785,90.625,2.7375,0.0
 07/23  01:00:00,26.44049059357739,51.51002156627684,0.0,0.0,16002.738920482274,201.198977940785,84.875,1.775,0.0
 07/23  02:00:00,26.461305350082217,51.97699521767879,0.0,0.0,16002.738920482274,201.198977940785,83.0,1.2125,0.0
 07/23  03:00:00,26.461967826513373,52.09251339522275,0.0,0.0,16002.738920482274,201.198977940785,83.0,1.0375,0.0
 07/23  04:00:00,26.434629238548354,52.7669309027107,0.0,0.0,16002.738920482274,201.198977940785,84.875,1.3125,0.0
 07/23  05:00:00,26.320677360873223,53.995976968049895,0.0,0.0,16002.738920482274,201.198977940785,92.25,2.625,0.0
 07/23  06:00:00,25.152060281557446,55.30798387296214,43764.665353452285,403.74657453200416,42977.99909490903,19925.692458811656,94.75,2.9875,0.0
 07/23  07:00:00,24.173560244894542,53.19040212279444,85458.88883690431,0.0,72495.72662335844,37508.24654703336,91.5,2.3625,12.1875
 07/23  08:00:00,24.14695549239751,51.440964747972664,116281.83535464916,0.0,130714.51253089387,52763.6130960388,87.5,1.85,74.625
 07/23  09:00:00,24.154796999347134,50.70029666402232,118431.10712372485,0.0,124161.60390930012,54856.52145590904,83.5,1.575,136.4375
 07/23  10:00:00,24.199451471477484,49.90797542357421,124279.80512342285,0.0,128543.14026502163,61172.151218223975,79.5,1.5,162.1875
 07/23  11:00:00,24.211636587716463,50.86696134656164,134063.19059839472,0.0,148216.38604448267,78911.30359109158,75.5,1.6250000000000002,248.875
 07/23  12:00:00,24.250004272553795,53.30385018256581,132341.38151436852,0.0,147822.8568758754,77514.5222864392,70.875,1.7625,423.5
 07/23  13:00:00,24.225849613013803,50.5916137065161,144480.18744866384,0.0,139956.19604893666,69039.36909005104,65.875,1.8,328.0625
 07/23  14:00:00,24.250971828924012,48.36551455794285,146480.9569633497,0.0,131384.24780998268,64013.25876318501,61.5,1.7375,244.4375
 07/23  15:00:00,24.219191332890468,48.24438726434882,148098.8037721498,0.0,131371.6223278038,64000.63328100613,58.125,1.6375000000000002,180.9375
 07/23  16:00:00,24.209916760012966,48.306420861333805,148443.09187318227,0.0,133985.14096010115,63713.01180341333,57.0,1.5375,187.75
 07/23  17:00:00,24.21373828765434,48.35631209380247,122791.18299016249,0.0,100212.56319930832,49424.66482776626,58.875,1.6250000000000002,152.0625
 07/23  18:00:00,24.21274718126404,48.24390465380734,87854.68286176342,0.0,63006.14022825059,36784.97280881507,63.75,1.825,43.4375
 07/23  19:00:00,24.19462924059738,48.49258446449747,72025.78284844496,0.0,62609.17404248122,36713.616095803925,70.375,2.025,3.3125
 07/23  20:00:00,24.173055979779846,48.533687756414395,62499.72545894228,0.0,57312.54153864136,31710.208143008116,76.125,2.1625000000000005,0.0
 07/23  21:00:00,24.154609763215635,48.62405357165197,55929.41982813682,0.0,52231.06427226042,27918.12648102278,79.875,2.2,0.0
 07/23  22:00:00,25.3310050250054,46.240053517086075,0.0,0.0,21603.55076409053,250.26910759502385,82.25,2.2,0.0
 07/23  23:00:00,25.65968321410643,47.114468876364484,0.0,0.0,20122.90815579052,249.454566666085,83.625,2.2,0.0
 07/23  24:00:00,25.6231373349804,48.62863810133557,0.0,0.0,16163.712511941816,201.28916140884087,85.875,2.3875,0.0
 07/24  01:00:00,25.582127117196,49.94775353371559,0.0,0.0,16002.738920482274,201.198977940785,89.5,2.7500000000000004,0.0
 07/24  02:00:00,25.52745862018135,51.52695008414179,0.0,0.0,16002.738920482274,201.198977940785,93.5,3.1499999999999995,0.0
 07/24  03:00:00,25.470430541615244,53.32125843783222,0.0,0.0,16002.738920482274,201.198977940785,96.25,3.55,0.0
 07/24  04:00:00,25.43626057966629,55.10892347993938,0.0,0.0,16002.738920482274,201.198977940785,97.625,3.7,0.0
 07/24  05:00:00,25.433604793962242,56.30644695495564,0.0,0.0,16002.738920482274,201.198977940785,93.625,2.075,0.0
 07/24  06:00:00,24.498502464979627,56.93075298706012,38876.98300445505,446.0113378838787,40998.031361140704,17945.724725043325,90.375,1.225,0.0
 07/24  07:00:00,24.045236220733972,54.417778837096336,60889.21184880306,0.0,61087.35250785221,25942.549003270284,89.375,1.3624999999999998,4.125
 07/24  08:00:00,24.094361554018505,53.092357659867446,93314.44609566171,0.0,120362.48723833564,41984.78379100781,87.125,1.5875,35.4375
 07/24  09:00:00,24.112282842237605,52.393899823747944,98383.30787511538,0.0,114919.89290101665,45614.81044762555,82.875,1.7,133.9375
 07/24  10:00:00,24.167135742726497,51.10513687915668,109841.64245907913,0.0,121485.5893500388,54114.60030324111,77.875,1.7625,278.1875
 07/24  11:00:00,24.16533246519245,50.2955887964866,121455.60185621117,0.0,132097.34600261447,62792.2635492234,71.0,1.7375,241.6875
 07/24  12:00:00,24.217997110897144,49.73890809454377,120430.81352086717,0.0,126505.89014827406,56197.55555883784,65.5,1.7625,279.625
 07/24  13:00:00,24.199356875717235,49.446802886766484,129615.58727743504,0.0,125533.68656391234,54616.85960502674,61.5,1.7375,391.4375
 07/24  14:00:00,24.232181792165495,49.25128383394158,132203.16597659606,0.0,123170.7091052068,55799.72005840909,60.0,1.7,166.875
 07/24  15:00:00,24.201072220872422,48.979270697541835,135891.04097911844,0.0,126928.21712567632,59557.2280788786,60.625,1.575,174.5
 07/24  16:00:00,24.19439017154241,49.023811438206835,134916.87365567964,0.0,133633.25743027113,63361.128273583294,64.75,1.5,133.875
 07/24  17:00:00,24.19621989585922,49.380798609439395,105863.41688193637,0.0,103788.70339987168,53000.80502832961,71.375,1.6250000000000002,89.4375
 07/24  18:00:00,24.19016418944964,49.15322467795217,77010.63858276128,0.0,64736.842195982405,38524.12817953448,79.0,2.075,64.0
 07/24  19:00:00,24.17118435393967,49.06642256196975,61954.236322735575,0.0,58473.92726500236,32469.671397857823,85.125,2.6125,4.875
 07/24  20:00:00,24.1487195529925,49.35455551446107,54051.68578706825,0.0,54516.744577249614,28914.41118161636,87.625,3.1125,0.0
 07/24  21:00:00,24.126516189878366,49.41410825589601,48679.98355282336,0.0,49423.5096631067,25110.57187186906,86.125,3.3625,0.0
 07/24  22:00:00,25.14607274869335,47.60244674290742,0.0,0.0,21603.55076409053,250.26910759502385,83.125,3.3374999999999995,0.0
 07/24  23:00:00,25.45153117822642,48.769794049568844,0.0,0.0,20122.90815579052,249.454566666085,79.5,2.9875,0.0
 07/24  24:00:00,25.39918290459294,50.07122775878311,0.0,0.0,16163.712511941816,201.28916140884087,79.25,2.55,0.0
 07/25  01:00:00,25.35445261321988,50.878436319204674,0.0,0.0,16002.738920482274,201.198977940785,81.875,2.0875,0.0
 07/25  02:00:00,25.332043889135452,51.56293470809905,0.0,0.0,16002.738920482274,201.198977940785,86.125,1.775,0.0
 07/25  03:00:00,25.305334622292524,52.27394899140018,0.0,0.0,16002.738920482274,201.198977940785,89.25,1.45,0.0
 07/25  04:00:00,25.291709551463782,52.843249058644034,0.0,0.0,16002.738920482274,201.198977940785,91.25,1.2375,0.0
 07/25  05:00:00,25.25321378328342,53.512160470706085,0.0,0.0,16002.738920482274,201.198977940785,92.625,1.825,0.0
 07/25  06:00:00,24.27892293051109,55.58781931583772,37599.06332276389,473.0696569496977,40113.36542407263,17061.058787975257,94.875,2.1375,0.0
 07/25  07:00:00,23.922290091222514,54.901958909394956,54548.35494686941,0.0,59605.158019246985,24202.02291986397,95.375,1.6625,0.1875
 07/25  08:00:00,24.064765169431947,53.99407238388419,86077.29183240022,3.892758685804438,120106.78412099772,40104.79828850343,92.5,1.5875,41.625
 07/25  09:00:00,24.099534424420174,53.07537101905589,94171.1123404617,0.0,113330.3278054136,44025.2453520225,86.0,1.3875,174.8125
 07/25  10:00:00,24.155683803068733,51.81665899193043,97772.9310494626,0.0,112886.94962570869,45515.96057891099,79.25,1.5125,71.375
 07/25  11:00:00,24.14225533483869,51.27361782947932,107229.33531631283,0.0,120289.17878322778,50984.09632983669,74.5,1.7,80.625
 07/25  12:00:00,24.193566650037845,50.70918602895192,107235.14645595339,0.0,122880.41176574396,52572.07717630772,75.5,2.325,138.125
 07/25  13:00:00,24.175035550464877,50.31952729353763,119311.26861032068,0.0,133869.85154234446,62953.024583458864,80.125,2.825,132.1875
 07/25  14:00:00,24.20319276176932,50.61085134347239,111120.25766988423,0.0,128364.80861915268,60993.819572354965,88.25,3.1499999999999995,30.0
 07/25  15:00:00,24.16484698782916,50.81061803930923,113827.38413052453,0.0,132078.15535331334,64707.16630651565,95.125,2.8,58.625
 07/25  16:00:00,24.16133755502736,50.74269456521405,115028.1649521504,0.0,132769.88008887594,62497.75093218815,95.75,2.25,62.1875
 07/25  17:00:00,24.139025039494847,51.17504270551794,89387.81242156461,0.0,94705.28908374548,43917.39071220342,95.0,1.475,55.75
 07/25  18:00:00,24.15752600393446,50.62512562705233,61672.694075905914,0.0,54828.71904228875,28489.841770218296,95.0,1.225,11.875
 07/25  19:00:00,24.138974419836007,50.486070534345835,52388.9642281794,0.0,50409.1124239912,24506.533889841605,96.875,1.05,3.6875
 07/25  20:00:00,24.09741813741182,50.53293560157179,46512.48171154648,0.0,47087.86034520842,21485.526949575164,96.125,1.025,0.0
 07/25  21:00:00,24.045064928499084,50.82182437943632,42991.40488258684,0.0,43821.98095426819,19509.043163030547,95.0,0.6,0.0
 07/25  22:00:00,24.932508286633773,48.51487228951702,0.0,0.0,21603.55076409053,250.26910759502385,95.0,0.3,0.0
 07/25  23:00:00,25.234063518495702,48.26512225364887,0.0,0.0,20122.90815579052,249.454566666085,95.0,0.1125,0.0
 07/25  24:00:00,25.171636540182284,48.92191700578553,0.0,0.0,16163.712511941816,201.28916140884087,96.875,0.75,0.0
 07/26  01:00:00,25.071178916436335,49.962410280905324,0.0,0.0,16002.738920482274,201.198977940785,95.5,1.7,0.0
 07/26  02:00:00,25.03780603283799,51.18395538675354,0.0,0.0,16002.738920482274,201.198977940785,92.125,2.8125,0.0
 07/26  03:00:00,24.999238574539092,52.59673689377459,0.0,0.0,16002.738920482274,201.198977940785,89.75,3.2375,0.0
 07/26  04:00:00,24.943032202145556,53.85450521229492,0.0,0.0,16002.738920482274,201.198977940785,89.625,3.2,0.0
 07/26  05:00:00,24.945738744121197,54.58873945326379,0.0,0.0,16002.738920482274,201.198977940785,93.125,1.2,0.0
 07/26  06:00:00,24.057901291154565,56.35381769575814,36692.799596481666,510.7550382943018,39649.1516125582,16596.844976460823,96.25,0.1875,0.0
 07/26  07:00:00,23.76208232908647,55.61974463399669,50765.45562105869,1.4422848851745584,56633.89478165154,21313.65123393876,95.75,0.4874999999999999,0.9375
 07/26  08:00:00,24.02621647482973,54.791391496962305,78146.58444927516,125.00731133580848,111614.36428812896,32185.33744226557,95.0,0.9125,9.1875
 07/26  09:00:00,24.074226262285997,55.122133746196134,80358.74056126749,0.0,103438.22542098856,34099.603753654774,94.375,1.475,42.125
 07/26  10:00:00,24.13012504270478,53.87997252766579,89850.23037328047,0.0,108755.69804061604,41384.70899381835,91.5,2.2625,112.4375
 07/26  11:00:00,24.129752460632815,52.04211700640395,102906.07664459551,0.0,122681.90158752249,53376.81913413138,86.875,3.0375,211.25
 07/26  12:00:00,24.190473482404737,51.54805988633163,102461.13195185913,0.0,127104.600269873,56796.26568043678,81.875,3.675,442.5
 07/26  13:00:00,24.180374671970938,53.55806869360336,116347.14507128838,0.0,143432.87071699442,72516.0437581088,76.875,3.9,470.1875
 07/26  14:00:00,24.223255404507086,54.09394897493121,121022.90957615917,0.0,136137.6113435531,68766.6222967554,73.75,3.5249999999999995,209.25
 07/26  15:00:00,24.179823396597623,52.4440478511177,118022.96070870839,0.0,132816.57221429324,65445.58316749553,73.625,2.675,68.0
 07/26  16:00:00,24.169558518397334,51.16365268122354,120516.69544008242,0.0,137071.41571820574,66799.28656151793,75.25,1.7999999999999998,109.5
 07/26  17:00:00,24.176364880555763,50.401999026264974,94390.35467909333,0.0,97942.19127818797,47154.2929066459,77.875,1.25,87.75
 07/26  18:00:00,24.17236046917781,49.747216436119864,68287.18565640536,0.0,58179.72527328522,31989.817228997115,80.25,1.35,62.25
 07/26  19:00:00,24.154123744060186,49.33664564112845,56586.83481892813,0.0,52794.84235306196,26373.234415511382,81.0,2.0625,17.375
 07/26  20:00:00,24.1220043711961,49.47497472713074,48551.682431959554,0.0,49413.04435320686,23810.71095757361,81.0,2.9624999999999995,0.0
 07/26  21:00:00,24.086904494801068,49.41232774174584,44782.108047615664,0.0,47503.9986637476,23191.060872509963,80.375,3.6125,0.0
 07/26  22:00:00,25.044269500885445,47.8916840287971,0.0,0.0,21603.55076409053,250.26910759502385,80.0,3.675,0.0
 07/26  23:00:00,25.33045144563131,49.55757111077981,0.0,0.0,20122.90815579052,249.454566666085,82.5,3.1,0.0
 07/26  24:00:00,25.28024691452264,51.35772096328344,0.0,0.0,16163.712511941816,201.28916140884087,87.125,2.1125,0.0
 07/27  01:00:00,25.222073145272933,52.28304244247446,0.0,0.0,16002.738920482274,201.198977940785,92.75,1.0125,0.0
 07/27  02:00:00,25.20245713175006,52.609570801775675,0.0,0.0,16002.738920482274,201.198977940785,95.0,0.225,0.0
 07/27  03:00:00,25.174500053142282,52.72807713351905,0.0,0.0,16002.738920482274,201.198977940785,95.0,0.0,0.0
 07/27  04:00:00,25.128136341401856,52.88098720136198,0.0,0.0,16002.738920482274,201.198977940785,95.0,0.0,0.0
 07/27  05:00:00,25.098748024740473,52.83235287808222,0.0,0.0,16002.738920482274,201.198977940785,88.75,1.375,0.0
 07/27  06:00:00,24.144927994575205,54.6336046458737,38324.742397629496,491.5671988846916,42612.35834302834,19560.051706930964,88.125,1.7625000000000002,0.0
 07/27  07:00:00,23.861787265483727,53.82293959141734,52024.73880281522,0.0,60305.23338620217,25187.96777754844,91.25,1.3749999999999998,5.25
 07/27  08:00:00,24.055224972087125,53.29965898908668,82532.64522242451,0.0,119595.10899620388,41320.53868351977,92.625,1.1750000000000005,47.25
 07/27  09:00:00,24.093078491326487,53.17154981716236,88856.79352913414,0.0,113744.3582133716,44439.27575998052,89.875,1.475,127.5625
 07/27  10:00:00,24.148157369027146,52.18464362676299,95747.72328481714,0.0,115633.19798736976,48262.20894057206,84.875,2.1375,126.5
 07/27  11:00:00,24.14077598485813,51.20177063483966,108251.23519053964,0.0,125189.0506711066,55883.96821771551,78.625,2.9624999999999995,205.125
 07/27  12:00:00,24.198605251550717,50.776341352077566,109245.88868821751,0.0,127746.59036538316,57438.255775946935,74.125,3.6125,312.25
 07/27  13:00:00,24.183820065606014,50.58881038085411,122282.48270102813,0.0,136039.55706118434,65122.73010229875,71.125,4.175,286.3125
 07/27  14:00:00,24.217959717064637,50.34505785084944,123997.11867165612,0.0,127289.43239382828,59918.44334703061,70.0,4.4,163.25
 07/27  15:00:00,24.182610187802204,50.9990814439612,127034.45369115812,0.0,128097.88630968588,60726.897262888175,69.375,4.5875,170.9375
 07/27  16:00:00,24.177569213784288,50.05339260938878,123060.98653709245,0.0,132996.72511184914,62724.59595516135,69.0,4.575,90.0
 07/27  17:00:00,24.179034027285084,50.00230744388992,102876.24251643162,0.0,102271.02334566585,51483.12497412378,69.625,4.4375,195.0625
 07/27  18:00:00,24.180024926194122,49.34204794446523,76581.00276285686,0.0,62217.28252372028,36029.52432666248,71.875,4.0875,136.5
 07/27  19:00:00,24.165338877311367,49.126936601148536,60657.406857210495,0.0,54405.085048627785,27942.298950012355,74.25,3.775,17.0
 07/27  20:00:00,24.137676008901355,49.18869895986132,51055.37746114622,0.0,50060.04348349055,24457.7100878573,78.75,3.45,0.0
 07/27  21:00:00,24.10267702133581,49.42297216568089,45755.10266398458,0.0,47159.90014013622,22846.962348898574,82.25,3.425,0.0
 07/27  22:00:00,25.039165966770433,47.9450452674171,0.0,0.0,21603.55076409053,250.26910759502385,84.25,3.5625,0.0
 07/27  23:00:00,25.295137518676384,49.6716121566327,0.0,0.0,20122.90815579052,249.454566666085,85.0,3.7875,0.0
 07/27  24:00:00,25.172136447647713,51.99385049674195,0.0,0.0,13038.514687240193,168.67480905518886,85.625,3.8375,0.0
 07/28  01:00:00,25.14063451462798,53.18422310814897,0.0,0.0,12877.565474876648,168.6090046831275,84.125,3.7375,0.0
 07/28  02:00:00,25.13738889631676,54.137154160860135,0.0,0.0,12877.565474876648,168.6090046831275,83.0,3.45,0.0
 07/28  03:00:00,25.1033123135853,55.19711271803749,0.0,0.0,12877.565474876648,168.6090046831275,82.375,3.2375,0.0
 07/28  04:00:00,25.08423726411847,56.01025475903657,0.0,0.0,12877.565474876648,168.6090046831275,82.625,2.825,0.0
 07/28  05:00:00,25.05819894188427,56.7391019016988,0.0,0.0,12877.565474876648,168.6090046831275,87.375,3.0375,0.0
 07/28  06:00:00,24.178640464661502,57.75044041900579,37549.64124020465,372.7163610086691,40802.11516850187,17749.808532404488,92.5,3.3,0.0
 07/28  07:00:00,23.88873643066092,54.8508288512368,46293.93818470777,0.0,44589.76401820136,21299.03049346274,93.375,3.425,9.5625
 07/28  08:00:00,23.988615884525537,52.80460841966925,49230.42512052168,0.0,53947.04421288731,23187.05873779437,91.125,3.375,72.5625
 07/28  09:00:00,24.08605737485931,51.15138630171965,58618.912439576154,0.0,61756.024911960805,28841.37532596109,85.625,3.425,219.75
 07/28  10:00:00,24.160289268663114,50.10091414940633,68833.50394306112,0.0,67426.33153374688,35478.728651043864,79.875,3.5625,361.875
 07/28  11:00:00,24.160469572363706,49.69980469774191,77349.53451689225,0.0,77206.15634976816,43002.11115937284,77.375,3.7875,194.25
 07/28  12:00:00,24.212931310105716,49.12893482700453,70589.04203772402,0.0,64392.43596045792,40718.46632548126,79.5,3.9625,156.1875
 07/28  13:00:00,24.18689780693861,49.02955113803265,65568.4767164464,0.0,59844.99526263196,38749.8168364465,85.375,4.1875,46.1875
 07/28  14:00:00,24.21034292807571,48.932976965606365,65318.70611147763,0.0,57504.135205274186,38020.70128458324,92.375,4.3625,71.75
 07/28  15:00:00,24.177879873197515,48.9402068417226,63312.02168416893,0.0,53382.91068995487,35188.87237365953,96.875,4.65,57.3125
 07/28  16:00:00,24.16669323060156,48.99417464664452,60249.06786163917,0.0,49649.82779200176,31133.440574607503,98.0,4.674999999999999,58.6875
 07/28  17:00:00,24.587155024972887,48.39139189221624,40244.49554626666,0.0,35222.22106577505,20627.94755774477,96.75,4.475,54.5625
 07/28  18:00:00,25.564038293618438,47.60406422369975,0.0,0.0,12859.270024368778,197.8233752222465,96.0,4.025,83.125
 07/28  19:00:00,25.65367670574243,49.976606974899255,0.0,0.0,12159.650822762576,168.64206198719023,94.75,3.675,22.3125
 07/28  20:00:00,25.392740751331864,52.56703912474175,0.0,0.0,13584.615474876648,168.6090046831275,95.25,3.4125,0.0
 07/28  21:00:00,25.288373211959907,54.47761797587775,0.0,0.0,13584.615474876648,168.6090046831275,96.0,3.6125,0.0
 07/28  22:00:00,25.189639529318313,56.68944830012264,0.0,0.0,13584.615474876648,168.6090046831275,96.0,3.9875,0.0
 07/28  23:00:00,25.11060743080634,58.12019650043252,0.0,0.0,13584.615474876648,168.6090046831275,94.125,4.2875,0.0
 07/28  24:00:00,25.060514053694057,59.05300356050293,0.0,0.0,12877.565474876648,168.6090046831275,91.125,4.275,0.0
 07/29  01:00:00,25.02720182900306,59.65759482631236,0.0,0.0,12877.565474876648,168.6090046831275,86.875,4.0125,0.0
 07/29  02:00:00,25.02985112143315,59.77171037275512,0.0,0.0,12877.565474876648,168.6090046831275,83.75,3.5249999999999995,0.0
 07/29  03:00:00,25.012467683888296,59.809263431939065,0.0,0.0,12877.565474876648,168.6090046831275,82.375,3.2375,0.0
 07/29  04:00:00,24.97498278029149,59.95928088154059,0.0,0.0,12877.565474876648,168.6090046831275,84.5,3.1375,0.0
 07/29  05:00:00,24.92111572039262,60.39119774376007,0.0,0.0,12877.565474876648,168.6090046831275,90.375,3.225,0.0
 07/29  06:00:00,24.93935288808008,61.05150280423332,0.0,0.0,18308.31300750821,197.85880237748196,94.875,3.2375,0.0
 07/29  07:00:00,24.966118056030286,61.96794924944874,0.0,0.0,13110.220001965135,197.91793074052848,95.375,3.2,5.4375
 07/29  08:00:00,25.148623529577847,62.58969277138481,0.0,0.0,12890.58333455726,197.84383622186428,93.75,3.2625,63.0
 07/29  09:00:00,25.659533089288992,61.16318094553739,3390.9621814327647,194.6047331628215,14478.81468291518,1818.634581478304,87.375,3.3625,208.4375
 07/29  10:00:00,25.74609397030108,58.278731011432534,13594.52836127341,302.1248863639639,19763.344399253765,7103.164297816889,80.25,3.4,215.5
 07/29  11:00:00,25.69050634113547,54.83787051353332,28089.307076185538,185.93116429046768,27451.304749988994,14791.12464855212,73.625,3.3374999999999995,236.4375
 07/29  12:00:00,25.91583063524421,51.16566386364221,25457.903590897164,127.06670622136062,26342.2752872726,13682.095185835718,71.625,3.2375,389.5625
 07/29  13:00:00,26.259200289783468,49.10473623878807,21824.386341757985,188.56584989694147,24818.736214376557,12158.556112939674,71.375,3.2,254.625
 07/29  14:00:00,26.43346050332871,48.25793349742184,27563.557910629133,371.0755463220057,27784.609186899488,15124.429085462609,73.5,3.2625,117.3125
 07/29  15:00:00,26.426891326160057,48.062803671563785,27499.145571936737,376.0305117298394,27653.977786425407,14993.79768498853,74.375,3.4875,79.8125
 07/29  16:00:00,26.38022111152425,47.970705235749215,22830.77060349703,7.546099329862045,25308.49689110502,12648.316789668144,75.875,3.7875,81.4375
 07/29  17:00:00,26.33905640505391,48.005513122056946,27954.546010548416,207.65389310744652,27308.836580522024,14648.65647908515,77.0,3.9,143.25
 07/29  18:00:00,26.085021329207986,48.33603700589155,25810.826588557804,83.03710311322266,23790.98593131421,13443.30266775247,81.375,3.7125,67.4375
 07/29  19:00:00,26.011591858663333,48.88893725629701,13866.798273490405,30.606578222083044,18982.95814141559,7077.872364505528,85.875,3.225,4.75
 07/29  20:00:00,26.090987200488243,49.46042533998233,0.0,0.0,13584.615474876648,168.6090046831275,90.75,2.5,0.0
 07/29  21:00:00,26.05959514485948,50.56023909980018,0.0,0.0,13584.615474876648,168.6090046831275,91.125,1.825,0.0
 07/29  22:00:00,25.980601497119366,51.69797700663151,0.0,0.0,13584.615474876648,168.6090046831275,90.625,1.475,0.0
 07/29  23:00:00,25.889591800996826,52.27516972960151,0.0,0.0,13584.615474876648,168.6090046831275,87.875,1.5875,0.0
 07/29  24:00:00,25.867576601574463,52.58209203188836,0.0,0.0,16002.738920482274,201.198977940785,87.875,2.0125,0.0
 07/30  01:00:00,25.822002702198745,53.313914581555395,0.0,0.0,16002.738920482274,201.198977940785,89.0,2.6375,0.0
 07/30  02:00:00,25.767114955790102,54.243044660645396,0.0,0.0,16002.738920482274,201.198977940785,91.5,3.1499999999999995,0.0
 07/30  03:00:00,25.714373677189613,55.28962389387591,0.0,0.0,16002.738920482274,201.198977940785,91.75,3.425,0.0
 07/30  04:00:00,25.675111685367476,56.252038005159456,0.0,0.0,16002.738920482274,201.198977940785,93.5,3.5,0.0
 07/30  05:00:00,25.65733295576443,57.06903579272226,0.0,0.0,16002.738920482274,201.198977940785,95.0,2.6875,0.0
 07/30  06:00:00,24.710232249216567,57.62562713462585,39782.29954768601,484.46454526389425,42084.49776945425,19032.191133356875,96.875,2.2625,0.0
 07/30  07:00:00,24.086970898093192,55.07979296363189,68488.74636597258,0.0,67648.48049622613,32680.621018635866,96.75,2.4875000000000003,15.9375
 07/30  08:00:00,24.11146436655617,53.057822897198555,101737.9794558147,0.0,130366.03953693,52431.45479881164,94.125,2.725,73.875
 07/30  09:00:00,24.127923535485643,52.16809800696267,104729.3846623644,0.0,122379.86634545928,53074.78389206819,85.5,3.2375,145.75
 07/30  10:00:00,24.18143787823267,50.89591841721853,118301.56386090098,0.0,128276.1622295456,60905.17318274791,75.375,3.6875,535.125
 07/30  11:00:00,24.183293420991227,50.10148790034492,128819.73115126556,0.0,131195.06256159558,61889.980108204494,65.125,4.175,716.0
 07/30  12:00:00,24.239578309860384,49.58151433191108,125809.40024183384,0.0,123008.54668602804,52700.21209659183,58.5,4.4,792.875
 07/30  13:00:00,24.22013544844806,49.63388275887103,134404.05094930928,0.0,129480.94249155853,58564.115532672906,54.5,4.525,679.3125
 07/30  14:00:00,24.25087406714902,49.1852853695734,137723.0591632027,0.0,128040.79290884036,60669.80386204266,53.0,4.475,516.625
 07/30  15:00:00,24.21612166756552,48.71034188402833,143092.1084547155,0.0,129676.05523826348,62305.0661914658,51.125,4.5875,241.0625
 07/30  16:00:00,24.204644697791895,48.623758531641,141869.50407243296,0.0,129796.56649767685,59524.43734098904,51.25,4.575,166.625
 07/30  17:00:00,24.20387377740659,48.49396166457585,118144.60211813066,0.0,96440.633651121,45652.73527957895,52.625,4.4375,202.0
 07/30  18:00:00,24.202259235751868,48.19820039161571,89678.68653276206,0.0,60149.65722790979,33968.12913223853,57.375,3.9625,182.75
 07/30  19:00:00,24.188820425403502,48.30286971412821,73964.2502379815,0.0,56003.548797366806,29726.22276663428,61.875,3.325,53.8125
 07/30  20:00:00,24.168446043518646,48.55429323769022,61275.20291823276,0.0,53023.41690640381,27421.08351077056,66.75,2.5375000000000005,0.0
 07/30  21:00:00,24.15060202077679,48.72939075187977,54950.04048328394,0.0,50461.22978364058,26148.291992402937,69.0,2.075,0.0
 07/30  22:00:00,25.40635830506996,45.97354746770119,0.0,0.0,21603.55076409053,250.26910759502385,70.875,1.75,0.0
 07/30  23:00:00,25.798992585790913,46.38645073338386,0.0,0.0,20122.90815579052,249.454566666085,72.0,1.6625,0.0
 07/30  24:00:00,25.754481693069916,47.554883614537935,0.0,0.0,16163.712511941816,201.28916140884087,77.0,1.45,0.0
 07/31  01:00:00,25.673980312199316,48.40427320787289,0.0,0.0,16002.738920482274,201.198977940785,83.125,1.3,0.0
 07/31  02:00:00,25.59460370839851,49.19542066761615,0.0,0.0,16002.738920482274,201.198977940785,90.0,1.1750000000000005,0.0
 07/31  03:00:00,25.515685021284078,50.00738905516224,0.0,0.0,16002.738920482274,201.198977940785,93.625,1.35,0.0
 07/31  04:00:00,25.447521601762382,50.90570635911224,0.0,0.0,16002.738920482274,201.198977940785,95.25,1.6250000000000002,0.0
 07/31  05:00:00,25.50077016525303,51.613512843182725,0.0,0.0,16002.738920482274,201.198977940785,91.625,1.7,0.0
 07/31  06:00:00,24.57680272029997,53.67466859558603,39654.75153325914,462.15602300505907,47332.4734496796,24280.166813582226,91.5,1.95,0.0
 07/31  07:00:00,24.09491600148047,53.27099408371313,61668.60172112027,0.0,70322.13902058951,35198.67186869164,91.125,2.4750000000000005,5.4375
 07/31  08:00:00,24.10576440089682,52.722274384540476,95577.49437965517,0.0,132910.75377348927,54627.04058746854,88.75,2.7625,54.75
 07/31  09:00:00,24.120387774950288,52.18067674706802,102741.40867715313,0.0,125869.7202410578,56564.63778766671,81.125,3.05,208.8125
 07/31  10:00:00,24.175531227582226,51.037455402830965,113142.661178678,0.0,128241.99196402683,60871.002917229154,72.625,3.1375,360.5
 07/31  11:00:00,24.170721570233656,50.325301271245195,123064.88282329697,0.0,126296.41899354398,56991.33654015288,64.375,3.225,262.5625
 07/31  12:00:00,24.218096421989117,49.74209733446005,121274.27582252678,0.0,120200.9361880622,49892.60159862599,61.0,3.175,192.1875
 07/31  13:00:00,24.190431334648473,49.75408382472203,129515.44711673203,0.0,124969.48223582696,54052.65527694136,59.75,3.225,120.25
 07/31  14:00:00,24.223467629927335,49.35557292209856,131897.75432233268,0.0,122486.90205174516,55115.91300494746,60.875,3.3,195.9375
 07/31  15:00:00,24.198528738821686,49.024431073414426,136516.61275546046,0.0,124566.611465813,57195.62241901532,60.125,3.675,215.5
 07/31  16:00:00,24.19413703358269,48.945673854564674,138543.29432940713,0.0,131462.3120197363,61190.182863048496,59.625,4.025,228.875
 07/31  17:00:00,24.198601975035167,48.82671280269909,116872.82332619988,0.0,99586.06107904568,48798.16270750364,59.375,4.2875,285.0625
 07/31  18:00:00,24.197815566490004,48.45806726900933,87461.84646451853,0.0,64575.63185156448,38394.10375589322,62.125,4.3375,208.9375
 07/31  19:00:00,24.181937595319482,48.514341780045896,70290.76601075495,0.0,56953.54101712196,30638.03472945581,65.875,4.425,48.3125
 07/31  20:00:00,24.15833473943469,48.738855229896856,57484.57335837631,0.0,50327.29422272513,24724.96082709188,70.75,4.4375,0.0
 07/31  21:00:00,24.13689546991849,48.594683934670805,50915.38494285058,0.0,46756.13864458996,22443.20085335231,73.625,4.65,0.0
 07/31  22:00:00,25.190640161060855,46.639298143234754,0.0,0.0,21603.55076409053,250.26910759502385,75.25,4.7375,0.0
 07/31  23:00:00,25.515946478275723,48.08133248669958,0.0,0.0,20122.90815579052,249.454566666085,74.75,4.512500000000001,0.0
 07/31  24:00:00,25.53476615233604,49.79989380432719,0.0,0.0,16163.712511941816,201.28916140884087,77.125,3.7125,0.0
